date,Open,High,Low,Close,Volume
2010-01-04 00:00:00-05:00,6.422875746236436,6.455075825369143,6.391277552762015,6.4403300285339355,493729600
2010-01-05 00:00:00-05:00,6.458086826968792,6.487879368872802,6.417459939457402,6.451466083526611,601904800
2010-01-06 00:00:00-05:00,6.451465539489639,6.477045280657176,6.342225692663006,6.348846435546875,552160000
2010-01-07 00:00:00-05:00,6.372319959542432,6.379843531927759,6.291066984952576,6.3371100425720215,477131200
2010-01-08 00:00:00-05:00,6.328684263710754,6.379843754126937,6.2913689505515755,6.379241466522217,447610800
2010-01-11 00:00:00-05:00,6.403917316228298,6.409936173343546,6.273010388314571,6.3229660987854,462229600
2010-01-12 00:00:00-05:00,6.295278325516592,6.312733411200337,6.211919573553115,6.251040935516357,594459600
2010-01-13 00:00:00-05:00,6.255556925343339,6.34764263282566,6.1421038718775645,6.339216232299805,605892000
2010-01-14 00:00:00-05:00,6.322965791664653,6.33349838931188,6.2901634237727,6.302501678466797,432894000
2010-01-15 00:00:00-05:00,6.3476433413991735,6.367806516336812,6.1953698453199975,6.1971755027771,594067600
2010-01-19 00:00:00-05:00,6.26939991973662,6.475841925122603,6.236598349412447,6.471327781677246,730007600
2010-01-20 00:00:00-05:00,6.467414465836276,6.486674406258934,6.304608403474319,6.37171745300293,612152800
2010-01-21 00:00:00-05:00,6.382252290771933,6.4192670685795,6.235695885340375,6.261576175689697,608154400
2010-01-22 00:00:00-05:00,6.222755665837171,6.244422753190375,5.933255397936398,5.951010227203369,881767600
2010-01-25 00:00:00-05:00,6.094252571996611,6.160157029217434,6.024435456999483,6.111104965209961,1065699600
2010-01-26 00:00:00-05:00,6.197775899349655,6.431302317713258,6.096360573968853,6.197474956512451,1867110000
2010-01-27 00:00:00-05:00,6.224861227692589,6.33711011643965,6.004575847197516,6.255857944488525,1722568400
2010-01-28 00:00:00-05:00,6.167082132562241,6.184235074027143,5.9795987265158175,5.997353553771973,1173502400
2010-01-29 00:00:00-05:00,6.051221514344954,6.0849263149904775,5.725307591416028,5.7797770500183105,1245952400
2010-02-01 00:00:00-05:00,5.78910558295049,5.898345437483027,5.756905498420523,5.860126495361328,749876400
2010-02-02 00:00:00-05:00,5.895635822587143,5.907974075653729,5.819498900991906,5.894130706787109,698342400
2010-02-03 00:00:00-05:00,5.873367770925905,6.0247388299284275,5.850797456017155,5.995547771453857,615328000
2010-02-04 00:00:00-05:00,5.920313902761244,5.96966773508442,5.765031383318195,5.779476642608643,757652000
2010-02-05 00:00:00-05:00,5.7969299610829745,5.898345298354097,5.74336293336589,5.882094383239746,850306800
2010-02-08 00:00:00-05:00,5.889018368410302,5.9549232715467095,5.838159810160116,5.841771125793457,478270800
2010-02-09 00:00:00-05:00,5.910984509080721,5.943485535788941,5.860728254652928,5.9040632247924805,632886800
2010-02-10 00:00:00-05:00,5.895033250410579,5.916400591530323,5.845981179972038,5.871861457824707,370361600
2010-02-11 00:00:00-05:00,5.864640381948894,6.011196343551841,5.839963468695428,5.978694915771484,550345600
2010-02-12 00:00:00-05:00,5.961842358404085,6.068073178458809,5.883298281323169,6.030155181884766,655468800
2010-02-16 00:00:00-05:00,6.0771020528240065,6.129765856250115,6.0644628525037625,6.121038913726807,543737600
2010-02-17 00:00:00-05:00,6.144812970679,6.148424285786428,6.044600985412663,6.095459938049316,436396800
2010-02-18 00:00:00-05:00,6.067772317592677,6.135784609934059,6.046406175112895,6.106894493103027,422825200
2010-02-19 00:00:00-05:00,6.074693287277048,6.115018420716437,6.052122575252121,6.06897497177124,415469600
2010-02-22 00:00:00-05:00,6.089137501488681,6.093952184422035,5.994342529906764,6.031357288360596,390563600
2010-02-23 00:00:00-05:00,6.018719157494267,6.058743752775308,5.889617889778194,5.930243968963623,575094800
2010-02-24 00:00:00-05:00,5.9654525225174515,6.062053152477641,5.953715753302369,6.038580417633057,460566400
2010-02-25 00:00:00-05:00,5.939873688124215,6.1047863386915715,5.925127891456666,6.078906059265137,665126000
2010-02-26 00:00:00-05:00,6.090341497444216,6.1743025370301305,6.078906071835961,6.157751083374023,507460800
2010-03-01 00:00:00-05:00,6.191757462401463,6.304608623247241,6.182729578466092,6.289261341094971,550093600
2010-03-02 00:00:00-05:00,6.317550068428545,6.34463452941129,6.25164517617949,6.2850494384765625,566546400
2010-03-03 00:00:00-05:00,6.287754963144181,6.315741839699387,6.257661487008487,6.299490928649902,372052800
2010-03-04 00:00:00-05:00,6.297989263284817,6.347342292449356,6.278427572700077,6.341022491455078,366041200
2010-03-05 00:00:00-05:00,6.468318269506473,6.61156386308845,6.458989040418914,6.588993549346924,899620400
2010-03-08 00:00:00-05:00,6.620891924997233,6.623299065916412,6.5679271907112815,6.592905044555664,429889600
2010-03-09 00:00:00-05:00,6.569734941159027,6.771060943089277,6.557095739686336,6.711475849151611,920259200
2010-03-10 00:00:00-05:00,6.735850861607487,6.7855052333841055,6.716891861213809,6.766244888305664,596218000
2010-03-11 00:00:00-05:00,6.738257726756623,6.786105632781982,6.720502097923959,6.786105632781982,405700400
2010-03-12 00:00:00-05:00,6.842381928305325,6.853215873199394,6.793630783453784,6.819210529327393,416323600
2010-03-15 00:00:00-04:00,6.782494254112873,6.786104764403959,6.628113800225308,6.73615026473999,493502800
2010-03-16 00:00:00-04:00,6.7463824865430695,6.770457110827818,6.696126236242051,6.754507541656494,446908000
2010-03-17 00:00:00-04:00,6.76804871294782,6.814693643175027,6.718996642030547,6.7445759773254395,450956800
2010-03-18 00:00:00-04:00,6.7439739223481565,6.771058777827615,6.699135046559087,6.760526180267334,342109600
2010-03-19 00:00:00-04:00,6.764739920050717,6.77828194707869,6.657606269899051,6.688302040100098,559445600
2010-03-22 00:00:00-04:00,6.634736584315758,6.801154390473503,6.625106411597116,6.7635369300842285,456419600
2010-03-23 00:00:00-04:00,6.790317520298413,6.884811953394628,6.743973132160503,6.8721723556518555,602431200
2010-03-24 00:00:00-04:00,6.850507378399074,6.927547152525729,6.846594718962101,6.90256929397583,597780400
2010-03-25 00:00:00-04:00,6.949212820932059,6.950717936896663,6.808675329838744,6.820713043212891,542284400
2010-03-26 00:00:00-04:00,6.889930507429167,6.980210965531149,6.8778927915812345,6.948613166809082,640875200
2010-03-29 00:00:00-04:00,7.011808557447748,7.037989380265627,6.97027924734253,6.99345064163208,540744400
2010-03-30 00:00:00-04:00,7.120143110405738,7.146626075281803,7.04942276185364,7.0975728034973145,527310000
2010-03-31 00:00:00-04:00,7.086739471883904,7.120444259031283,7.055742767913377,7.071992874145508,430659600
2010-04-01 00:00:00-04:00,7.144520286281626,7.184243133164767,7.004284140098637,7.101185321807861,603145200
2010-04-05 00:00:00-04:00,7.0713938483071255,7.177623866009455,7.065073646414248,7.1770219802856445,684507600
2010-04-06 00:00:00-04:00,7.168296431019854,7.2296871795977955,7.132184084164729,7.208621978759766,447017200
2010-04-07 00:00:00-04:00,7.208919976252761,7.28024221782921,7.182136467585722,7.240518569946289,628502000
2010-04-08 00:00:00-04:00,7.2357054635241695,7.268808378547662,7.163480775548215,7.220959663391113,572989200
2010-04-09 00:00:00-04:00,7.265498284212116,7.279341657211972,7.236307225548812,7.276331424713135,334182800
2010-04-12 00:00:00-04:00,7.28867056360923,7.314852196528277,7.2769341912209455,7.291379451751709,333026400
2010-04-13 00:00:00-04:00,7.2784383383159215,7.306726166168728,7.255867219949647,7.295590877532959,306210800
2010-04-14 00:00:00-04:00,7.3813580521088324,7.397307622619901,7.3449451697746895,7.393696308135986,404076400
2010-04-15 00:00:00-04:00,7.39640368618658,7.494208101825634,7.388278631166232,7.490898132324219,376784800
2010-04-16 00:00:00-04:00,7.480367602592949,7.55770873805269,7.35939174683123,7.4451584815979,750545600
2010-04-19 00:00:00-04:00,7.434023622322317,7.4599039120426225,7.275730847374325,7.435227394104004,566924400
2010-04-20 00:00:00-04:00,7.4794643938596455,7.500830940026527,7.311542257400633,7.360594749450684,738326400
2010-04-21 00:00:00-04:00,7.788223188437353,7.831859503404496,7.695835735020215,7.800862789154053,982391200
2010-04-22 00:00:00-04:00,7.771372029767588,8.027468416462876,7.709980480389631,8.019042015075684,793424800
2010-04-23 00:00:00-04:00,8.064783307350293,8.190875566097228,8.034991166527515,8.150249481201172,796955600
2010-04-26 00:00:00-04:00,8.181848481850466,8.199302366789198,8.07080255865003,8.110225677490234,479068800
2010-04-27 00:00:00-04:00,8.043117421662314,8.060270767208896,7.839986163318328,7.885727882385254,709343600
2010-04-28 00:00:00-04:00,7.922138567321709,7.9447080735554545,7.71629849893225,7.87248420715332,758402400
2010-04-29 00:00:00-04:00,7.915216308874787,8.125269572207047,7.8848222899416935,8.084342956542969,558840800
2010-04-30 00:00:00-04:00,8.104504811452983,8.142422802046264,7.8544281660365485,7.857136249542236,542463600
2010-05-03 00:00:00-04:00,7.939892958118042,8.061471434476871,7.911002450288619,8.015427589416504,454342000
2010-05-04 00:00:00-04:00,7.911309547829314,7.923346463369734,7.72653457716817,7.784614562988281,723819600
2010-05-05 00:00:00-04:00,7.614583805364337,7.768362002706622,7.4851807762084155,7.703660488128662,883103200
2010-05-06 00:00:00-04:00,7.638658238637402,7.771671775434678,5.996149388805389,7.410549163818359,1285860800
2010-05-07 00:00:00-04:00,7.334111827391676,7.4201790855546434,6.777379519281003,7.097876071929932,1676018400
2010-05-10 00:00:00-04:00,7.5309218386089904,7.663333467479242,7.479160476211436,7.6434712409973145,984306400
2010-05-11 00:00:00-04:00,7.578771367335434,7.821025144909377,7.538446631503075,7.719610214233398,848906800
2010-05-12 00:00:00-04:00,7.8014614782972265,7.918526211490925,7.785212175245909,7.887228965759277,654379600
2010-05-13 00:00:00-04:00,7.921234727100727,7.97480174161653,7.715996560158341,7.774980545043945,599712400
2010-05-14 00:00:00-04:00,7.6786812676120615,7.718404917599808,7.508351643702874,7.638355731964111,759362800
2010-05-17 00:00:00-04:00,7.6648387419449655,7.709377477452184,7.45448412230176,7.650393486022949,762834800
2010-05-18 00:00:00-04:00,7.7334533054527785,7.780700132014683,7.5312237089608605,7.594420909881592,782678400
2010-05-19 00:00:00-04:00,7.508353032987832,7.611273089169083,7.368418207233664,7.47344446182251,1025726800
2010-05-20 00:00:00-04:00,7.279037073703109,7.338322401662326,7.108406931142545,7.155052661895752,1282915200
2010-05-21 00:00:00-04:00,7.006390138337344,7.357884125857998,6.962152748416716,7.292280197143555,1223891200
2010-05-24 00:00:00-04:00,7.4415456754015405,7.550484594508428,7.410850303169234,7.425896644592285,754238800
2010-05-25 00:00:00-04:00,7.202902979800464,7.425896439361431,7.136998495447519,7.379552841186523,1048006400
2010-05-26 00:00:00-04:00,7.525806313486594,7.587498388161193,7.335313118531306,7.346147060394287,850654000
2010-05-27 00:00:00-04:00,7.541454519217184,7.640462700933564,7.496615243102059,7.62421178817749,666282400
2010-05-28 00:00:00-04:00,7.805978930882105,7.8062794719522985,7.62421265593192,7.730443477630615,815614800
2010-06-01 00:00:00-04:00,7.8150113231383855,8.003096311002842,7.7930428821251345,7.849318027496338,876472800
2010-06-02 00:00:00-04:00,7.960957867845571,7.9687823801055595,7.8342637703389295,7.943203449249268,688548000
2010-06-03 00:00:00-04:00,7.980218529424491,7.991353815621759,7.836672419589007,7.918226718902588,650106800
2010-06-04 00:00:00-04:00,7.770467492201204,7.881512593538934,7.662733164073048,7.702757358551025,758304400
2010-06-07 00:00:00-04:00,7.772876979172007,7.798757267680899,7.539951971834182,7.551689147949219,886942000
2010-06-08 00:00:00-04:00,7.620902616462197,7.637755416639728,7.392492208791898,7.503236770629883,1000770400
2010-06-09 00:00:00-04:00,7.567636327743872,7.5805772714908075,7.297396089573973,7.318761825561523,854630000
2010-06-10 00:00:00-04:00,7.3681167890729835,7.552890897587747,7.288669475189526,7.538747787475586,776356000
2010-06-11 00:00:00-04:00,7.470132773830475,7.639559963425404,7.444252495190877,7.629027366638184,545759200
2010-06-14 00:00:00-04:00,7.7027583012732626,7.798756271556733,7.644075642537257,7.652200698852539,602960400
2010-06-15 00:00:00-04:00,7.69312627275957,7.819820387553915,7.688913073275444,7.815005302429199,585074000
2010-06-16 00:00:00-04:00,7.857440410513597,8.057563052267502,7.843296493675896,8.042516708374023,783678000
2010-06-17 00:00:00-04:00,8.143330668981292,8.212546751323469,8.110227744514722,8.181550025939941,872855200
2010-06-18 00:00:00-04:00,8.192983140507595,8.27574123591474,8.16800528060877,8.247753143310547,784621600
2010-06-21 00:00:00-04:00,8.35669267471234,8.39641633839402,8.087054234674182,8.130389213562012,776490400
2010-06-22 00:00:00-04:00,8.19027364455623,8.304930061697968,8.170412219376457,8.241131782531738,717262000
2010-06-23 00:00:00-04:00,8.26310119075753,8.265508733924092,8.062075354278866,8.154462814331055,768457200
2010-06-24 00:00:00-04:00,8.155364769047846,8.22157139870922,8.06809374507032,8.095178604125977,714277200
2010-06-25 00:00:00-04:00,8.127077067447024,8.133396465573096,7.99917836376624,8.025961875915527,549942400
2010-06-28 00:00:00-04:00,8.032886015734315,8.11775112694694,7.960360771272133,8.074114799499512,584948000
2010-06-29 00:00:00-04:00,7.948319445685417,7.956445303718202,7.6528008250805,7.709075927734375,1133344800
2010-06-30 00:00:00-04:00,7.725328109269841,7.763246111643778,7.523701988394163,7.569443702697754,739452000
2010-07-01 00:00:00-04:00,7.652803027665234,7.667850173181133,7.3193663188916736,7.477658271789551,1022896000
2010-07-02 00:00:00-04:00,7.538147033576959,7.551389327405289,7.318764839007546,7.431315898895264,693842800
2010-07-06 00:00:00-04:00,7.553492502672322,7.607660606626331,7.407839382655707,7.482171058654785,615235600
2010-07-07 00:00:00-04:00,7.538144239080166,7.787320096114789,7.515876075463402,7.7843098640441895,654556000
2010-07-08 00:00:00-04:00,7.898966810122345,7.911606409326469,7.670556419240475,7.766855716705322,738144400
2010-07-09 00:00:00-04:00,7.730746230813955,7.8213280495526245,7.678684305984532,7.812902450561523,433322400
2010-07-12 00:00:00-04:00,7.780095354403891,7.88000594220588,7.669652171558665,7.74277925491333,562878400
2010-07-13 00:00:00-04:00,7.713592308988987,7.715999048566162,7.415965812355529,7.577568531036377,1190924000
2010-07-14 00:00:00-04:00,7.504739980046317,7.697939622182202,7.493303350674304,7.6055521965026855,812047600
2010-07-15 00:00:00-04:00,7.470134006048144,7.733151642432821,7.442146721283153,7.56703519821167,824866000
2010-07-16 00:00:00-04:00,7.619095913930098,7.672963473156682,7.475549805391699,7.520389080047607,1039858400
2010-07-19 00:00:00-04:00,7.519791080223542,7.519791080223542,7.210428934677753,7.390388011932373,1024478000
2010-07-20 00:00:00-04:00,7.30973198274225,7.610667489399351,7.22276154015622,7.580272674560547,1074950800
2010-07-21 00:00:00-04:00,7.977511582229839,7.979317239417509,7.643774383025993,7.650996208190918,1185671200
2010-07-22 00:00:00-04:00,7.754519082223235,7.824336228099093,7.683196820049115,7.794844627380371,645318800
2010-07-23 00:00:00-04:00,7.736761668647922,7.835769846182849,7.71238570233612,7.82252836227417,533388800
2010-07-26 00:00:00-04:00,7.824334698854057,7.827344127276543,7.75542079694336,7.802667617797852,420551600
2010-07-27 00:00:00-04:00,7.8505190360642025,7.968786801370044,7.833365689923768,7.94711971282959,584771600
2010-07-28 00:00:00-04:00,7.934779062799648,8.004596198107825,7.831859016970477,7.853224754333496,519985200
2010-07-29 00:00:00-04:00,7.84570438626069,7.904085713905912,7.706973296466039,7.767460823059082,643806800
2010-07-30 00:00:00-04:00,7.700651004847806,7.815306614557274,7.670857260906201,7.741577625274658,448210000
2010-08-02 00:00:00-04:00,7.837577432210273,7.902278144634424,7.812900918801333,7.880009174346924,428055600
2010-08-03 00:00:00-04:00,7.854732683470264,7.922442841246443,7.806883957685492,7.882418632507324,417653600
2010-08-04 00:00:00-04:00,7.909800662922762,7.953134823961607,7.833664134684315,7.914013862609863,420375200
2010-08-05 00:00:00-04:00,7.87639404555074,7.920030341703221,7.840883605291116,7.875491619110107,289097200
2010-08-06 00:00:00-04:00,7.81771437975448,7.869175206773411,7.753012870545151,7.8270440101623535,444897600
2010-08-09 00:00:00-04:00,7.868875900481699,7.889039481079655,7.811397802704319,7.877001762390137,303128000
2010-08-10 00:00:00-04:00,7.819817731579185,7.837874294664016,7.750601710006029,7.806576251983643,451920000
2010-08-11 00:00:00-04:00,7.68590455266249,7.69463149277631,7.51768112997674,7.529116153717041,620054400
2010-08-12 00:00:00-04:00,7.423788589904895,7.616688520965813,7.406635250676544,7.577266216278076,534920400
2010-08-13 00:00:00-04:00,7.573054863055638,7.579976147923694,7.496015088261656,7.496316432952881,354869200
2010-08-16 00:00:00-04:00,7.450574522822002,7.523702447686996,7.421684002231836,7.452380180358887,318430000
2010-08-17 00:00:00-04:00,7.525806098616998,7.662732269592708,7.499323130374715,7.582683086395264,422640400
2010-08-18 00:00:00-04:00,7.594422240195947,7.663938048365724,7.5709486915530935,7.615787982940674,339696000
2010-08-19 00:00:00-04:00,7.608862529158583,7.628122866212113,7.483673552652603,7.5197858810424805,426706000
2010-08-20 00:00:00-04:00,7.5050433957820015,7.641366912950804,7.493306220923076,7.512566566467285,384230000
2010-08-23 00:00:00-04:00,7.577267682570318,7.583587081323963,7.380455858492645,7.397006511688232,414041600
2010-08-24 00:00:00-04:00,7.3028122312789465,7.312742138365417,7.181835635645718,7.22035551071167,602565600
2010-08-25 00:00:00-04:00,7.163480258956908,7.3425376532948246,7.138201861064016,7.309433937072754,596867600
2010-08-26 00:00:00-04:00,7.386474620253417,7.3955029076134675,7.23089075088501,7.23089075088501,466505200
2010-08-27 00:00:00-04:00,7.275130483498414,7.301010775774433,7.0888503980237685,7.2712178230285645,548391200
2010-08-30 00:00:00-04:00,7.2453342876404,7.395501969122338,7.242926744649904,7.2976975440979,383289200
2010-08-31 00:00:00-04:00,7.278135531487749,7.359689832276869,7.2329957145810475,7.315752983093262,420786800
2010-09-01 00:00:00-04:00,7.447261444723005,7.567334821224944,7.411450453366763,7.533329486846924,697037600
2010-09-02 00:00:00-04:00,7.561319178678292,7.588704586029054,7.480367532042504,7.588704586029053,415427600
2010-09-03 00:00:00-04:00,7.676574638843352,7.787619724370017,7.6588194146564765,7.787319183349609,520788800
2010-09-07 00:00:00-04:00,7.723221518393125,7.810192004394366,7.7114851475089905,7.758431434631348,342557600
2010-09-08 00:00:00-04:00,7.817715523404068,7.956447388939877,7.797251406029083,7.912209987640381,526551200
2010-09-09 00:00:00-04:00,7.976008755007024,8.020546700091973,7.912210463000235,7.91672420501709,438575200
2010-09-10 00:00:00-04:00,7.920334956137669,7.959758074143435,7.866467382554869,7.926955699920654,387542400
2010-09-13 00:00:00-04:00,7.999483420800476,8.073513789892443,7.99767856642891,8.036197662353516,388780000
2010-09-14 00:00:00-04:00,8.011219378485539,8.100296088999231,7.99045471484695,8.066892623901367,408150400
2010-09-15 00:00:00-04:00,8.070199028962627,8.136706185550919,8.060267514296958,8.131890296936035,429368800
2010-09-16 00:00:00-04:00,8.132493114269796,8.325994123625271,8.110223345658607,8.32298469543457,652103200
2010-09-17 00:00:00-04:00,8.356688222795853,8.364814079473708,8.236013786748217,8.286871910095215,634477200
2010-09-20 00:00:00-04:00,8.308242904812092,8.539964165703902,8.30132161842928,8.523412704467773,658677600
2010-09-21 00:00:00-04:00,8.542371249469669,8.647397525757645,8.510170755830677,8.53966236114502,668074400
2010-09-22 00:00:00-04:00,8.50776042937627,8.666353694940058,8.498732143890532,8.659432411193848,585289600
2010-09-23 00:00:00-04:00,8.616697982732342,8.810199784996914,8.606767272043776,8.694640159606934,786116800
2010-09-24 00:00:00-04:00,8.790341843673337,8.833375476084326,8.743696896203062,8.796961784362793,649488000
2010-09-27 00:00:00-04:00,8.846913937480391,8.869483442118977,8.757535934777191,8.762049674987793,482834800
2010-09-28 00:00:00-04:00,8.780409723610603,8.780409723610603,8.275740934249395,8.632650375366211,1035042400
2010-09-29 00:00:00-04:00,8.643787515255584,8.721429200378795,8.606772732447384,8.648000717163086,469644000
2010-09-30 00:00:00-04:00,8.697051040179456,8.727144525610512,8.463825523606502,8.53905963897705,673391600
2010-10-01 00:00:00-04:00,8.611280278473632,8.624220416084155,8.46683095994187,8.50204086303711,448142800
2010-10-04 00:00:00-04:00,8.47435535744541,8.51347631322896,8.359096277089014,8.385278701782227,435302000
2010-10-05 00:00:00-04:00,8.486393397585305,8.710589759380465,8.480975623534793,8.695242881774902,501967200
2010-10-06 00:00:00-04:00,8.71480413222238,8.787028807643077,8.584498693262423,8.702766418457031,670868800
2010-10-07 00:00:00-04:00,8.737372427867,8.741585626712808,8.634151868693959,8.703667640686035,408399600
2010-10-08 00:00:00-04:00,8.778602773116765,8.862563821157838,8.727143553593914,8.849623680114746,658403200
2010-10-11 00:00:00-04:00,8.869787097225828,8.945020399307333,8.865573897306863,8.888443946838379,427753200
2010-10-12 00:00:00-04:00,8.889948254844366,9.01303186089655,8.802074557407446,8.98414134979248,558544000
2010-10-13 00:00:00-04:00,9.034100884760248,9.087065237065927,9.022063166697144,9.032295227050781,630092400
2010-10-14 00:00:00-04:00,9.078936758875107,9.102409496669331,9.040115534539643,9.09759521484375,435296400
2010-10-15 00:00:00-04:00,9.251976169634256,9.479484175569112,9.175839626555433,9.471659660339355,922194000
2010-10-18 00:00:00-04:00,9.58390995971492,9.599858728702724,9.45811823301501,9.5697660446167,1093010800
2010-10-19 00:00:00-04:00,9.13040125349789,9.44247149559217,9.02868493509242,9.313671112060547,1232784000
2010-10-20 00:00:00-04:00,9.298921926389067,9.456913320292731,9.234823102708853,9.344964981079102,721624400
2010-10-21 00:00:00-04:00,9.400035788189191,9.471658581501188,9.232715576416997,9.314570426940918,551460000
2010-10-22 00:00:00-04:00,9.30102647992885,9.330217531971599,9.21766813049455,9.252877235412598,372778000
2010-10-25 00:00:00-04:00,9.301632365762796,9.377166227755865,9.282070673749335,9.294108390808105,392462000
2010-10-26 00:00:00-04:00,9.23482378533591,9.321192388244079,9.198108751717518,9.270334243774414,392929600
2010-10-27 00:00:00-04:00,9.25829400494989,9.32600412969935,9.196601932944898,9.263710975646973,399002800
2010-10-28 00:00:00-04:00,9.267320812236548,9.26882592800248,9.055162168914421,9.185768127441406,551051200
2010-10-29 00:00:00-04:00,9.155375837455953,9.205030206915596,9.05426063768403,9.057571411132812,430511200
2010-11-01 00:00:00-04:00,9.094885491536859,9.196601750743332,9.094283605915775,9.153868675231934,423889200
2010-11-02 00:00:00-04:00,9.238736161699528,9.334734139182384,9.238736161699528,9.3097562789917,433930000
2010-11-03 00:00:00-04:00,9.370246994616831,9.415688984673945,9.284781595537725,9.413281440734863,508348400
2010-11-04 00:00:00-04:00,9.493028943865669,9.63537216100133,9.480389338692628,9.577893257141113,642488000
2010-11-05 00:00:00-04:00,9.569464004861667,9.617011374423747,9.532147889998237,9.543582916259766,361253200
2010-11-08 00:00:00-05:00,9.545694436517042,9.6230347870747,9.532452943057823,9.588427543640137,281758400
2010-11-09 00:00:00-05:00,9.661548852409311,9.669072825484115,9.4644365081295,9.511983871459961,383544000
2010-11-10 00:00:00-05:00,9.528839457574021,9.592939103667419,9.435850090459354,9.570670127868652,384227200
2010-11-11 00:00:00-05:00,9.479480547418714,9.58179948485952,9.456910240841214,9.529135704040527,361284000
2010-11-12 00:00:00-05:00,9.509578765913588,9.524625108748074,9.137321604710776,9.269732475280762,795846800
2010-11-15 00:00:00-05:00,9.28267086274946,9.345265367422378,9.216765584984232,9.239937782287598,403606000
2010-11-16 00:00:00-05:00,9.200213352800105,9.256788995783895,9.007613965945103,9.075926780700684,657650000
2010-11-17 00:00:00-05:00,9.06419321393387,9.148154277691823,8.960671262624867,9.04312801361084,479449600
2010-11-18 00:00:00-05:00,9.18456248176316,9.319081082728331,9.169215606404837,9.28176498413086,494491200
2010-11-19 00:00:00-05:00,9.26792313424604,9.280863272109684,9.185767763530805,9.230607032775879,384843200
2010-11-22 00:00:00-05:00,9.229102327669844,9.43012809753418,9.204727166564417,9.43012809753418,393075200
2010-11-23 00:00:00-05:00,9.342558611213196,9.381681190040405,9.225494630196222,9.290797233581543,519447600
2010-11-24 00:00:00-05:00,9.3892006755716,9.491519627772686,9.381678310407972,9.47346305847168,413725200
2010-11-26 00:00:00-05:00,9.44156370600734,9.560734649898707,9.4174890844115,9.47948169708252,237585600
2010-11-29 00:00:00-05:00,9.494530198937587,9.554115282675543,9.370544945327572,9.535758972167969,445785200
2010-11-30 00:00:00-05:00,9.435548880922061,9.46022620227611,9.355199124014646,9.363625526428223,501858000
2010-12-01 00:00:00-05:00,9.487608884459485,9.562241112130902,9.479483828426735,9.521615028381348,461750800
2010-12-02 00:00:00-05:00,9.55562037276328,9.599857771120742,9.47617305893932,9.574278831481934,462837200
2010-12-03 00:00:00-05:00,9.539972569366393,9.589325597122295,9.519809797134021,9.552912712097168,342092800
2010-12-06 00:00:00-05:00,9.589023250657904,9.700069149373327,9.582402508194619,9.634465217590332,448481600
2010-12-07 00:00:00-05:00,9.744306615569347,9.750023324179917,9.573375099507633,9.576083183288574,391454000
2010-12-08 00:00:00-05:00,9.61881766678807,9.660648329566806,9.542982464077626,9.660346984863281,321935600
2010-12-09 00:00:00-05:00,9.694050597543374,9.705184277566975,9.600458576973983,9.62272834777832,294151200
2010-12-10 00:00:00-05:00,9.619417504980516,9.661548699908682,9.587818907887964,9.64680290222168,262511200
2010-12-13 00:00:00-05:00,9.761461986710339,9.782226645303489,9.66004623697776,9.680208206176758,439815600
2010-12-14 00:00:00-05:00,9.682009688349734,9.706385649257639,9.5998535231443,9.63867473602295,351008000
2010-12-15 00:00:00-05:00,9.629944755195215,9.720225951847898,9.60556960354084,9.640779495239258,417312000
2010-12-16 00:00:00-05:00,9.662754074118274,9.708496590792379,9.632961932748778,9.667569160461426,322030800
2010-12-17 00:00:00-05:00,9.67900412306804,9.683819208979651,9.636872924927209,9.648308753967285,386929200
2010-12-20 00:00:00-05:00,9.678099798010862,9.727754964065147,9.576684875018422,9.696456909179688,385610400
2010-12-21 00:00:00-05:00,9.720229602696547,9.762059445467731,9.691641242792839,9.756341934204102,256354000
2010-12-22 00:00:00-05:00,9.76116077589224,9.802088207831586,9.73678480211501,9.785235404968262,265921600
2010-12-23 00:00:00-05:00,9.780420078471662,9.784933819821225,9.725348737512384,9.738288879394531,223157200
2010-12-27 00:00:00-05:00,9.715720505402603,9.793662716927173,9.675695496673974,9.770791053771973,249816000
2010-12-28 00:00:00-05:00,9.807803975478322,9.830374287788331,9.782225038206992,9.794563293457031,175924000
2010-12-29 00:00:00-05:00,9.817131947337526,9.82405403418585,9.783427154131202,9.789145469665527,163139200
2010-12-30 00:00:00-05:00,9.794864179187622,9.795766605990627,9.721737071885386,9.740094184875488,157494400
2010-12-31 00:00:00-05:00,9.718730430020614,9.734680004661802,9.66937658954611,9.70699405670166,193508000
2011-01-03 00:00:00-05:00,9.799680026464975,9.938712426690907,9.775605398956559,9.917947769165039,445138400
2011-01-04 00:00:00-05:00,10.00431183913926,10.0061174956537,9.875210210906065,9.969704627990723,309080800
2011-01-05 00:00:00-05:00,9.917345931875232,10.061493960120544,9.915840815631574,10.051261901855469,255519600
2011-01-06 00:00:00-05:00,10.072929690806832,10.088879262034855,10.018159692510359,10.043137550354004,300428800
2011-01-07 00:00:00-05:00,10.05096496774519,10.121985908136043,9.988069086511294,10.11506462097168,311931200
2011-01-10 00:00:00-05:00,10.196617351417661,10.329029045699992,10.14666242488066,10.305556297302246,448560000
2011-01-11 00:00:00-05:00,10.378682524905212,10.3810892647159,10.215876018846636,10.281179428100586,444108000
2011-01-12 00:00:00-05:00,10.329630286087504,10.36513994488359,10.292012821388996,10.364838600158691,302590400
2011-01-13 00:00:00-05:00,10.38710179629831,10.431640518420455,10.347679502570424,10.402750015258789,296780400
2011-01-14 00:00:00-05:00,10.409074484856609,10.487016677856445,10.365438974849864,10.487016677856445,308840000
2011-01-18 00:00:00-05:00,9.916442924888335,10.375069453195756,9.81051343592603,10.251384735107422,1880998000
2011-01-19 00:00:00-05:00,10.483105655162793,10.490629629748279,10.137933376678392,10.196916580200195,1135612800
2011-01-20 00:00:00-05:00,10.124390235124848,10.180665352518215,9.934499683353861,10.011539459228516,764789200
2011-01-21 00:00:00-05:00,10.044338539889416,10.07774279199469,9.829470182275017,9.832179069519043,754401200
2011-01-24 00:00:00-05:00,9.836695231633264,10.155085563659668,9.832180686679239,10.155085563659668,574683200
2011-01-25 00:00:00-05:00,10.12137983273373,10.27515801278965,10.06841469477399,10.273953437805176,546868000
2011-01-26 00:00:00-05:00,10.320900392976004,10.400347703312592,10.276964341222591,10.347683906555176,506875600
2011-01-27 00:00:00-05:00,10.34557779697482,10.37296319865466,10.316989427299596,10.328424453735352,285026000
2011-01-28 00:00:00-05:00,10.357314571512338,10.364235856044022,10.03711857555162,10.114458084106445,592057200
2011-01-31 00:00:00-05:00,10.10542955076171,10.233026909420346,10.060289730073789,10.211359024047852,377246800
2011-02-01 00:00:00-05:00,10.270946982974467,10.40185353411232,10.261316809749689,10.383195877075195,426633200
2011-02-02 00:00:00-05:00,10.365743371551098,10.38981720064592,10.338658505750944,10.361830711364746,258955200
2011-02-03 00:00:00-05:00,10.346178257313523,10.359419742882588,10.188186875182016,10.335344314575195,393797600
2011-02-04 00:00:00-05:00,10.341364004284468,10.433450917803153,10.337452148662416,10.4274320602417,321840400
2011-02-07 00:00:00-05:00,10.46926219269124,10.630563561689028,10.461739022332708,10.589336395263672,485021600
2011-02-08 00:00:00-05:00,10.643505415934781,10.69887730452337,10.597462355817225,10.689247131347656,381040800
2011-02-09 00:00:00-05:00,10.688942312447251,10.803599506969354,10.67931294671115,10.7783203125,482745200
2011-02-10 00:00:00-05:00,10.755150552146038,10.833694623609832,10.472570451614311,10.66938304901123,928550000
2011-02-11 00:00:00-05:00,10.675705688969085,10.76749046263618,10.639291999180601,10.73890209197998,367572800
2011-02-14 00:00:00-05:00,10.73709574786364,10.818046571750854,10.73468820477256,10.809019088745117,310416400
2011-02-15 00:00:00-05:00,10.809320977084685,10.832794525148396,10.759967944737939,10.830687522888184,284174800
2011-02-16 00:00:00-05:00,10.85777242633813,10.98115662396646,10.848744941505597,10.927891731262207,481157600
2011-02-17 00:00:00-05:00,10.750938710167528,10.841821047628473,10.728969478507304,10.782536506652832,530583200
2011-02-18 00:00:00-05:00,10.794873478583673,10.818647561079345,10.518313036347875,10.54961109161377,816057200
2011-02-22 00:00:00-05:00,10.296522340769922,10.394326744571426,10.163208292735533,10.189990997314453,872555600
2011-02-23 00:00:00-05:00,10.194809698297787,10.371457952318595,10.189993808447467,10.310669898986816,671854400
2011-02-24 00:00:00-05:00,10.352801333486164,10.386806675616638,10.182772212076266,10.318493843078613,499900800
2011-02-25 00:00:00-05:00,10.390113712235998,10.485510575102587,10.376271146407706,10.477385520935059,380018800
2011-02-28 00:00:00-05:00,10.570075658001715,10.68473208078116,10.566464343503142,10.62936019897461,403074000
2011-03-01 00:00:00-05:00,10.697372116080043,10.704895286464788,10.462942830332185,10.511995315551758,456136800
2011-03-02 00:00:00-05:00,10.531553669025831,10.663664752147909,10.484607393511695,10.596555709838867,602590800
2011-03-03 00:00:00-05:00,10.749132197091653,10.827374927577463,10.710912856815833,10.820453643798828,500788400
2011-03-04 00:00:00-05:00,10.835800656041,10.84242139835135,10.765983526121355,10.833694458007812,453266800
2011-03-07 00:00:00-05:00,10.87582497697724,10.883950835338714,10.57218128964289,10.694060325622559,546123200
2011-03-08 00:00:00-05:00,10.680520716897114,10.75545430024759,10.60047150558699,10.706100463867188,356316800
2011-03-09 00:00:00-05:00,10.673900583725086,10.676007586125063,10.55081853582456,10.60709285736084,453306000
2011-03-10 00:00:00-05:00,10.506277525017742,10.52583921545212,10.37928283464282,10.432548522949219,507539200
2011-03-11 00:00:00-05:00,10.392224374221797,10.60257907138964,10.382294462494317,10.592647552490234,471080400
2011-03-14 00:00:00-04:00,10.62845579646633,10.7277653270538,10.572181494033876,10.639891624450684,435957200
2011-03-15 00:00:00-04:00,10.29502023289554,10.467757424038425,10.234833265477628,10.395232200622559,721081200
2011-03-16 00:00:00-04:00,10.292009500934979,10.322102980833332,9.818335925510146,9.93118667602539,1162011200
2011-03-17 00:00:00-04:00,10.136429667217811,10.220090201110871,9.950752284648926,10.070525169372559,659422400
2011-03-18 00:00:00-04:00,10.145454072093253,10.177654556545681,9.930887034719296,9.9510498046875,753214000
2011-03-21 00:00:00-04:00,10.111149871559618,10.223999847447848,10.089180637185873,10.210759162902832,409402000
2011-03-22 00:00:00-04:00,10.308863027622666,10.31066868475921,10.20594217801112,10.267934799194336,325922800
2011-03-23 00:00:00-04:00,10.210154181922347,10.238442003495347,10.109942231547867,10.207446098327637,372996400
2011-03-24 00:00:00-04:00,10.287494064981454,10.412382508310579,10.197514181155723,10.381385803222656,404712000
2011-03-25 00:00:00-04:00,10.47467925017281,10.594752650139908,10.443080648671652,10.57910442352295,448910000
2011-03-28 00:00:00-04:00,10.62755095212259,10.66276085479815,10.54599666595459,10.54599666595459,309355200
2011-03-29 00:00:00-04:00,10.462337749823725,10.561646461486816,10.41418850976102,10.561646461486816,352900800
2011-03-30 00:00:00-04:00,10.552017769651085,10.559241201333235,10.455718472455208,10.49152946472168,329406000
2011-03-31 00:00:00-04:00,10.423221140891256,10.526743102844918,10.414193656159354,10.487922668457031,274019200
2011-04-01 00:00:00-04:00,10.566164968274563,10.580609424276851,10.331132976781218,10.369050979614258,418661600
2011-04-04 00:00:00-04:00,10.361525032145275,10.370251971671493,10.183671451055021,10.267632484436035,460084800
2011-04-05 00:00:00-04:00,10.14123918730071,10.29953107600019,10.11144625305528,10.198416709899902,482731200
2011-04-06 00:00:00-04:00,10.268536422187452,10.349186688487677,10.145754160409602,10.17283821105957,402539200
2011-04-07 00:00:00-04:00,10.17464283004959,10.244760492120228,10.112348877041018,10.174041748046875,373447200
2011-04-08 00:00:00-04:00,10.229415409659431,10.236336693346141,10.04975694975912,10.083160400390625,377535200
2011-04-11 00:00:00-04:00,10.053065928667047,10.101516520744042,9.931489038694671,9.954961776733398,398946800
2011-04-12 00:00:00-04:00,9.945630261936657,10.04313411687982,9.936903322984632,10.0031099319458,425639200
2011-04-13 00:00:00-04:00,10.08195410680066,10.115658893640031,10.006720021059005,10.115358352661133,346220000
2011-04-14 00:00:00-04:00,10.075336401852221,10.111448741746623,9.992880468329789,10.003713607788086,301800800
2011-04-15 00:00:00-04:00,10.030196858469969,10.04042891689351,9.83458879835845,9.854450225830078,453605600
2011-04-18 00:00:00-04:00,9.813524960093977,9.997998560470359,9.634768873718883,9.986562728881836,609898800
2011-04-19 00:00:00-04:00,10.02417578056336,10.17103185100523,9.982345132595077,10.167421340942383,419378400
2011-04-20 00:00:00-04:00,10.337451857688123,10.404861453307426,10.27696434986255,10.304348945617676,700666400
2011-04-21 00:00:00-04:00,10.683227608067627,10.68714026746963,10.48822143491412,10.553825378417969,753810400
2011-04-25 00:00:00-04:00,10.542988980695855,10.645608466543292,10.54178440591014,10.62333869934082,266546000
2011-04-26 00:00:00-04:00,10.641697055019243,10.682925018075283,10.513197276900835,10.545397758483887,338800000
2011-04-27 00:00:00-04:00,10.600169263173438,10.603480036627897,10.44548864164389,10.537273406982422,356213200
2011-04-28 00:00:00-04:00,10.418099940055322,10.525232356445649,10.397937175390014,10.434952735900879,360959200
2011-04-29 00:00:00-04:00,10.435856845231745,10.651627632098375,10.432546072292599,10.536670684814453,1006345200
2011-05-02 00:00:00-04:00,10.524933555145735,10.546901980139992,10.397337008423651,10.420809745788574,442713600
2011-05-03 00:00:00-04:00,10.472272519589097,10.5294500656716,10.40095025485602,10.478591918945312,313348000
2011-05-04 00:00:00-04:00,10.480397095465703,10.587831701106417,10.438867779120079,10.519820213317871,389250400
2011-05-05 00:00:00-04:00,10.484606286124842,10.561345490400413,10.413886741093934,10.434952735900879,335969200
2011-05-06 00:00:00-04:00,10.523433731122829,10.532762561122528,10.418707991433713,10.432250022888184,280134400
2011-05-09 00:00:00-04:00,10.468358760739566,10.508685106695053,10.428334563043038,10.460535049438477,204747200
2011-05-10 00:00:00-04:00,10.499357751083025,10.52343318672195,10.432249483204444,10.516210556030273,282091600
2011-05-11 00:00:00-04:00,10.503268322858867,10.532759922066926,10.38951432283995,10.449399948120117,336000000
2011-05-12 00:00:00-04:00,10.416000359372479,10.446093853200168,10.300140126880757,10.42954158782959,322000000
2011-05-13 00:00:00-04:00,10.40215237880506,10.41990680104239,10.242355346397881,10.246869087219238,326116000
2011-05-16 00:00:00-04:00,10.2077502421958,10.26853910150354,10.009131140319234,10.030197143554688,449775200
2011-05-17 00:00:00-04:00,9.991074494380364,10.11566162109375,9.952855153868521,10.11566162109375,452334400
2011-05-18 00:00:00-04:00,10.125592831260567,10.26342145027309,10.111448918276785,10.227910995483398,334776400
2011-05-19 00:00:00-04:00,10.294419067336912,10.304349781046028,10.191799549447156,10.247774124145508,261170000
2011-05-20 00:00:00-04:00,10.218583415492803,10.260414077399895,10.08195855127646,10.087977409362793,337968400
2011-05-23 00:00:00-04:00,9.929984159644263,10.110846391883248,9.91343270476853,10.063298225402832,383600000
2011-05-24 00:00:00-04:00,10.096404802774606,10.108442520130122,9.971214953035057,9.996794700622559,321927200
2011-05-25 00:00:00-04:00,10.034111948989176,10.188492891243827,10.016658059049448,10.134925842285156,294224000
2011-05-26 00:00:00-04:00,10.110546150287831,10.13823208958596,10.064201753828838,10.081355094909668,222560800
2011-05-27 00:00:00-04:00,10.07533604400841,10.160500862059944,10.060590246070612,10.15388011932373,203599200
2011-05-31 00:00:00-04:00,10.264925602712509,10.46745491027832,10.261915370733469,10.46745491027832,417754400
2011-06-01 00:00:00-04:00,10.498754475989616,10.59685864138415,10.371759793862497,10.397639274597168,554682800
2011-06-02 00:00:00-04:00,10.427426769989818,10.47196548976252,10.361220977574245,10.415389060974121,338783200
2011-06-03 00:00:00-04:00,10.327520603961018,10.392221308572825,10.292310691854317,10.335344314575195,313250000
2011-06-06 00:00:00-04:00,10.403355593373261,10.443981669348213,10.16591692788107,10.17283821105957,461941200
2011-06-07 00:00:00-04:00,10.176750520882269,10.178254833162104,9.988062992308024,9.992276191711426,529785200
2011-06-08 00:00:00-04:00,9.984453217094899,10.075335543015758,9.950447881928378,9.998295783996582,333723600
2011-06-09 00:00:00-04:00,10.02869045891806,10.041330057869907,9.953456358042688,9.975726127624512,275088800
2011-06-10 00:00:00-04:00,9.94743948263289,9.980843741865929,9.795767479344848,9.807504653930664,433955200
2011-06-13 00:00:00-04:00,9.84662327051125,9.880027521764468,9.782524458765378,9.828567504882812,329473200
2011-06-14 00:00:00-04:00,9.930886925904034,10.028691346052327,9.910122270439143,10.004315376281738,334569200
2011-06-15 00:00:00-04:00,9.92336071092785,9.939912161290088,9.776804396213846,9.833080291748047,399196000
2011-06-16 00:00:00-04:00,9.837598667422006,9.891164897922977,9.579696621925514,9.785235404968262,510591200
2011-06-17 00:00:00-04:00,9.900496263791261,9.90832078077672,9.610694219263415,9.637778282165527,615020000
2011-06-20 00:00:00-04:00,9.550504547274107,9.560736605068684,9.344062555639434,9.489113807678223,640645600
2011-06-21 00:00:00-04:00,9.530044233151063,9.804496990409696,9.48550547703219,9.789450645446777,493382400
2011-06-22 00:00:00-04:00,9.78523355823824,9.897784577519516,9.701573052698834,9.708495140075684,390583200
2011-06-23 00:00:00-04:00,9.598051055706422,9.981744751018578,9.573375349228519,9.967902183532715,559759200
2011-06-24 00:00:00-04:00,9.972114043955687,10.02568025677918,9.783125977857454,9.821043968200684,439807200
2011-06-27 00:00:00-04:00,9.858360255381415,10.048250751628157,9.848128199687437,9.992276191711426,339813600
2011-06-28 00:00:00-04:00,10.040731290496188,10.13251688120015,10.034411890344762,10.089181900024414,294299600
2011-06-29 00:00:00-04:00,10.112655281637942,10.122585997020742,9.987465427392006,10.052468299865723,352545200
2011-06-30 00:00:00-04:00,10.072327423733704,10.115361853179474,10.016353656007428,10.101517677307129,322954800
2011-07-01 00:00:00-04:00,10.109945453072472,10.337152131896627,10.057281648023258,10.329930305480957,435313200
2011-07-05 00:00:00-04:00,10.322105018900562,10.527644595958408,10.30705867777337,10.515606880187988,355054000
2011-07-06 00:00:00-04:00,10.501158099963607,10.656140825987785,10.433748521425029,10.585721015930176,444626000
2011-07-07 00:00:00-04:00,10.673292245016263,10.77350336463953,10.653128679693406,10.749428749084473,399663600
2011-07-08 00:00:00-04:00,10.633273081594165,10.833697037694442,10.598966394129917,10.824969291687012,489633200
2011-07-11 00:00:00-04:00,10.723552260907832,10.826773647930827,10.617621986482993,10.653132438659668,442674400
2011-07-12 00:00:00-04:00,10.638985450358119,10.763874686140221,10.491226172106764,10.645606994628906,451609200
2011-07-13 00:00:00-04:00,10.783439772210297,10.833696834433818,10.724757112420164,10.7741117477417,391638800
2011-07-14 00:00:00-04:00,10.864092265625423,10.882148841856791,10.723555530094716,10.766589164733887,430533600
2011-07-15 00:00:00-04:00,10.86890544127721,10.984163753401287,10.80871847159535,10.981756210327148,484467200
2011-07-18 00:00:00-04:00,10.997103242022579,11.274566136139716,10.992589500819745,11.248987197875977,572653200
2011-07-19 00:00:00-04:00,11.375379852629296,11.394940736919406,11.23454180717481,11.34077262878418,819145600
2011-07-20 00:00:00-04:00,11.920678935998977,11.925192678159219,11.616131119310047,11.64321517944336,941340400
2011-07-21 00:00:00-04:00,11.644718084222829,11.738308505193075,11.552932516905145,11.654950141906738,526534400
2011-07-22 00:00:00-04:00,11.685941521955446,11.888471577282024,11.668788186634272,11.835807800292969,516728800
2011-07-25 00:00:00-04:00,11.747036000194438,12.037439859483023,11.725068374804971,11.992300033569336,589806000
2011-07-26 00:00:00-04:00,12.037439954735593,12.172861844305691,12.027810585853675,12.140059471130371,476582400
2011-07-27 00:00:00-04:00,12.055195134903379,12.116887221647758,11.80120496218995,11.814446449279785,659324400
2011-07-28 00:00:00-04:00,11.785256969835842,11.946858891819343,11.680229903837168,11.791275024414062,594034000
2011-07-29 00:00:00-04:00,11.66548353493515,11.891486424680565,11.55594273244177,11.750948905944824,632584400
2011-08-01 00:00:00-04:00,11.970633098617041,12.022393672170336,11.807826599798538,11.939637184143066,612836000
2011-08-02 00:00:00-04:00,11.966718484268561,11.974241653521355,11.686848070056248,11.703700065612793,639539600
2011-08-03 00:00:00-04:00,11.765995162847554,11.843336280556825,11.502978308042469,11.813844680786133,732508000
2011-08-04 00:00:00-04:00,11.71874964538729,11.776227731168097,11.355820538507553,11.356422424316406,871407600
2011-08-05 00:00:00-04:00,11.448810332305316,11.540897257469766,10.911037796759683,11.243571281433105,1204590800
2011-08-08 00:00:00-04:00,10.884553328187486,11.067522578186257,10.62364188255898,10.62936019897461,1143833600
2011-08-09 00:00:00-04:00,10.872820916679427,11.273367591335372,10.68323085440309,11.255311012268066,1082583600
2011-08-10 00:00:00-04:00,11.169236092003882,11.274563661360409,10.908927400201383,10.944738388061523,878656800
2011-08-11 00:00:00-04:00,11.150277289404912,11.298639279969999,10.97573448013916,11.245975494384766,741969200
2011-08-12 00:00:00-04:00,11.377485227901424,11.424732048567243,11.261926391282199,11.344985008239746,528976000
2011-08-15 00:00:00-04:00,11.424432084400532,11.585132355291412,11.378087688124829,11.538186073303223,460544000
2011-08-16 00:00:00-04:00,11.481311223601436,11.536984457027765,11.316999607741648,11.450013160705566,498750000
2011-08-17 00:00:00-04:00,11.505084740173045,11.571591111557176,11.375381163898581,11.448809623718262,442061200
2011-08-18 00:00:00-04:00,11.15990923599139,11.214379490667666,10.874922380694958,11.01576042175293,851435200
2011-08-19 00:00:00-04:00,10.899000712336543,11.044353336708946,10.713323342035173,10.714225769042969,775888400
2011-08-22 00:00:00-04:00,10.969415263714918,10.980550549494884,10.685933564942845,10.72655963897705,535315200
2011-08-23 00:00:00-04:00,10.84272337863563,11.244172330754077,10.743414641555285,11.242968559265137,656835200
2011-08-24 00:00:00-04:00,11.239054787786836,11.404268792156582,11.152686200967755,11.320609092712402,626267600
2011-08-25 00:00:00-04:00,10.986571101606788,11.29864203657749,10.984163558575352,11.246580123901367,871346000
2011-08-26 00:00:00-04:00,11.169839161610698,11.549921521059678,11.158704678611256,11.543301582336426,641477200
2011-08-29 00:00:00-04:00,11.681732902367001,11.7816443294789,11.67631673421452,11.735600471496582,405269200
2011-08-30 00:00:00-04:00,11.683839933381979,11.791876424007954,11.622449189811379,11.73620319366455,417922400
2011-08-31 00:00:00-04:00,11.753657416848284,11.799098586937772,11.491542191868986,11.580920219421387,522586400
2011-09-01 00:00:00-04:00,11.610711074016994,11.656452776967162,11.457233445188848,11.466562271118164,343725200
2011-09-02 00:00:00-04:00,11.277271721335966,11.37537746686644,11.1897001791733,11.256507873535156,438939200
2011-09-06 00:00:00-04:00,11.055483353079847,11.445496426208697,11.028699842666787,11.427742004394531,509698000
2011-09-07 00:00:00-04:00,11.602885479111261,11.604089250318061,11.495751448877147,11.5538330078125,350576800
2011-09-08 00:00:00-04:00,11.50779165957632,11.694673563873799,11.505083575565816,11.560154914855957,416158400
2011-09-09 00:00:00-04:00,11.553831521909933,11.616124664886591,11.28569674338531,11.35972785949707,564813200
2011-09-12 00:00:00-04:00,11.224913950626748,11.4620505297704,11.191810231259545,11.43376350402832,467832400
2011-09-13 00:00:00-04:00,11.499969087031143,11.622450042050625,11.443092080933939,11.574602127075195,440560400
2011-09-14 00:00:00-04:00,11.646825467905016,11.803011218781075,11.608907465626586,11.715438842773438,534724400
2011-09-15 00:00:00-04:00,11.779535641767987,11.846644687764734,11.73349259396078,11.825578689575195,417818800
2011-09-16 00:00:00-04:00,11.903223704684212,12.05248737335205,11.88787601773429,12.05248737335205,698513200
2011-09-19 00:00:00-04:00,11.947159794173835,12.435579300548449,11.892992479816819,12.387429237365723,823860800
2011-09-20 00:00:00-04:00,12.496363992199107,12.725377056115281,12.374184422892899,12.442195892333984,775754000
2011-09-21 00:00:00-04:00,12.628477291611306,12.687159945816704,12.398562564290065,12.402775764465332,605976000
2011-09-22 00:00:00-04:00,12.068438436947108,12.332961248742997,11.938132959221493,12.092211723327637,968480800
2011-09-23 00:00:00-04:00,12.045864890800942,12.24026995592356,12.032924749913924,12.166841506958008,546277200
2011-09-26 00:00:00-04:00,12.033228150153017,12.157214224300242,11.77562743544554,12.132838249206543,812876400
2011-09-27 00:00:00-04:00,12.300158114885553,12.3158063428885,11.979059658465207,12.015172004699707,632497600
2011-09-28 00:00:00-04:00,12.043155832445978,12.149988534788053,11.932411274863005,11.94745922088623,429637600
2011-09-29 00:00:00-04:00,12.095223803508189,12.103950748124301,11.622452427342093,11.753661155700684,651086800
2011-09-30 00:00:00-04:00,11.649829265601374,11.703095732012503,11.471073285149654,11.475286483764648,547640800
2011-10-03 00:00:00-04:00,11.446702016586848,11.515014036949472,11.230027978561981,11.27306079864502,669099200
2011-10-04 00:00:00-04:00,11.272161461228906,11.489737985673727,10.660359324549816,11.209867477416992,1233677200
2011-10-05 00:00:00-04:00,11.070227532607285,11.430146243642502,10.842719621545339,11.38290023803711,786469600
2011-10-06 00:00:00-04:00,11.234843901685688,11.579415893188338,11.188800842687225,11.356422424316406,812582400
2011-10-07 00:00:00-04:00,11.308573304482929,11.367556504474704,11.08919115829009,11.128613471984863,535458000
2011-10-10 00:00:00-04:00,11.408182928346003,11.700692176818848,11.38169995478061,11.700692176818848,442514800
2011-10-11 00:00:00-04:00,11.813838531803682,12.133131942903214,11.781638864562964,12.046160697937012,605687600
2011-10-12 00:00:00-04:00,12.258328816925717,12.315806907393,12.041654729587293,12.103346824645996,622286000
2011-10-13 00:00:00-04:00,12.187301242243823,12.291125297546387,12.123202438091655,12.291125297546387,426185200
2011-10-14 00:00:00-04:00,12.543916223229315,12.69950008392334,12.49696913157453,12.69950008392334,573367200
2011-10-17 00:00:00-04:00,12.691673267444491,12.840937702067723,12.51712963420605,12.639009475708008,686044800
2011-10-18 00:00:00-04:00,12.692277000153236,12.784063380343525,12.518637364552976,12.706722259521484,881602400
2011-10-19 00:00:00-04:00,12.078066038962719,12.29082742444971,11.971233329225527,11.99591064453125,1104059600
2011-10-20 00:00:00-04:00,12.037438750745702,12.047971349035905,11.863197254807297,11.896299362182617,549270400
2011-10-21 00:00:00-04:00,11.980260548745813,12.011557800810271,11.759071979016523,11.822870254516602,621244400
2011-10-24 00:00:00-04:00,11.922480353173789,12.233045310838117,11.899007616551467,12.211077690124512,502138000
2011-10-25 00:00:00-04:00,12.188809942690675,12.234552455814518,11.958594671670456,11.970330238342285,430427200
2011-10-26 00:00:00-04:00,12.09040398293995,12.114178872396709,11.83129818858556,12.055496215820312,456304800
2011-10-27 00:00:00-04:00,12.264947936307438,12.308283715175731,12.094317726735822,12.178579330444336,494664800
2011-10-28 00:00:00-04:00,12.127719666367678,12.228533519236002,12.11297386747458,12.186402320861816,322842800
2011-10-31 00:00:00-04:00,12.110266848836716,12.31821397136877,12.06903807365594,12.18128776550293,385501200
2011-11-01 00:00:00-04:00,11.95949700589031,12.022392056914576,11.83340475559236,11.932412147521973,531790000
2011-11-02 00:00:00-04:00,12.040149497086727,12.050682097003,11.890282340667632,11.959498405456543,327350800
2011-11-03 00:00:00-04:00,12.009453697652097,12.139759167480008,11.897806688580465,12.129828453063965,441386400
2011-11-04 00:00:00-04:00,12.09853196284227,12.14096371123661,12.012163349587807,12.04466438293457,302229200
2011-11-07 00:00:00-05:00,12.034730862608562,12.0374389465954,11.920976870617814,12.029313087463379,270275600
2011-11-08 00:00:00-05:00,12.10394447208924,12.278186750808569,12.084383590349148,12.224920272827148,400442000
2011-11-09 00:00:00-05:00,11.946255325231586,12.06422251789279,11.863799390742267,11.895397186279297,558684000
2011-11-10 00:00:00-05:00,11.948060246941438,11.953477218193528,11.50026773671616,11.592655181884766,744752400
2011-11-11 00:00:00-05:00,11.634487758765133,11.697383623219592,11.443393425644748,11.574602127075195,653786000
2011-11-14 00:00:00-05:00,11.541495131820312,11.593557840047566,11.381397562866074,11.413296699523926,432905200
2011-11-15 00:00:00-05:00,11.459642987832513,11.721456866720139,11.419016904104899,11.701294898986816,430810800
2011-11-16 00:00:00-05:00,11.713931221343975,11.77080820869621,11.565569224284028,11.57911205291748,349210400
2011-11-17 00:00:00-05:00,11.555337311291543,11.573393880635603,11.300144226580635,11.357623100280762,479900400
2011-11-18 00:00:00-05:00,11.403068508581217,11.435268197193633,11.281489973801701,11.283295631408691,371938000
2011-11-21 00:00:00-05:00,11.146669332222453,11.185190022926621,11.011549587998006,11.104840278625488,447980400
2011-11-22 00:00:00-05:00,11.16532570047723,11.373272783029183,11.16291815775916,11.33053970336914,409021200
2011-11-23 00:00:00-05:00,11.270353641253905,11.310378643194257,11.040739443144565,11.044050216674805,428271200
2011-11-25 00:00:00-05:00,11.087083361287124,11.169238756409573,10.933605710852527,10.941129684448242,254760800
2011-11-28 00:00:00-05:00,11.205353024829462,11.336862270012647,11.144564161378305,11.318805694580078,346413200
2011-11-29 00:00:00-05:00,11.31038051707926,11.400360445700985,11.140652719628262,11.23093318939209,375855200
2011-11-30 00:00:00-05:00,11.474389236249213,11.504181377380872,11.38440851630865,11.501773834228516,405938400
2011-12-01 00:00:00-05:00,11.512005943924333,11.706410232828379,11.458138371029076,11.674210548400879,387181200
2011-12-02 00:00:00-05:00,11.731387021811255,11.845742900874518,11.693770368696295,11.7274751663208,379055600
2011-12-05 00:00:00-05:00,11.841524070067715,11.929397738553236,11.74823423612027,11.827078819274902,357210000
2011-12-06 00:00:00-05:00,11.812038180177126,11.875837265012011,11.717845874445876,11.765091896057129,283598000
2011-12-07 00:00:00-05:00,11.7343991535722,11.764793988443762,11.639002251421646,11.709120750427246,304746400
2011-12-08 00:00:00-05:00,11.780136040241594,11.902015058973134,11.74342182304621,11.756361961364746,376356400
2011-12-09 00:00:00-05:00,11.822271374080126,11.858082373662674,11.767500570078075,11.845442771911621,296993200
2011-12-12 00:00:00-05:00,11.787059799854564,11.85386750683329,11.719951551812171,11.791874885559082,301067200
2011-12-13 00:00:00-05:00,11.826784431585597,11.899009919541781,11.649232149473882,11.700692176818848,338928800
2011-12-14 00:00:00-05:00,11.637195501082296,11.657659618895282,11.365751425838166,11.441286087036133,406887600
2011-12-15 00:00:00-05:00,11.535777586810637,11.548115841114452,11.38470749967728,11.403666496276855,256200000
2011-12-16 00:00:00-05:00,11.446398534862679,11.560453045136937,11.422624455116997,11.466259956359863,421478400
2011-12-19 00:00:00-05:00,11.509896847599595,11.581519631497194,11.450009628288614,11.50207233428955,235530400
2011-12-20 00:00:00-05:00,11.669090920830865,11.92007240531514,11.65404458376912,11.915557861328125,337215200
2011-12-21 00:00:00-05:00,11.937826758576772,11.95618467185583,11.796988737254205,11.930604934692383,262948000
2011-12-22 00:00:00-05:00,11.947162983496543,12.011263440201086,11.920079720881043,11.99380874633789,202358800
2011-12-23 00:00:00-05:00,12.028111591858757,12.14547691258823,12.02209273383378,12.137652397155762,269399200
2011-12-27 00:00:00-05:00,12.130727184747327,12.310987504511667,12.128318838731218,12.23394775390625,265076000
2011-12-28 00:00:00-05:00,12.244783078768664,12.285709697541893,12.077763419909758,12.1168851852417,228662000
2011-12-29 00:00:00-05:00,12.139758213356332,12.207469158626125,12.052788530184833,12.191518783569336,215978000
2011-12-30 00:00:00-05:00,12.143064283231007,12.226424232099133,12.142463201226349,12.187904357910156,179662000
2012-01-03 00:00:00-05:00,12.320319518001561,12.413609394485015,12.308281803518891,12.37539005279541,302220800
2012-01-04 00:00:00-05:00,12.338374504619773,12.479213353561647,12.316707422097965,12.441896438598633,260022000
2012-01-05 00:00:00-05:00,12.487335794048947,12.595671987556733,12.41872163932946,12.580023765563965,271269600
2012-01-06 00:00:00-05:00,12.632390438656923,12.72206900652282,12.615838981979081,12.711536407470703,318292800
2012-01-09 00:00:00-05:00,12.804825359642695,12.872535489799214,12.679936089784217,12.69137191772461,394024400
2012-01-10 00:00:00-05:00,12.817161358231909,12.819870245282601,12.684448393144756,12.736811637878418,258196400
2012-01-11 00:00:00-05:00,12.7199629576415,12.725079388799628,12.618548011599527,12.71605110168457,215084800
2012-01-12 00:00:00-05:00,12.707922501489438,12.726580152738707,12.60169169502254,12.68113899230957,212587200
2012-01-13 00:00:00-05:00,12.63028629975873,12.652855814156654,12.598988235001544,12.63359546661377,226021600
2012-01-17 00:00:00-05:00,12.76570408477995,12.819572456905265,12.728387972355346,12.78075122833252,242897200
2012-01-18 00:00:00-05:00,12.848760185993306,12.92429482282467,12.828898763991285,12.913461685180664,276791200
2012-01-19 00:00:00-05:00,12.94476134035959,12.981474763069013,12.835220547209785,12.872536659240723,261738400
2012-01-20 00:00:00-05:00,12.864711814601117,12.865012355668402,12.631786862355428,12.648338317871094,413974400
2012-01-23 00:00:00-05:00,12.719659095322342,12.89360083397805,12.708524612580671,12.862302780151367,306062400
2012-01-24 00:00:00-05:00,12.792788868243877,12.792788868243877,12.625769191924595,12.651649475097656,547638000
2012-01-25 00:00:00-05:00,13.675737361329421,13.676037902471927,13.353435111499296,13.441609382629395,958314000
2012-01-26 00:00:00-05:00,13.492766845064097,13.505706183961099,13.335678674343587,13.380517959594727,323985200
2012-01-27 00:00:00-05:00,13.37178766658584,13.496375588608876,13.354635130494627,13.4602632522583,299709200
2012-01-30 00:00:00-05:00,13.413018382258842,13.659485389603033,13.403389013218463,13.632701873779297,379341200
2012-01-31 00:00:00-05:00,13.710340930745007,13.790088778376699,13.63450493843648,13.7371244430542,391683600
2012-02-01 00:00:00-05:00,13.795206837296355,13.812660720349033,13.70913958635372,13.728398323059082,270046000
2012-02-02 00:00:00-05:00,13.71967406957603,13.757892616566133,13.661894633796333,13.69620132446289,186796400
2012-02-03 00:00:00-05:00,13.76180163059122,13.843053785213584,13.709438380932403,13.833423614501953,286599600
2012-02-06 00:00:00-05:00,13.794303674261304,13.992921149947463,13.788887506105242,13.962526321411133,249412800
2012-02-07 00:00:00-05:00,14.001048571572488,14.136470469471378,13.98088499493514,14.108783721923828,316223600
2012-02-08 00:00:00-05:00,14.159042515299342,14.348330415066368,14.134967078342127,14.34502124786377,407890000
2012-02-09 00:00:00-05:00,14.467799223235739,14.948996053308097,14.461780365468623,14.84126091003418,884214800
2012-02-10 00:00:00-05:00,14.774759649710763,14.975182057560067,14.7022327903305,14.84878921508789,631302000
2012-02-13 00:00:00-05:00,15.032658452183172,15.162061506545902,14.9592299814727,15.125046730041504,517216000
2012-02-14 00:00:00-05:00,15.187039205343083,15.334497235276197,15.106990790118248,15.331488609313965,460398400
2012-02-15 00:00:00-05:00,15.475936425560526,15.837961521831932,14.953210218658647,14.9766845703125,1506120000
2012-02-16 00:00:00-05:00,14.791003863375943,15.193957128134036,14.644447497121584,15.113306045532227,944552000
2012-02-17 00:00:00-05:00,15.14038305987741,15.280619962393686,15.055820161052143,15.110590934753418,535805200
2012-02-21 00:00:00-05:00,15.253846111949798,15.493692398071287,15.170787472443257,15.493692398071289,605595200
2012-02-22 00:00:00-05:00,15.44042229252771,15.512947510988546,15.319746217685038,15.439218521118164,483302400
2012-02-23 00:00:00-05:00,15.500614832683858,15.583372941486477,15.332692678565358,15.540037155151367,568027600
2012-02-24 00:00:00-05:00,15.63874118708822,15.735942928131792,15.607745274757427,15.721197128295898,415072000
2012-02-27 00:00:00-05:00,15.68809436905155,15.904467889654777,15.536724513413917,15.822011947631836,547582000
2012-02-28 00:00:00-05:00,15.888221838856719,16.11241912841797,15.824724077503328,16.11241912841797,600387200
2012-02-29 00:00:00-05:00,16.297485620414754,16.479552400595757,16.121137155299287,16.32396697998047,952011200
2012-03-01 00:00:00-05:00,16.49640195763088,16.497607335898067,16.213522178716286,16.385055541992188,683270000
2012-03-02 00:00:00-05:00,16.37813575036501,16.455173889408005,16.326373591059347,16.406423568725586,431712400
2012-03-05 00:00:00-05:00,16.41365157518355,16.47564339879688,15.829232545727923,16.04470443725586,809124400
2012-03-06 00:00:00-05:00,15.758817135981307,16.060655269777726,15.534920410846924,15.95743465423584,810238800
2012-03-07 00:00:00-05:00,16.154244841527927,16.18373644144655,15.747980775553593,15.970373153686523,798520800
2012-03-08 00:00:00-05:00,16.090746244476275,16.340523207258546,16.01340593406017,16.3104305267334,516457200
2012-03-09 00:00:00-05:00,16.377239317525788,16.483470156343923,16.344136400839396,16.406129837036133,418919200
2012-03-12 00:00:00-04:00,16.52077989333173,16.611663818359375,16.461194020541768,16.611663818359375,407282400
2012-03-13 00:00:00-04:00,16.778386584028148,17.09858178323308,16.724517404907882,17.096174240112305,690855200
2012-03-14 00:00:00-04:00,17.395603660948304,17.89726292449125,17.31585420937155,17.742582321166992,1418844000
2012-03-15 00:00:00-04:00,18.044423456173472,18.05646117195612,17.41065298834786,17.62160873413086,1159718000
2012-03-16 00:00:00-04:00,17.596330349779358,17.731149558475092,17.394101536735754,17.621910095214844,825487600
2012-03-19 00:00:00-04:00,18.007106614395557,18.10942397551106,17.726634289177618,18.089262008666992,901236000
2012-03-20 00:00:00-04:00,18.041412970981714,18.26380372024684,17.79976187844984,18.235517501831055,816662000
2012-03-21 00:00:00-04:00,18.138608429449476,18.346555456509893,18.098585051406197,18.131385803222656,644042000
2012-03-22 00:00:00-04:00,17.989353563838076,18.19158399096605,17.921643416060107,18.036300659179688,623870800
2012-03-23 00:00:00-04:00,18.070911381142245,18.110333705750808,17.887640724283507,17.93729591369629,430488800
2012-03-26 00:00:00-04:00,18.049835180485776,18.27132588200806,17.913513306120173,18.26620864868164,595742000
2012-03-27 00:00:00-04:00,18.242135911107553,18.54608094551953,18.238524597047952,18.491912841796875,607129600
2012-03-28 00:00:00-04:00,18.609282485667297,18.70167076121062,18.366427564339563,18.58641242980957,655460400
2012-03-29 00:00:00-04:00,18.44075993287074,18.55451395551896,18.273741017830606,18.352886199951172,608238400
2012-03-30 00:00:00-04:00,18.32007796531664,18.373945529968697,17.994164493553157,18.04261589050293,731038000
2012-04-02 00:00:00-04:00,18.111227617210194,18.621012704152033,18.067591309790892,18.61680030822754,598351600
2012-04-03 00:00:00-04:00,18.877707903920683,19.02546960702214,18.733560728606946,18.93849754333496,834559600
2012-04-04 00:00:00-04:00,18.78893684942406,18.83437801519317,18.56774827051271,18.78773307800293,572980800
2012-04-05 00:00:00-04:00,18.868082098922113,19.09920137169435,18.760346976144643,19.06970977783203,641298000
2012-04-09 00:00:00-04:00,18.84250309635719,19.255086492684715,18.817526045778234,19.146448135375977,597536800
2012-04-10 00:00:00-04:00,19.257796561400284,19.3802774985192,18.83859318290774,18.91202163696289,889725200
2012-04-11 00:00:00-04:00,19.14554663026464,19.165708595482116,18.75854136423008,18.8446102142334,696614800
2012-04-12 00:00:00-04:00,18.80850502769365,18.998998312830555,18.673083101053127,18.741395950317383,614336800
2012-04-13 00:00:00-04:00,18.78171203279073,18.799468060976665,18.161784287674077,18.213544845581055,859644800
2012-04-16 00:00:00-04:00,18.35890321238064,18.365523152930272,17.401626701165142,17.458202362060547,1050786800
2012-04-17 00:00:00-04:00,17.4223903823685,18.35709572066949,17.210831944547117,18.348068237304688,1025528000
2012-04-18 00:00:00-04:00,18.46903975215143,18.665551794168664,18.137708543385823,18.30713653564453,954531200
2012-04-19 00:00:00-04:00,18.062784589346553,18.198507052439446,17.59031458638382,17.67818832397461,834719200
2012-04-20 00:00:00-04:00,17.796752588975046,17.89425647475654,17.16599077811918,17.243030548095703,1030985200
2012-04-23 00:00:00-04:00,17.171712777869725,17.354080184025456,16.75070284040256,17.204513549804688,966529200
2012-04-24 00:00:00-04:00,16.930961347588212,17.083837131689613,16.70194901613937,16.860843658447266,1076149200
2012-04-25 00:00:00-04:00,18.526820448723747,18.597841350796475,18.23671798371722,18.357091903686523,905777600
2012-04-26 00:00:00-04:00,18.485590334538923,18.49823073630596,18.120254597974956,18.28787612915039,536068400
2012-04-27 00:00:00-04:00,18.208726518226392,18.242129956996518,18.071197694975943,18.14643096923828,406722400
2012-04-30 00:00:00-04:00,17.989952725576128,18.00800929716677,17.54456693603587,17.574058532714844,506144800
2012-05-01 00:00:00-04:00,17.601749840346915,17.958659325233363,17.491306594693857,17.518390655517578,610999200
2012-05-02 00:00:00-04:00,17.46150585220496,17.676976087962302,17.419976546986938,17.63424301147461,427389200
2012-05-03 00:00:00-04:00,17.770265794699878,17.797349841994706,17.463310580073344,17.509052276611328,390549600
2012-05-04 00:00:00-04:00,17.36641622474417,17.404935309488792,17.008000858244486,17.010408401489258,529992400
2012-05-07 00:00:00-04:00,16.897556149294275,17.23671114022775,16.88943028975962,17.13770294189453,460118400
2012-05-08 00:00:00-04:00,17.140709798324597,17.19848921802093,16.814195245602097,17.09857940673828,497252000
2012-05-09 00:00:00-04:00,16.963756013030327,17.27311875555233,16.87798933153327,17.1286678314209,480704000
2012-05-10 00:00:00-04:00,17.291179111700004,17.330300880886224,17.106405816169595,17.16899871826172,333200000
2012-05-11 00:00:00-04:00,17.002878444261295,17.28786523522002,16.98331756499782,17.054338455200195,399546000
2012-05-14 00:00:00-04:00,16.92975260614997,17.078414342280702,16.780187639760474,16.798845291137695,352626400
2012-05-15 00:00:00-04:00,16.89606287085452,16.9493277863157,16.604153712375922,16.646886825561523,476336000
2012-05-16 00:00:00-04:00,16.673352166215576,16.75881830211432,16.281834076631807,16.43350601196289,560896000
2012-05-17 00:00:00-04:00,16.410343751299315,16.476249049646217,15.953222274780273,15.953222274780273,717220000
2012-05-18 00:00:00-04:00,16.068786182533344,16.3531705188541,15.71428412833661,15.961050987243652,732292400
2012-05-21 00:00:00-04:00,16.08502907848722,16.898759308643264,16.071485444029566,16.890933990478516,631106000
2012-05-22 00:00:00-04:00,17.139810016116726,17.270116286667747,16.629123159029245,16.761234283447266,694870400
2012-05-23 00:00:00-04:00,16.777183735820355,17.23761758767247,16.648685522089426,17.170207977294922,584897600
2012-05-24 00:00:00-04:00,17.33000122165866,17.348961025067357,16.889430484283107,17.012514114379883,496230000
2012-05-25 00:00:00-04:00,16.990551302675215,17.02846931485641,16.806377411864208,16.921335220336914,328507200
2012-05-29 00:00:00-04:00,17.180439163031632,17.273729061892528,17.01221648250636,17.22166633605957,380508800
2012-05-30 00:00:00-04:00,17.129272874296415,17.453982537509578,17.04982557833419,17.429306030273438,529429600
2012-05-31 00:00:00-04:00,17.476556988160542,17.499428648564336,17.197290012772704,17.385976791381836,491674400
2012-06-01 00:00:00-04:00,17.12807491776598,17.233101986856994,16.868066666108806,16.88220977783203,520987600
2012-06-04 00:00:00-04:00,16.897549942412937,17.07811078216838,16.506333986023975,16.981510162353516,556995600
2012-06-05 00:00:00-04:00,16.890630820948406,17.047117873833127,16.80215604215759,16.937576293945312,388214400
2012-06-06 00:00:00-04:00,17.086242601712907,17.269211047473473,17.01792977473717,17.197288513183594,401455600
2012-06-07 00:00:00-04:00,17.372730172257903,17.373631795312964,17.168394423202454,17.205108642578125,379766800
2012-06-08 00:00:00-04:00,17.201499140926853,17.471740188715895,17.123255608954462,17.46391487121582,347516400
2012-06-11 00:00:00-04:00,17.6866084549509,17.710081194039375,17.172308768095053,17.188560485839844,591264800
2012-06-12 00:00:00-04:00,17.28756056375455,17.352560975545845,17.054033839530668,17.33871841430664,435380400
2012-06-13 00:00:00-04:00,17.289378011151417,17.408548198197895,17.164790047728538,17.21835708618164,293580000
2012-06-14 00:00:00-04:00,17.190667284365247,17.25867957151815,17.070896036303058,17.19939422607422,345573200
2012-06-15 00:00:00-04:00,17.18344437096802,17.29238328074196,17.139808055973518,17.277637481689453,335255200
2012-06-18 00:00:00-04:00,17.182251249835296,17.691734545168252,17.164495209107873,17.628236770629883,440412000
2012-06-19 00:00:00-04:00,17.556608138911326,17.755225644359047,17.547580654907993,17.677284240722656,361404400
2012-06-20 00:00:00-04:00,17.701351852053676,17.732649904707383,17.47835845020252,17.62702178955078,358943200
2012-06-21 00:00:00-04:00,17.617996011968476,17.701655719217158,17.377246537062966,17.38416862487793,326351200
2012-06-22 00:00:00-04:00,17.425400448512786,17.520194656781804,17.316461521058667,17.517486572265625,284471600
2012-06-25 00:00:00-04:00,17.373029816153057,17.448264711471914,17.16448168209619,17.1765193939209,304382400
2012-06-26 00:00:00-04:00,17.193378305395164,17.288474664350005,17.073004347426604,17.214445114135742,276536400
2012-06-27 00:00:00-04:00,17.303818923678584,17.356182182105677,17.21113172940128,17.288772583007812,202997200
2012-06-28 00:00:00-04:00,17.203609726438415,17.273727414467487,17.021242343602932,17.12476348876953,282836400
2012-06-29 00:00:00-04:00,17.39410064073422,17.574663162231445,17.281249868384286,17.574663162231445,421500800
2012-07-02 00:00:00-04:00,17.596630036114504,17.859646869132767,17.56262389399688,17.831058502197266,400092000
2012-07-03 00:00:00-04:00,17.902079057694777,18.05615858793641,17.875597693140783,18.038402557373047,241712800
2012-07-05 00:00:00-04:00,18.073012545336244,18.487703031114776,18.045627946219177,18.35529136657715,484383200
2012-07-06 00:00:00-04:00,18.269527939014168,18.310154033339426,18.103712787351622,18.23311424255371,418930400
2012-07-09 00:00:00-04:00,18.21565721619825,18.47446168918728,18.179846215414912,18.47416114807129,379405600
2012-07-10 00:00:00-04:00,18.5969386511934,18.654116988037615,18.215953849666256,18.303226470947266,511957600
2012-07-11 00:00:00-04:00,18.240329529414893,18.286673923127953,17.972497634440064,18.189472198486328,469322000
2012-07-12 00:00:00-04:00,18.063383482403893,18.160585225993405,17.83587547282974,18.02305793762207,428041600
2012-07-13 00:00:00-04:00,18.144942368244163,18.27253736770052,18.056165396295576,18.205730438232422,311427200
2012-07-16 00:00:00-04:00,18.210239180691374,18.4058464263402,18.20722894832483,18.26410675048828,301260400
2012-07-17 00:00:00-04:00,18.380864472730863,18.402231813170882,18.15094899668817,18.265005111694336,293624800
2012-07-18 00:00:00-04:00,18.254468062066223,18.307131835781405,18.163283617928517,18.244537353515625,252700000
2012-07-19 00:00:00-04:00,18.395613673536662,18.51809460238582,18.23671906119953,18.487098693847656,436861600
2012-07-20 00:00:00-04:00,18.448282297954716,18.490714849624272,18.167509372544828,18.185565948486328,397471200
2012-07-23 00:00:00-04:00,17.88763226279874,18.23370929037317,17.686306729725935,18.171415328979492,487975600
2012-07-24 00:00:00-04:00,18.278250527126335,18.347466588022844,18.011320211429428,18.083847045898438,565132400
2012-07-25 00:00:00-04:00,17.287568692889135,17.478360837915897,17.153350590276325,17.302915573120117,877312800
2012-07-26 00:00:00-04:00,17.447064350389518,17.46632469484777,17.16418607701696,17.300209045410156,406632800
2012-07-27 00:00:00-04:00,17.304122045382766,17.6297350331402,17.20120198363543,17.60957145690918,403936400
2012-07-30 00:00:00-04:00,17.78291051573731,18.03930742751813,17.68961902408266,17.90659523010254,379142400
2012-07-31 00:00:00-04:00,18.153361964639984,18.408256170878143,18.138015082741298,18.379966735839844,462327600
2012-08-01 00:00:00-04:00,18.53495322674044,18.549699029405875,18.146443514769956,18.26110076904297,384501600
2012-08-02 00:00:00-04:00,18.141627963658923,18.377861320491803,18.063684954370185,18.290590286254883,332158400
2012-08-03 00:00:00-04:00,18.4663315314309,18.597238842405474,18.404037574580553,18.52862548828125,344920800
2012-08-06 00:00:00-04:00,18.576472498466607,18.80458313152723,18.515383920316115,18.734766006469727,302103200
2012-08-07 00:00:00-04:00,18.741390139973134,18.808499196543753,18.599047774485776,18.68541717529297,290446800
2012-08-08 00:00:00-04:00,18.63967150783612,18.77479283437166,18.570757606267055,18.65381622314453,244706000
2012-08-09 00:00:00-04:00,18.673156549552754,18.790422085382207,18.671645778458547,18.76019859313965,221642400
2012-08-10 00:00:00-04:00,18.699151024716016,18.791329051615314,18.698849193287867,18.78951644897461,194938800
2012-08-13 00:00:00-04:00,18.840591284286994,19.040363311767578,18.83635918855984,19.040363311767578,278832400
2012-08-14 00:00:00-04:00,19.096881236503034,19.300583541205153,19.04671104588264,19.091440200805664,340169200
2012-08-15 00:00:00-04:00,19.07965802351666,19.161259048473884,18.972367428316158,19.065452575683594,257342400
2012-08-16 00:00:00-04:00,19.07694025317744,19.244676248457846,19.05548116351074,19.231983184814453,254534000
2012-08-17 00:00:00-04:00,19.34259152931315,19.5901158620112,19.306626786422985,19.587697982788086,442761200
2012-08-20 00:00:00-04:00,19.645122302054734,20.10269546508789,19.641797314521316,20.10269546508789,613384800
2012-08-21 00:00:00-04:00,20.27406542887896,20.396770425061472,19.654799193179347,19.82797622680664,812719600
2012-08-22 00:00:00-04:00,19.778412226150376,20.21906041154333,19.587706359567658,20.215131759643555,565322800
2012-08-23 00:00:00-04:00,20.131707643577744,20.246251845714692,19.981802361762977,20.026533126831055,420128800
2012-08-24 00:00:00-04:00,19.932242393158674,20.23356380245702,19.812560571588197,20.044368743896484,437340400
2012-08-27 00:00:00-04:00,20.55120111641938,20.577797788986924,20.356264841628764,20.420942306518555,427008400
2012-08-28 00:00:00-04:00,20.3997894745021,20.43363979237544,20.269529022311943,20.394350051879883,267416800
2012-08-29 00:00:00-04:00,20.40794778525406,20.481086220816277,20.327857542440796,20.354150772094727,202806800
2012-08-30 00:00:00-04:00,20.268625815741455,20.29612799156385,20.03318917765625,20.064016342163086,302699600
2012-08-31 00:00:00-04:00,20.16617019661476,20.206970714803138,19.863941625181077,20.105422973632812,338321200
2012-09-04 00:00:00-04:00,20.121133117746353,20.404622224800896,20.083052322791232,20.399484634399414,367892000
2012-09-05 00:00:00-04:00,20.41762074478216,20.441194265113854,20.237190101591548,20.2562313079834,336375200
2012-09-06 00:00:00-04:00,20.34508749810271,20.499828584325527,20.273459823300268,20.438777923583984,391196400
2012-09-07 00:00:00-04:00,20.49257332597323,20.626462215515552,20.423666976641076,20.564807891845703,329666400
2012-09-10 00:00:00-04:00,20.565108994924355,20.65094050059658,20.01052031893748,20.029863357543945,487998000
2012-09-11 00:00:00-04:00,20.10148886427025,20.25229966346031,19.841269821784863,19.964881896972656,503983200
2012-09-12 00:00:00-04:00,20.154076706950196,20.246256354115282,19.826160242273144,20.242931365966797,712233200
2012-09-13 00:00:00-04:00,20.472024648513305,20.71773646903644,20.39344515898523,20.64157485961914,598360000
2012-09-14 00:00:00-04:00,20.852528319524552,21.064691624102885,20.789965275774563,20.89242172241211,600474000
2012-09-17 00:00:00-04:00,21.13631837341088,21.14991854326269,20.99306303576224,21.149314880371094,398031200
2012-09-18 00:00:00-04:00,21.152331608902504,21.226377140584944,21.04776075634424,21.21368408203125,373503200
2012-09-19 00:00:00-04:00,21.16382511113891,21.276555136691105,21.14297129924729,21.21943473815918,326874800
2012-09-20 00:00:00-04:00,21.130580242328996,21.15778220220226,20.96314607004555,21.11667823791504,336568400
2012-09-21 00:00:00-04:00,21.22880067710674,21.309192759490088,21.136621027159684,21.15868377685547,571589200
2012-09-24 00:00:00-04:00,20.758834548571723,21.008474969427642,20.64217427832181,20.877609252929688,639766400
2012-09-25 00:00:00-04:00,20.801144544692892,20.937753120364956,20.339944528307324,20.356266021728516,518789600
2012-09-26 00:00:00-04:00,20.211205355041486,20.33058538138496,19.983325764721442,20.103612899780273,576503200
2012-09-27 00:00:00-04:00,20.076702820292123,20.61708589406294,19.957624694073267,20.59139633178711,594090000
2012-09-28 00:00:00-04:00,20.51372777793534,20.58505361150048,20.151053911157344,20.161632537841797,535110800
2012-10-01 00:00:00-04:00,20.284335719164293,20.453282228820484,19.8412697811906,19.928613662719727,543594800
2012-10-02 00:00:00-04:00,20.00175187021996,20.138964112599336,19.664465745751677,19.98664093017578,627992400
2012-10-03 00:00:00-04:00,20.09393735605843,20.305497017522598,20.026540160440007,20.29310417175293,424281200
2012-10-04 00:00:00-04:00,20.28705784468173,20.377726724915586,20.114789554752594,20.15256690979004,370725600
2012-10-05 00:00:00-04:00,20.104214379567598,20.12839156812932,19.683512898169752,19.72310447692871,594006000
2012-10-08 00:00:00-04:00,19.550531213857084,19.571083194521275,19.22503096814408,19.287290573120117,637994000
2012-10-09 00:00:00-04:00,19.301794891006043,19.357404510195742,18.845430587772217,19.21717071533203,838597200
2012-10-10 00:00:00-04:00,19.334733218092882,19.493101084005264,19.251923273224666,19.370094299316406,510356000
2012-10-11 00:00:00-04:00,19.539045564562247,19.56020120655769,18.98294448852539,18.98294448852539,546081200
2012-10-12 00:00:00-04:00,19.027067024544486,19.202963723902243,18.89831897568123,19.031600952148438,460014800
2012-10-15 00:00:00-04:00,19.111390383128857,19.19540927957112,18.85449632044675,19.184226989746094,432502000
2012-10-16 00:00:00-04:00,19.202668695080366,19.653895531007688,19.070593997509825,19.63848114013672,549771600
2012-10-17 00:00:00-04:00,19.61067182336382,19.729144701245552,19.463486220350774,19.481922149658203,389037600
2012-10-18 00:00:00-04:00,19.330200338990718,19.404849535522725,19.040363119330692,19.12015151977539,476624400
2012-10-19 00:00:00-04:00,19.0720995142667,19.09385881567922,18.424424166799977,18.431074142456055,744086000
2012-10-22 00:00:00-04:00,18.509048022492905,19.20296328605168,18.458877830787554,19.16216278076172,546730800
2012-10-23 00:00:00-04:00,19.070587959815796,19.158235288409863,18.487289839133147,18.537458419799805,707145600
2012-10-24 00:00:00-04:00,18.781664221930914,18.93610188241785,18.455256848238562,18.642335891723633,558527200
2012-10-25 00:00:00-04:00,18.738131273377547,18.798578243107677,18.30141200502291,18.422000885009766,656325600
2012-10-26 00:00:00-04:00,18.418684893640492,18.556804269340716,17.861679918666,18.254575729370117,1018432800
2012-10-31 00:00:00-04:00,17.97894066095062,18.192918157904057,17.761941621609786,17.992238998413086,510003200
2012-11-01 00:00:00-04:00,18.07988380854023,18.224348068586334,17.957482294665436,18.029109954833984,361298000
2012-11-02 00:00:00-04:00,18.009471366536523,18.04150747295756,17.370561841275396,17.432518005371094,599373600
2012-11-05 00:00:00-05:00,17.635606821480966,17.764053018347408,17.456686994357664,17.668851852416992,529135600
2012-11-06 00:00:00-05:00,17.838409482457827,17.853822257797308,17.531950438015325,17.61536407470703,374917200
2012-11-07 00:00:00-05:00,17.422266356025684,17.443518622227355,16.87303788071032,16.94135093688965,793648800
2012-11-08 00:00:00-05:00,17.021199621135292,17.069778084603286,16.25185685256742,16.3265438079834,1056146000
2012-11-09 00:00:00-05:00,16.40760946768448,16.84662683376138,16.204191186121392,16.60920524597168,929913600
2012-11-12 00:00:00-05:00,16.824462273844627,16.835089218446402,16.353868932569398,16.480777740478516,515802000
2012-11-13 00:00:00-05:00,16.361766610511214,16.71304118523285,16.284345884275847,16.482906341552734,532949200
2012-11-14 00:00:00-05:00,16.561835832851266,16.621039599642742,16.278872862016748,16.300125122070312,477170400
2012-11-15 00:00:00-05:00,16.319869356956747,16.37967957897124,15.867189626627052,15.958271026611328,789910800
2012-11-16 00:00:00-05:00,15.945516082706272,16.091248232728613,15.354997502930496,16.020811080932617,1266893600
2012-11-19 00:00:00-05:00,16.416408323437928,17.22977471996235,16.391209467768352,17.176036834716797,823317600
2012-11-20 00:00:00-05:00,17.363665856680477,17.364880317886257,16.837512294740566,17.029695510864258,642754000
2012-11-21 00:00:00-05:00,17.131110680729144,17.225835458726653,16.89884850853683,17.05368995666504,373002000
2012-11-23 00:00:00-05:00,17.21975927192405,17.36640266447602,17.081010690056903,17.351221084594727,272826400
2012-11-26 00:00:00-05:00,17.48481166432682,17.91289885030776,17.418321106044292,17.898630142211914,630579600
2012-11-27 00:00:00-05:00,17.89924025808077,17.92565520939727,17.61233052935934,17.754419326782227,533330000
2012-11-28 00:00:00-05:00,17.526405976386314,17.78538466495962,17.374298296274986,17.69855308532715,520864400
2012-11-29 00:00:00-05:00,17.91957868452715,18.041931231485275,17.76868547931014,17.89346694946289,514698800
2012-11-30 00:00:00-05:00,17.815436987085295,17.864318653246958,17.690653915321295,17.76959228515625,391319600
2012-12-03 00:00:00-05:00,18.023711298858856,18.052250328342293,17.776269270942873,17.797218322753906,364280000
2012-12-04 00:00:00-05:00,17.6639441082713,17.6639441082713,17.37035562696141,17.48329734802246,557068400
2012-12-05 00:00:00-05:00,17.27259451122287,17.282916627696494,16.35751764491167,16.358125686645508,1044638000
2012-12-06 00:00:00-05:00,16.059067619923148,16.798960196449762,15.746046185720525,16.61467170715332,1177212400
2012-12-07 00:00:00-05:00,16.801695201739918,16.856344362860238,16.09125124284263,16.189924240112305,787040800
2012-12-10 00:00:00-05:00,15.939448491949067,16.34962369799967,15.835614425936756,16.08578872680664,630484400
2012-12-11 00:00:00-05:00,16.387878318583677,16.68511180240333,16.31501222254425,16.437063217163086,592345600
2012-12-12 00:00:00-05:00,16.630758119149846,16.637741678206147,16.28160935232579,16.36449432373047,487144000
2012-12-13 00:00:00-05:00,16.126163741014345,16.323206500242616,15.963732328926012,16.081836700439453,625259600
2012-12-14 00:00:00-05:00,15.628243486453757,15.730863050985834,15.349835078856614,15.477653503417969,1009579200
2012-12-17 00:00:00-05:00,15.451545197263634,15.787639754628893,15.217767006371243,15.752117156982422,757607200
2012-12-18 00:00:00-05:00,15.939445605398152,16.240017591299996,15.795231110460477,16.209657669067383,625685200
2012-12-19 00:00:00-05:00,16.135881773101634,16.203586805456162,15.954626989435019,15.979219436645508,449369200
2012-12-20 00:00:00-05:00,16.091243194537466,16.097315500674153,15.753631080555364,15.84015941619873,481689600
2012-12-21 00:00:00-05:00,15.559023522158258,15.777621765926723,15.49131849781566,15.76729965209961,596268400
2012-12-24 00:00:00-05:00,15.79826774546439,15.916673709719586,15.74847481487469,15.792801856994629,175753200
2012-12-26 00:00:00-05:00,15.757280566593876,15.771247688276352,15.518038073312264,15.575116157531738,302436400
2012-12-27 00:00:00-05:00,15.591509526737614,15.673788093572167,15.321905506127322,15.637659072875977,455120400
2012-12-28 00:00:00-05:00,15.492830571445987,15.620042538936111,15.426946459650507,15.471576690673828,354278400
2012-12-31 00:00:00-05:00,15.50012569976372,16.25520159436144,15.453674557826567,16.157135009765625,659492400
2013-01-02 00:00:00-05:00,16.814442915480573,16.85026872180012,16.444345067820528,16.66901397705078,560518000
2013-01-03 00:00:00-05:00,16.634098074612794,16.688444010486382,16.425215561592093,16.4586124420166,352965200
2013-01-04 00:00:00-05:00,16.302865560668778,16.353264914892616,15.964645244217381,16.000167846679688,594333600
2013-01-07 00:00:00-05:00,15.84835980160295,16.069993356313194,15.641906205332647,15.906045913696289,484156400
2013-01-08 00:00:00-05:00,16.067260098067738,16.148627393633713,15.825588755709482,15.9488525390625,458707200
2013-01-09 00:00:00-05:00,15.863538108532175,15.939744345708444,15.665888973591523,15.699590682983398,407604400
2013-01-10 00:00:00-05:00,16.047224297937095,16.05238535437395,15.651622755203695,15.894207000732422,601146000
2013-01-11 00:00:00-05:00,15.81800424798015,15.949162886830218,15.757889196238695,15.796751976013184,350506800
2013-01-14 00:00:00-05:00,15.26179477878315,15.408135027749708,15.135190754766686,15.233560562133789,734207600
2013-01-15 00:00:00-05:00,15.128809028162827,15.149758085158753,14.675824585282891,14.752942085266113,876772400
2013-01-16 00:00:00-05:00,15.017690001851749,15.467031113132233,14.952718731485382,15.365321159362793,690804800
2013-01-17 00:00:00-05:00,15.49343761374036,15.506796686880186,15.242050632246807,15.261783599853516,453678400
2013-01-18 00:00:00-05:00,15.13549055692719,15.247825842244952,15.071125702407569,15.180425643920898,472922800
2013-01-22 00:00:00-05:00,15.318871291666664,15.419668380668128,15.078109503562887,15.325246810913086,461546400
2013-01-23 00:00:00-05:00,15.447905698653733,15.635536015824703,15.325248284914881,15.605782508850098,861509600
2013-01-24 00:00:00-05:00,13.965989095937331,14.139957073388176,13.669970158800231,13.67756175994873,1460852400
2013-01-25 00:00:00-05:00,13.713691345444188,13.85152869033821,13.206968162210199,13.35512924194336,1208026400
2013-01-28 00:00:00-05:00,13.292890301195335,13.759839466440411,13.233079279616051,13.657219886779785,785517600
2013-01-29 00:00:00-05:00,13.920449060233594,13.972062873384639,13.726746466602556,13.91346549987793,571158000
2013-01-30 00:00:00-05:00,13.874904403021493,14.044925764846473,13.799002993797693,13.869743347167969,417155200
2013-01-31 00:00:00-05:00,13.874298841410512,13.944127947643446,13.813577385985882,13.829060554504395,319334400
2013-02-01 00:00:00-05:00,13.938966656369841,13.950200020040072,13.612284615546583,13.772285461425781,539484400
2013-02-04 00:00:00-05:00,13.781086567592373,13.842719258578864,13.419489251011598,13.429204940795898,477117200
2013-02-05 00:00:00-05:00,13.481729684548979,13.958091983352075,13.426169297567892,13.900405883789062,573347600
2013-02-06 00:00:00-05:00,13.858816128672194,14.163334702952037,13.740711753265689,13.885534286499023,593706400
2013-02-07 00:00:00-05:00,14.146630181773158,14.352758844483049,13.867819107619884,14.298402786254883,704580800
2013-02-08 00:00:00-05:00,14.474912041100733,14.621798496845637,14.299318591584422,14.504838943481445,633158400
2013-02-11 00:00:00-05:00,14.55125787153242,14.808997850468861,14.452011442375783,14.656002044677734,517490400
2013-02-12 00:00:00-05:00,14.643178629522152,14.730822889686273,14.28374909455657,14.28863525390625,609053200
2013-02-13 00:00:00-05:00,14.267559418374622,14.463917397857154,14.145713713633558,14.261451721191406,475207600
2013-02-14 00:00:00-05:00,14.185411365929093,14.402840468998615,14.170142940101291,14.248624801635742,355275200
2013-02-15 00:00:00-05:00,14.317639560997998,14.357645381517871,14.044937838652782,14.052267074584961,391745200
2013-02-19 00:00:00-05:00,14.080977221741218,14.13075374287127,13.859578444736268,14.047079086303711,435783600
2013-02-20 00:00:00-05:00,13.976840964301177,13.976840964301177,13.705359097558116,13.706887245178223,476302400
2013-02-21 00:00:00-05:00,13.619853672424666,13.71665945863516,13.52274372449698,13.621685981750488,447182400
2013-02-22 00:00:00-05:00,13.719105239015732,13.790867847676056,13.638179451028149,13.766743659973145,330654800
2013-02-25 00:00:00-05:00,13.85957442777949,13.898357080032104,13.515107660682874,13.52213191986084,372579200
2013-02-26 00:00:00-05:00,13.553279961821886,13.789032177417567,13.365167783650042,13.710550308227539,501499600
2013-02-27 00:00:00-05:00,13.694060534491065,13.816517839151501,13.456477609014064,13.57618522644043,587350400
2013-02-28 00:00:00-05:00,13.5603055636486,13.67695932812683,13.47938060760498,13.47938060760498,322515200
2013-03-01 00:00:00-05:00,13.375550921356023,13.381048664554761,13.130638775100865,13.145602226257324,552448400
2013-03-04 00:00:00-05:00,13.064067400905301,13.076282797511162,12.795335199152666,12.827400207519531,582755600
2013-03-05 00:00:00-05:00,12.871069756663564,13.289742305969114,12.848777064317982,13.166064262390137,638433600
2013-03-06 00:00:00-05:00,13.268973935063661,13.291572414937276,12.961152516576627,12.998714447021484,460250000
2013-03-07 00:00:00-05:00,12.9632930205768,13.19263261034878,12.858243054524635,13.14896297454834,468473600
2013-03-08 00:00:00-05:00,13.125143628711346,13.297070851769005,13.088803231365684,13.183775901794434,391482000
2013-03-11 00:00:00-04:00,13.123618015680266,13.406398777320227,12.982838404773394,13.37158489227295,474236000
2013-03-12 00:00:00-04:00,13.302261843294676,13.40242564235424,13.057043073405518,13.083305358886719,465911600
2013-03-13 00:00:00-04:00,13.083918617419497,13.268671201822864,12.9895567115643,13.080863952636719,405549200
2013-03-14 00:00:00-04:00,13.217672304194465,13.272945750500174,13.144992325500967,13.207595825195312,303875600
2013-03-15 00:00:00-04:00,13.373413297356183,13.565801686578205,13.35264712637357,13.548395156860352,643960800
2013-03-18 00:00:00-04:00,13.480908304871994,13.969817725413066,13.47327408978909,13.916683197021484,606197200
2013-03-19 00:00:00-04:00,14.0321104610246,14.077002437555139,13.696195311493428,13.879117965698242,526775200
2013-03-20 00:00:00-04:00,13.968597924108202,13.975010599591407,13.729486020930546,13.805524826049805,308660800
2013-03-21 00:00:00-04:00,13.748722997691274,13.985695121646744,13.745058379430494,13.825371742248535,383255600
2013-03-22 00:00:00-04:00,13.881870097240295,14.111513027098296,13.836979738423029,14.105711936950684,395105200
2013-03-25 00:00:00-04:00,14.190607128208876,14.351237152463401,14.101742969073307,14.156710624694824,501135600
2013-03-26 00:00:00-04:00,14.213503806375783,14.225719198250193,14.063564356074357,14.082192420959473,294294000
2013-03-27 00:00:00-04:00,13.939280972306044,13.949663243955607,13.764299085748574,13.805524826049805,331237200
2013-03-28 00:00:00-04:00,13.736509194113083,13.797584541304584,13.486099292091565,13.517858505249023,442839600
2013-04-01 00:00:00-04:00,13.494647935741577,13.549616395203499,13.062233573935176,13.097962379455566,389732000
2013-04-02 00:00:00-04:00,13.05795871942984,13.379826221189463,13.021312534659948,13.124835968017578,529519200
2013-04-03 00:00:00-04:00,13.173084647498065,13.353563431134184,13.140714667625845,13.192018508911133,363216000
2013-04-04 00:00:00-04:00,13.246071822555157,13.283937916205224,12.98619459403373,13.061622619628906,358447600
2013-04-05 00:00:00-04:00,12.963290969836864,12.977033696775004,12.816098723591738,12.923592567443848,383695200
2013-04-08 00:00:00-04:00,12.973980933277812,13.054905897446767,12.901912539401469,13.015512466430664,300829200
2013-04-09 00:00:00-04:00,13.020092259364928,13.085442178116141,12.90985035499989,13.03902530670166,306614000
2013-04-10 00:00:00-04:00,13.073228008393613,13.346847164562393,13.009403788887514,13.305009841918945,375928000
2013-04-11 00:00:00-04:00,13.244847489427373,13.375243957664066,13.167892143225599,13.263476371765137,328364400
2013-04-12 00:00:00-04:00,13.257982777814956,13.257982777814956,13.103462082849097,13.125144004821777,238613200
2013-04-15 00:00:00-04:00,13.03963391772689,13.066812760144987,12.81212751750848,12.8212890625,317520000
2013-04-16 00:00:00-04:00,12.873816103326186,13.027726011603884,12.84327842958416,13.016427993774414,305771200
2013-04-17 00:00:00-04:00,12.83411859331676,12.844196703815795,12.157401076190302,12.300622940063477,945056000
2013-04-18 00:00:00-04:00,12.367498661666353,12.39192863456291,11.901796951955603,11.972339630126953,666299200
2013-04-19 00:00:00-04:00,11.847748341337814,12.202903278620852,11.760104087022006,11.925925254821777,609274400
2013-04-22 00:00:00-04:00,11.990356917193024,12.282299149340716,11.948521227967419,12.17449951171875,429920400
2013-04-23 00:00:00-04:00,12.336962629727715,12.471023753359399,12.178776505532516,12.402314186096191,664238400
2013-04-24 00:00:00-04:00,12.01783954892584,12.680814100109801,11.986079527254157,12.38184928894043,969651200
2013-04-25 00:00:00-04:00,12.558057180712462,12.640814459109423,12.428882207850293,12.471024513244629,384837600
2013-04-26 00:00:00-04:00,12.514689033069718,12.78830731595947,12.467049815248204,12.740363121032715,764097600
2013-04-29 00:00:00-04:00,12.839615199010765,13.241798582917937,12.825873285113524,13.134916305541992,640326400
2013-04-30 00:00:00-04:00,13.28698888201886,13.596947531951352,13.194459323480416,13.52151870727539,691538400
2013-05-01 00:00:00-04:00,13.572827848306092,13.587180532223673,13.265312972019123,13.414947509765625,506909200
2013-05-02 00:00:00-04:00,13.490983689027194,13.698945484422438,13.455865652260675,13.605195999145508,421828400
2013-05-03 00:00:00-04:00,13.782010103894102,13.840644005407583,13.716048595585448,13.741395950317383,361300800
2013-05-06 00:00:00-04:00,13.916370520644056,14.114561572764948,13.873618282464475,14.069061279296875,496641600
2013-05-07 00:00:00-04:00,14.199155466836137,14.222974671453947,13.854994462133764,14.006462097167969,483753200
2013-05-08 00:00:00-04:00,14.018063740587207,14.211368665575003,13.919427296036499,14.164645195007324,472598000
2013-05-09 00:00:00-04:00,14.134522702077309,14.232582421095444,14.004492733638287,14.041072845458984,398487600
2013-05-10 00:00:00-04:00,14.077958032057662,14.131445884208057,13.847716148734973,13.9242582321167,334852000
2013-05-13 00:00:00-04:00,13.879376992113993,14.07580500718774,13.879069996386297,13.978666305541992,316948800
2013-05-14 00:00:00-04:00,13.951312184096784,13.992810791897943,13.591654299775938,13.644220352172852,447118000
2013-05-15 00:00:00-04:00,13.499746239857867,13.55630735655848,12.983315155079712,13.182816505432129,741613600
2013-05-16 00:00:00-04:00,13.010367671151783,13.459478063102093,12.876956606009747,13.35895824432373,603204000
2013-05-17 00:00:00-04:00,13.496355250304234,13.528324662622726,13.24920650137911,13.318370819091797,427904400
2013-05-20 00:00:00-04:00,13.276879653598025,13.703857509052808,13.221240351801317,13.615633964538574,451578400
2013-05-21 00:00:00-04:00,13.468696717734746,13.694020165186757,13.347274121029107,13.515113830566406,456022000
2013-05-22 00:00:00-04:00,13.650062331891764,13.782244558136224,13.470848180209323,13.56706428527832,443038400
2013-05-23 00:00:00-04:00,13.401069636939932,13.714924458661335,13.396151136663345,13.591349601745605,353021200
2013-05-24 00:00:00-04:00,13.551694633755536,13.69955334589221,13.536632137959678,13.683876037597656,276166800
2013-05-28 00:00:00-04:00,13.829889722478496,13.867083822744869,13.551693251526482,13.569828987121582,386145200
2013-05-29 00:00:00-04:00,13.52556624509035,13.756116019514263,13.507121869131074,13.677728652954102,330576400
2013-05-30 00:00:00-04:00,13.699247294536528,13.971296524778047,13.664203798439448,13.881535530090332,353519600
2013-05-31 00:00:00-04:00,13.909814822449396,14.051220069163596,13.817596222086278,13.824666976928711,384302800
2013-06-03 00:00:00-04:00,13.855403812825825,13.905509797282106,13.60179982823014,13.855096817016602,372352400
2013-06-04 00:00:00-04:00,13.93195008725838,13.969145841985325,13.75273671527567,13.81175708770752,292728800
2013-06-05 00:00:00-04:00,13.699247778097737,13.855099899146717,13.639612597623252,13.682648658752441,290589600
2013-06-06 00:00:00-04:00,13.693712004221323,13.740743925555865,13.342662302400589,13.478224754333496,416934000
2013-06-07 00:00:00-04:00,13.417974452340456,13.625161318707061,13.303313984860212,13.58120346069336,404535600
2013-06-10 00:00:00-04:00,13.670966709554978,13.804684751186365,13.427199679228252,13.491445541381836,450153200
2013-06-11 00:00:00-04:00,13.394611902905238,13.61040531453482,13.320220421577675,13.451786994934082,286112400
2013-06-12 00:00:00-04:00,13.510198578497624,13.563993451048965,13.26427845753896,13.285489082336426,265227200
2013-06-13 00:00:00-04:00,13.295020276730742,13.437652711952833,13.179744953212994,13.401379585266113,285832400
2013-06-14 00:00:00-04:00,13.384165225537435,13.411523978060742,13.172058965350745,13.219706535339355,271866000
2013-06-17 00:00:00-04:00,13.262432942495037,13.39338473548947,13.22923388482258,13.279646873474121,259414400
2013-06-18 00:00:00-04:00,13.266119304455067,13.368790520845748,13.224620695438059,13.272574424743652,195025600
2013-06-19 00:00:00-04:00,13.261204502659416,13.26919706672048,13.002989768981934,13.002989768981934,310940000
2013-06-20 00:00:00-04:00,12.889248487293825,13.094590102171228,12.762292587785858,12.813628196716309,357310800
2013-06-21 00:00:00-04:00,12.86434666246812,12.910764587135347,12.544959426330983,12.710954666137695,481118400
2013-06-24 00:00:00-04:00,12.523443424825855,12.562175789237708,12.236024754058885,12.37404727935791,480746000
2013-06-25 00:00:00-04:00,12.471187468126816,12.535433326070876,12.260003876513178,12.376815795898438,314162800
2013-06-26 00:00:00-04:00,12.415855224491034,12.44321397207981,12.162558204098227,12.236641883850098,367724000
2013-06-27 00:00:00-04:00,12.272915205091756,12.338697685376674,12.097389915951183,12.104766845703125,337246000
2013-06-28 00:00:00-04:00,12.030379916518468,12.304271996867325,11.953836966725257,12.189305305480957,578516400
2013-07-01 00:00:00-04:00,12.378657701871878,12.67314627983075,12.333469400109395,12.579388618469238,391053600
2013-07-02 00:00:00-04:00,12.602137870759298,12.960872327485749,12.58707537569389,12.864348411560059,469865200
2013-07-03 00:00:00-04:00,12.937204392516453,13.002373703119137,12.832381723852047,12.935359954833984,240928800
2013-07-05 00:00:00-04:00,12.922756518615724,13.011901870434194,12.767827048775159,12.83145809173584,274024800
2013-07-08 00:00:00-04:00,12.914148187694629,12.941506111221567,12.623347636586331,12.7586030960083,298138400
2013-07-09 00:00:00-04:00,12.714028424220277,13.018353140419277,12.615046101477557,12.983002662658691,352584400
2013-07-10 00:00:00-04:00,12.898468980649682,13.058316925394305,12.856970373846064,12.933204650878906,281405600
2013-07-11 00:00:00-04:00,13.001449961525132,13.164371992826343,12.946733289982228,13.13486099243164,326292400
2013-07-12 00:00:00-04:00,13.145928160013092,13.211711459418392,13.015591186269674,13.110884666442871,279563200
2013-07-15 00:00:00-04:00,13.06477515907102,13.263046862492633,13.058319217149354,13.139472007751465,241917200
2013-07-16 00:00:00-04:00,13.111191777821851,13.239992131788517,13.038953356599533,13.224315643310547,216538000
2013-07-17 00:00:00-04:00,13.20894491450445,13.286409650294868,13.163449608892787,13.22769546508789,198990400
2013-07-18 00:00:00-04:00,13.322067422442737,13.367869724881116,13.236918759584256,13.272269248962402,218878800
2013-07-19 00:00:00-04:00,13.313462958323514,13.340513893176595,13.044488589254843,13.062932968139648,268721600
2013-07-22 00:00:00-04:00,13.20156436631765,13.210478735541415,13.07891216759266,13.10473346710205,207796400
2013-07-23 00:00:00-04:00,13.095208111486224,13.12471829395378,12.871114265574496,12.879721641540527,369395600
2013-07-24 00:00:00-04:00,13.492672283476473,13.666660101282327,13.379857072714163,13.541241645812988,591936800
2013-07-25 00:00:00-04:00,13.547083546195902,13.568601162163773,13.396764767705454,13.47945499420166,229493600
2013-07-26 00:00:00-04:00,13.381089275269476,13.557536376846508,13.351579093053433,13.555999755859375,200152400
2013-07-29 00:00:00-04:00,13.550156510707026,13.83265668331934,13.531712957518009,13.765028953552246,248057600
2013-07-30 00:00:00-04:00,13.831738330319075,14.052758966171302,13.8092980787298,13.935025215148926,309422400
2013-07-31 00:00:00-04:00,13.98635624151384,14.058593832100405,13.815441662213434,13.910735130310059,322957600
2013-08-01 00:00:00-04:00,14.009721411850721,14.041997018954605,13.933177658991179,14.038308143615723,206250800
2013-08-02 00:00:00-04:00,14.079188745392647,14.2279700581719,14.037690140954302,14.218440055847168,274783600
2013-08-05 00:00:00-04:00,14.284536494119152,14.468361360461778,14.206457755108362,14.430858612060547,318855600
2013-08-06 00:00:00-04:00,14.386895833815702,14.50585916042586,14.2070669003653,14.301746368408203,334857600
2013-08-07 00:00:00-04:00,14.25717342863003,14.355541774864967,14.1947711988075,14.29344654083252,298858000
2013-08-08 00:00:00-04:00,14.353169412587665,14.360595876144522,14.170295639425115,14.264982223510742,255777200
2013-08-09 00:00:00-04:00,14.191647252922575,14.247963779043454,14.037243232320318,14.061996459960938,266865200
2013-08-12 00:00:00-04:00,14.136567438775856,14.501382913952106,14.12944999894661,14.461467742919922,364434000
2013-08-13 00:00:00-04:00,14.572248460949218,15.3062142516406,14.482821854975827,15.148715019226074,881941200
2013-08-14 00:00:00-04:00,15.405843646451896,15.602948957414895,15.267219658898409,15.425027847290039,756372400
2013-08-15 00:00:00-04:00,15.36066681963329,15.54570536896953,15.13354498506403,15.406770706176758,490294000
2013-08-16 00:00:00-04:00,15.476084741215326,15.562416135118108,15.436169567823653,15.543540954589844,362306000
2013-08-19 00:00:00-04:00,15.605733798180863,15.896596959974003,15.595213802907981,15.71094036102295,510518400
2013-08-20 00:00:00-04:00,15.771901524435044,15.79851219249454,15.496818308480258,15.50455379486084,358688400
2013-08-21 00:00:00-04:00,15.58252730562773,15.692683190518196,15.50857335851454,15.54446792602539,335879600
2013-08-22 00:00:00-04:00,15.625541210119776,15.644416392811943,15.415747735393934,15.56303596496582,244207600
2013-08-23 00:00:00-04:00,15.572628922613035,15.575104410594543,15.451333316576454,15.503007888793945,222731600
2013-08-26 00:00:00-04:00,15.494651947249862,15.787063580071404,15.486916460817477,15.563345909118652,330965600
2013-08-27 00:00:00-04:00,15.40955656500786,15.549110938120517,15.047525594855436,15.11838436126709,424188800
2013-08-28 00:00:00-04:00,15.038242773860214,15.341483381231628,15.038242773860214,15.189862251281738,307608000
2013-08-29 00:00:00-04:00,15.213073823308843,15.363146568349649,15.196983150962483,15.214620590209961,239657600
2013-08-30 00:00:00-04:00,15.223903640196042,15.253298822969318,15.053717958955543,15.075997352600098,272297200
2013-09-03 00:00:00-04:00,15.25793807698481,15.490009269206272,15.080016939783592,15.11807632446289,331928800
2013-09-04 00:00:00-04:00,15.45782667940495,15.540753850759328,15.35633335344999,15.43090534210205,345032800
2013-09-05 00:00:00-04:00,15.479181330355692,15.492487491044848,15.274647859355087,15.325084686279297,236367600
2013-09-06 00:00:00-04:00,15.423171178589193,15.452255674712783,15.160465467352868,15.416362762451172,359525600
2013-09-09 00:00:00-04:00,15.626154696030135,15.716508328294761,15.579122090720977,15.662358283996582,340687200
2013-09-10 00:00:00-04:00,15.663288399732096,15.701967478397679,15.146542783277864,15.305588722229004,743195600
2013-09-11 00:00:00-04:00,14.450638231767847,14.657336500935534,14.3825639712938,14.472299575805664,898696400
2013-09-12 00:00:00-04:00,14.496742550406097,14.71024756653155,14.41969341398206,14.62639331817627,404051200
2013-09-13 00:00:00-04:00,14.522736508846913,14.59978400861518,14.379163159769899,14.385350227355957,298835600
2013-09-16 00:00:00-04:00,14.26467354755824,14.283547077230141,13.838279843540052,13.928013801574707,543706800
2013-09-17 00:00:00-04:00,13.861178731706339,14.224758207407783,13.846945500983674,14.088918685913086,399380800
2013-09-18 00:00:00-04:00,14.332128327301113,14.430217471629799,14.254152109428016,14.37854290008545,456862000
2013-09-19 00:00:00-04:00,14.564816472641873,14.723553389071622,14.519948675209264,14.614324569702148,404541200
2013-09-20 00:00:00-04:00,14.790701369836851,14.8077191096789,14.419386449094077,14.463016510009766,699302800
2013-09-23 00:00:00-04:00,15.350768794084798,15.3758326969468,14.933039283089697,15.1818208694458,762106800
2013-09-24 00:00:00-04:00,15.313024292046038,15.33127978363569,15.094568176295672,15.134174346923828,364344400
2013-09-25 00:00:00-04:00,15.137269635989473,15.15088317276191,14.896843141085114,14.89993667602539,316957200
2013-09-26 00:00:00-04:00,15.038249575667491,15.117461906108055,14.97326882593695,15.045056343078613,237221600
2013-09-27 00:00:00-04:00,14.969548999507738,14.997088385024288,14.874864080699357,14.937678337097168,228040400
2013-09-30 00:00:00-04:00,14.767493715016336,14.903951255676608,14.679615554589668,14.752022743225098,260156400
2013-10-01 00:00:00-04:00,14.804622931284348,15.135402918144539,14.802456466636137,15.09889030456543,353883600
2013-10-02 00:00:00-04:00,15.026793796720856,15.217710395333311,14.968621494250886,15.148398399353027,289184000
2013-10-03 00:00:00-04:00,15.177795020579342,15.23473123728311,14.875484763095338,14.958101272583008,322753200
2013-10-04 00:00:00-04:00,14.972028232997678,14.994925672012938,14.809269019223727,14.946346282958984,258868400
2013-10-07 00:00:00-04:00,15.055572235543288,15.244013363110286,15.018130897784715,15.09239387512207,312292400
2013-10-08 00:00:00-04:00,15.160158892242208,15.181820237600014,14.869297327058533,14.881674766540527,290917200
2013-10-09 00:00:00-04:00,14.996164507531393,15.0936339681472,14.799368143796434,15.056503295898438,301725200
2013-10-10 00:00:00-04:00,15.202858418174841,15.235656146530657,15.070421498444313,15.150873184204102,278602800
2013-10-11 00:00:00-04:00,15.068875771516781,15.280834018219188,15.012250234288551,15.248963356018066,267738800
2013-10-14 00:00:00-04:00,15.156763493141117,15.396570299364456,15.141910558748839,15.348917961120605,261898000
2013-10-15 00:00:00-04:00,15.394397520392602,15.533332221551166,15.332822647068278,15.430601119995117,320073600
2013-10-16 00:00:00-04:00,15.495896384124316,15.549737442084073,15.447626002521403,15.50579833984375,251101200
2013-10-17 00:00:00-04:00,15.470823609154241,15.619349554801829,15.461541357249407,15.610685348510742,253593200
2013-10-18 00:00:00-04:00,15.6567937121331,15.757976390487086,15.64812950428045,15.746527671813965,290542000
2013-10-21 00:00:00-04:00,15.83565171632089,16.223366541017157,15.827916225612961,16.132394790649414,398106800
2013-10-22 00:00:00-04:00,16.288647830293463,16.351771120161875,15.719916870700468,16.086280822753906,534063600
2013-10-23 00:00:00-04:00,16.059363359970245,16.26575432469035,16.059363359970245,16.243783950805664,313723200
2013-10-24 00:00:00-04:00,16.245016083175273,16.4761602008716,16.166112805290002,16.458831787109375,384764800
2013-10-25 00:00:00-04:00,16.440573854577924,16.499674880681344,16.24841950343488,16.274721145629883,337792000
2013-10-28 00:00:00-04:00,16.370030167632965,16.430679635294716,16.189633489400016,16.39602279663086,550440800
2013-10-29 00:00:00-04:00,16.59373707896423,16.685946485802376,15.921348245807032,15.987565040588379,635807200
2013-10-30 00:00:00-04:00,16.07824202809914,16.322999787898492,15.998099317044668,16.24193000793457,354163600
2013-10-31 00:00:00-04:00,16.245016645494744,16.322064136551013,16.129599094065373,16.173847198486328,275696400
2013-11-01 00:00:00-04:00,16.214694372589737,16.238829554464235,15.961581506984032,16.091232299804688,274890000
2013-11-04 00:00:00-05:00,16.124343791554228,16.301337913312235,16.053484999276915,16.299171447753906,244627600
2013-11-05 00:00:00-05:00,16.232010533864273,16.365374458019343,16.183120508758293,16.258930206298828,265213200
2013-11-06 00:00:00-05:00,16.31340955310243,16.33550819629228,16.12822475156618,16.212881088256836,223375600
2013-11-07 00:00:00-05:00,16.171175411679098,16.283530265911267,15.947085695235305,15.950508117675781,262620400
2013-11-08 00:00:00-05:00,16.01555270993071,16.219412010238447,15.953616688796165,16.201671600341797,279316800
2013-11-11 00:00:00-05:00,16.18393814074946,16.236225249695565,16.010268877818607,16.154682159423828,227452400
2013-11-12 00:00:00-05:00,16.111730821561604,16.306253751758646,16.09087880916022,16.184560775756836,204276800
2013-11-13 00:00:00-05:00,16.12199615041133,16.254272165167173,16.08962692307588,16.2038516998291,197220800
2013-11-14 00:00:00-05:00,16.271705243887585,16.47307467985634,16.242449264073752,16.438217163085938,282419200
2013-11-15 00:00:00-05:00,16.38904207941155,16.467161082599503,16.32399443758089,16.339555740356445,317920400
2013-11-18 00:00:00-05:00,16.339552354577542,16.408024067214335,16.128223191479957,16.141605377197266,244944000
2013-11-19 00:00:00-05:00,16.154059596530544,16.28944726212325,16.121068701442834,16.170244216918945,208938800
2013-11-20 00:00:00-05:00,16.160274344448332,16.197312618103663,16.007769672372024,16.028621673583984,193916800
2013-11-21 00:00:00-05:00,16.109549167196075,16.22190567640576,15.987234556224818,16.2197265625,262026800
2013-11-22 00:00:00-05:00,16.169303777745643,16.25147015631793,16.138492009097284,16.17801856994629,223725600
2013-11-25 00:00:00-05:00,16.21599140557701,16.366940335586584,16.215369751428714,16.300647735595703,229311600
2013-11-26 00:00:00-05:00,16.312474682217466,16.68658084249943,16.30874143284619,16.601301193237305,401382800
2013-11-27 00:00:00-05:00,16.691868372635344,16.99345535846255,16.601298031473544,16.992210388183594,363448400
2013-11-29 00:00:00-05:00,17.101772773843756,17.377215491132358,17.049796491078386,17.30687713623047,318127600
2013-12-02 00:00:00-05:00,17.366936727117526,17.56394785576007,17.14347039773021,17.156230926513672,472544800
2013-12-03 00:00:00-05:00,17.37627993158353,17.627759018893958,17.356983717402052,17.625890731811523,450968000
2013-12-04 00:00:00-05:00,17.60036965179203,17.715216117612194,17.454711408727704,17.584808349609375,377809600
2013-12-05 00:00:00-05:00,17.82290527286527,17.90040262616679,17.628694817797,17.675067901611328,447580000
2013-12-06 00:00:00-05:00,17.609392823376606,17.63927211509994,17.415805730038297,17.4298095703125,344352400
2013-12-09 00:00:00-05:00,17.45719719479639,17.7273491153732,17.45719719479639,17.629310607910156,320493600
2013-12-10 00:00:00-05:00,17.540610270095705,17.674442104253277,17.46653535716868,17.6019229888916,278269600
2013-12-11 00:00:00-05:00,17.647051247594835,17.770612480229243,17.419539143554214,17.471513748168945,359718800
2013-12-12 00:00:00-05:00,17.49579415361535,17.59538847487097,17.430123202674263,17.445995330810547,262290000
2013-12-13 00:00:00-05:00,17.517893190261763,17.51882733384322,17.23217989068829,17.25583267211914,332822000
2013-12-16 00:00:00-05:00,17.27419264394029,17.51135369611228,17.27388181687322,17.351377487182617,282592800
2013-12-17 00:00:00-05:00,17.298786912501022,17.41176511957969,17.223156172464435,17.273265838623047,229902400
2013-12-18 00:00:00-05:00,17.10861265926188,17.1630788624716,16.769365737182508,17.14191436767578,565863200
2013-12-19 00:00:00-05:00,17.102385215767285,17.117946510846803,16.922802019688863,16.94552230834961,320308800
2013-12-20 00:00:00-05:00,16.975714946397158,17.168058699041932,16.956729565188457,17.087448120117188,436413600
2013-12-23 00:00:00-05:00,17.67817010249654,17.762826408334266,17.515084003586757,17.74321937561035,501306400
2013-12-24 00:00:00-05:00,17.73700491830374,17.79894097132714,17.616867724799036,17.667911529541016,167554800
2013-12-26 00:00:00-05:00,17.681284264320414,17.72485822067671,17.534381107243583,17.550565719604492,204008000
2013-12-27 00:00:00-05:00,17.54808109669242,17.566443165802895,17.41362760068933,17.431989669799805,225884400
2013-12-30 00:00:00-05:00,17.35013717232552,17.43199108440339,17.190160935795234,17.25863265991211,253629600
2013-12-31 00:00:00-05:00,17.24774166114462,17.46902897878615,17.242449288824343,17.4609375,223084400
2014-01-02 00:00:00-05:00,17.294731974273784,17.336748475666468,17.18081968400385,17.21536636352539,234684800
2014-01-03 00:00:00-05:00,17.206967176986268,17.233109896093442,16.820100477848595,16.83721923828125,392467600
2014-01-06 00:00:00-05:00,16.727351149833478,17.018355091218005,16.6075248241974,16.929031372070312,412610800
2014-01-07 00:00:00-05:00,16.941178623913803,16.99222077437311,16.741988244058668,16.80797004699707,317209200
2014-01-08 00:00:00-05:00,16.76967629282458,16.979760453544635,16.765943044215287,16.91440200805664,258529600
2014-01-09 00:00:00-05:00,17.018357255734166,17.020225542696924,16.66199315282743,16.698408126831055,279148800
2014-01-10 00:00:00-05:00,16.801425400756482,16.831615519810086,16.530028480708353,16.586984634399414,304976000
2014-01-13 00:00:00-05:00,16.492681438946438,16.88452635571707,16.491747295504773,16.67382049560547,378492800
2014-01-14 00:00:00-05:00,16.751318233505064,17.016179486905795,16.73388864567004,17.005598068237305,332561600
2014-01-15 00:00:00-05:00,17.227511051696894,17.435416177388504,17.16962074375328,17.34702491760254,391638800
2014-01-16 00:00:00-05:00,17.27046114737319,17.33115222193905,17.170241837815666,17.25023078918457,229278000
2014-01-17 00:00:00-05:00,17.1640142327397,17.182376299080975,16.803602790099596,16.82756805419922,426739600
2014-01-21 00:00:00-05:00,16.837529281002187,17.120130931105525,16.81978886721577,17.089008331298828,328526800
2014-01-22 00:00:00-05:00,17.14627295514151,17.34483990169301,17.049790249515215,17.164947509765625,379985200
2014-01-23 00:00:00-05:00,17.11607715849919,17.320247234745683,16.95641350936574,17.310287475585938,403239200
2014-01-24 00:00:00-05:00,17.242444301872084,17.29286477157414,16.954551963461842,16.995635986328125,429354800
2014-01-27 00:00:00-05:00,17.120130311412353,17.267344325368015,16.98567682886385,17.133512496948242,554878800
2014-01-28 00:00:00-05:00,15.834428929067835,16.028639481513594,15.62621120169666,15.764090538024902,1065523200
2014-01-29 00:00:00-05:00,15.6847113973875,15.791153867791618,15.518822840104768,15.585115432739258,502810000
2014-01-30 00:00:00-05:00,15.640828171798441,15.764078585135582,15.459067471207344,15.554926872253418,678501600
2014-01-31 00:00:00-05:00,15.411762579849773,15.609397120463111,15.361031267126922,15.580451965332031,464797200
2014-02-03 00:00:00-05:00,15.643007322303687,15.802360217169776,15.539988925328508,15.609393119812012,401464000
2014-02-04 00:00:00-05:00,15.743846249276865,15.856202753268716,15.647674360933404,15.835349082946777,376681200
2014-02-05 00:00:00-05:00,15.765939576166177,16.037336390704535,15.75629064300681,15.953614234924316,328344800
2014-02-06 00:00:00-05:00,15.969899187841756,16.077605844231968,15.89945084448908,16.046607971191406,257765200
2014-02-07 00:00:00-05:00,16.324331947780784,16.372862079211778,16.19909300680575,16.27110481262207,370280400
2014-02-10 00:00:00-05:00,16.239166232172636,16.656527301340653,16.218502094524734,16.562597274780273,345559200
2014-02-11 00:00:00-05:00,16.61331609306743,16.836867636901697,16.578560953766228,16.780824661254883,282256800
2014-02-12 00:00:00-05:00,16.811827562629325,16.893546065868957,16.695668266051587,16.779577255249023,308100800
2014-02-13 00:00:00-05:00,16.740123616966827,17.059172016937673,16.725721592538886,17.046022415161133,307398000
2014-02-14 00:00:00-05:00,16.98465524305053,17.094554086566657,16.945206434149174,17.032245635986328,272924400
2014-02-18 00:00:00-05:00,17.095174671824882,17.25767188167783,17.08296313525814,17.09486198425293,260251600
2014-02-19 00:00:00-05:00,17.05603632057262,17.123040081416924,16.730414864456844,16.824970245361328,313768000
2014-02-20 00:00:00-05:00,16.687839731894552,16.813393038921532,16.562913472388214,16.630229949951172,305858000
2014-02-21 00:00:00-05:00,16.681581057854387,16.737313052983858,16.42515368368444,16.445505142211914,278784800
2014-02-24 00:00:00-05:00,16.379747990416625,16.591715081689298,16.35689169592993,16.51750946044922,288909600
2014-02-25 00:00:00-05:00,16.574811380263984,16.580759134673716,16.31243464707871,16.345623016357422,231952000
2014-02-26 00:00:00-05:00,16.394144807641357,16.437665225204878,16.143352695302376,16.198144912719727,276217200
2014-02-27 00:00:00-05:00,16.19157195326942,16.556018495976307,16.157443862311478,16.521265029907227,301882000
2014-02-28 00:00:00-05:00,16.565416322112778,16.680324856583013,16.347499777616786,16.476497650146484,371968800
2014-03-03 00:00:00-05:00,16.388196870354335,16.614567606268817,16.369097848012498,16.52408218383789,238781200
2014-03-04 00:00:00-05:00,16.625528519231263,16.676876167765506,16.524396660074054,16.633041381835938,259140000
2014-03-05 00:00:00-05:00,16.62301864912385,16.74293346460513,16.566972343168228,16.66810417175293,200062800
2014-03-06 00:00:00-05:00,16.681576282886304,16.73323830594785,16.534733470185024,16.617704391479492,185488800
2014-03-07 00:00:00-05:00,16.628345525810523,16.65621150652432,16.470543645707174,16.607994079589844,220729600
2014-03-10 00:00:00-04:00,16.542876314762538,16.698486099018687,16.542249267244287,16.623029708862305,178584000
2014-03-11 00:00:00-04:00,16.76486356998216,16.867871596505573,16.675316164102448,16.784900665283203,279224400
2014-03-12 00:00:00-04:00,16.735428297461997,16.824346961519087,16.656840030128013,16.801177978515625,199326400
2014-03-13 00:00:00-04:00,16.827160883099204,16.89666781028543,16.567914491861895,16.614566802978516,257742800
2014-03-14 00:00:00-04:00,16.55634006547569,16.622091437968603,16.37505643166208,16.42797088623047,237199200
2014-03-17 00:00:00-04:00,16.52221322682569,16.593285305268395,16.46428908158445,16.492155075073242,199544800
2014-03-18 00:00:00-04:00,16.465846182350944,16.655896680235394,16.44392962675634,16.638050079345703,209647200
2014-03-19 00:00:00-04:00,16.664977550860925,16.78958939406625,16.56290596564854,16.6336669921875,224756000
2014-03-20 00:00:00-04:00,16.590768969939656,16.67781147138118,16.51124267335799,16.553510665893555,208398400
2014-03-21 00:00:00-04:00,16.654645217630833,16.711629603161512,16.479311090643815,16.6840763092041,374046400
2014-03-24 00:00:00-04:00,16.85784738572857,16.922971682634916,16.75264556941761,16.881956100463867,355700800
2014-03-25 00:00:00-04:00,16.95428275394523,17.087348884306586,16.894479160630738,17.063552856445312,282293200
2014-03-26 00:00:00-04:00,17.111463581932775,17.18911213313141,16.87163043813752,16.900434494018555,299768000
2014-03-27 00:00:00-04:00,16.907942673611707,16.954282305589796,16.754525099405036,16.827789306640625,222031600
2014-03-28 00:00:00-04:00,16.85471832950428,16.87413004516911,16.727287246801126,16.809005737304688,200564000
2014-03-31 00:00:00-04:00,16.88321330659376,16.932683172562424,16.779889258666238,16.805252075195312,168669200
2014-04-01 00:00:00-04:00,16.837188330005006,16.96587353747312,16.80619211525642,16.958984375,200760000
2014-04-02 00:00:00-04:00,16.98184116389986,17.016281960873663,16.915464415991327,16.987163543701172,180420800
2014-04-03 00:00:00-04:00,16.950842074379334,16.985595553184126,16.833430362426096,16.869436264038086,162344000
2014-04-04 00:00:00-04:00,16.90137385191386,16.907321606731074,16.612383531545717,16.651206970214844,275251200
2014-04-07 00:00:00-04:00,16.532230694564245,16.62240347636362,16.34030230864042,16.3897705078125,289850400
2014-04-08 00:00:00-04:00,16.443620514550954,16.472738923195813,16.240418701426496,16.38882827758789,243888400
2014-04-09 00:00:00-04:00,16.363782157596518,16.609564703830536,16.344370439774448,16.6042423248291,206169600
2014-04-10 00:00:00-04:00,16.615508870749014,16.66435335062433,16.380372805412435,16.390079498291016,239652000
2014-04-11 00:00:00-04:00,16.249804947255303,16.369723117233953,16.191569823909795,16.268905639648438,271717600
2014-04-14 00:00:00-04:00,16.340610556644172,16.34875046768196,16.193767765453497,16.333723068237305,205674000
2014-04-15 00:00:00-04:00,16.289576983006793,16.33247037162966,16.009666353477282,16.21725082397461,266490000
2014-04-16 00:00:00-04:00,16.22006964425798,16.315252107782694,16.09764823811222,16.2501277923584,214765600
2014-04-17 00:00:00-04:00,16.28112289340257,16.524087890935128,16.256074438360088,16.435792922973633,284334400
2014-04-21 00:00:00-04:00,16.448314089672703,16.66122090153503,16.405106348828088,16.63085174560547,182548800
2014-04-22 00:00:00-04:00,16.541306021078935,16.65151754162084,16.4846359865978,16.64744758605957,202563200
2014-04-23 00:00:00-04:00,16.564791440520843,16.629603066376735,16.420451802865873,16.429845809936523,394940000
2014-04-24 00:00:00-04:00,17.790565357021755,17.846610001559785,17.556367400343152,17.77678871154785,759911600
2014-04-25 00:00:00-04:00,17.675354378613743,17.908925422892732,17.657509440470456,17.90736198425293,390275200
2014-04-28 00:00:00-04:00,17.934289126483833,18.652850577094906,17.926460228011166,18.600875854492188,669485600
2014-04-29 00:00:00-04:00,18.58990667341407,18.660040656952226,18.457465928447338,18.545759201049805,337377600
2014-04-30 00:00:00-04:00,18.55547241728521,18.768066599922538,18.46655206614247,18.475631713867188,456640800
2014-05-01 00:00:00-04:00,18.535429601808264,18.623097510934137,18.358843033093493,18.519149780273438,244048000
2014-05-02 00:00:00-04:00,18.54607219063587,18.604308992920274,18.463726676529465,18.553585052490234,191514400
2014-05-05 00:00:00-04:00,18.477192664317243,18.817217839710942,18.47280834961748,18.815963745117188,287067200
2014-05-06 00:00:00-04:00,18.842262466786668,18.923980933316646,18.610883712768555,18.610883712768555,374564400
2014-05-07 00:00:00-04:00,18.63718436577174,18.701056237197022,18.401733966705766,18.545759201049805,282864400
2014-05-08 00:00:00-04:00,18.520892133000373,18.71483914542245,18.46264615132555,18.512706756591797,230297200
2014-05-09 00:00:00-04:00,18.404080504015184,18.457919352961596,18.27152888462374,18.435565948486328,291597600
2014-05-12 00:00:00-04:00,18.49695680990544,18.691216490329793,18.4941218594926,18.665084838867188,213208800
2014-05-13 00:00:00-04:00,18.638955662728875,18.718926167891407,18.598027107931543,18.694368362426758,159737200
2014-05-14 00:00:00-04:00,18.65249855550302,18.808977459409217,18.630774015271687,18.69783592224121,166404000
2014-05-15 00:00:00-04:00,18.723966582883165,18.783786407380777,18.514277718654487,18.538835525512695,230846000
2014-05-16 00:00:00-04:00,18.532847609373125,18.81306211079906,18.43115259142378,18.81243324279785,276256400
2014-05-19 00:00:00-04:00,18.82314309627431,19.12161839977211,18.80677066428406,19.035350799560547,317755200
2014-05-20 00:00:00-04:00,19.032828354472045,19.092333734550568,18.913815912849568,19.039125442504883,234836000
2014-05-21 00:00:00-04:00,19.01142391590089,19.101784213512804,18.955696772049052,19.089506149291992,196859600
2014-05-22 00:00:00-04:00,19.098632195702763,19.200957781761403,19.019921111831415,19.119726181030273,200760000
2014-05-23 00:00:00-04:00,19.11909385780256,19.354599880206845,19.09453605787957,19.335708618164062,232209600
2014-05-27 00:00:00-04:00,19.39080958550836,19.705026721541003,19.382938645588474,19.697786331176758,348866000
2014-05-28 00:00:00-04:00,19.710069386990778,19.830026846320713,19.639543662418994,19.646785736083984,315481600
2014-05-29 00:00:00-04:00,19.767682727613714,20.051675539416948,19.7651638921642,20.004762649536133,376474000
2014-05-30 00:00:00-04:00,20.0866257823449,20.28151607705037,19.80074464679829,19.929832458496094,564020800
2014-06-02 00:00:00-04:00,19.960063932774847,19.98745501829136,19.59924817498014,19.792879104614258,369350800
2014-06-03 00:00:00-04:00,19.786886192327362,20.110549785165055,19.78027467038565,20.07276725769043,292709200
2014-06-04 00:00:00-04:00,20.06962614450228,20.39864194973438,20.027750916500825,20.301982879638672,335482000
2014-06-05 00:00:00-04:00,20.345428665469782,20.445235423662037,20.23239886119326,20.381635665893555,303805600
2014-06-06 00:00:00-04:00,20.461923832813124,20.504744040975325,20.290962478667065,20.325593948364258,349938400
2014-06-09 00:00:00-04:00,20.430436252349136,20.69050013375473,20.221063515240797,20.650829315185547,301660000
2014-06-10 00:00:00-04:00,20.877832623161417,20.94835832601429,20.622175899403885,20.772043228149414,251108000
2014-06-11 00:00:00-04:00,20.74559776200148,20.884446463459934,20.600139219361168,20.686092376708984,182724000
2014-06-12 00:00:00-04:00,20.725766259030664,20.74339810967498,20.254125183823078,20.340078353881836,218996000
2014-06-13 00:00:00-04:00,20.320240546839724,20.373136094725638,20.02932175933,20.11747932434082,218100000
2014-06-16 00:00:00-04:00,20.16817562777166,20.441462635866532,20.154950896685726,20.32024574279785,142244000
2014-06-17 00:00:00-04:00,20.344487921519026,20.43044110191063,20.23208864344756,20.293798446655273,118904000
2014-06-18 00:00:00-04:00,20.33566861537357,20.340077418564828,20.132907386685176,20.315834045410156,134056000
2014-06-19 00:00:00-04:00,20.340075095212676,20.342279496556507,20.13070068565326,20.24530601501465,142112000
2014-06-20 00:00:00-04:00,20.243100859929786,20.39737700040795,20.033728139631805,20.035932540893555,403592000
2014-06-23 00:00:00-04:00,20.126298886062035,20.192417492135032,19.967615576659636,20.018306732177734,174776000
2014-06-24 00:00:00-04:00,20.000677866177984,20.218866608453013,19.87725824330989,19.897092819213867,156144000
2014-06-25 00:00:00-04:00,19.88166313835879,19.98965529626646,19.75824352932145,19.914722442626953,147476000
2014-06-26 00:00:00-04:00,19.91692718877335,20.06679458010794,19.79130317555657,20.033735275268555,130516000
2014-06-27 00:00:00-04:00,20.01610221805101,20.27616615556582,20.005081889945284,20.271759033203125,256116000
2014-06-30 00:00:00-04:00,20.298200145032766,20.657441902870637,20.295995743659827,20.48112678527832,197929200
2014-07-01 00:00:00-04:00,20.611162185668945,20.73237906451101,20.525209010295818,20.611162185668945,152892000
2014-07-02 00:00:00-04:00,20.688301504621784,20.730175051444018,20.516393469185697,20.60234832763672,113860000
2014-07-03 00:00:00-04:00,20.644222492745836,20.738991598601764,20.540637460593306,20.72356414794922,91567200
2014-07-07 00:00:00-04:00,20.747807070041436,21.15553398389094,20.73899114393811,21.151126861572266,225872000
2014-07-08 00:00:00-04:00,21.21723797659254,21.334047704383618,20.699314650440147,21.014476776123047,260888000
2014-07-09 00:00:00-04:00,21.034324316490327,21.146723620576697,20.88445689624208,21.023303985595703,145744000
2014-07-10 00:00:00-04:00,20.664054596483307,21.058558391315444,20.61115904932886,20.946157455444336,158744000
2014-07-11 00:00:00-04:00,21.01668711525454,21.133495194581883,20.906490560196143,20.98583221435547,136072000
2014-07-14 00:00:00-04:00,21.126879223599946,21.353883810206536,21.080596881992687,21.25691032409668,171240000
2014-07-15 00:00:00-04:00,21.334052240474154,21.34507088633011,20.9439555212173,21.007869720458984,181911600
2014-07-16 00:00:00-04:00,21.3715124407282,21.40016292937117,20.880035242773943,20.888851165771484,213585200
2014-07-17 00:00:00-04:00,20.943954882925574,20.999053154923786,20.401788088239073,20.51639175415039,229192000
2014-07-18 00:00:00-04:00,20.63320391766296,20.880043128961322,20.500966704220534,20.811721801757812,199952000
2014-07-21 00:00:00-04:00,20.935135603912553,20.937340005249776,20.65523716684511,20.703723907470703,156316000
2014-07-22 00:00:00-04:00,20.86682112767359,20.913103482115307,20.743401515829007,20.87563705444336,220788000
2014-07-23 00:00:00-04:00,21.029910944675716,21.572077813918863,20.974812665100607,21.420007705688477,371672000
2014-07-24 00:00:00-04:00,21.38694523113448,21.448655026075844,21.25030091271732,21.384740829467773,182916000
2014-07-25 00:00:00-04:00,21.345070805839786,21.56325949796906,21.298788457901203,21.525793075561523,173876000
2014-07-28 00:00:00-04:00,21.55885315388001,21.871810954928645,21.499347756230563,21.82332420349121,221272000
2014-07-29 00:00:00-04:00,21.891648331102527,21.915891708064493,21.653623365366503,21.682273864746094,172572000
2014-07-30 00:00:00-04:00,21.69549837140661,21.75279936957543,21.525794734421268,21.63158416748047,132040000
2014-07-31 00:00:00-04:00,21.413392519936984,21.477305033626298,21.010072778854475,21.069578170776367,227372000
2014-08-01 00:00:00-04:00,20.915303562472364,21.294379927913926,20.89546731097259,21.186386108398438,194044000
2014-08-04 00:00:00-04:00,21.239287055781215,21.285569412421744,20.974814284521678,21.067378997802734,159832000
2014-08-05 00:00:00-04:00,21.016684763252826,21.087210483338943,20.796291677800482,20.963790893554688,223732000
2014-08-06 00:00:00-04:00,20.88223977505659,21.043127428207864,20.873423852003672,20.92852210998535,154232000
2014-08-07 00:00:00-04:00,21.025984842881766,21.251903244735338,20.842148270004724,20.926315307617188,186844000
2014-08-08 00:00:00-04:00,20.87758613090492,21.00161962334788,20.660525829300145,20.98390007019043,167460000
2014-08-11 00:00:00-04:00,21.101286772865066,21.280694271148977,21.006046297671933,21.260759353637695,146340000
2014-08-12 00:00:00-04:00,21.271840401269447,21.45789067060437,21.176599899634702,21.256336212158203,135180000
2014-08-13 00:00:00-04:00,21.29620365980473,21.537626266479492,21.271839693464916,21.537626266479492,127664000
2014-08-14 00:00:00-04:00,21.557562054196993,21.6107190329677,21.44017295157298,21.59521484375,112464000
2014-08-15 00:00:00-04:00,21.683807088788484,21.748039201248712,21.453457968533392,21.701526641845703,195804000
2014-08-18 00:00:00-04:00,21.81448196427613,22.00939364120744,21.701523631322964,21.962881088256836,190288000
2014-08-19 00:00:00-04:00,22.0182579962807,22.299548738774703,21.99832307525294,22.266324996948242,277596000
2014-08-20 00:00:00-04:00,22.246385908542187,22.3903526021693,22.137854934495344,22.275178909301758,210796000
2014-08-21 00:00:00-04:00,22.275185603633464,22.357137277880046,22.173300697446503,22.277400970458984,133912000
2014-08-22 00:00:00-04:00,22.213163804987776,22.474521266644224,22.191015211253372,22.44129753112793,176736000
2014-08-25 00:00:00-04:00,22.5454026298572,22.62956798008308,22.43244258073661,22.49003028869629,161080000
2014-08-26 00:00:00-04:00,22.4634507986057,22.481170353211702,22.33941729602315,22.34606170654297,132608000
2014-08-27 00:00:00-04:00,22.374853246159855,22.718162412331377,22.30397672221969,22.62070655822754,209476000
2014-08-28 00:00:00-04:00,22.501097892951858,22.764670709096816,22.494453484112793,22.647281646728516,273840000
2014-08-29 00:00:00-04:00,22.782384428161016,22.791244200955248,22.63620071179949,22.702648162841797,178380000
2014-09-02 00:00:00-04:00,22.826693630146114,22.97730646735124,22.75138805645843,22.879852294921875,214256000
2014-09-03 00:00:00-04:00,22.835550740806077,22.857699336961186,21.83441966206097,21.914155960083008,501684000
2014-09-04 00:00:00-04:00,21.894228364830887,22.168874766655367,21.65945012535433,21.732542037963867,342872000
2014-09-05 00:00:00-04:00,21.883144570766504,22.013822452947537,21.774613591857914,21.92079734802246,233828000
2014-09-08 00:00:00-04:00,21.99389274102029,21.99610641780371,21.717031058428542,21.78569221496582,185426800
2014-09-09 00:00:00-04:00,21.945163416814754,22.831120744681353,21.29398424008736,21.703739166259766,759385200
2014-09-10 00:00:00-04:00,21.70817158963185,22.39478823422981,21.652799252328307,22.370424270629883,403478400
2014-09-11 00:00:00-04:00,22.239747413939114,22.467881184009595,22.064770617033183,22.465665817260742,249412400
2014-09-12 00:00:00-04:00,22.41693416799432,22.633994447961896,22.388141164355833,22.516605377197266,250504400
2014-09-15 00:00:00-04:00,22.771319583079976,22.824478243874797,22.46788025440033,22.50996208190918,245266000
2014-09-16 00:00:00-04:00,22.104636440802437,22.428010669052064,21.903080333631834,22.339414596557617,267632400
2014-09-17 00:00:00-04:00,22.430225169880526,22.54761594190088,22.279612348054936,22.49888801574707,243706000
2014-09-18 00:00:00-04:00,22.576405172661676,22.669430276218005,22.49445352057864,22.54539680480957,149197600
2014-09-19 00:00:00-04:00,22.656143945644455,22.669432764802938,22.25967783906466,22.361562728881836,283609600
2014-09-22 00:00:00-04:00,22.547612258660457,22.622917812357,22.277395032188267,22.383708953857422,211153600
2014-09-23 00:00:00-04:00,22.281828884458715,22.800114856415416,22.268540063838948,22.733667373657227,253608800
2014-09-24 00:00:00-04:00,22.627348598136273,22.7801750721244,22.41471737463837,22.536537170410156,240687200
2014-09-25 00:00:00-04:00,22.261895847745286,22.306193043417412,21.643940336089845,21.67716407775879,400368000
2014-09-26 00:00:00-04:00,21.823345404657914,22.315052032470703,21.794552397470813,22.315052032470703,249482000
2014-09-29 00:00:00-04:00,21.84991801103785,22.246384028665787,21.84548727909278,22.17329216003418,199065200
2014-09-30 00:00:00-04:00,22.328340852737114,22.490028821906854,22.266324105054352,22.315052032470703,221056400
2014-10-01 00:00:00-04:00,22.27961867417667,22.30176896677569,21.861003829472356,21.96731948852539,205965200
2014-10-02 00:00:00-04:00,21.98724970406219,22.197665626041168,21.714818716746148,22.126789093017578,191031200
2014-10-03 00:00:00-04:00,22.024897786313478,22.195443813495395,21.936301723305096,22.06476593017578,173878400
2014-10-06 00:00:00-04:00,22.137856119065546,22.29289965178755,22.020467053756917,22.06476593017578,148204800
2014-10-07 00:00:00-04:00,22.022679276469376,22.17550742109807,21.867637455707733,21.872066497802734,168376800
2014-10-08 00:00:00-04:00,21.874287643250984,22.394787253135743,21.774616426573335,22.326126098632812,229618800
2014-10-09 00:00:00-04:00,22.490020872457883,22.676071049743822,22.284035781988997,22.374845504760742,309506000
2014-10-10 00:00:00-04:00,22.301759578903958,22.598554448698888,22.215378881585767,22.310619354248047,265326400
2014-10-13 00:00:00-04:00,22.443514401114598,22.543183924511727,22.106849670410156,22.106849670410156,214333600
2014-10-14 00:00:00-04:00,22.235308783440672,22.26410178163095,21.832198359631295,21.872066497802734,254754400
2014-10-15 00:00:00-04:00,21.699311148290455,21.96066863995165,21.081355680129764,21.60407066345215,403734400
2014-10-16 00:00:00-04:00,21.163301362085733,21.643932693721457,21.132292998098208,21.320558547973633,288618000
2014-10-17 00:00:00-04:00,21.595215023244382,21.927449100525067,21.442386806949703,21.63286781311035,272718800
2014-10-20 00:00:00-04:00,21.77683231432194,22.14007470462724,21.754683717806657,22.09577751159668,310069200
2014-10-21 00:00:00-04:00,22.817830617671554,22.817830617671554,22.430224280241017,22.696012496948242,378495600
2014-10-22 00:00:00-04:00,22.777964003586156,23.05925642514041,22.72480703259679,22.811187744140625,273052400
2014-10-23 00:00:00-04:00,23.052606325177234,23.267451212594775,22.952935128114554,23.21872329711914,284298800
2014-10-24 00:00:00-04:00,23.29624734089314,23.36490849110344,23.152278941245893,23.30510711669922,188215600
2014-10-27 00:00:00-04:00,23.223156851332064,23.362696216363823,23.189933112523093,23.280744552612305,136750800
2014-10-28 00:00:00-04:00,23.34497829999408,23.641773223876953,23.333903156338287,23.641773223876953,192243600
2014-10-29 00:00:00-04:00,23.621837436207255,23.781310024542783,23.557605327581584,23.7746639251709,210751600
2014-10-30 00:00:00-04:00,23.690496483055245,23.776877179090622,23.455718354326205,23.694927215576172,162619200
2014-10-31 00:00:00-04:00,23.92306039794898,23.929704806751772,23.745868277337717,23.92084503173828,178557200
2014-11-03 00:00:00-05:00,23.9695747673993,24.430272964067356,23.923062212422636,24.230932235717773,209130400
2014-11-04 00:00:00-05:00,24.222069981521482,24.25086298218097,23.85882766473279,24.05373764038086,166297600
2014-11-05 00:00:00-05:00,24.164485090002774,24.208783969029625,23.94964017375353,24.111328125,149743600
2014-11-06 00:00:00-05:00,24.158043678175588,24.200309675808597,23.980084887868625,24.180288314819336,139874000
2014-11-07 00:00:00-05:00,24.191412995369102,24.318209299044753,24.146923719297927,24.249250411987305,134766000
2014-11-10 00:00:00-05:00,24.25147183468103,24.32043241362617,24.173614758927133,24.20920753479004,108782000
2014-11-11 00:00:00-05:00,24.180288805897806,24.41386173829326,24.113554894611262,24.402738571166992,109769200
2014-11-12 00:00:00-05:00,24.331552169689246,24.78757481966521,24.329328894222108,24.747533798217773,187769600
2014-11-13 00:00:00-05:00,24.869880888171316,25.236921590780053,24.82538992317008,25.096778869628906,238091600
2014-11-14 00:00:00-05:00,25.170197558577993,25.40154557582869,24.738644363210597,25.399320602416992,176254400
2014-11-17 00:00:00-05:00,25.41933369682549,26.08890795933285,25.203558852110366,25.35704803466797,186986800
2014-11-18 00:00:00-05:00,25.345925719986194,25.735212792652227,25.334802553332956,25.6862735748291,176896000
2014-11-19 00:00:00-05:00,25.679597561751343,25.74633146294445,25.314780137660716,25.508310317993164,167476800
2014-11-20 00:00:00-05:00,25.561698726223717,25.995475011311928,25.54835058865097,25.873126983642578,173582000
2014-11-21 00:00:00-05:00,26.140069860966594,26.153416302500226,25.81084349349654,25.908721923828125,228717200
2014-11-24 00:00:00-05:00,25.99325703105713,26.42036021082831,25.942094530928454,26.389217376708984,189803200
2014-11-25 00:00:00-05:00,26.487088956055302,26.638354838473195,26.126719786930014,26.16008758544922,275361600
2014-11-26 00:00:00-05:00,26.23572517560987,26.493766014079615,26.211255566295023,26.471521377563477,163073200
2014-11-28 00:00:00-05:00,26.53158762480389,26.56050718577541,26.260200286994444,26.455955505371094,99257600
2014-12-01 00:00:00-05:00,26.429259420887696,26.527137873111506,24.751987774350333,25.59729766845703,335256000
2014-12-02 00:00:00-05:00,25.248041169712735,25.748552999068274,25.081203893260888,25.499408721923828,237395600
2014-12-03 00:00:00-05:00,25.748559896669846,25.88202941415423,25.60619218506557,25.78860092163086,172253600
2014-12-04 00:00:00-05:00,25.75300717116741,26.07111038600558,25.64623224008095,25.69072151184082,168178000
2014-12-05 00:00:00-05:00,25.801950893044957,25.82197225684219,25.50164401334427,25.58172607421875,153275600
2014-12-08 00:00:00-05:00,25.381515092138837,25.50386312847189,24.829840685225946,25.00335121154785,230659600
2014-12-09 00:00:00-05:00,24.511746995492224,25.42601592080445,24.324888258173907,25.385974884033203,240832000
2014-12-10 00:00:00-05:00,25.45047958828943,25.548356335283767,24.812048122663917,24.90325164794922,178261200
2014-12-11 00:00:00-05:00,24.972215072322875,25.31478796865557,24.767559966080793,24.82984733581543,165606800
2014-12-12 00:00:00-05:00,24.57180359499104,24.885458613465865,24.376048390805476,24.40941619873047,224112400
2014-12-15 00:00:00-05:00,24.625184501192198,24.825389598184973,23.65752851241001,24.075735092163086,268872400
2014-12-16 00:00:00-05:00,23.661981163024482,24.505065942148786,23.637511554085382,23.746511459350586,243162800
2014-12-17 00:00:00-05:00,23.828819956459448,24.43388190481796,23.762084346644002,24.33823013305664,213647200
2014-12-18 00:00:00-05:00,24.88545324842053,25.058963775634766,24.616289264260388,25.058963775634766,236024800
2014-12-19 00:00:00-05:00,24.9722055347388,25.1902053054993,24.838736044883465,24.865428924560547,353719200
2014-12-22 00:00:00-05:00,24.949965490012513,25.245822376156212,24.907699493210433,25.123476028442383,180670000
2014-12-23 00:00:00-05:00,25.187987185558033,25.21023182222732,25.01669991917482,25.034496307373047,104113600
2014-12-24 00:00:00-05:00,25.04339174089504,25.07230959566175,24.916595458984375,24.916595458984375,57918400
2014-12-26 00:00:00-05:00,24.936618117947695,25.474946137631417,24.916598453892924,25.35704803466797,134884000
2014-12-29 00:00:00-05:00,25.312561700957133,25.530561543829283,25.292540337419858,25.339256286621094,110395600
2014-12-30 00:00:00-05:00,25.279192733658935,25.341478400194056,24.938844843551223,25.030048370361328,119526000
2014-12-31 00:00:00-05:00,25.096780694219614,25.16573957353902,24.51618671170804,24.55400276184082,165613600
2015-01-02 00:00:00-05:00,24.778684455237297,24.78980762471476,23.87998700992584,24.320438385009766,212818400
2015-01-05 00:00:00-05:00,24.08908597636393,24.16916802993291,23.44843124496915,23.63528823852539,257142000
2015-01-06 00:00:00-05:00,23.699797868903328,23.89777802149258,23.274918008457785,23.63751220703125,263188400
2015-01-07 00:00:00-05:00,23.846615566061747,24.069065344465894,23.735390676859673,23.968963623046875,160423600
2015-01-08 00:00:00-05:00,24.29819411699016,24.947747171551935,24.180294289050483,24.889909744262695,237458000
2015-01-09 00:00:00-05:00,25.0634114025435,25.192432657022927,24.516185254447116,24.916595458984375,214798000
2015-01-12 00:00:00-05:00,25.047837584434788,25.054510804343685,24.202529685227073,24.302631378173828,198603200
2015-01-13 00:00:00-05:00,24.787575629313356,25.092332396793072,24.227003007895863,24.51841163635254,268367600
2015-01-14 00:00:00-05:00,24.255919793733824,24.578471237079537,24.13579673076979,24.42498207092285,195826400
2015-01-15 00:00:00-05:00,24.469475315208914,24.48282175865421,23.726493879364345,23.7620849609375,240056000
2015-01-16 00:00:00-05:00,23.808805458973115,23.931153546523277,23.401721855478076,23.577457427978516,314053200
2015-01-20 00:00:00-05:00,23.988975608627253,24.24034486393104,23.690893815629142,24.18473243713379,199599600
2015-01-21 00:00:00-05:00,24.235894512341634,24.705263522399985,24.08462864610733,24.369365692138672,194303600
2015-01-22 00:00:00-05:00,24.52730890189042,25.018922625521437,24.407185838169834,25.00335121154785,215185600
2015-01-23 00:00:00-05:00,24.981106014205256,25.30365745231713,24.80981876719715,25.13237190246582,185859200
2015-01-26 00:00:00-05:00,25.301431026222534,25.43935046549932,25.092329440607884,25.1590633392334,222460000
2015-01-27 00:00:00-05:00,25.007800732869285,25.021148872066853,24.25369620874828,24.278165817260742,382274800
2015-01-28 00:00:00-05:00,26.166763902406935,26.27576550361316,25.650680541992188,25.650680541992188,585908400
2015-01-29 00:00:00-05:00,25.87536079829958,26.513792338488326,25.706298474244946,26.449281692504883,337745600
2015-01-30 00:00:00-05:00,26.338049188914013,26.693968428529715,25.99325141784945,26.062211990356445,334982000
2015-02-02 00:00:00-05:00,26.260197791281996,26.509340464236598,25.82197144340084,26.389217376708984,250956400
2015-02-03 00:00:00-05:00,26.360293699213326,26.491538228734484,26.162313570071944,26.393661499023438,207662800
2015-02-04 00:00:00-05:00,26.360292245507747,26.807416665129097,26.31802625493535,26.596088409423828,280598800
2015-02-05 00:00:00-05:00,26.80378792396723,26.850688237069605,26.63182635672692,26.78592300415039,168984800
2015-02-06 00:00:00-05:00,26.80379014780035,26.85515626915488,26.453165722461225,26.56036376953125,174826400
2015-02-09 00:00:00-05:00,26.475502396913203,26.763593661863236,26.448702456609688,26.73679542541504,155559200
2015-02-10 00:00:00-05:00,26.83729039844191,27.279480012235624,26.835058348126257,27.250446319580078,248034000
2015-02-11 00:00:00-05:00,27.417936738478385,27.898091559982237,27.3576390185011,27.889158248901367,294247200
2015-02-12 00:00:00-05:00,28.15268823597874,28.469814852734082,28.04325814425922,28.242019653320312,297898000
2015-02-13 00:00:00-05:00,28.42514466366385,28.42514466366385,28.061121186494265,28.38047981262207,217088800
2015-02-17 00:00:00-05:00,28.47204705336743,28.782474113637615,28.344750336735732,28.5479793548584,252609600
2015-02-18 00:00:00-05:00,28.503308492281512,28.76013564078984,28.46310944552495,28.746736526489258,179566800
2015-02-19 00:00:00-05:00,28.69313525628506,28.81596614420728,28.659637472174214,28.68643569946289,149449600
2015-02-20 00:00:00-05:00,28.72440522746093,28.920934677124023,28.59711022135459,28.920934677124023,195793600
2015-02-23 00:00:00-05:00,29.037064009555703,29.702579498291016,28.956665913703066,29.702579498291016,283896400
2015-02-24 00:00:00-05:00,29.689186650972914,29.836583759103156,29.293895645609243,29.517223358154297,276912400
2015-02-25 00:00:00-05:00,29.380997498574935,29.38993251666619,28.619449072565388,28.762378692626953,298846800
2015-02-26 00:00:00-05:00,28.762369079791174,29.226891041668456,28.27551639557092,29.126394271850586,365150000
2015-02-27 00:00:00-05:00,29.032598050424323,29.15989646219233,28.639542565132608,28.688674926757812,248059200
2015-03-02 00:00:00-05:00,28.865103746677615,29.09513099327998,28.652943124085446,28.829370498657227,192386800
2015-03-03 00:00:00-05:00,28.80033780612134,28.92540075601625,28.60604041608979,28.889667510986328,151265200
2015-03-04 00:00:00-05:00,28.831603604573328,28.934332424614354,28.657408294321318,28.7065372467041,126665200
2015-03-05 00:00:00-05:00,28.71547083130668,28.753436124448754,28.085686900463237,28.230850219726562,226068400
2015-03-06 00:00:00-05:00,28.6752698585805,28.89189795896218,28.197350511715953,28.27328109741211,291368400
2015-03-09 00:00:00-04:00,28.577013311219282,28.936572761262916,27.9293626172482,28.393884658813477,354114000
2015-03-10 00:00:00-04:00,28.230850996391403,28.411745860101902,27.647965653485496,27.806528091430664,275426400
2015-03-11 00:00:00-04:00,27.860128773496793,27.864594577511763,27.27054381992919,27.299575805664062,275756000
2015-03-12 00:00:00-04:00,27.315209745130893,27.893629359383798,27.163346844849737,27.79313087463379,193450800
2015-03-13 00:00:00-04:00,27.781961245231113,28.005288905234814,27.375504972178575,27.601064682006836,207309200
2015-03-16 00:00:00-04:00,27.665830346457884,27.9047908782959,27.440270633053817,27.9047908782959,143497200
2015-03-17 00:00:00-04:00,28.116954288811467,28.434079174613988,28.061122370725606,28.37154769897461,204092400
2015-03-18 00:00:00-04:00,28.36262399918759,28.845012752772444,28.221928131319757,28.690916061401367,261083600
2015-03-19 00:00:00-04:00,28.753444783827838,28.865108647066005,28.451952693855855,28.474285125732422,183238000
2015-03-20 00:00:00-04:00,28.64177838821013,28.675276181135587,27.951696592262806,28.116958618164062,274780400
2015-03-23 00:00:00-04:00,28.389414800511204,28.55244304991285,28.25541683176115,28.409513473510742,150838800
2015-03-24 00:00:00-04:00,28.413977873677577,28.594871022454768,28.264347052118488,28.293380737304688,131369200
2015-03-25 00:00:00-04:00,28.25988303562225,28.3224145094313,27.554166793823242,27.554166793823242,206620800
2015-03-26 00:00:00-04:00,27.41570517516898,27.889158743873807,27.379971930211312,27.74622917175293,190291600
2015-03-27 00:00:00-04:00,27.819927493452933,27.848959476862227,27.449204451125873,27.525135040283203,158184800
2015-03-30 00:00:00-04:00,27.7037961105343,28.228615755721684,27.692629046312423,28.22191619873047,188398800
2015-03-31 00:00:00-04:00,28.159381136200608,28.248712532420985,27.773025275540377,27.788658142089844,168362400
2015-04-01 00:00:00-04:00,27.8757612953761,27.942760281749532,27.491637408392435,27.748464584350586,162485600
2015-04-02 00:00:00-04:00,27.92265961866007,28.041023016701327,27.73506518490147,27.987424850463867,128880400
2015-04-06 00:00:00-04:00,27.79759192090687,28.4765081582352,27.766326187280637,28.44077491760254,148776000
2015-04-07 00:00:00-04:00,28.505541095085928,28.61273741287234,28.134818082280347,28.141517639160156,140049200
2015-04-08 00:00:00-04:00,28.105791108542423,28.22862202685145,27.909263343103138,28.049959182739258,149316800
2015-04-09 00:00:00-04:00,28.105792234639157,28.268822214212687,27.84003341578961,28.264354705810547,129936000
2015-04-10 00:00:00-04:00,28.128115878890522,28.40950918539536,27.97402096425488,28.38494300842285,160752000
2015-04-13 00:00:00-04:00,28.668572226421336,28.713240487086196,28.275516749623428,28.32911491394043,145460400
2015-04-14 00:00:00-04:00,28.362618000393127,28.42738323808499,28.119191624381955,28.206289291381836,102098400
2015-04-15 00:00:00-04:00,28.2308521354946,28.391646629805887,28.141520724973926,28.3134822845459,115881600
2015-04-16 00:00:00-04:00,28.20182372292682,28.3849523820164,28.163858420106422,28.177257537841797,113476000
2015-04-17 00:00:00-04:00,28.038783552000748,28.170546030793908,27.795355558638363,27.86012077331543,207828000
2015-04-20 00:00:00-04:00,28.04325386237419,28.612738366244688,27.9539224586725,28.49660873413086,188217200
2015-04-21 00:00:00-04:00,28.608282198618024,28.630612925916385,28.2889217880854,28.34252166748047,129740400
2015-04-22 00:00:00-04:00,28.3603780150801,28.78023338692949,28.210748897351596,28.724401473999023,150618000
2015-04-23 00:00:00-04:00,28.65294261424118,29.1263962151015,28.617209366856617,28.958900451660156,183083600
2015-04-24 00:00:00-04:00,29.142025503013585,29.173291236876665,28.860630490536455,29.095125198364258,178103600
2015-04-27 00:00:00-04:00,29.5484876579619,29.731618009002727,29.28942670621598,29.624418258666992,387816800
2015-04-28 00:00:00-04:00,30.02864340140011,30.04650661823436,28.936571107983564,29.157663345336914,475696000
2015-04-29 00:00:00-04:00,29.068335182947152,29.387692168497615,28.652945511304686,28.7288761138916,253544400
2015-04-30 00:00:00-04:00,28.72886826934814,28.72886826934814,27.822158571057354,27.94945526123047,332781600
2015-05-01 00:00:00-04:00,28.16161419682622,29.061625989574942,27.982953112635606,28.798097610473633,234050400
2015-05-04 00:00:00-04:00,28.92093232774315,29.159894562599675,28.644004799142163,28.74226951599121,203953200
2015-05-05 00:00:00-04:00,28.61943769691656,28.686436675126448,28.09015224370668,28.094619750976562,197085600
2015-05-06 00:00:00-04:00,28.264356492603415,28.30678930583008,27.549708450053586,27.91819953918457,288564000
2015-05-07 00:00:00-04:00,27.98098482959033,28.27476727952215,27.812789436572668,28.09087371826172,175763600
2015-05-08 00:00:00-04:00,28.40931940534275,28.62012481689453,28.281490992395174,28.62012481689453,222201600
2015-05-11 00:00:00-04:00,28.56854524735969,28.60666912211243,28.173846284291514,28.32858657836914,168143200
2015-05-12 00:00:00-04:00,28.167121277698104,28.454174472680343,27.992198343941556,28.227672576904297,192640000
2015-05-13 00:00:00-04:00,28.290467689070557,28.523698857849375,28.227675011124752,28.259071350097656,138776800
2015-05-14 00:00:00-04:00,28.573030615872153,28.91839027404785,28.516965491873634,28.91839027404785,180814000
2015-05-15 00:00:00-04:00,28.945311535352136,29.039500558010683,28.752447320781446,28.878032684326172,152832000
2015-05-18 00:00:00-04:00,28.79056501210627,29.31533377773786,28.786078843817585,29.196475982666016,203531600
2015-05-19 00:00:00-04:00,29.308611366645366,29.351221417987176,29.0731371084552,29.169570922851562,178532800
2015-05-20 00:00:00-04:00,29.153868981835398,29.373643343707954,29.005856210353336,29.16732406616211,145819600
2015-05-21 00:00:00-04:00,29.169567416955264,29.519413279900895,29.115743660369798,29.46558952331543,158921600
2015-05-22 00:00:00-04:00,29.512693414647334,29.819929311287904,29.46783856152022,29.723495483398438,182384000
2015-05-26 00:00:00-04:00,29.7369540000186,29.8064742316604,28.95652472508167,29.068655014038086,282790400
2015-05-27 00:00:00-04:00,29.230118311758137,29.660698143072093,29.165084260036185,29.611360549926758,183332800
2015-05-28 00:00:00-04:00,29.570992247071736,29.591174872566278,29.400555484100128,29.553050994873047,122933200
2015-05-29 00:00:00-04:00,29.429706350216073,29.4790439371457,29.13143945539383,29.216659545898438,203538000
2015-06-01 00:00:00-04:00,29.216660689469904,29.46559000710588,29.16508172727694,29.274967193603516,128451200
2015-06-02 00:00:00-04:00,29.122473852863536,29.301882969200555,29.001374666954007,29.144901275634766,134670400
2015-06-03 00:00:00-04:00,29.30188684935407,29.364679535095387,29.131446626389298,29.180784225463867,123934000
2015-06-04 00:00:00-04:00,29.05967732293898,29.283937833143533,28.90942319173519,29.010339736938477,153800400
2015-06-05 00:00:00-04:00,29.041727482402873,29.08433751425084,28.78607071325789,28.851104736328125,142507200
2015-06-08 00:00:00-04:00,28.907186053502876,28.97670970451447,28.442968453828634,28.66050148010254,210699200
2015-06-09 00:00:00-04:00,28.4138094674482,28.723290104771344,28.171609386855806,28.57527732849121,224301600
2015-06-10 00:00:00-04:00,28.687401220617463,29.005850703014076,28.671703054892888,28.902692794799805,156349200
2015-06-11 00:00:00-04:00,28.969974639239496,29.194235177107373,28.812992947120826,28.837661743164062,141563600
2015-06-12 00:00:00-04:00,28.74795751117397,28.779353848084433,28.505755731317215,28.519210815429688,147544800
2015-06-15 00:00:00-04:00,28.279250747543088,28.534907599105466,28.191789283112378,28.463144302368164,175955600
2015-06-16 00:00:00-04:00,28.487814117243897,28.671707678661107,28.33980306096761,28.615642547607422,125976400
2015-06-17 00:00:00-04:00,28.64255555989498,28.67843635548375,28.422779484639946,28.54836654663086,131672400
2015-06-18 00:00:00-04:00,28.532673994915516,28.774874117994337,28.53043091007085,28.678442001342773,141628800
2015-06-19 00:00:00-04:00,28.640311537864434,28.664980332574395,28.346530796646586,28.391382217407227,218867600
2015-06-22 00:00:00-04:00,28.590971805228726,28.718800226883594,28.499025886270193,28.617883682250977,136157200
2015-06-23 00:00:00-04:00,28.588728383260023,28.617881631382634,28.45417071876359,28.487810134887695,121075600
2015-06-24 00:00:00-04:00,28.52818378261447,29.10901948506068,28.508001154789742,28.730018615722656,221123600
2015-06-25 00:00:00-04:00,28.898216165727067,28.974463935565506,28.59322166442871,28.59322166442871,127752400
2015-06-26 00:00:00-04:00,28.631341401831552,28.703104702860742,28.37120007721526,28.42502212524414,176267200
2015-06-29 00:00:00-04:00,28.135716835245354,28.362220376735422,27.91594254470655,27.927154541015625,196645600
2015-06-30 00:00:00-04:00,28.160397958404925,28.283741948637296,28.001173168905485,28.12900161743164,177482800
2015-07-01 00:00:00-04:00,28.458661059520214,28.467631685866746,28.254583159823643,28.391382217407227,120955200
2015-07-02 00:00:00-04:00,28.35325999781449,28.411568216992972,28.20524722089345,28.35550308227539,108844000
2015-07-06 00:00:00-04:00,28.01911078965835,28.308407074792264,27.998926452523776,28.256826400756836,112241600
2015-07-07 00:00:00-04:00,28.232158780663585,28.290466999179422,27.75672582771158,28.187307357788086,187787200
2015-07-08 00:00:00-04:00,27.915952120650502,27.951832916507765,27.480886135691033,27.487613677978516,243046400
2015-07-09 00:00:00-04:00,27.774664465150213,27.821758968025282,26.736338895730672,26.926959991455078,314380000
2015-07-10 00:00:00-04:00,27.346330839029708,27.774667581412114,27.182619891739044,27.646839141845703,245418000
2015-07-13 00:00:00-04:00,28.039296802418413,28.20300775972198,27.88007201434083,28.18058204650879,165762000
2015-07-14 00:00:00-04:00,28.26579319647779,28.339799570988234,28.041532699880193,28.169361114501953,127072400
2015-07-15 00:00:00-04:00,28.19403147931475,28.514724075783768,28.16263514491682,28.440717697143555,134596800
2015-07-16 00:00:00-04:00,28.647045148045464,28.833183545449785,28.55958366135526,28.819725036621094,144889600
2015-07-17 00:00:00-04:00,28.947555807620894,29.068655014038086,28.77487420448346,29.068655014038086,184658800
2015-07-20 00:00:00-04:00,29.37140172548937,29.81992278300993,29.310850424579744,29.61808967590332,235600800
2015-07-21 00:00:00-04:00,29.79301772809616,29.808714188392504,29.22563876670627,29.32206916809082,307025600
2015-07-22 00:00:00-04:00,27.357539344636574,28.144694219816735,27.357539344636574,28.08190155029297,461802400
2015-07-23 00:00:00-04:00,28.301682314521408,28.50127407834909,28.046025410046116,28.068452835083008,203998000
2015-07-24 00:00:00-04:00,28.10432659122713,28.198515593273896,27.785877082799374,27.920433044433594,168649200
2015-07-27 00:00:00-04:00,27.604228283454344,27.72084471917167,27.386697002890582,27.5324649810791,177822000
2015-07-28 00:00:00-04:00,27.669267654418945,27.7881271900576,27.483132687417925,27.669267654418945,134472400
2015-07-29 00:00:00-04:00,27.6176829647422,27.696173803367067,27.420332615088867,27.58180046081543,148046800
2015-07-30 00:00:00-04:00,27.431546757132665,27.48761188717185,27.2947477029593,27.442760467529297,134513200
2015-07-31 00:00:00-04:00,27.494338389328547,27.503309015112233,27.11533928805639,27.202800750732422,171540000
2015-08-03 00:00:00-04:00,27.247659141861902,27.48761788232665,26.35510132414015,26.56142234802246,279904000
2015-08-04 00:00:00-04:00,26.332672551481785,26.395465229773528,25.397506497696607,25.709228515625,496554400
2015-08-05 00:00:00-04:00,25.330226052420674,26.337157058984335,25.139604945068488,25.87966537475586,397250400
2015-08-06 00:00:00-04:00,26.12521608802686,26.24461190151116,25.708456500286978,25.935983657836914,211612000
2015-08-07 00:00:00-04:00,25.81208202766498,26.18829191624943,25.794059564822017,26.023839950561523,154681600
2015-08-10 00:00:00-04:00,26.251375056863537,27.030828713556044,26.251375056863537,26.97000503540039,219806400
2015-08-11 00:00:00-04:00,26.539718880013126,26.62307147387288,25.530485116695104,25.5665283203125,388331200
2015-08-12 00:00:00-04:00,25.350265298646253,26.001311704362486,24.69696565548448,25.96076202392578,404870000
2015-08-13 00:00:00-04:00,26.140989752286142,26.222089133463047,25.803076236954702,25.940494537353516,194143200
2015-08-14 00:00:00-04:00,25.7535091599831,26.201807168640773,25.683674266822425,26.122961044311523,171718000
2015-08-17 00:00:00-04:00,26.140991615298024,26.50368561843288,26.019342534862997,26.393301010131836,163538800
2015-08-18 00:00:00-04:00,26.228846326658363,26.456375234597463,26.13423095775112,26.24461555480957,138242800
2015-08-19 00:00:00-04:00,26.154496567648874,26.24911190625758,25.834605631181496,25.908946990966797,193146000
2015-08-20 00:00:00-04:00,25.699454142432998,25.760277829632546,25.147527605957556,25.377309799194336,274006400
2015-08-21 00:00:00-04:00,24.877194212524824,25.208349747787157,23.80037670243172,23.825157165527344,513102000
2015-08-24 00:00:00-04:00,21.371897320238247,24.509986574734764,20.725355713481914,23.23042106628418,648825200
2015-08-25 00:00:00-04:00,25.03037841967596,25.03037841967596,23.316030530154677,23.37009620666504,414406400
2015-08-26 00:00:00-04:00,24.12476928256331,24.755541809634824,23.66520845476525,24.710487365722656,387098400
2015-08-27 00:00:00-04:00,25.282682791483722,25.510209923032157,24.78482217451439,25.438121795654297,338464400
2015-08-28 00:00:00-04:00,25.269173082625166,25.52598722509957,25.12725002032628,25.521482467651367,212657600
2015-08-31 00:00:00-04:00,25.2376266746502,25.800815707713777,25.230868681248083,25.40207862854004,224917200
2015-09-01 00:00:00-04:00,24.814109108721976,25.20383495662123,24.18558994238257,24.26668930053711,307383600
2015-09-02 00:00:00-04:00,24.832134579921778,25.307464599609375,24.584330000684076,25.307464599609375,247555200
2015-09-03 00:00:00-04:00,25.341255498902857,25.406585638780662,24.789330885017392,24.863672256469727,212935600
2015-09-04 00:00:00-04:00,24.548285956204943,24.881692929927983,24.444659371468504,24.615867614746094,199985200
2015-09-08 00:00:00-04:00,25.174553053571653,25.35702577403771,24.85240881599428,25.30070686340332,219374400
2015-09-09 00:00:00-04:00,25.627352955315036,25.685923374337605,24.728502066190487,24.81410789489746,340043200
2015-09-10 00:00:00-04:00,24.841143086181784,25.519223217061295,24.757792202650027,25.359277725219727,251571200
2015-09-11 00:00:00-04:00,25.183553306525,25.72871971130371,25.176795315189757,25.72871971130371,199662000
2015-09-14 00:00:00-04:00,26.26263106265057,26.33246595185797,25.8751567379195,25.976530075073242,233453600
2015-09-15 00:00:00-04:00,26.116199358010316,26.251364368994526,25.776032734038903,26.195045471191406,173364800
2015-09-16 00:00:00-04:00,26.188291698758928,26.253621836984625,26.005818990460128,26.224336624145508,148694000
2015-09-17 00:00:00-04:00,26.055381503448316,26.24235897954354,25.618346209241246,25.663400650024414,256450400
2015-09-18 00:00:00-04:00,25.278178608643024,25.749005576015467,25.201585718298077,25.557519912719727,297141200
2015-09-21 00:00:00-04:00,25.607077740626373,25.990047302341885,25.604826222040554,25.954002380371094,200888000
2015-09-22 00:00:00-04:00,25.54174482288398,25.721965975649184,25.34800768521209,25.54625129699707,201384800
2015-09-23 00:00:00-04:00,25.598064997725793,25.84361628767362,25.523725358307072,25.75350570678711,143026800
2015-09-24 00:00:00-04:00,25.512465862605882,26.019336045306662,25.314223920998707,25.90669822692871,200878000
2015-09-25 00:00:00-04:00,26.231093387769587,26.28741229200735,25.68592508852346,25.841365814208984,224607600
2015-09-28 00:00:00-04:00,25.647628106447414,25.809826822233777,25.32999038696289,25.32999038696289,208436000
2015-09-29 00:00:00-04:00,25.417849733800466,25.571037230879273,24.298229578216393,24.568559646606445,293461600
2015-09-30 00:00:00-04:00,24.818621081842725,25.12724938005112,24.494225273608862,24.84790802001953,265892000
2015-10-01 00:00:00-04:00,24.570816025110002,24.69471832487898,24.174330384566158,24.685707092285156,255716400
2015-10-02 00:00:00-04:00,24.33202266171175,25.007849590157385,24.228396072262765,24.865924835205078,232079200
2015-10-05 00:00:00-04:00,24.753285298438104,25.088947220448052,24.570812590392187,24.95603370666504,208258800
2015-10-06 00:00:00-04:00,24.92224241867681,25.17229850638232,24.728505238675844,25.075429916381836,192787200
2015-10-07 00:00:00-04:00,25.172298102534885,25.179056096356344,24.6474071973742,24.95603370666504,187062400
2015-10-08 00:00:00-04:00,24.823125309088653,24.823125309088653,24.37707874993993,24.66768455505371,247918400
2015-10-09 00:00:00-04:00,24.780317230924524,25.29394534944359,24.665426187976884,25.257902145385742,211064400
2015-10-12 00:00:00-04:00,25.395322988263967,25.39982774471061,25.104717214029698,25.14076042175293,121868800
2015-10-13 00:00:00-04:00,24.965045593303486,25.332244256546574,24.933507142164405,25.183563232421875,132197200
2015-10-14 00:00:00-04:00,25.070927202956746,25.122739639785635,24.68119957364821,24.82762908935547,177849600
2015-10-15 00:00:00-04:00,24.989828668767743,25.25340077463883,24.890706829821273,25.1993350982666,150694000
2015-10-16 00:00:00-04:00,25.181308042824874,25.230868953263432,24.8997135232572,25.014604568481445,156930400
2015-10-19 00:00:00-04:00,24.96054134817052,25.174552516529044,24.805100608146226,25.170047760009766,119036800
2015-10-20 00:00:00-04:00,25.082188294279916,25.719718751746928,24.965045720696533,25.629608154296875,195871200
2015-10-21 00:00:00-04:00,25.681413598818732,26.03734939276791,25.613830243966976,25.627347946166992,167180800
2015-10-22 00:00:00-04:00,25.755758947208253,26.019330978393555,25.703944804609147,26.019330978393555,166616400
2015-10-23 00:00:00-04:00,26.289663853653483,26.859612609192745,26.206312975224012,26.825820922851562,237467600
2015-10-26 00:00:00-04:00,26.600548648823246,26.611811399874824,25.888676783639273,25.969776153564453,265335200
2015-10-27 00:00:00-04:00,25.996800813535433,26.253614822793452,25.679161438617463,25.805316925048828,279537600
2015-10-28 00:00:00-04:00,26.341481452277073,26.875385353996066,26.145491020799188,26.86862564086914,342205600
2015-10-29 00:00:00-04:00,26.740216724940186,27.188516468319552,26.643348134815415,27.1524715423584,204909200
2015-10-30 00:00:00-04:00,27.256095123915298,27.307909269597495,26.909170483981082,26.920434951782227,197461200
2015-11-02 00:00:00-05:00,27.21329648455156,27.339450285939357,26.94521793788585,27.298900604248047,128813200
2015-11-03 00:00:00-05:00,27.211041618757704,27.81928508901413,27.190765919767003,27.612031936645508,182076000
2015-11-04 00:00:00-05:00,27.73818624173742,27.893626968237143,27.398021295835473,27.483625411987305,179544400
2015-11-05 00:00:00-05:00,27.567334888537374,27.757377325663608,27.189514622939775,27.356931686401367,158210800
2015-11-06 00:00:00-05:00,27.39992162089463,27.558288902044342,27.28906452408983,27.388608932495117,132169200
2015-11-09 00:00:00-05:00,27.365983455450053,27.55828706289065,27.16010600369504,27.27775001525879,135485600
2015-11-10 00:00:00-05:00,26.447443983444817,26.712144245463755,26.257401574713732,26.418031692504883,236511600
2015-11-11 00:00:00-05:00,26.327543496894915,26.565094407794263,26.065104327436025,26.268720626831055,180872000
2015-11-12 00:00:00-05:00,26.302652623856034,26.42934642209491,26.164646139600023,26.180482864379883,130102400
2015-11-13 00:00:00-05:00,26.062838791831144,26.146548185860336,25.399955739428616,25.41579246520996,183249600
2015-11-16 00:00:00-05:00,25.19860448902483,25.845650870743132,25.112633931187514,25.832077026367188,152426800
2015-11-17 00:00:00-05:00,25.999490327526974,26.028902620835975,25.637506812779492,25.721216201782227,110467600
2015-11-18 00:00:00-05:00,26.189533964920045,26.580928065036172,26.130711101650345,26.535680770874023,186698800
2015-11-19 00:00:00-05:00,26.61486645220546,27.092232864564693,26.415775926027784,26.872779846191406,173183200
2015-11-20 00:00:00-05:00,26.967799735358497,27.130692765780022,26.88861610281296,26.99042510986328,137148400
2015-11-23 00:00:00-05:00,26.983637296251985,27.087709189185624,26.546994136343365,26.639753341674805,129930000
2015-11-24 00:00:00-05:00,26.54472827901737,27.00173212439303,26.49721810643427,26.89539909362793,171212800
2015-11-25 00:00:00-05:00,26.9700634063342,26.974589171796932,26.67821367264409,26.703100204467773,85553200
2015-11-27 00:00:00-05:00,26.761920047065026,26.78906945855036,26.60581395165312,26.653324127197266,52185600
2015-11-30 00:00:00-05:00,26.69405130068131,27.01531334250213,26.639754195812177,26.76418685913086,156721200
2015-12-01 00:00:00-05:00,26.865996254353384,26.879570100117174,26.438402852054224,26.5469970703125,139409600
2015-12-02 00:00:00-05:00,26.54699034341955,26.721196041590446,26.26192929816934,26.30717658996582,133546400
2015-12-03 00:00:00-05:00,26.368272516293516,26.422569632634158,25.841132905516936,26.062847137451172,166278000
2015-12-04 00:00:00-05:00,26.083203452009155,26.979113426593596,26.042480192888327,26.929340362548828,231108000
2015-12-07 00:00:00-05:00,26.918029719759122,27.11712025222237,26.653327669301774,26.759660720825195,128336800
2015-12-08 00:00:00-05:00,26.58771636351994,26.83205590722651,26.43839890419285,26.748348236083984,137238000
2015-12-09 00:00:00-05:00,26.614865615389384,26.626178302483893,26.03569193848359,26.157861709594727,185445600
2015-12-10 00:00:00-05:00,26.25288084378169,26.456497119477177,26.132973960892578,26.282291412353516,116850800
2015-12-11 00:00:00-05:00,26.06057769669181,26.10582499158112,25.531175370903846,25.6058349609375,187544800
2015-12-14 00:00:00-05:00,25.379595135277526,25.492715099024338,24.83888184665366,25.447467803955078,257274800
2015-12-15 00:00:00-05:00,25.325296607934753,25.519863072693934,24.965574245945643,24.99724769592285,213292400
2015-12-16 00:00:00-05:00,25.12847018985077,25.33661052141266,24.614906283007493,25.18955421447754,224954000
2015-12-17 00:00:00-05:00,25.343392147963293,25.395428083017723,24.655624389648438,24.655624389648438,179091200
2015-12-18 00:00:00-05:00,24.639796255613398,24.777801050974215,23.938450959374485,23.988224029541016,385813200
2015-12-21 00:00:00-05:00,24.271014967120855,24.291377454648213,23.88414496483476,24.28232765197754,190362400
2015-12-22 00:00:00-05:00,24.29817259905085,24.370569318846137,24.08324359654294,24.25971221923828,131157600
2015-12-23 00:00:00-05:00,24.268754205499594,24.62621367489526,24.25291748096047,24.571916580200195,130629600
2015-12-24 00:00:00-05:00,24.660157398726017,24.660157398726017,24.422604733354547,24.440704345703125,54281600
2015-12-28 00:00:00-05:00,24.341150377271184,24.36377574846902,24.022153011048758,24.166946411132812,106816800
2015-12-29 00:00:00-05:00,24.198626751604547,24.75743974830809,24.17600310003668,24.601333618164062,123724800
2015-12-30 00:00:00-05:00,24.56513407759625,24.592281766790016,24.24839780376964,24.280071258544922,100855200
2015-12-31 00:00:00-05:00,24.209930416235647,24.21445445443331,23.714464519035367,23.814010620117188,163649200
2016-01-04 00:00:00-05:00,23.21448219542985,23.838904961921934,23.07647568316033,23.834379196166992,270597600
2016-01-05 00:00:00-05:00,23.924872088233865,23.947495735537558,23.169231566633837,23.237102508544922,223164000
2016-01-06 00:00:00-05:00,22.750686625045535,23.160182068774382,22.59458224833412,22.782360076904297,273829600
2016-01-07 00:00:00-05:00,22.325360548255965,22.653407817847228,21.816320610292557,21.820844650268555,324377600
2016-01-08 00:00:00-05:00,22.29594831812926,22.422642140940482,21.890978590416097,21.93622589111328,283192000
2016-01-11 00:00:00-05:00,22.390969935990505,22.41133070461942,22.022197683020806,22.291423797607422,198957600
2016-01-12 00:00:00-05:00,22.748425003110377,22.780098454321106,22.361553214899697,22.61494255065918,196616800
2016-01-13 00:00:00-05:00,22.696393379282014,22.89322277160208,22.01314943965227,22.033510208129883,249758400
2016-01-14 00:00:00-05:00,22.162462394692575,22.732587960687326,21.66020949524555,22.515396118164062,252680400
2016-01-15 00:00:00-05:00,21.76427866873913,22.105901416409207,21.574237972704516,21.974681854248047,319335600
2016-01-19 00:00:00-05:00,22.264272775258014,22.31856987621932,21.605913737566517,21.86835289001465,212350800
2016-01-20 00:00:00-05:00,21.515416277343235,22.214498535192835,21.135333138627338,21.897762298583984,289337600
2016-01-21 00:00:00-05:00,21.95885023231142,22.144366932724644,21.479222615965675,21.786909103393555,208646000
2016-01-22 00:00:00-05:00,22.314041903123197,22.954301268454177,22.25522076876574,22.94525146484375,263202000
2016-01-25 00:00:00-05:00,22.967876936978346,22.97013981957926,22.44526325095706,22.497299194335938,207178000
2016-01-26 00:00:00-05:00,22.608158866778844,22.823086134498485,22.187352410632403,22.621732711791992,300308000
2016-01-27 00:00:00-05:00,21.728081296765147,21.861562015968353,21.117232500375312,21.135332107543945,533478800
2016-01-28 00:00:00-05:00,21.219043880042285,21.38419806730843,20.90230762330095,21.286914825439453,222715200
2016-01-29 00:00:00-05:00,21.44528126673686,22.022192001342773,21.345735154036465,22.022192001342773,257666000
2016-02-01 00:00:00-05:00,21.825375949677817,21.879673073525737,21.583299186849214,21.816326141357422,163774000
2016-02-02 00:00:00-05:00,21.58781312796559,21.728082502194045,21.329899752761452,21.37514877319336,149428800
2016-02-03 00:00:00-05:00,21.492794201058263,21.909074860226518,21.284653871474138,21.7982177734375,183857200
2016-02-04 00:00:00-05:00,21.80504406195523,22.13942170836115,21.652641187948735,21.973369598388672,185886800
2016-02-05 00:00:00-05:00,21.955172225752072,22.0461596138237,21.311440229727474,21.386503219604492,185672400
2016-02-08 00:00:00-05:00,21.184057932389052,21.76864962171588,21.163586680463744,21.611698150634766,216085600
2016-02-09 00:00:00-05:00,21.447916801595916,21.82323862900009,21.36602833978265,21.60714340209961,177324800
2016-02-10 00:00:00-05:00,21.818692722469535,21.916503864132338,21.404701741919098,21.443370819091797,169374400
2016-02-11 00:00:00-05:00,21.334182241459605,21.545727137520572,21.061220133559154,21.313709259033203,200298800
2016-02-12 00:00:00-05:00,21.42517328637108,21.495687685341977,21.156761455379897,21.37967872619629,161405600
2016-02-16 00:00:00-05:00,21.613969532609126,22.030235636781015,21.520708723593557,21.982467651367188,196231600
2016-02-17 00:00:00-05:00,21.98929136253433,22.339591657057134,21.871008980114674,22.319120407104492,179452800
2016-02-18 00:00:00-05:00,22.482895481965976,22.494269555500004,21.857359617273673,21.89603042602539,156084000
2016-02-19 00:00:00-05:00,21.836888408190077,22.009764260678107,21.791395584849003,21.84598731994629,141496800
2016-02-22 00:00:00-05:00,21.90739953309664,22.04160629215677,21.81868732602287,22.03705596923828,137123200
2016-02-23 00:00:00-05:00,21.927875458036095,21.950621869361953,21.50706077446792,21.53890609741211,127770400
2016-02-24 00:00:00-05:00,21.37740050314607,21.923321219230694,21.227271091415055,21.859630584716797,145022800
2016-02-25 00:00:00-05:00,21.84825815599714,22.0097599029541,21.666283427782176,22.0097599029541,110330800
2016-02-26 00:00:00-05:00,22.10984643609802,22.296369768396733,21.96881765767691,22.043882369995117,115964400
2016-02-29 00:00:00-05:00,22.032502601088225,22.344133706677344,21.98473463344715,21.993833541870117,140865200
2016-03-01 00:00:00-05:00,22.212207441096844,22.92190511314257,22.159889139033083,22.867313385009766,201628400
2016-03-02 00:00:00-05:00,22.86276095742796,22.949197990407015,22.664863589955505,22.9173526763916,132678400
2016-03-03 00:00:00-05:00,22.878695203366703,23.135733006816107,22.8491233000592,23.08796501159668,147822800
2016-03-04 00:00:00-05:00,23.28585552687567,23.599760145498422,23.058387959208215,23.431434631347656,184220400
2016-03-07 00:00:00-05:00,23.290403416019203,23.39048969813145,22.965124734594173,23.172121047973633,143315600
2016-03-08 00:00:00-05:00,22.924177885571982,23.147096833328693,22.837740847083232,22.98104476928711,126247600
2016-03-09 00:00:00-05:00,23.044737812907478,23.106155025593015,22.808171343644165,23.00152015686035,108806800
2016-03-10 00:00:00-05:00,23.06748905503419,23.256285835146045,22.780879406703452,23.012895584106445,134054400
2016-03-11 00:00:00-05:00,23.256281510101342,23.265380420230482,23.087956011311437,23.260831832885742,109632800
2016-03-14 00:00:00-04:00,23.18122317189698,23.408690764271487,23.151651274206692,23.319976806640625,100304400
2016-03-15 00:00:00-04:00,23.647530337411585,23.92504107358247,23.622508763793558,23.78856086730957,160270800
2016-03-16 00:00:00-04:00,23.7953784412823,24.182072547930122,23.79082811883824,24.104734420776367,153214000
2016-03-17 00:00:00-04:00,24.00237817673982,24.218473418092056,23.874996887818018,24.066070556640625,137682800
2016-03-18 00:00:00-04:00,24.188906423672428,24.22530207670509,23.927320043121245,24.09337043762207,176820800
2016-03-21 00:00:00-04:00,24.09563783610061,24.486882302940177,23.91593826189222,24.091089248657227,142010800
2016-03-22 00:00:00-04:00,23.940963405143435,24.40499748842229,23.931864493458757,24.275341033935547,129777600
2016-03-23 00:00:00-04:00,24.220743564569716,24.354948575403363,24.088811979538995,24.141128540039062,102814000
2016-03-24 00:00:00-04:00,23.991004297380154,24.168428719959845,23.859072693509177,24.036497116088867,104532000
2016-03-28 00:00:00-04:00,24.111557172515553,24.154776556750313,23.897737147909226,23.927309036254883,77645600
2016-03-29 00:00:00-04:00,23.859069221522155,24.51872540944366,23.856794060285864,24.493703842163086,124760400
2016-03-30 00:00:00-04:00,24.714353967582575,25.116970837751296,24.702979893921768,24.921348571777344,182404400
2016-03-31 00:00:00-04:00,24.9577429218566,24.998687155291268,24.766669254014836,24.791690826416016,103553600
2016-04-01 00:00:00-04:00,24.743919973270767,25.021430663757336,24.611988376901795,25.019155502319336,103496000
2016-04-04 00:00:00-04:00,25.116969090497005,25.51958766809767,25.082848607328156,25.27619743347168,149424800
2016-04-05 00:00:00-04:00,24.909973129426067,25.18748383194415,24.889500146475836,24.978212356567383,106314800
2016-04-06 00:00:00-04:00,25.073754841892164,25.24435554550029,24.839461751167317,25.239805221557617,105616400
2016-04-07 00:00:00-04:00,25.01005750420733,25.116967534976737,24.593793188734622,24.689329147338867,127207600
2016-04-08 00:00:00-04:00,24.773490190300883,24.969110674747515,24.605162964066047,24.716623306274414,94326800
2016-04-11 00:00:00-04:00,24.787144888327393,25.160191617083978,24.75529956285598,24.79851722717285,117630000
2016-04-12 00:00:00-04:00,24.87130337237129,25.135166587660112,24.716627090161783,25.121519088745117,108929200
2016-04-13 00:00:00-04:00,25.203410483293805,25.55370905606362,25.203410483293805,25.485469818115234,133029200
2016-04-14 00:00:00-04:00,25.38993152531073,25.565080795702357,25.323965719842747,25.499114990234375,101895600
2016-04-15 00:00:00-04:00,25.501387566474868,25.54460695698863,24.960015413802225,24.9873104095459,187756000
2016-04-18 00:00:00-04:00,24.76893999505119,24.78258749194703,24.325378991540568,24.448211669921875,243286000
2016-04-19 00:00:00-04:00,24.539194041331125,24.56649076694145,24.16387404296545,24.318552017211914,129539600
2016-04-20 00:00:00-04:00,24.257138421527316,24.58696566163997,24.12520683130641,24.36859703063965,122444000
2016-04-21 00:00:00-04:00,24.32310304122403,24.32310304122403,24.00237299105934,24.104734420776367,126210000
2016-04-22 00:00:00-04:00,23.886365938901402,24.220743487459057,23.797653740562378,24.038768768310547,134732400
2016-04-25 00:00:00-04:00,23.884090618008536,24.031944859398397,23.772632014380896,23.90228843688965,112126400
2016-04-26 00:00:00-04:00,23.636157736392338,23.952337542660594,23.636157736392338,23.736242294311523,224064800
2016-04-27 00:00:00-04:00,21.836884605134372,22.45332145188072,21.764095059201512,22.25087547302246,458408400
2016-04-28 00:00:00-04:00,22.203108826408787,22.264524304446727,21.438817680604572,21.570749282836914,328970800
2016-04-29 00:00:00-04:00,21.379678023478327,21.545730125638386,21.043026966450206,21.322811126708984,274126000
2016-05-02 00:00:00-04:00,21.375123062730125,21.400144628684114,21.017999126906204,21.300058364868164,192640400
2016-05-03 00:00:00-04:00,21.427446822074526,21.777747127726755,21.309164435896903,21.650365829467773,227325200
2016-05-04 00:00:00-04:00,21.654908038212355,21.814136349567153,21.341003473362434,21.425167083740234,164102000
2016-05-05 00:00:00-04:00,21.512133716024994,21.528153320228604,21.210048503895518,21.338205337524414,143562000
2016-05-06 00:00:00-04:00,21.367960342981608,21.386267217550113,21.020103536087632,21.219205856323242,174799600
2016-05-09 00:00:00-04:00,21.283274939153543,21.459490533310614,21.18944460940372,21.23521614074707,131745600
2016-05-10 00:00:00-04:00,21.358800555238563,21.413724656871132,21.07960027409729,21.379396438598633,134747200
2016-05-11 00:00:00-04:00,21.393129754324818,21.413725638629153,21.159699256174285,21.171142578125,114876400
2016-05-12 00:00:00-04:00,21.219205864611745,21.232936457045028,20.47543517703555,20.674535751342773,305258800
2016-05-13 00:00:00-04:00,20.596728117345688,20.978911431148262,20.596728117345688,20.715730667114258,177571200
2016-05-16 00:00:00-04:00,21.143690311036444,21.601395483689696,20.97433988603661,21.48468017578125,245039200
2016-05-17 00:00:00-04:00,21.638002986608715,21.67232946228662,21.285569952933194,21.395418167114258,187667600
2016-05-18 00:00:00-04:00,21.548747814886642,21.789041842959165,21.486956674806812,21.640287399291992,168249600
2016-05-19 00:00:00-04:00,21.658597025197565,21.658597025197565,21.41372495887529,21.55790138244629,121768400
2016-05-20 00:00:00-04:00,21.658597394619765,21.839391053549768,21.631134469944882,21.791332244873047,128104000
2016-05-23 00:00:00-04:00,21.94008999901093,22.24217523186175,21.894318450999574,22.068246841430664,152074400
2016-05-24 00:00:00-04:00,22.249041401251347,22.44814196839955,22.162076329617786,22.404661178588867,140560800
2016-05-25 00:00:00-04:00,22.580869850200006,22.82574189131639,22.452713042439825,22.798280715942383,152675200
2016-05-26 00:00:00-04:00,22.812017108136896,23.05231292983596,22.57401030030329,22.979080200195312,225324800
2016-05-27 00:00:00-04:00,22.75709053958185,22.992808308091853,22.71360801086438,22.96534538269043,145364800
2016-05-31 00:00:00-04:00,22.793702604075918,22.97678525391008,22.615197980790658,22.85320472717285,169228800
2016-06-01 00:00:00-04:00,22.660968932383206,22.779973184680046,22.50306192845888,22.532812118530273,116693200
2016-06-02 00:00:00-04:00,22.336005239650298,22.390929354675592,22.114018019498477,22.363468170166016,160766400
2016-06-03 00:00:00-04:00,22.379482901188585,22.489331107309198,22.301672154681206,22.40923309326172,114019600
2016-06-06 00:00:00-04:00,22.425260356473412,23.317785629614733,22.324566424133728,22.571725845336914,93170000
2016-06-07 00:00:00-04:00,22.713616886208538,22.855506103883716,22.647249433393043,22.66326904296875,89638000
2016-06-08 00:00:00-04:00,22.66097273522709,22.78455328904061,22.583163726903358,22.64266586303711,83392400
2016-06-09 00:00:00-04:00,22.54197404359818,22.882963821974926,22.53281973294298,22.80515480041504,106405600
2016-06-10 00:00:00-04:00,22.54883432678615,22.736493288479874,22.537392750515632,22.617490768432617,126851600
2016-06-13 00:00:00-04:00,22.585449094871844,22.683855719282388,22.221572787491226,22.27649688720703,152082000
2016-06-14 00:00:00-04:00,22.271925404298138,22.537395144456664,22.141479548118458,22.303964614868164,127727600
2016-06-15 00:00:00-04:00,22.386347894327223,22.5213717556223,22.205554238765924,22.230728149414062,117780800
2016-06-16 00:00:00-04:00,22.072824811797148,22.37033378560925,21.985861482931934,22.32456398010254,125307200
2016-06-17 00:00:00-04:00,22.111727248225794,22.118592543265496,21.809642044437833,21.81650733947754,244032800
2016-06-20 00:00:00-04:00,21.9698435942006,22.100289470700915,21.74785635352319,21.76387596130371,137647600
2016-06-21 00:00:00-04:00,21.72725634691128,22.049937455644454,21.667754209568166,21.949243545532227,142185600
2016-06-22 00:00:00-04:00,22.027049740975876,22.173515178793853,21.82108217341755,21.866853713989258,116876400
2016-06-23 00:00:00-04:00,21.956111783625662,22.03620981808834,21.798202982823383,21.992727279663086,128960800
2016-06-24 00:00:00-04:00,21.26268538692546,21.663177238830258,21.203183251475092,21.37482261657715,301245600
2016-06-27 00:00:00-04:00,21.28328155474526,21.29472487763943,20.940002819991303,21.063583374023438,181958400
2016-06-28 00:00:00-04:00,21.26040119364378,21.4343296119311,21.086472775356455,21.41830825805664,161779600
2016-06-29 00:00:00-04:00,21.50526540243298,21.638000244922054,21.427454660075167,21.60367202758789,146124000
2016-06-30 00:00:00-04:00,21.612829823962514,21.917202310242068,21.580790614880456,21.878297805786133,143345600
2016-07-01 00:00:00-04:00,21.85312645974076,22.077402695672756,21.81651096477591,21.94466781616211,104106000
2016-07-05 00:00:00-04:00,21.830238395164113,21.832527408894787,21.6174055143646,21.738697052001953,110820800
2016-07-06 00:00:00-04:00,21.649445100108103,21.892029925619067,21.596810005425958,21.86227798461914,123796400
2016-07-07 00:00:00-04:00,21.90118223942817,22.08426492686151,21.882875367489564,21.95610809326172,100558400
2016-07-08 00:00:00-04:00,22.081973330292442,22.17351466330195,21.981279435387112,22.125455856323242,115648400
2016-07-11 00:00:00-04:00,22.141474039802027,22.347441589373396,22.13689775914737,22.194110870361328,95179600
2016-07-12 00:00:00-04:00,22.237598120910736,22.358889672631108,22.226156542940682,22.294811248779297,96670000
2016-07-13 00:00:00-04:00,22.29251629888837,22.352016674243718,22.162068736133836,22.168935775756836,103568800
2016-07-14 00:00:00-04:00,22.287949212268888,22.654112934975604,22.271929603963166,22.60834312438965,155676000
2016-07-15 00:00:00-04:00,22.638089702815684,22.725054773416726,22.541972068367656,22.606050491333008,120548000
2016-07-18 00:00:00-04:00,22.587735797156995,22.91499486586905,22.564850901681766,22.84634017944336,145975600
2016-07-19 00:00:00-04:00,22.78455760981389,22.88525328298101,22.73420977323033,22.85550308227539,95119600
2016-07-20 00:00:00-04:00,22.88524340295118,22.990515313084092,22.825741281221962,22.876089096069336,105104000
2016-07-21 00:00:00-04:00,22.846345962283422,23.11410297372973,22.686148161396517,22.754804611206055,130808000
2016-07-22 00:00:00-04:00,22.715897717554057,22.725052026300503,22.498486813339227,22.57858657836914,113254800
2016-07-25 00:00:00-04:00,22.48475345705483,22.619775565940692,22.18037927620296,22.27649688720703,161531600
2016-07-26 00:00:00-04:00,22.157502897628866,22.4206836683607,22.06596153224306,22.1231746673584,224959200
2016-07-27 00:00:00-04:00,23.862452858080086,23.88076147976958,23.514597776011048,23.560367584228516,369379200
2016-07-28 00:00:00-04:00,23.532903442699155,23.903643382323512,23.53061442877383,23.878469467163086,159479200
2016-07-29 00:00:00-04:00,23.844140454481547,23.926527486977772,23.72742520077759,23.848716735839844,110934800
2016-08-01 00:00:00-04:00,23.894486107380573,24.2926888975774,23.894486107380573,24.269804000854492,152671600
2016-08-02 00:00:00-04:00,24.26980357973269,24.274379860595587,23.80065534802795,23.910505294799805,135266400
2016-08-03 00:00:00-04:00,23.986037508234975,24.22175537799105,23.976883195835853,24.21031379699707,120810400
2016-08-04 00:00:00-04:00,24.293136328662747,24.389774637045274,24.224107962409928,24.35986328125,109634800
2016-08-05 00:00:00-04:00,24.451906762502535,24.769435244597684,24.431199299130164,24.73031997680664,162213600
2016-08-08 00:00:00-04:00,24.73951503949257,24.935094833374023,24.656683454256722,24.935094833374023,112148800
2016-08-09 00:00:00-04:00,24.90287714062577,25.06624237597801,24.852256580706822,25.03632926940918,105260800
2016-08-10 00:00:00-04:00,25.01332559642119,25.05704368096755,24.79473868461813,24.849960327148438,96034000
2016-08-11 00:00:00-04:00,24.9696101673542,25.063948832362932,24.815448781352405,24.8338565826416,109938000
2016-08-12 00:00:00-04:00,24.79934115632222,24.95120287618166,24.79934115632222,24.89137840270996,74641600
2016-08-15 00:00:00-04:00,24.882171964077756,25.20430141583938,24.868366992940523,25.19049644470215,103472800
2016-08-16 00:00:00-04:00,25.225014980461125,25.363071747119285,25.128376648172182,25.167491912841797,135177600
2016-08-17 00:00:00-04:00,25.10306266182357,25.16518854876531,24.928192070478527,25.130674362182617,101424000
2016-08-18 00:00:00-04:00,25.13297533710291,25.21810833966023,25.08465442345245,25.098461151123047,87938800
2016-08-19 00:00:00-04:00,25.0271322384424,25.238818433954044,24.932795332634974,25.162887573242188,101472400
2016-08-22 00:00:00-04:00,25.047841886295153,25.103063533466226,24.81544822773113,24.967309951782227,103280800
2016-08-23 00:00:00-04:00,24.985711576720956,25.1536796579577,24.97190660623669,25.045536041259766,85030800
2016-08-24 00:00:00-04:00,24.981113035185857,25.022529706297615,24.77633109342894,24.856863021850586,94700400
2016-08-25 00:00:00-04:00,24.70960566519378,24.822350371957413,24.54624038444438,24.751022338867188,100344800
2016-08-26 00:00:00-04:00,24.714207472647946,24.838455733073538,24.461104613169557,24.606063842773438,111065200
2016-08-29 00:00:00-04:00,24.532433414265657,24.72110896664589,24.456502559469328,24.57845115661621,99881200
2016-08-30 00:00:00-04:00,24.343762293827275,24.504826176841302,24.274733912270023,24.389780044555664,99455600
2016-08-31 00:00:00-04:00,24.31153949341638,24.520922455004644,24.306936666962518,24.412778854370117,118649600
2016-09-01 00:00:00-04:00,24.42199154536017,24.57385327466704,24.3023443464379,24.55774688720703,106806000
2016-09-02 00:00:00-04:00,24.780933740333378,24.84996211506101,24.57845319951121,24.787837982177734,107210000
2016-09-06 00:00:00-04:00,24.82694905931659,24.9189862916262,24.737213240567375,24.780929565429688,107521600
2016-09-07 00:00:00-04:00,24.810844069981336,25.024829901057394,24.63597349430973,24.93279266357422,169457200
2016-09-08 00:00:00-04:00,24.67739153544968,24.681992607620725,24.21490566409444,24.27933120727539,212008000
2016-09-09 00:00:00-04:00,24.076851852781978,24.325351893289522,23.729412078857422,23.729412078857422,186228000
2016-09-12 00:00:00-04:00,23.618967760612488,24.3253508364945,23.591356061045282,24.26092529296875,181171200
2016-09-13 00:00:00-04:00,24.737213914465894,25.031731661508626,24.675088034892173,24.83845329284668,248704800
2016-09-14 00:00:00-04:00,25.017924696137015,26.007320064012337,24.98801158781441,25.717403411865234,443554800
2016-09-15 00:00:00-04:00,26.198304986934637,26.628578147120336,26.113170218368,26.59176254272461,359934400
2016-09-16 00:00:00-04:00,26.48821729748088,26.72060917837081,26.239717275763297,26.442197799682617,319547600
2016-09-19 00:00:00-04:00,26.504327378357992,26.73211821896128,26.057947842529785,26.133878707885742,188092000
2016-09-20 00:00:00-04:00,26.01192554428573,26.258124143514724,25.88767553783405,26.131572723388672,138057200
2016-09-21 00:00:00-04:00,26.19599881098396,26.228211581242384,25.871569694677156,26.126972198486328,144012800
2016-09-22 00:00:00-04:00,26.311052581707592,26.44680794343739,26.230520632612713,26.373178482055664,124296000
2016-09-23 00:00:00-04:00,26.32714846661855,26.412283210528773,25.666784992070152,25.933691024780273,209924800
2016-09-26 00:00:00-04:00,25.687491207384536,26.090152528225524,25.666783753506884,25.97280502319336,119477600
2016-09-27 00:00:00-04:00,26.000425961611374,26.04184263955642,25.84856422399131,26.021133422851562,98429600
2016-09-28 00:00:00-04:00,26.159194294410238,26.377781278441415,26.09936980454694,26.219017028808594,118564400
2016-09-29 00:00:00-04:00,26.03723775654168,26.184496644249702,25.72431218129603,25.81174659729004,143548000
2016-09-30 00:00:00-04:00,25.876173223260075,26.085558005282486,25.72431325697672,26.01192855834961,145516400
2016-10-03 00:00:00-04:00,25.933692675591384,26.011924939522526,25.83475295546521,25.88997459411621,86807200
2016-10-04 00:00:00-04:00,26.014224587490503,26.301839848737178,25.915284867403077,26.00041961669922,118947200
2016-10-05 00:00:00-04:00,26.09246049164112,26.152284965856737,25.92909521111706,26.01192855834961,85812400
2016-10-06 00:00:00-04:00,26.16148021193497,26.30873906696871,26.03032773931229,26.205198287963867,115117200
2016-10-07 00:00:00-04:00,26.301841063328542,26.35936411823423,26.11776834090893,26.24431800842285,97433600
2016-10-10 00:00:00-04:00,26.465207281277678,26.863267607958395,26.396180666184684,26.70220375061035,144944000
2016-10-11 00:00:00-04:00,27.08185520079405,27.30964777606191,26.736716850288783,26.759727478027344,256164000
2016-10-12 00:00:00-04:00,27.00131912896788,27.146278337445242,26.863264161031854,26.9990177154541,150347200
2016-10-13 00:00:00-04:00,26.87246920507245,27.022029491488276,26.62627061252857,26.916187286376953,140769600
2016-10-14 00:00:00-04:00,27.123269360461844,27.189996312700558,26.950700201195456,27.065746307373047,142608800
2016-10-17 00:00:00-04:00,26.996727440349137,27.11407323837401,26.870175985069643,27.047348022460938,94499600
2016-10-18 00:00:00-04:00,27.192297832163277,27.199200317686508,27.024329744086128,27.028932571411133,98214000
2016-10-19 00:00:00-04:00,26.97830994355929,27.095657454886393,26.18449257064661,26.94839859008789,80138400
2016-10-20 00:00:00-04:00,26.888581173720254,27.00822837442303,26.76663255892764,26.934598922729492,96503200
2016-10-21 00:00:00-04:00,26.87707358405853,26.900084212080298,26.755124979586743,26.828754425048828,92770800
2016-10-24 00:00:00-04:00,26.943795424057864,27.091054287003285,26.920786555872166,27.07034683227539,94154800
2016-10-25 00:00:00-04:00,27.139378076542048,27.233716734334774,26.99211918842146,27.208406448364258,192516000
2016-10-26 00:00:00-04:00,26.3018433741597,26.621671447097683,26.071751134321467,26.59636116027832,264536800
2016-10-27 00:00:00-04:00,26.550350257723487,26.65849391919529,26.253530981172666,26.340967178344727,138248000
2016-10-28 00:00:00-04:00,26.200604198950643,26.508926960259874,26.10396412326665,26.16609001159668,151446800
2016-10-31 00:00:00-04:00,26.149982221705635,26.283436136065532,26.046439665199756,26.124671936035156,105677600
2016-11-01 00:00:00-04:00,26.10626275320775,26.177590778792133,25.432092486584104,25.65298080444336,175303200
2016-11-02 00:00:00-04:00,25.632274728441555,25.85086164437502,25.59315947072115,25.67599105834961,113326800
2016-11-03 00:00:00-04:00,25.66673893309491,25.777749247161335,25.336017691456924,25.400774002075195,107730400
2016-11-04 00:00:00-04:00,25.100121626250605,25.497912470464485,25.002987145075792,25.171815872192383,123348000
2016-11-07 00:00:00-05:00,25.45859712350762,25.55804483744622,25.31520686298668,25.5349178314209,130240000
2016-11-08 00:00:00-05:00,25.51178841902551,25.837885018553386,25.370711391999933,25.685243606567383,97016800
2016-11-09 00:00:00-05:00,25.412344016501844,25.745378584579065,24.989114644794295,25.643617630004883,236705600
2016-11-10 00:00:00-05:00,25.692173780504984,25.692173780504984,24.475676369315163,24.928972244262695,228538000
2016-11-11 00:00:00-05:00,24.774026122019357,25.17875488043901,24.642200254141766,25.076993942260742,136575600
2016-11-14 00:00:00-05:00,24.91047847539625,24.933605481786923,24.070955968520177,24.44793128967285,204702000
2016-11-15 00:00:00-05:00,24.646821516625586,24.9035352916563,24.552000281101662,24.771709442138672,129058000
2016-11-16 00:00:00-05:00,24.67689009599191,25.493287309458374,24.653763091060036,25.437780380249023,235362000
2016-11-17 00:00:00-05:00,25.396147769085296,25.52103569687945,25.169500679904058,25.428525924682617,110528000
2016-11-18 00:00:00-05:00,25.375333981337484,25.56497822021153,25.361458133083357,25.45396614074707,113715600
2016-11-21 00:00:00-05:00,25.46784790256332,25.900328378727725,25.44240766696807,25.840198516845703,117058400
2016-11-22 00:00:00-05:00,25.891073899176412,25.99977275285797,25.763874502009838,25.85638427734375,103862000
2016-11-23 00:00:00-05:00,25.754628531764812,25.789319925057153,25.51641700335632,25.724563598632812,109705600
2016-11-25 00:00:00-05:00,25.701427375660643,25.87257106242575,25.65979806867414,25.854068756103516,45903600
2016-11-28 00:00:00-05:00,25.770817789935137,26.01134255007171,25.761566634028625,25.80319595336914,108776000
2016-11-29 00:00:00-05:00,25.62048013715665,25.909572035733483,25.456276150502244,25.777746200561523,114115200
2016-11-30 00:00:00-05:00,25.810135890339943,25.948899710795132,25.50254154927118,25.560359954833984,144649200
2016-12-01 00:00:00-05:00,25.525669277898107,25.657495166604416,25.215761719242625,25.322147369384766,148347600
2016-12-02 00:00:00-05:00,25.24813879291091,25.46091008400142,25.174131310597794,25.416969299316406,106112000
2016-12-05 00:00:00-05:00,25.440090059159797,25.44702798322323,25.035361353673164,25.234256744384766,137298000
2016-12-06 00:00:00-05:00,25.324453533759396,25.523348926415586,25.252759298433492,25.428525924682617,104782000
2016-12-07 00:00:00-05:00,25.268951222099787,25.715309291078377,25.24582421756523,25.67830467224121,119994800
2016-12-08 00:00:00-05:00,25.638989913605318,26.002089373449653,25.578858287124824,25.930395126342773,108273200
2016-12-09 00:00:00-05:00,25.974337684967768,26.527081452780674,25.974337684967768,26.353626251220703,137610400
2016-12-12 00:00:00-05:00,26.200981524401158,26.596459095739675,26.015961972726867,26.20329475402832,105497600
2016-12-13 00:00:00-05:00,26.328183008804647,26.80923246969987,26.307369233942307,26.640403747558594,174935200
2016-12-14 00:00:00-05:00,26.605712358310672,26.87398878857474,26.591836508402444,26.640403747558594,136127200
2016-12-15 00:00:00-05:00,26.684345169237044,26.9965659155044,26.64965554363169,26.78610610961914,186098000
2016-12-16 00:00:00-05:00,26.93643950159459,26.94337742805791,26.746795198860333,26.820802688598633,177404400
2016-12-19 00:00:00-05:00,26.781482904720658,27.146893842425094,26.769918519223733,26.975751876831055,111117600
2016-12-20 00:00:00-05:00,26.99887995962617,27.174648392216778,26.98500410805871,27.047447204589844,85700000
2016-12-21 00:00:00-05:00,27.012757554257927,27.151521363255224,27.008131094087396,27.072887420654297,95132800
2016-12-22 00:00:00-05:00,26.90867985059398,26.945684469202387,26.744475825593163,26.894804000854492,104343600
2016-12-23 00:00:00-05:00,26.732915428791696,26.947999954223633,26.732915428791696,26.947999954223633,56998000
2016-12-27 00:00:00-05:00,26.947996904491845,27.244028570582685,26.941058979372375,27.119140625,73187600
2016-12-28 00:00:00-05:00,27.179272370259127,27.294909168874806,26.873991292492835,27.00350570678711,83623600
2016-12-29 00:00:00-05:00,26.931804879947975,27.08444627379774,26.920242260838787,26.996562957763672,60158000
2016-12-30 00:00:00-05:00,26.978063605529947,27.10526301653017,26.695909554090427,26.78610610961914,122345200
2017-01-03 00:00:00-05:00,26.781481357443056,26.904056072927844,26.540956621718564,26.8624267578125,115127600
2017-01-04 00:00:00-05:00,26.793043229808333,26.945684635795736,26.76991622527376,26.832359313964844,84472400
2017-01-05 00:00:00-05:00,26.809231707837135,27.026629427433924,26.78379147407677,26.96881103515625,88774400
2017-01-06 00:00:00-05:00,27.008124258114727,27.327282878952225,26.93643002391598,27.26946449279785,127007600
2017-01-09 00:00:00-05:00,27.278716610806264,27.621002267452354,27.276405145552374,27.519241333007812,134247600
2017-01-10 00:00:00-05:00,27.468361231352766,27.609438250718505,27.359664135222648,27.546995162963867,97848400
2017-01-11 00:00:00-05:00,27.461424329619717,27.73664045379578,27.429046169655166,27.695011138916016,110354400
2017-01-12 00:00:00-05:00,27.49842701179773,27.59093678995442,27.338847688589375,27.57937240600586,108344800
2017-01-13 00:00:00-05:00,27.54699848379659,27.66494851319364,27.477615698391848,27.53080940246582,104447600
2017-01-17 00:00:00-05:00,27.36891174117045,27.808331850001558,27.341160043745184,27.752826690673828,137759200
2017-01-18 00:00:00-05:00,27.75282821386899,27.868464998093444,27.685758667281533,27.75051498413086,94852000
2017-01-19 00:00:00-05:00,27.61406864635956,27.773646233135334,27.607130720562036,27.70195198059082,102389200
2017-01-20 00:00:00-05:00,27.856899084972973,27.856899084972973,27.69038360698978,27.752826690673828,130391600
2017-01-23 00:00:00-05:00,27.752827571238708,27.940158592711846,27.699633875357176,27.771329879760742,88200800
2017-01-24 00:00:00-05:00,27.648751389269318,27.77595077287431,27.637187006906583,27.745885848999023,92844000
2017-01-25 00:00:00-05:00,27.84995910092151,28.238498716434865,27.817580946668485,28.187618255615234,129510400
2017-01-26 00:00:00-05:00,28.13905698953255,28.317138640153402,28.122867908974058,28.201501846313477,105350400
2017-01-27 00:00:00-05:00,28.247752278883326,28.296319514405013,28.122864345623032,28.20380973815918,82251600
2017-01-30 00:00:00-05:00,27.967919501774897,28.129810333251953,27.905476399484527,28.129810333251953,121510000
2017-01-31 00:00:00-05:00,28.01879611236668,28.074301280568644,27.896221390535164,28.06505012512207,196804000
2017-02-01 00:00:00-05:00,29.378681269570627,30.17888937327916,29.374056574547758,29.776472091674805,447940000
2017-02-02 00:00:00-05:00,29.59839605314981,29.924490911057177,29.55214027454333,29.725595474243164,134841600
2017-02-03 00:00:00-05:00,29.67471110345267,29.878232973641808,29.640021479649796,29.852792739868164,98029200
2017-02-06 00:00:00-05:00,29.864358538222525,30.181202213806927,29.81116307393313,30.132633209228516,107383600
2017-02-07 00:00:00-05:00,30.190439148482707,30.548913755659107,30.169625381802653,30.419401168823242,152735200
2017-02-08 00:00:00-05:00,30.377779651205625,30.5789864935313,30.347712962966977,30.537355422973633,92016400
2017-02-09 00:00:00-05:00,30.57916859352278,30.76499031269635,30.456062457724368,30.75802230834961,113399600
2017-02-10 00:00:00-05:00,30.767323506767436,30.878815150150498,30.672089363088674,30.68834686279297,80262000
2017-02-13 00:00:00-05:00,30.911322241304532,31.08320793370608,30.83467065729793,30.960098266601562,92141600
2017-02-14 00:00:00-05:00,31.00192468439117,31.378211236820885,30.95082360390617,31.361953735351562,132904800
2017-02-15 00:00:00-05:00,31.47807881503366,31.652286004872664,31.269028060674245,31.475753784179688,142492400
2017-02-16 00:00:00-05:00,31.51292329396582,31.566345847350487,31.320133551289572,31.438596725463867,90338400
2017-02-17 00:00:00-05:00,31.38052407872349,31.55008475578114,31.38052407872349,31.524534225463867,88792800
2017-02-21 00:00:00-05:00,31.642994712181377,31.763779362844527,31.584925645704512,31.752164840698242,98028800
2017-02-22 00:00:00-05:00,31.68946234033189,31.849733597060926,31.6151357475662,31.847412109375,83347600
2017-02-23 00:00:00-05:00,31.910115156813283,31.93334065729695,31.65925635950925,31.712678909301758,83152800
2017-02-24 00:00:00-05:00,31.568666952685003,31.742874145507812,31.422331776552433,31.742874145507812,87106400
2017-02-27 00:00:00-05:00,31.854373075270335,31.924056677260598,31.65461530650104,31.805593490600586,81029600
2017-02-28 00:00:00-05:00,31.840434502699683,31.92405410951117,31.752168377661185,31.819530487060547,93931600
2017-03-01 00:00:00-05:00,32.028570965729365,32.553513998326025,31.961212414814852,32.46989440917969,145658400
2017-03-02 00:00:00-05:00,32.51869218040904,32.58372928122936,32.23066820230748,32.27712631225586,104844000
2017-03-03 00:00:00-05:00,32.2352988151453,32.47918959499792,32.191165759026184,32.46757507324219,84432400
2017-03-06 00:00:00-05:00,32.37234352355386,32.465256160712165,32.1934933425017,32.36537551879883,87000000
2017-03-07 00:00:00-05:00,32.30033596237388,32.51402969503184,32.23762038014406,32.40718460083008,69785200
2017-03-08 00:00:00-05:00,32.27478531956515,32.47222155644039,32.24459181613751,32.286399841308594,74828800
2017-03-09 00:00:00-05:00,32.22600620169946,32.237617178075695,31.833458796471568,32.212066650390625,88623600
2017-03-10 00:00:00-05:00,32.34446684931008,32.37001737781938,32.20277819925927,32.31891632080078,78451200
2017-03-13 00:00:00-04:00,32.251560658800656,32.38627777291276,32.24459265442432,32.332855224609375,69686800
2017-03-14 00:00:00-04:00,32.35609322943191,32.43738781775444,32.249244558979825,32.284088134765625,61236400
2017-03-15 00:00:00-04:00,32.381646994529184,32.69289645473797,32.2933808468483,32.62553787231445,102767200
2017-03-16 00:00:00-04:00,32.6859192684714,32.7556028631629,32.57907061737712,32.678951263427734,76928000
2017-03-17 00:00:00-04:00,32.75096287108073,32.75096287108073,32.49313600032541,32.51636505126953,175540000
2017-03-20 00:00:00-04:00,32.61158751662396,32.86709283623294,32.57210097527615,32.85780334472656,86168000
2017-03-21 00:00:00-04:00,33.00878212232266,33.16905332177679,32.45596344461237,32.48151397705078,158119600
2017-03-22 00:00:00-04:00,32.48383128479084,32.89031467604866,32.46292373103604,32.84850311279297,103440800
2017-03-23 00:00:00-04:00,32.811345366901875,32.88567547622643,32.66036720568656,32.73237228393555,81385200
2017-03-24 00:00:00-04:00,32.86710092662643,32.922848522151284,32.59998456294617,32.66734313964844,89582400
2017-03-27 00:00:00-04:00,32.37699811128912,32.802064228565484,32.19814434140379,32.72309112548828,94300400
2017-03-28 00:00:00-04:00,32.73003953371945,33.457061614991076,32.662677452293565,33.40131759643555,133499200
2017-03-29 00:00:00-04:00,33.373456280125204,33.561603055774526,33.259643164185654,33.47565841674805,116760000
2017-03-30 00:00:00-04:00,33.49192029045283,33.56392537642871,33.33164907624582,33.43152618408203,84829200
2017-03-31 00:00:00-04:00,33.3827447550176,33.510497408339084,33.21782704904723,33.36880874633789,78646800
2017-04-03 00:00:00-04:00,33.380422565080316,33.47565313713689,33.227119384324254,33.37809753417969,79942800
2017-04-04 00:00:00-04:00,33.27357558333483,33.6545085232866,33.25499305647687,33.62663650512695,79565600
2017-04-05 00:00:00-04:00,33.49888145209529,33.78690528141063,33.40364733785542,33.45242691040039,110871600
2017-04-06 00:00:00-04:00,33.515140381729324,33.56856647400753,33.32002917170442,33.36880874633789,84596000
2017-04-07 00:00:00-04:00,33.38507462292604,33.48959825851866,33.2782295000555,33.29448699951172,66688800
2017-04-10 00:00:00-04:00,33.354881731007744,33.41991881855175,33.19228546789228,33.255001068115234,75733600
2017-04-11 00:00:00-04:00,33.201570622944516,33.29680474432891,32.53261383073849,32.89728927612305,121517600
2017-04-12 00:00:00-04:00,32.890324472515786,33.01807359812982,32.753278766153635,32.9367790222168,81400000
2017-04-13 00:00:00-04:00,32.96233100450836,33.07150115044273,32.7625732421875,32.7625732421875,71291600
2017-04-17 00:00:00-04:00,32.862442739816245,32.95535536603579,32.720754086053944,32.94374084472656,66328400
2017-04-18 00:00:00-04:00,32.846188634447294,32.992520276428316,32.77650504365628,32.79740905761719,58790000
2017-04-19 00:00:00-04:00,32.95535866036326,32.98323067888816,32.6232017478381,32.6766242980957,69313600
2017-04-20 00:00:00-04:00,32.80204905017512,33.19691792710027,32.78811304364013,33.085426330566406,93278400
2017-04-21 00:00:00-04:00,33.0854345716671,33.141178611692084,32.94839241426589,33.04594802856445,69283600
2017-04-24 00:00:00-04:00,33.33164009887406,33.43616369695351,33.257310001592785,33.364158630371094,68537200
2017-04-25 00:00:00-04:00,33.42688976319432,33.65684107713348,33.41759672458229,33.570899963378906,75486000
2017-04-26 00:00:00-04:00,33.5569476268563,33.58714467127322,33.30376738379543,33.37344741821289,80164800
2017-04-27 00:00:00-04:00,33.42920294149219,33.48495052654035,33.28751426405114,33.39900588989258,56985200
2017-04-28 00:00:00-04:00,33.46869537688325,33.51747496541928,33.27823063021915,33.366493225097656,83441600
2017-05-01 00:00:00-04:00,33.70329775019019,34.19107592893128,33.670779204940786,34.04706573486328,134411600
2017-05-02 00:00:00-04:00,34.27004860337176,34.39780129534314,34.10745587916072,34.26308059692383,181408800
2017-05-03 00:00:00-04:00,33.817100059822096,34.25842708320727,33.51049723766659,34.158546447753906,182788000
2017-05-04 00:00:00-04:00,34.033128494346656,34.17713868322075,33.86821074236545,34.03544998168945,93487600
2017-05-05 00:00:00-04:00,34.088873266527145,34.604527007987045,34.088873266527145,34.599884033203125,109310800
2017-05-08 00:00:00-04:00,34.61612987958939,35.700859561383574,34.61612987958939,35.54058837890625,195009600
2017-05-09 00:00:00-04:00,35.74034724734574,35.974948539944435,35.64279164275939,35.76822280883789,156521600
2017-05-10 00:00:00-04:00,35.68460796843865,35.75661305206817,35.3315470112741,35.598663330078125,103222800
2017-05-11 00:00:00-04:00,35.5566872963806,35.93453054668284,35.52403452747892,35.90653991699219,109020400
2017-05-12 00:00:00-04:00,36.08145076459176,36.4826152156848,36.07445399988878,36.407981872558594,130108000
2017-05-15 00:00:00-04:00,36.38699956308206,36.536269855572776,36.16309590378823,36.314697265625,104038800
2017-05-16 00:00:00-04:00,36.37067192914475,36.39865899450321,36.08612490171975,36.261051177978516,80194000
2017-05-17 00:00:00-04:00,35.82490652962704,36.05114482184361,34.91762229136638,35.0435676574707,203070800
2017-05-18 00:00:00-04:00,35.281465115824645,35.76425979278485,35.24881235293306,35.57767105102539,134272800
2017-05-19 00:00:00-04:00,35.77358099078074,35.91351983805064,35.59865476253094,35.698944091796875,107843200
2017-05-22 00:00:00-04:00,35.91819029123289,36.05346701939579,35.66396499330366,35.91585922241211,91865600
2017-05-23 00:00:00-04:00,36.128104092161195,36.128104092161195,35.75726125507331,35.87154769897461,79675600
2017-05-24 00:00:00-04:00,35.88086537422848,35.95783333805575,35.607980898231645,35.76424789428711,76712000
2017-05-25 00:00:00-04:00,35.855225651128364,35.99983381189408,35.69196181692643,35.88787841796875,76942400
2017-05-26 00:00:00-04:00,35.91819387830616,35.97417156554854,35.75726114150789,35.827232360839844,87710400
2017-05-30 00:00:00-04:00,35.78291972459435,36.0184858358688,35.76192942494188,35.84122848510742,80507600
2017-05-31 00:00:00-04:00,35.9111908114156,35.95783709649117,35.54034804057223,35.62897491455078,97804800
2017-06-01 00:00:00-04:00,35.72460527148131,35.76192372639533,35.50303272861537,35.72693634033203,65616400
2017-06-02 00:00:00-04:00,35.820237422715024,36.256385803222656,35.65930467770429,36.256385803222656,111082800
2017-06-05 00:00:00-04:00,35.99748265590717,36.02313864370829,35.79223831238126,35.90185546875,101326800
2017-06-06 00:00:00-04:00,35.89487141328196,36.34035119605848,35.866884347183934,36.02315139770508,106499600
2017-06-07 00:00:00-04:00,36.1560941816609,36.379997810268655,36.03014527654552,36.23772430419922,84278400
2017-06-08 00:00:00-04:00,36.20972962512644,36.277366201512734,36.01147847415699,36.14908981323242,85003200
2017-06-09 00:00:00-04:00,36.19574762712683,36.19574762712683,34.0569826664801,34.74735641479492,259530800
2017-06-12 00:00:00-04:00,33.99167870554587,34.07330884068668,33.238326904225964,33.91704177856445,289229200
2017-06-13 00:00:00-04:00,34.322860349608284,34.3904969275817,33.854055764326404,34.18991470336914,136661600
2017-06-14 00:00:00-04:00,34.40216480385266,34.40216480385266,33.548523792553745,33.85639572143555,126124800
2017-06-15 00:00:00-04:00,33.427245827433296,33.69779575440227,33.16835480472434,33.653480529785156,128661600
2017-06-16 00:00:00-04:00,33.534533788120235,33.7024633017393,33.166021997616426,33.182350158691406,201444400
2017-06-19 00:00:00-04:00,33.50654649004962,34.22491083580309,33.50654649004962,34.131614685058594,130165600
2017-06-20 00:00:00-04:00,34.25523230374969,34.25523230374969,33.80509034384378,33.821414947509766,99600400
2017-06-21 00:00:00-04:00,33.94037302349781,34.06865304131427,33.7281282266456,34.022003173828125,85063200
2017-06-22 00:00:00-04:00,33.99867525708133,34.21558215183762,33.847070334693015,33.96602249145508,76425200
2017-06-23 00:00:00-04:00,33.84940349510965,34.32287035560128,33.84473779768407,34.11762237548828,141757600
2017-06-26 00:00:00-04:00,34.325199172210205,34.584090199631795,33.907710031570986,34.01033401489258,102769600
2017-06-27 00:00:00-04:00,33.82140195973156,34.08962431247457,33.497205491474574,33.52286148071289,99047600
2017-06-28 00:00:00-04:00,33.700123150088345,34.07796267445838,33.38992020322427,34.012657165527344,88329600
2017-06-29 00:00:00-04:00,33.751442936918934,33.84940122297442,33.18467996038145,33.511207580566406,125997600
2017-06-30 00:00:00-04:00,33.69079302837997,33.80974514896936,33.53452601476821,33.59050369262695,92096400
2017-07-03 00:00:00-04:00,33.79109616909267,33.889054465885614,33.37593805268634,33.46923065185547,57111200
2017-07-05 00:00:00-04:00,33.51354182374923,33.77009821983891,33.28730356133165,33.606834411621094,86278400
2017-07-06 00:00:00-04:00,33.357278678447365,33.469230508748545,33.21500515204783,33.28963851928711,96515200
2017-07-07 00:00:00-04:00,33.32926721708343,33.760753224157526,33.32926721708343,33.6278076171875,76806800
2017-07-10 00:00:00-04:00,33.6115114662158,34.04066320965396,33.43891620555934,33.83308410644531,84362400
2017-07-11 00:00:00-04:00,33.75609548979722,34.017321070651946,33.67446538737266,33.942684173583984,79127200
2017-07-12 00:00:00-04:00,34.02199446601031,34.09429675966899,33.77710051881395,33.991676330566406,99538000
2017-07-13 00:00:00-04:00,33.935693026980395,34.63306696900789,33.92169949618447,34.46513748168945,100797600
2017-07-14 00:00:00-04:00,34.51178529538644,34.828985056681574,34.36251502882896,34.76134490966797,80528400
2017-07-17 00:00:00-04:00,34.71003775557269,35.19516347053881,34.65172899994961,34.88262939453125,95174000
2017-07-18 00:00:00-04:00,34.79866212094298,35.015572526753076,34.67504785269563,35.003910064697266,71475200
2017-07-19 00:00:00-04:00,35.097195660320445,35.31643709136719,34.9735814166678,35.22314453125,83692000
2017-07-20 00:00:00-04:00,35.33510578642444,35.3910834728289,35.02956847742862,35.064552307128906,68974800
2017-07-21 00:00:00-04:00,34.98292369335009,35.087878745860664,34.724032665752446,35.0482292175293,105010400
2017-07-24 00:00:00-04:00,35.120537423786466,35.554354798270296,34.96193572486138,35.472721099853516,85972800
2017-07-25 00:00:00-04:00,35.40507568753344,35.88087354817621,35.40507568753344,35.62431716918945,75415600
2017-07-26 00:00:00-04:00,35.76659558959771,35.90186878393733,35.69895543354355,35.79225158691406,63124000
2017-07-27 00:00:00-04:00,35.859880182627116,35.91585786215905,34.35551518918142,35.11585998535156,129905200
2017-07-28 00:00:00-04:00,34.959602429214975,35.03890149418559,34.79633860166238,34.8686408996582,68854800
2017-07-31 00:00:00-04:00,34.96191797581294,35.06221085606334,34.54909467205203,34.68903350830078,79383600
2017-08-01 00:00:00-04:00,34.7753489436117,35.03657107252493,34.614416182447435,34.99692153930664,141474400
2017-08-02 00:00:00-04:00,37.14966977529032,37.25929050781743,36.42197772862828,36.65054702758789,279747200
2017-08-03 00:00:00-04:00,36.62956492560746,36.666883387343745,36.15609806384208,36.28437805175781,108389200
2017-08-04 00:00:00-04:00,36.40099453671163,36.71119400924941,36.31236408233838,36.47562789916992,82239600
2017-08-07 00:00:00-04:00,36.63190433923701,37.06572176880817,36.5409427923375,37.04006576538086,87481200
2017-08-08 00:00:00-04:00,36.99107114300732,37.74441917044071,36.91410316860573,37.33625793457031,144823600
2017-08-09 00:00:00-04:00,37.145018359305624,37.613823157884966,37.1100345201064,37.564842224121094,104526000
2017-08-10 00:00:00-04:00,37.440728471342105,37.464144991105265,36.20675576815626,36.36832046508789,163217200
2017-08-11 00:00:00-04:00,36.6680454806144,37.12932320438319,36.543945745068534,36.87409591674805,105028400
2017-08-14 00:00:00-04:00,37.304931652458066,37.513325858303155,37.17146389389772,37.42903137207031,88490800
2017-08-15 00:00:00-04:00,37.61869224499559,37.979283133641594,37.49693275136996,37.83879470825195,117862000
2017-08-16 00:00:00-04:00,37.91839129839005,38.05185543231681,37.49925925312305,37.686580657958984,110686400
2017-08-17 00:00:00-04:00,37.58590843486046,37.630397683396566,36.95838208205472,36.96306610107422,111762400
2017-08-18 00:00:00-04:00,36.96306339277487,37.347070748465406,36.696131493976075,36.87876892089844,109712400
2017-08-21 00:00:00-04:00,36.878761860114345,36.97008055609171,36.31914142623077,36.81085968017578,105474000
2017-08-22 00:00:00-04:00,37.04970869774474,37.46415693423059,37.000538992570405,37.41264343261719,86418400
2017-08-23 00:00:00-04:00,37.24639039453034,37.574200269537975,37.2019011458808,37.45946502685547,77596400
2017-08-24 00:00:00-04:00,37.56483673247055,37.63742653114675,37.124635357981305,37.2932243347168,79275600
2017-08-25 00:00:00-04:00,37.382188892177666,37.59526706374091,37.29321398177759,37.43136215209961,101920400
2017-08-28 00:00:00-04:00,37.496924671522244,37.93244548481785,37.44775141087278,37.808345794677734,103864000
2017-08-29 00:00:00-04:00,37.487574625153755,38.1947080367788,37.46415809719879,38.145538330078125,118067600
2017-08-30 00:00:00-04:00,38.353929079627655,38.375001809154966,38.07528885745466,38.24856185913086,109078400
2017-08-31 00:00:00-04:00,38.31645854242556,38.522512506830246,38.27899353565022,38.400753021240234,107140400
2017-09-01 00:00:00-04:00,38.588069690435994,38.62085067407879,38.31411356152278,38.41245651245117,66364400
2017-09-05 00:00:00-04:00,38.34221494505546,38.459290410536546,37.59527290362859,37.9511833190918,117874000
2017-09-06 00:00:00-04:00,38.09871374103472,38.16427574029781,37.585922439550544,37.91139221191406,86606800
2017-09-07 00:00:00-04:00,37.95351236172018,37.988637134733146,37.54843237088592,37.7591667175293,87714000
2017-09-08 00:00:00-04:00,37.66551953714924,37.73342173622317,37.11994742999896,37.14336395263672,114446000
2017-09-11 00:00:00-04:00,37.58121776285555,37.94415235613406,37.438385577353394,37.81536865234375,126323200
2017-09-12 00:00:00-04:00,38.07529927721579,38.39140459807238,37.17616017605469,37.66553497314453,286856000
2017-09-13 00:00:00-04:00,37.43370800943548,37.45478430849398,36.97477418775993,37.38219451904297,179629600
2017-09-14 00:00:00-04:00,37.22766156111725,37.32366073713746,37.016923558244066,37.0614128112793,95042800
2017-09-15 00:00:00-04:00,37.10589675874661,37.691274061594434,36.995845539982454,37.43605041503906,196458400
2017-09-18 00:00:00-04:00,37.489914656622375,37.58123339860175,36.995855931333814,37.15273666381836,113077600
2017-09-19 00:00:00-04:00,37.34940834915841,37.41028986909778,37.09886874688678,37.166770935058594,83242400
2017-09-20 00:00:00-04:00,36.97242688525048,37.05672135491078,36.019434549093084,36.5439338684082,211805600
2017-09-21 00:00:00-04:00,36.480720848046396,36.480720848046396,35.76655969440442,35.91641616821289,150046800
2017-09-22 00:00:00-04:00,35.48321987236257,35.654152573198914,35.253753029186804,35.5651741027832,186581600
2017-09-25 00:00:00-04:00,35.12029893421716,35.551135783726636,34.92595323547048,35.25142288208008,177549200
2017-09-26 00:00:00-04:00,35.539426612823846,36.04050944239013,35.51835388735533,35.857872009277344,146640000
2017-09-27 00:00:00-04:00,36.012411152165626,36.227829563491326,35.95152962812486,36.113094329833984,102016800
2017-09-28 00:00:00-04:00,36.033476243143774,36.124794936999606,35.75483614390559,35.89064407348633,88022000
2017-09-29 00:00:00-04:00,35.874251502357474,36.0896698448166,35.59092741600141,36.08732604980469,105199200
2017-10-02 00:00:00-04:00,36.1201148049731,36.164604045483955,35.759524008429665,36.014747619628906,74795200
2017-10-03 00:00:00-04:00,36.06158725421008,36.31447071407902,36.038174302451495,36.17163848876953,64921200
2017-10-04 00:00:00-04:00,35.97260570698351,36.02645941627269,35.698649569043745,35.93748092651367,80655200
2017-10-05 00:00:00-04:00,36.1013804569606,36.39641284825127,36.07094327253164,36.38470458984375,85135200
2017-10-06 00:00:00-04:00,36.28636959656285,36.40812907951876,36.19036685860031,36.36363983154297,69630400
2017-10-09 00:00:00-04:00,36.48306135867127,36.698479818163094,36.40813490760725,36.49008560180664,65051600
2017-10-10 00:00:00-04:00,36.5415963262569,36.99584973645066,36.31681341726736,36.50413131713867,62468000
2017-10-11 00:00:00-04:00,36.52051833510933,36.75700947197267,36.46900484821087,36.65632629394531,67622400
2017-10-12 00:00:00-04:00,36.60950018550368,36.84833156719553,36.464324175985006,36.52754592895508,64500400
2017-10-13 00:00:00-04:00,36.69846830444545,36.82725200962317,36.623541876888716,36.75934982299805,65576800
2017-10-16 00:00:00-04:00,36.97242901872474,37.46414738226071,36.913891288439956,37.43605041503906,96486000
2017-10-17 00:00:00-04:00,37.412627368056654,37.66785097009446,37.28384366932142,37.57419204711914,75989200
2017-10-18 00:00:00-04:00,37.5624956569895,37.63040143453255,37.37049373236641,37.407955169677734,65496800
2017-10-19 00:00:00-04:00,36.70315869928553,36.780428935816666,36.29807858613113,36.52286148071289,170336800
2017-10-20 00:00:00-04:00,36.67037693539485,36.93730885009765,36.518180261511354,36.586082458496094,95896400
2017-10-23 00:00:00-04:00,36.73594509178926,36.92326658007386,36.4104753903781,36.56735610961914,87937200
2017-10-24 00:00:00-04:00,36.595441434715895,36.860033086685576,36.57436871186674,36.78510665893555,71028800
2017-10-25 00:00:00-04:00,36.74061058077133,36.89046698124431,36.35660333125569,36.62353515625,84828400
2017-10-26 00:00:00-04:00,36.81554751044976,36.956039489148395,36.710180312855506,36.857696533203125,68002000
2017-10-27 00:00:00-04:00,37.29788941814448,38.30708263949622,37.15974126637561,38.17829895019531,177816800
2017-10-30 00:00:00-04:00,38.37499962026868,39.35375246363459,38.335194386923035,39.03764724731445,178803200
2017-10-31 00:00:00-04:00,39.31393587613272,39.72369996359093,39.08915300609971,39.580867767333984,144187200
2017-11-01 00:00:00-04:00,39.77522247442673,39.79161475661711,38.7777406699895,39.07745361328125,134551200
2017-11-02 00:00:00-04:00,39.00955056192725,39.4544359476229,38.70046958611845,39.36311721801758,165573600
2017-11-03 00:00:00-04:00,40.7422595480214,40.80313750019709,40.06790376391154,40.39103317260742,237594400
2017-11-06 00:00:00-05:00,40.360599196993,40.974077132087565,40.20840250453117,40.800804138183594,140105200
2017-11-07 00:00:00-05:00,40.721192302831795,41.03495371627154,40.64860608046916,40.93192672729492,97446000
2017-11-08 00:00:00-05:00,40.89679153485457,41.26675033569336,40.81952131953457,41.26675033569336,97638000
2017-11-09 00:00:00-05:00,41.00217878634495,41.23398954580295,40.54090106389023,41.18247604370117,117930400
2017-11-10 00:00:00-05:00,41.14956280531854,41.213011824384324,40.9521698412286,41.046165466308594,100582000
2017-11-13 00:00:00-05:00,40.7712250723558,41.006217724069664,40.747724372903086,40.88167190551758,67928400
2017-11-14 00:00:00-05:00,40.66313201337438,40.76652936690712,40.22604548252473,40.26364517211914,99130000
2017-11-15 00:00:00-05:00,39.94171403146224,40.02396292006309,39.56807645669611,39.73257064819336,116632400
2017-11-16 00:00:00-05:00,40.22604876306774,40.38819430017624,40.019257624841636,40.207252502441406,94550000
2017-11-17 00:00:00-05:00,40.193140656808716,40.27538951731827,39.864152386176976,39.9839973449707,87598000
2017-11-20 00:00:00-05:00,40.016908448305806,40.08035748628636,39.845364767829516,39.944061279296875,65049600
2017-11-21 00:00:00-05:00,40.132054936494036,40.818233222992426,40.132054936494036,40.68663787841797,100525200
2017-11-22 00:00:00-05:00,40.73834048330949,41.12372842339196,40.66549330952936,41.11433029174805,102355600
2017-11-24 00:00:00-05:00,41.1472150788671,41.241210706024,41.04146551618642,41.11666488647461,56106800
2017-11-27 00:00:00-05:00,41.13547234402277,41.142521838079375,40.73363325427664,40.90987777709961,82867200
2017-11-28 00:00:00-05:00,40.95921739960652,41.093161338305435,40.385834790866966,40.6701774597168,105715200
2017-11-29 00:00:00-05:00,40.56679011534211,40.63493641923287,39.28137978588309,39.826560974121094,166665600
2017-11-30 00:00:00-05:00,40.04980633777536,40.45164545453787,39.58217313396247,40.38349914550781,166108800
2017-12-01 00:00:00-05:00,39.937013613141005,40.34120139424912,39.596274872918514,40.19550704956055,159037200
2017-12-04 00:00:00-05:00,40.531531049389436,40.56442987678386,39.861804151923685,39.90175247192383,130169600
2017-12-05 00:00:00-05:00,39.727866245499925,40.30594987913818,39.57277019919403,39.86416244506836,109400800
2017-12-06 00:00:00-05:00,39.36126124355027,39.99574055839534,39.116870512642734,39.71609878540039,114240000
2017-12-07 00:00:00-05:00,39.72081343093144,40.052153978787125,39.692615456034396,39.788963317871094,102693200
2017-12-08 00:00:00-05:00,40.06391068853636,40.18375568657255,39.671473270887695,39.800716400146484,93420800
2017-12-11 00:00:00-05:00,39.760754740945146,40.62787817305208,39.66440689611033,40.57617950439453,141095200
2017-12-12 00:00:00-05:00,40.453985880883515,40.510385411386146,40.29184395388251,40.34823989868164,77636800
2017-12-13 00:00:00-05:00,40.536232669999265,40.78062345157559,40.41873634341956,40.48218536376953,95273600
2017-12-14 00:00:00-05:00,40.51274069112183,40.68428794656163,40.336496163314095,40.47044372558594,81906000
2017-12-15 00:00:00-05:00,40.80177526450366,40.92866971871969,40.52683429228283,40.88167190551758,160677200
2017-12-18 00:00:00-05:00,41.09552553056745,41.640706743362294,41.09082467245511,41.45741271972656,117684400
2017-12-19 00:00:00-05:00,41.130772715873974,41.21537023278659,40.90987900028526,41.015625,109745600
2017-12-20 00:00:00-05:00,41.09315992460056,41.222406587813175,40.712473012686104,40.97096633911133,93902400
2017-12-21 00:00:00-05:00,40.92867512230283,41.36341301965081,40.91222749907709,41.126068115234375,83799600
2017-12-22 00:00:00-05:00,41.048520099646176,41.22241597572612,41.006223137891034,41.126068115234375,65397600
2017-12-26 00:00:00-05:00,40.13675758811327,40.294202281385836,39.87356330150005,40.08271026611328,132742000
2017-12-27 00:00:00-05:00,39.972244448018806,40.13203770189235,39.880597473426,40.08974075317383,85992800
2017-12-28 00:00:00-05:00,40.183752948541546,40.383498184029406,40.06155573674765,40.202552795410156,65920800
2017-12-29 00:00:00-05:00,40.07094570366615,40.08739332378841,39.76545455660781,39.76780319213867,103999600
2018-01-02 00:00:00-05:00,39.986356829367864,40.48924104050735,39.774861257800275,40.47983932495117,102223600
2018-01-03 00:00:00-05:00,40.54328828814392,41.01797452323995,40.40934432017212,40.4727897644043,118071600
2018-01-04 00:00:00-05:00,40.545630356009404,40.76417538562877,40.43753574472939,40.6607780456543,89738400
2018-01-05 00:00:00-05:00,40.75712269982855,41.210656758807595,40.665475716704634,41.12371063232422,94640000
2018-01-08 00:00:00-05:00,40.97096633911133,41.2670557610778,40.87226627941955,40.97096633911133,82271200
2018-01-09 00:00:00-05:00,41.017976757349864,41.13782174424207,40.750085221111235,40.966278076171875,86336000
2018-01-10 00:00:00-05:00,40.69133554284617,40.959227069190455,40.653735851431975,40.95687484741211,95839600
2018-01-11 00:00:00-05:00,41.027372446778855,41.23886801693427,41.00387532945304,41.189517974853516,74670800
2018-01-12 00:00:00-05:00,41.401008705572366,41.67830193296904,41.2764628718352,41.61485290527344,101672400
2018-01-16 00:00:00-05:00,41.805201614392985,42.15534204264124,41.3916157362433,41.40336608886719,118263600
2018-01-17 00:00:00-05:00,41.393961226031564,42.12244000488861,41.14017227430858,42.08719253540039,137547200
2018-01-18 00:00:00-05:00,42.15063189805174,42.322179120016855,41.8874412686416,42.12478256225586,124773600
2018-01-19 00:00:00-05:00,41.97203411210254,42.19997725182041,41.69004367106382,41.93678665161133,129700400
2018-01-22 00:00:00-05:00,41.66420656570535,41.77700205808335,41.49971239229909,41.59370803833008,108434400
2018-01-23 00:00:00-05:00,41.664204031032014,42.16708823668298,41.55140854551602,41.60310363769531,130756400
2018-01-24 00:00:00-05:00,41.65244954054597,41.664199890843385,40.70072853771156,40.94042205810547,204420400
2018-01-25 00:00:00-05:00,41.008572237319115,41.11196959260525,40.07330235344657,40.209598541259766,166116000
2018-01-26 00:00:00-05:00,40.41873655870212,40.41873655870212,39.962850235432136,40.3035888671875,156572000
2018-01-29 00:00:00-05:00,39.98635497038947,39.98635497038947,39.26022845555082,39.4693717956543,202561600
2018-01-30 00:00:00-05:00,38.898327284716245,39.33071283586567,38.70328298392865,39.236717224121094,184192800
2018-01-31 00:00:00-05:00,39.21323040732901,39.582170664698516,39.12628425640672,39.344825744628906,129915600
2018-02-01 00:00:00-05:00,39.28372494288654,39.624463603571364,39.18737708582906,39.42707061767578,188923200
2018-02-02 00:00:00-05:00,39.00878354842047,39.19677840314394,37.62232821802913,37.71632385253906,346375200
2018-02-05 00:00:00-05:00,37.387336929885954,38.51060165666252,36.658858185507825,36.77400588989258,290954000
2018-02-06 00:00:00-05:00,36.383905761678854,38.47298989388272,36.18886146764038,38.31084442138672,272975200
2018-02-07 00:00:00-05:00,38.32495890960423,38.397806073513465,37.38029082924668,37.4907341003418,206434400
2018-02-08 00:00:00-05:00,37.666976346465475,37.83382273249862,36.430916099598726,36.45911407470703,217562000
2018-02-09 00:00:00-05:00,37.06077669019042,37.25425438426023,35.44923304181064,36.90504837036133,282690400
2018-02-12 00:00:00-05:00,37.39819763005348,38.66997215623607,37.1646050679829,38.39155197143555,243278000
2018-02-13 00:00:00-05:00,38.21222753787818,38.872890432207946,38.14144158485657,38.77614974975586,130196800
2018-02-14 00:00:00-05:00,38.46941391952456,39.53119243870084,38.43166453064394,39.49108123779297,162579600
2018-02-15 00:00:00-05:00,40.062081842285394,40.840720145877995,39.87568230794668,40.8171272277832,204588800
2018-02-16 00:00:00-05:00,40.668475247310404,41.24891573116311,40.5292651557663,40.68498992919922,160704400
2018-02-20 00:00:00-05:00,40.5953347328144,41.11678397015366,40.4466845808386,40.54814529418945,135722000
2018-02-21 00:00:00-05:00,40.779373483994476,41.08374840414565,40.349941338929334,40.36410140991211,149886400
2018-02-22 00:00:00-05:00,40.53633895124801,41.04363161587473,40.515104248149626,40.70150375366211,123967600
2018-02-23 00:00:00-05:00,40.977572424114385,41.44475397061122,40.946897669942075,41.40936279296875,135249600
2018-02-26 00:00:00-05:00,41.609917618461125,42.327206338725816,41.576884656350046,42.22810745239258,152648800
2018-02-27 00:00:00-05:00,42.25878563864765,42.584395262979314,42.03699133201746,42.09125900268555,155712400
2018-02-28 00:00:00-05:00,42.29653731490885,42.6174305332886,42.011038875219455,42.02755355834961,151128400
2018-03-01 00:00:00-05:00,42.12664202678516,42.41922223002317,40.73925417349075,41.291378021240234,195208000
2018-03-02 00:00:00-05:00,40.772296004336106,41.59812374446892,40.689711790193535,41.57688903808594,153816000
2018-03-05 00:00:00-05:00,41.34094423588205,41.937899514940796,41.178137596079885,41.7208251953125,113605600
2018-03-06 00:00:00-05:00,41.97799355014505,42.05821593104136,41.5580015556617,41.6854133605957,95154000
2018-03-07 00:00:00-05:00,41.277227209390716,41.49194326859992,41.119140629629214,41.2984619140625,126814000
2018-03-08 00:00:00-05:00,41.404640537140025,41.79159965990496,41.30790345669109,41.74913024902344,95096400
2018-03-09 00:00:00-05:00,41.98979370581474,42.471131613290154,41.85530006088455,42.46641159057617,128740800
2018-03-12 00:00:00-04:00,42.53956074106664,43.03505877492221,42.520687848637365,42.87697219848633,128828400
2018-03-13 00:00:00-04:00,43.082251622332656,43.29696769404827,42.29181867748533,42.46406173706055,126774000
2018-03-14 00:00:00-04:00,42.546654190683164,42.593843635284024,41.95441531992231,42.103065490722656,117473600
2018-03-15 00:00:00-04:00,42.117204351449764,42.5277599084707,42.015747268001554,42.15259552001953,90975200
2018-03-16 00:00:00-04:00,42.152606201744995,42.263503358462046,41.90957718178804,42.00395965576172,157618800
2018-03-19 00:00:00-04:00,41.83878888337092,41.87418005588159,40.97520827088329,41.36216735839844,133787200
2018-03-20 00:00:00-04:00,41.34801483154297,41.7160974620381,41.277228879450114,41.34801483154297,78597600
2018-03-21 00:00:00-04:00,41.30082102199341,41.31261928050812,40.40892740319114,40.41128921508789,148219600
2018-03-22 00:00:00-04:00,40.111635863222695,40.743982276911176,39.78130618447849,39.840293884277344,165963200
2018-03-23 00:00:00-04:00,39.731758024582696,40.09276248742057,38.917728424072266,38.917728424072266,164115200
2018-03-26 00:00:00-04:00,39.656256315308354,40.84308865995562,39.271655323988576,40.76522445678711,150164800
2018-03-27 00:00:00-04:00,40.9799318090033,41.326779761121884,39.384905751877014,39.71995544433594,163690400
2018-03-28 00:00:00-04:00,39.46277674657825,40.116361560875376,38.97671860754518,39.28109359741211,166674000
2018-03-29 00:00:00-04:00,39.59490019589132,40.52454685406839,39.38018411995231,39.58782196044922,153594000
2018-04-02 00:00:00-04:00,39.318841140039666,39.861528699718626,38.80682833644242,39.328277587890625,150347200
2018-04-03 00:00:00-04:00,39.55478361097221,39.81668908765055,38.90356083667704,39.731746673583984,121112000
2018-04-04 00:00:00-04:00,38.90356460438284,40.58589116765485,38.877609875339886,40.491512298583984,138422000
2018-04-05 00:00:00-04:00,40.72038744410746,41.109704804360064,40.60241205005233,40.77229690551758,107732800
2018-04-06 00:00:00-04:00,40.34050465406206,40.69678903141309,39.686919993319535,39.729393005371094,140021200
2018-04-09 00:00:00-04:00,40.083317146678915,40.840717086835404,40.07623891174833,40.12342834472656,116070800
2018-04-10 00:00:00-04:00,40.81948749052326,41.05543828526616,40.47263953422531,40.878475189208984,113634400
2018-04-11 00:00:00-04:00,40.63778855096588,41.03654581490456,40.512734966458986,40.687339782714844,89726400
2018-04-12 00:00:00-04:00,40.91622359153307,41.29138444902093,40.82891935904978,41.08846664428711,91557200
2018-04-13 00:00:00-04:00,41.239478465771256,41.48958572516423,41.02004596094194,41.22768020629883,100497200
2018-04-16 00:00:00-04:00,41.29845257436394,41.572156262644945,41.251263152324285,41.48485565185547,86313600
2018-04-17 00:00:00-04:00,41.642952396895254,42.22103105921441,41.6240759033909,42.05586624145508,106421600
2018-04-18 00:00:00-04:00,41.9544009527617,42.19271350692094,41.734968490365986,41.96147918701172,83018000
2018-04-19 00:00:00-04:00,40.998807645922376,41.38340858264556,40.73926393919508,40.77229690551758,139235200
2018-04-20 00:00:00-04:00,40.25320174368442,40.39949006513445,39.0333331265762,39.10176086425781,261964400
2018-04-23 00:00:00-04:00,39.363659472496906,39.38489417344767,38.71715319663589,38.98849868774414,146062000
2018-04-24 00:00:00-04:00,39.08996446239895,39.245692837977245,38.03998423370853,38.44581985473633,134768000
2018-04-25 00:00:00-04:00,38.37030569735446,39.030968446557296,38.32075806134959,38.61333465576172,113528400
2018-04-26 00:00:00-04:00,38.72423673633751,39.10411759568304,38.54727367018877,38.747833251953125,111852000
2018-04-27 00:00:00-04:00,38.695925587649484,38.77378977239509,37.90077265907979,38.299530029296875,142623200
2018-04-30 00:00:00-04:00,38.25469785272939,39.4651228027348,38.18627011618109,38.993221282958984,169709600
2018-05-01 00:00:00-04:00,39.26456858467441,39.922869650255635,38.99558485030573,39.89927673339844,214277600
2018-05-02 00:00:00-04:00,41.34565033529137,41.940247253815606,41.00824247935094,41.661827087402344,266157600
2018-05-03 00:00:00-04:00,41.49902240977298,41.88126150350442,41.15925272631259,41.73733139038086,136272800
2018-05-04 00:00:00-04:00,42.0582189761131,43.473923401676515,42.03934248506688,43.37482452392578,224805200
2018-05-07 00:00:00-04:00,43.69335320201795,44.28087179900951,43.591896119178095,43.688636779785156,169805600
2018-05-08 00:00:00-04:00,43.64852486313285,43.938743239806286,43.337068185475694,43.89863204956055,113611200
2018-05-09 00:00:00-04:00,44.016617418934416,44.21717341577107,43.70280245883616,44.20773696899414,92844800
2018-05-10 00:00:00-04:00,44.297415243215724,44.91796354966049,44.27617692981336,44.8400993347168,111957200
2018-05-11 00:00:00-04:00,44.88272478303111,45.01773347087515,44.39952704477328,44.66954803466797,104848800
2018-05-14 00:00:00-04:00,44.76903081192664,44.89219936371079,44.496642506114725,44.565330505371094,83115200
2018-05-15 00:00:00-04:00,44.240825320683086,44.30951692289556,43.84290122284064,44.16029357910156,94780800
2018-05-16 00:00:00-04:00,44.07265721931516,44.638753955533424,44.05607524112585,44.57242965698242,76732400
2018-05-17 00:00:00-04:00,44.529793398825596,44.745337415133605,44.14134215417004,44.290565490722656,69176000
2018-05-18 00:00:00-04:00,44.33793601130118,44.484788425824675,44.08686435516519,44.12949752807617,73190800
2018-05-21 00:00:00-04:00,44.52979119295541,44.83060515607693,44.27161401568224,44.44215393066406,73603200
2018-05-22 00:00:00-04:00,44.6198036736102,44.73823398074754,44.240825245088246,44.330833435058594,60962800
2018-05-23 00:00:00-04:00,44.13898553120973,44.64823450561759,43.99923499471324,44.615074157714844,80233600
2018-05-24 00:00:00-04:00,44.7121865681853,44.72876493454094,44.10582387356602,44.565330505371094,92936000
2018-05-25 00:00:00-04:00,44.58428405473451,44.92062578112492,44.44690442887807,44.66718673706055,69844000
2018-05-29 00:00:00-04:00,44.435055847043465,44.70744412716881,44.26214498408461,44.50611114501953,90056400
2018-05-30 00:00:00-04:00,44.46347513370029,44.52979581705729,44.24082557634202,44.4113655090332,74762000
2018-05-31 00:00:00-04:00,44.34504866456986,44.58427660637395,44.08923874338795,44.26214599609375,109931200
2018-06-01 00:00:00-04:00,44.52741985761043,45.065090749309014,44.470572019693655,45.06035614013672,93770000
2018-06-04 00:00:00-04:00,45.391961853466896,45.81357340088076,45.32327387484121,45.43696594238281,105064800
2018-06-05 00:00:00-04:00,45.730688562081966,45.936756176135674,45.56251590616901,45.787532806396484,86264000
2018-06-06 00:00:00-04:00,45.86331373683474,45.96990027144925,45.458280568252995,45.94621276855469,83734400
2018-06-07 00:00:00-04:00,45.98412257565429,45.998333635184984,45.55777271870154,45.82305908203125,85388800
2018-06-08 00:00:00-04:00,45.28064549265618,45.47724024617513,44.949042061543686,45.40618133544922,106627200
2018-06-11 00:00:00-04:00,45.32326748989257,45.47011987370444,45.05324660864213,45.29484176635742,73234000
2018-06-12 00:00:00-04:00,45.33275042239878,45.62172064565773,45.275902576867104,45.543556213378906,67644400
2018-06-13 00:00:00-04:00,45.576715856033054,45.685673321417624,45.10773288373838,45.169315338134766,86553600
2018-06-14 00:00:00-04:00,45.37065389337047,45.37539211789542,45.055628825278845,45.19300842285156,86440400
2018-06-15 00:00:00-04:00,45.01062448895897,45.04141752689821,44.591380168781285,44.728759765625,246876800
2018-06-18 00:00:00-04:00,44.50137023708544,44.81876257048464,44.340303151317876,44.70507049560547,73939600
2018-06-19 00:00:00-04:00,43.85236908130852,44.13423375906719,43.45207410964826,43.982643127441406,134314000
2018-06-20 00:00:00-04:00,44.138979492580454,44.340308857943754,43.99212344549659,44.17450714111328,82514800
2018-06-21 00:00:00-04:00,44.352155844837554,44.61270400042312,43.805008332314486,43.92817687988281,102847600
2018-06-22 00:00:00-04:00,44.08450981089408,44.09161534235187,43.748168069799014,43.80027770996094,108801600
2018-06-25 00:00:00-04:00,43.44024047192091,43.80026966118751,42.80782298894085,43.148902893066406,126652400
2018-06-26 00:00:00-04:00,43.34313918624126,44.181624442885216,43.2365489838294,43.6842155456543,98276800
2018-06-27 00:00:00-04:00,43.8736935114792,44.35925852613653,43.589461478135476,43.62025451660156,101141200
2018-06-28 00:00:00-04:00,43.606052894288965,44.105829076644106,43.534993967022864,43.93765640258789,69460800
2018-06-29 00:00:00-04:00,44.12476971626851,44.337946473744566,43.32418316208717,43.84527587890625,90950800
2018-07-02 00:00:00-04:00,43.53971554406418,44.363989388229385,43.44496913920245,44.33556365966797,70925200
2018-07-03 00:00:00-04:00,44.480049616128774,44.51794817879896,43.47339208576447,43.56340026855469,55819200
2018-07-05 00:00:00-04:00,43.88079153579777,44.153183382408514,43.6486691699271,43.9139518737793,66416800
2018-07-06 00:00:00-04:00,43.91868700603177,44.631636029551615,43.86657739084235,44.522682189941406,69940800
2018-07-09 00:00:00-04:00,44.885093535143056,45.164587369566405,44.8377221276043,45.14090347290039,79026400
2018-07-10 00:00:00-04:00,45.171684293341514,45.30669294901175,45.0461448567278,45.0864143371582,63756400
2018-07-11 00:00:00-04:00,44.64822954235654,44.951410864966526,44.437423722507305,44.50137710571289,75326000
2018-07-12 00:00:00-04:00,44.892198952245316,45.33749813324035,44.840089319822205,45.24748992919922,72164400
2018-07-13 00:00:00-04:00,45.25932351624962,45.439336269681945,45.21668672920682,45.318538665771484,50055600
2018-07-16 00:00:00-04:00,45.36354410416871,45.63119413029191,45.10299599285655,45.219058990478516,60172400
2018-07-17 00:00:00-04:00,44.944303451411415,45.446446818275106,44.81402938523273,45.34696578979492,62138000
2018-07-18 00:00:00-04:00,45.42512393015286,45.42986215395854,44.98693039037477,45.0982551574707,65573600
2018-07-19 00:00:00-04:00,44.930092856052,45.607514392968014,44.930092856052,45.44881820678711,81147200
2018-07-20 00:00:00-04:00,45.42512096180368,45.57907889047285,45.04377528999584,45.34458923339844,82704800
2018-07-23 00:00:00-04:00,45.1645825450049,45.46776747212096,44.89929979976048,45.384864807128906,63957600
2018-07-24 00:00:00-04:00,45.583814408074595,45.87041727818158,45.489071629010745,45.714088439941406,74791600
2018-07-25 00:00:00-04:00,45.728310376757044,46.15229290734002,45.57908703072764,46.14518737792969,66839600
2018-07-26 00:00:00-04:00,46.09544852773458,46.41521183209491,45.858587891677,46.00070571899414,76304000
2018-07-27 00:00:00-04:00,46.185454905741615,46.23282630824485,45.02720658563666,45.23564147949219,96096000
2018-07-30 00:00:00-04:00,45.45354708242424,45.524605984308835,44.78323477394917,44.98219680786133,84118000
2018-07-31 00:00:00-04:00,45.07457169417471,45.51039431907878,44.84718393402146,45.072200775146484,157492000
2018-08-01 00:00:00-04:00,47.16605091541913,47.78899181569538,46.73496290248479,47.72740936279297,271742800
2018-08-02 00:00:00-04:00,47.50950400361688,49.35701757841404,47.455027072524146,49.12252426147461,249616000
2018-08-03 00:00:00-04:00,49.037253026563285,49.44228627005192,48.67011834903271,49.26464080810547,133789600
2018-08-06 00:00:00-04:00,49.2670004084191,49.56307613202739,49.04672180487323,49.520442962646484,101701600
2018-08-07 00:00:00-04:00,49.57966548226879,49.62229865799131,48.97329927419024,49.05620193481445,102349600
2018-08-08 00:00:00-04:00,48.80513487189342,49.22200829100394,48.442738387198105,49.0893669128418,90102000
2018-08-09 00:00:00-04:00,49.629395089579276,49.68861023225421,49.07750952614423,49.47543716430664,93970400
2018-08-10 00:00:00-04:00,49.28767213456168,49.70125633598421,49.12366454387893,49.32807922363281,98444800
2018-08-13 00:00:00-04:00,49.75117596097758,50.14098963047253,49.36849274184248,49.64659118652344,103563600
2018-08-14 00:00:00-04:00,49.95320916488929,50.04828424305634,49.50159347639141,49.85575485229492,82992000
2018-08-15 00:00:00-04:00,49.729782819752025,50.091074674801966,49.51823767063294,49.97222900390625,115230400
2018-08-16 00:00:00-04:00,50.33113049118249,50.82077396666348,50.26457722035292,50.704307556152344,114001600
2018-08-17 00:00:00-04:00,50.73283882234107,51.804825431166954,50.66628553908565,51.716880798339844,141708000
2018-08-20 00:00:00-04:00,51.840479502097914,52.09718294178284,51.129781133726645,51.212974548339844,121150800
2018-08-21 00:00:00-04:00,51.53147146080746,51.624170917147424,50.87306558394703,51.11313247680664,104639200
2018-08-22 00:00:00-04:00,50.889706846857685,51.42688785876659,50.827904790002165,51.11551284790039,76072400
2018-08-23 00:00:00-04:00,51.02043695104915,51.590898256757924,51.008555287354746,51.22010040283203,75532800
2018-08-24 00:00:00-04:00,51.48393732247371,51.55524181137261,51.129775977789635,51.37935256958008,73905600
2018-08-27 00:00:00-04:00,51.61467009373441,51.99260205926306,51.41976509200178,51.80244827270508,82100400
2018-08-28 00:00:00-04:00,52.05677563954212,52.42044307564237,52.03538429080252,52.22078323364258,91107200
2018-08-29 00:00:00-04:00,52.3277413188579,53.12163306393431,52.15185206772732,53.00040817260742,109019200
2018-08-30 00:00:00-04:00,53.06459961342096,54.25543209973983,52.86256049336711,53.48768997192383,195175200
2018-08-31 00:00:00-04:00,53.83945421086117,54.40040581511717,53.718232955444314,54.10567092895508,173360400
2018-09-04 00:00:00-04:00,54.291075354871126,54.47409506019683,53.86798509477313,54.27919006347656,109560400
2018-09-05 00:00:00-04:00,54.42893783003501,54.59056619016919,53.50431872064611,53.92502975463867,133332000
2018-09-06 00:00:00-04:00,53.7729097057863,54.03912646728712,52.60109316504672,53.02893829345703,137160000
2018-09-07 00:00:00-04:00,52.73181660383311,53.56848737241467,52.46084866563358,52.6010856628418,150479200
2018-09-10 00:00:00-04:00,52.51789164260843,52.73181598724229,51.453035641576854,51.8951416015625,158066000
2018-09-11 00:00:00-04:00,51.819071714221536,53.314151811855105,51.474420103104656,53.207191467285156,142996000
2018-09-12 00:00:00-04:00,53.46628916625515,53.480550065971634,52.254061914007025,52.546424865722656,197114800
2018-09-13 00:00:00-04:00,53.128757596431214,54.27680695025828,52.90295159868711,53.8156852722168,166825600
2018-09-14 00:00:00-04:00,53.65880612329134,53.917888746414135,52.891064309235624,53.20481491088867,127997200
2018-09-17 00:00:00-04:00,52.80312442816141,52.99327820644403,51.6431932717126,51.788185119628906,148780400
2018-09-18 00:00:00-04:00,51.76678098975117,52.73181060916491,51.607528271331915,51.87374496459961,126286800
2018-09-19 00:00:00-04:00,51.93554503966712,52.20175811450876,51.17493366377591,51.90464401245117,108495200
2018-09-20 00:00:00-04:00,52.349133993688866,52.834022657048926,52.09004771641836,52.299217224121094,106435200
2018-09-21 00:00:00-04:00,52.4774773944142,52.61533876385971,51.64793357075932,51.73588180541992,384986800
2018-09-24 00:00:00-04:00,51.53623105862259,52.591577417865714,51.49106912987414,52.479862213134766,110773600
2018-09-25 00:00:00-04:00,52.232662356494316,52.962376376962496,52.22077706630428,52.81262969970703,98217600
2018-09-26 00:00:00-04:00,52.529783402311246,53.18343455324498,52.23504485039457,52.39192199707031,95938800
2018-09-27 00:00:00-04:00,53.20006973832795,53.82281979814073,53.133512836056454,53.468658447265625,120724800
2018-09-28 00:00:00-04:00,53.43062347848398,53.68020005833787,53.247603796554884,53.65643310546875,91717600
2018-10-01 00:00:00-04:00,54.1817306594344,54.531137157681734,53.801426758723146,54.017723083496094,94403200
2018-10-02 00:00:00-04:00,54.01534691500665,54.66899797778451,53.86797947236422,54.497859954833984,99152800
2018-10-03 00:00:00-04:00,54.68088095930444,55.493784720557876,54.61670329668725,55.16101837158203,114619200
2018-10-04 00:00:00-04:00,54.854399366632144,55.22757645835054,53.89174885093619,54.19124221801758,128168000
2018-10-05 00:00:00-04:00,54.184109267544954,54.291069625044074,52.42994634778662,53.3117790222168,134322000
2018-10-08 00:00:00-04:00,52.817392562007285,53.43301224239674,52.33963066273698,53.18819046020508,118655600
2018-10-09 00:00:00-04:00,53.15728779023774,54.02010846078977,52.82689699348648,53.92502975463867,107564000
2018-10-10 00:00:00-04:00,53.58989559675309,53.80144076198039,51.35321902973119,51.426902770996094,167962400
2018-10-11 00:00:00-04:00,50.989540523125804,52.173242224118844,50.466620369718235,50.972900390625,212497600
2018-10-12 00:00:00-04:00,52.391910781169265,52.976632917747914,51.54097557525715,52.793609619140625,161351600
2018-10-15 00:00:00-04:00,52.567820611615325,52.7270733832378,51.643201391556204,51.66459274291992,123164000
2018-10-16 00:00:00-04:00,52.03776091925562,53.002790761616964,51.521971170529746,52.80312728881836,116736000
2018-10-17 00:00:00-04:00,52.83877721837003,52.9195913906878,52.135209367844666,52.5749397277832,91541600
2018-10-18 00:00:00-04:00,51.783435792535805,52.23029667505684,50.62825572803219,51.34608459472656,130325200
2018-10-19 00:00:00-04:00,51.8309643354768,52.591575770654906,51.68121765576561,52.12807846069336,132314800
2018-10-22 00:00:00-04:00,52.242164335572575,53.09072393795735,52.04012892563411,52.44657897949219,115168400
2018-10-23 00:00:00-04:00,51.30091428122922,53.064583311496406,51.032321948658556,52.940982818603516,155071200
2018-10-24 00:00:00-04:00,52.91009089156269,53.29752528866364,50.99429574752945,51.12502670288086,163702000
2018-10-25 00:00:00-04:00,51.747778626324624,52.62010533134007,51.51959336438453,52.24455261230469,119423200
2018-10-26 00:00:00-04:00,51.31756090199859,52.337258822322184,50.5498188587049,51.41263961791992,189033600
2018-10-29 00:00:00-04:00,52.09955507888653,52.2184007253544,48.985797690675774,50.447601318359375,183742000
2018-10-30 00:00:00-04:00,50.188519754242414,51.146415464357716,49.741662547941345,50.69955825805664,146640000
2018-10-31 00:00:00-04:00,51.55049418486191,52.39905030375529,51.488692121005904,52.021121978759766,153435600
2018-11-01 00:00:00-04:00,52.06628216633005,52.85303982190919,51.53385232640144,52.81976318359375,233292800
2018-11-02 00:00:00-04:00,49.808219238734324,50.78275152170692,48.82892848672315,49.31619644165039,365314800
2018-11-05 00:00:00-05:00,48.56032842564602,48.58171977004051,47.10327974275993,47.91618347167969,264654800
2018-11-06 00:00:00-05:00,47.99463011854984,48.66016652910135,47.93996213136589,48.43436050415039,127531600
2018-11-07 00:00:00-05:00,48.95727939691793,49.92943598408969,48.51992825709397,49.903289794921875,133697600
2018-11-08 00:00:00-05:00,50.08456519301405,50.11795793851599,49.314144510660114,49.72917175292969,101450400
2018-11-09 00:00:00-05:00,49.0279198136396,49.13763727333164,48.240800949109065,48.77031707763672,137463200
2018-11-12 00:00:00-05:00,47.46561972868636,47.66836378133227,46.22292526906665,46.31356430053711,204542000
2018-11-13 00:00:00-05:00,45.70771604861924,47.03150282339623,45.66478043650113,45.850826263427734,187531600
2018-11-14 00:00:00-05:00,46.249158718583125,46.387501150691904,44.34814859456845,44.5556640625,243204000
2018-11-15 00:00:00-05:00,44.93490571344746,45.78881008869877,44.57950862992518,45.65523910522461,185915200
2018-11-16 00:00:00-05:00,45.43818285308844,46.504370426945854,45.190122983790346,46.1609001159668,147713200
2018-11-19 00:00:00-05:00,45.318930733751046,45.485894487494335,44.12394339674172,44.33145523071289,167701200
2018-11-20 00:00:00-05:00,42.54492627182092,43.28434172692376,41.86275708173473,42.213382720947266,271300800
2018-11-21 00:00:00-05:00,42.86932287320009,42.99812608477773,42.11082882104901,42.165687561035156,124496800
2018-11-23 00:00:00-05:00,41.726804678029765,42.12274984555571,41.0494068797922,41.094722747802734,94496000
2018-11-26 00:00:00-05:00,41.559846789430246,41.72919444303789,40.61053181240256,41.650482177734375,179994000
2018-11-27 00:00:00-05:00,40.90868088792556,41.686260641087756,40.75841533304648,41.559844970703125,165549600
2018-11-28 00:00:00-05:00,42.153751168677935,43.241404691349224,41.72441329406135,43.15792465209961,184250000
2018-11-29 00:00:00-05:00,43.56818102008352,43.60157376413595,42.38511704308754,42.82638168334961,167080000
2018-11-30 00:00:00-05:00,43.00289629087771,43.012439157215795,42.22532010303124,42.595027923583984,158126000
2018-12-03 00:00:00-05:00,43.99751408615923,44.11200296187772,43.22232209019543,44.08338165283203,163210000
2018-12-04 00:00:00-05:00,43.16030348518187,43.50377374458328,42.04402878166296,42.14420700073242,165377200
2018-12-06 00:00:00-05:00,40.96830888194268,41.688642322882814,40.64869205831039,41.67433166503906,172393600
2018-12-07 00:00:00-05:00,41.38095407731387,41.6194747572786,40.14303116597106,40.188350677490234,169126400
2018-12-10 00:00:00-05:00,39.35591684266156,40.56998637359171,38.95758769681665,40.4531135559082,248104000
2018-12-11 00:00:00-05:00,40.94445804319204,40.97546325461773,39.83295087580361,40.22174072265625,189126800
2018-12-12 00:00:00-05:00,40.6439210075223,41.006473447627016,40.314764955415384,40.33384704589844,142510800
2018-12-13 00:00:00-05:00,40.66539086591992,41.1615143026985,40.4411808508863,40.775108337402344,127594400
2018-12-14 00:00:00-05:00,40.30999948639439,40.32908157970045,39.4227021651167,39.47040557861328,162814800
2018-12-17 00:00:00-05:00,39.46324181521365,40.154953901474315,38.81446533960052,39.10307693481445,177151600
2018-12-18 00:00:00-05:00,39.446549914675145,39.95936790385113,39.210413139074184,39.61112976074219,135366000
2018-12-19 00:00:00-05:00,39.594420266069505,39.94027441398046,37.94624201885482,38.375579833984375,196189200
2018-12-20 00:00:00-05:00,38.258709018420305,38.66658091227843,37.04225594392129,37.40719223022461,259092000
2018-12-21 00:00:00-05:00,37.41434590359645,37.72442344831749,35.68984277992491,35.952213287353516,382978400
2018-12-24 00:00:00-05:00,35.33683713341607,36.1478096256321,34.96474545655059,35.02199172973633,148676800
2018-12-26 00:00:00-05:00,35.372615548184754,37.50260335174718,34.99575245860127,37.4882926940918,234330000
2018-12-27 00:00:00-05:00,37.171061918067416,37.392888043148005,35.79480021418018,37.24500274658203,212468400
2018-12-28 00:00:00-05:00,37.56699460008991,37.81028663180806,36.86335955612232,37.26407241821289,169165600
2018-12-31 00:00:00-05:00,37.81268204986064,38.010654645458565,37.323713941652436,37.62425231933594,140014000
2019-01-02 00:00:00-05:00,36.9444693411881,37.88901287019494,36.78704481309749,37.66718673706055,148158800
2019-01-03 00:00:00-05:00,34.34220305872549,34.75723031072386,33.86993317854554,33.915252685546875,365248800
2019-01-04 00:00:00-05:00,34.473390406461,35.43224447060452,34.29927134520694,35.36307144165039,234428400
2019-01-07 00:00:00-05:00,35.46802090289458,35.49902975289931,34.80016233661309,35.284358978271484,219111200
2019-01-08 00:00:00-05:00,35.673156691404685,36.212215823587805,35.42509675519286,35.95699691772461,164101200
2019-01-09 00:00:00-05:00,36.08579128285842,36.85859957931004,35.68984972880673,36.567604064941406,180396400
2019-01-10 00:00:00-05:00,36.37440495188372,36.725030654714004,35.98323116880231,36.68448257446289,143122800
2019-01-11 00:00:00-05:00,36.46504791943128,36.66063301234364,36.13827206637975,36.324317932128906,108092800
2019-01-14 00:00:00-05:00,35.98085074984158,36.08102901182758,35.59206082583094,35.778106689453125,129756800
2019-01-15 00:00:00-05:00,35.842502113611935,36.58668543964346,35.79002727502903,36.51036071777344,114843600
2019-01-16 00:00:00-05:00,36.5127493606325,37.18060805161077,36.49366726780031,36.956398010253906,122278800
2019-01-17 00:00:00-05:00,36.77988189121995,37.60516490547045,36.555671907714014,37.17582702636719,119284800
2019-01-18 00:00:00-05:00,37.56700416186809,37.657643177830934,37.204451737553185,37.40481185913086,135004000
2019-01-22 00:00:00-05:00,37.30701931736308,37.38334404012299,36.40302392903853,36.56521987915039,121576000
2019-01-23 00:00:00-05:00,36.76795916739868,37.00409593671052,36.18358426425264,36.71310043334961,92522400
2019-01-24 00:00:00-05:00,36.75841118449114,36.84666264513592,36.19311850602909,36.422096252441406,101766000
2019-01-25 00:00:00-05:00,37.08519383855514,37.71727581628737,36.80851261930045,37.62902069091797,134142000
2019-01-28 00:00:00-05:00,37.15912151662612,37.2879246747591,36.651075129315025,37.28076934814453,104768400
2019-01-29 00:00:00-05:00,37.26886174661452,37.717281855801716,36.75842756171438,36.89438247680664,166348800
2019-01-30 00:00:00-05:00,38.93849747119621,39.630205924517746,38.218164063991175,39.4155387878418,244439200
2019-01-31 00:00:00-05:00,39.62066671326708,40.30999127047661,39.25095896483175,39.699378967285156,162958400
2019-02-01 00:00:00-05:00,39.823405927682096,40.30521497910826,39.577726330769984,39.71845626831055,130672400
2019-02-04 00:00:00-05:00,39.93074966548283,40.944462599990764,39.8997408110696,40.8466682434082,125982000
2019-02-05 00:00:00-05:00,41.230675449522025,41.760191529038174,41.109031240808925,41.5455207824707,144406400
2019-02-06 00:00:00-05:00,41.65763568434292,41.877077914727295,41.22830136807492,41.559844970703125,112958400
2019-02-07 00:00:00-05:00,41.1209545991594,41.48827840252376,40.62960269034103,40.7727165222168,126966800
2019-02-08 00:00:00-05:00,40.480473835526816,40.880511204518456,40.34393223055581,40.82062530517578,95280000
2019-02-11 00:00:00-05:00,40.97393964039359,41.01226749936198,40.54276036486366,40.58587646484375,83973600
2019-02-12 00:00:00-05:00,40.746370064007905,40.96195785381189,40.650550425648554,40.93560791015625,89134000
2019-02-13 00:00:00-05:00,41.05538669141581,41.31648839690441,40.703257227808,40.76553726196289,89960800
2019-02-14 00:00:00-05:00,40.65294938715884,41.02423907430446,40.573899553885575,40.9140510559082,87342800
2019-02-15 00:00:00-05:00,41.02183490029453,41.12962877192331,40.66251955810217,40.82301330566406,98507200
2019-02-19 00:00:00-05:00,40.652946779860834,41.06735619273422,40.60024689439193,40.945186614990234,75891200
2019-02-20 00:00:00-05:00,41.00748246218403,41.517711661498375,40.959574458033266,41.20869827270508,104457600
2019-02-21 00:00:00-05:00,41.153597223916066,41.290135195189876,40.79428177141705,40.97633361816406,68998800
2019-02-22 00:00:00-05:00,41.100887720830976,41.441039164372015,41.052979736063,41.43385314941406,75652800
2019-02-25 00:00:00-05:00,41.71892491494741,42.12854252874818,41.66861913782732,41.73569107055664,87493600
2019-02-26 00:00:00-05:00,41.611127666272104,41.992001179873725,41.481772052691156,41.7596435546875,68280800
2019-02-27 00:00:00-05:00,41.49135645059792,41.92013796783325,41.3763728690382,41.88899612426758,111341600
2019-02-28 00:00:00-05:00,41.75725140765541,41.89858128590096,41.42188809986802,41.47698211669922,112861600
2019-03-01 00:00:00-05:00,41.74766672099411,41.956068525306904,41.4147011961612,41.9129524230957,103544800
2019-03-04 00:00:00-05:00,42.08542092127852,42.57888021404128,41.67340558544547,42.123748779296875,109744800
2019-03-05 00:00:00-05:00,42.145310025383104,42.15968205944365,41.80994672500447,42.047096252441406,78949600
2019-03-06 00:00:00-05:00,41.841098245316225,42.037525836626614,41.666232365229135,41.80516815185547,83241600
2019-03-07 00:00:00-05:00,41.649447388331524,41.78598900406581,41.20629389135005,41.32127380371094,99185600
2019-03-08 00:00:00-05:00,40.79907367665731,41.45781867305242,40.602646141444055,41.419490814208984,95997600
2019-03-11 00:00:00-04:00,42.03750261464039,42.907043292368314,42.00396666088704,42.85434341430664,128044000
2019-03-12 00:00:00-04:00,43.11784514965185,43.757426080754286,42.966931521981664,43.33583068847656,129870400
2019-03-13 00:00:00-04:00,43.65683305024534,43.908354630123746,43.33823953641887,43.52748107910156,124130000
2019-03-14 00:00:00-04:00,44.05207451978656,44.099986172540426,43.73108691515278,44.0113525390625,94318000
2019-03-15 00:00:00-04:00,44.27964071675346,44.87370788563967,44.01374714575612,44.583858489990234,156171600
2019-03-18 00:00:00-04:00,44.507210460004316,45.127627630121516,44.50481268423462,45.038997650146484,104879200
2019-03-19 00:00:00-04:00,45.118054389679784,45.27136220139098,44.53596133628726,44.68208312988281,126585600
2019-03-20 00:00:00-04:00,44.61020774750013,45.391122295316464,44.250892314130574,45.07252883911133,124140800
2019-03-21 00:00:00-04:00,45.518082505798304,47.02960225648532,45.46777673422874,46.732566833496094,204136800
2019-03-22 00:00:00-04:00,46.79245306146932,47.35538206911971,45.70013466420761,45.76481246948242,169630800
2019-03-25 00:00:00-04:00,45.87500486195989,45.98759067420643,44.69884827308564,45.21147155761719,175381200
2019-03-26 00:00:00-04:00,45.91093032900251,46.20317383299277,44.21496108876492,44.74435043334961,199202000
2019-03-27 00:00:00-04:00,45.21385383599008,45.45579155258469,44.68685865475858,45.14678192138672,119393600
2019-03-28 00:00:00-04:00,45.261770497461804,45.407892265521994,44.92161896389378,45.2066764831543,83121600
2019-03-29 00:00:00-04:00,45.47257581418501,45.53246173234279,45.16356242960888,45.501319885253906,94256000
2019-04-01 00:00:00-04:00,45.90615308158565,45.9157332210205,45.12524195993793,45.81033706665039,111448000
2019-04-02 00:00:00-04:00,45.774385055218936,46.58164946228537,45.764804919606654,46.47624969482422,91062800
2019-04-03 00:00:00-04:00,46.29181386008062,47.07033078140151,46.26785803121223,46.794857025146484,93087200
2019-04-04 00:00:00-04:00,46.660701723928206,47.03918109506206,46.26545619949787,46.87629318237305,76457200
2019-04-05 00:00:00-04:00,47.05834807377388,47.21405363526623,46.933784355609184,47.19009780883789,74106400
2019-04-08 00:00:00-04:00,47.051163318915215,47.96382404106772,47.0319993882877,47.93268585205078,103526800
2019-04-09 00:00:00-04:00,47.985379395349405,48.591424457527545,47.724274073366516,47.7889518737793,143072800
2019-04-10 00:00:00-04:00,47.5925281059663,48.08599106914414,47.472756287312095,48.05724334716797,86781200
2019-04-11 00:00:00-04:00,48.1123426080529,48.14827269278017,47.53504154579498,47.65720748901367,83603200
2019-04-12 00:00:00-04:00,47.71709611068448,47.94226773482117,47.00086291003463,47.63804626464844,111042800
2019-04-15 00:00:00-04:00,47.56857179300715,47.87279320933779,47.43203017716153,47.724273681640625,70146400
2019-04-16 00:00:00-04:00,47.77937834588998,48.23690394243434,47.56378686640977,47.72907257080078,102785600
2019-04-17 00:00:00-04:00,47.798539974770605,48.718390400666316,47.57576612699448,48.658504486083984,115627200
2019-04-18 00:00:00-04:00,48.65609518362569,48.9028248008432,48.51237121576385,48.83335876464844,96783200
2019-04-22 00:00:00-04:00,48.586627331567456,49.092064458220555,48.46924965532697,48.99385070800781,77758000
2019-04-23 00:00:00-04:00,48.96990687959393,49.76519355636063,48.84294903681971,49.70051574707031,93292000
2019-04-24 00:00:00-04:00,49.671767400621164,49.940055097317824,49.59750945993875,49.62385940551758,70162400
2019-04-25 00:00:00-04:00,49.54481251515973,49.767586350455105,49.13519127410101,49.173519134521484,74172800
2019-04-26 00:00:00-04:00,49.08249429658827,49.106450124561164,48.41656321657909,48.93877029418945,74596400
2019-04-29 00:00:00-04:00,48.96272522633977,49.338810546860834,48.83337325137651,49.013031005859375,88818800
2019-04-30 00:00:00-04:00,48.64173064636029,48.72317460621088,47.695534005365545,48.06922149658203,186139600
2019-05-01 00:00:00-04:00,50.27541841873172,51.57613857993993,50.11971286557231,50.42872619628906,259309200
2019-05-02 00:00:00-04:00,50.26584495872399,50.938962115032105,49.85622731260426,50.10055923461914,127985200
2019-05-03 00:00:00-04:00,50.517361906234235,50.744927650380774,50.35926221466652,50.72336959838867,83569600
2019-05-06 00:00:00-04:00,48.93636743479356,50.02629170170755,48.747129571991984,49.94005584716797,129772400
2019-05-07 00:00:00-04:00,49.31722980243368,49.686125280309966,48.10753408114063,48.593807220458984,155054800
2019-05-08 00:00:00-04:00,48.363865145287626,49.187895948680975,48.327935057117806,48.60340881347656,105358000
2019-05-09 00:00:00-04:00,48.004547735448746,48.3111633261349,47.10865679131575,48.08120346069336,139634400
2019-05-10 00:00:00-04:00,47.47282091670573,47.81668937591435,46.35465492765193,47.41510772705078,164834800
2019-05-13 00:00:00-04:00,45.137895491396044,45.563517867734376,43.96923004047758,44.659366607666016,229722400
2019-05-14 00:00:00-04:00,44.825288079430855,45.61641996040873,44.58482197139578,45.366336822509766,146118800
2019-05-15 00:00:00-04:00,44.79162407678541,46.10937735396515,44.731507548292626,45.9097900390625,106178800
2019-05-16 00:00:00-04:00,45.66691158374474,46.28250412709968,45.40961113128413,45.70779037475586,132125600
2019-05-17 00:00:00-04:00,44.95033059336452,45.90498139483426,44.90945179277733,45.448097229003906,131516400
2019-05-20 00:00:00-04:00,44.13033408052488,44.32992135841918,43.35122269480483,44.02693176269531,154449200
2019-05-21 00:00:00-04:00,44.53913489044487,45.20763040826336,44.414091481082465,44.87097930908203,113459200
2019-05-22 00:00:00-04:00,44.40447386509313,44.656964020759766,43.89709021351947,43.952396392822266,118994400
2019-05-23 00:00:00-04:00,43.23580973331932,43.41375231638336,42.757280826698924,43.202144622802734,146118800
2019-05-24 00:00:00-04:00,43.33199284223706,43.798497688677664,42.95205594327224,43.03622055053711,94858800
2019-05-28 00:00:00-04:00,43.02420623919562,43.425784298524334,42.78133673099491,42.85828399658203,111792800
2019-05-29 00:00:00-04:00,42.423020603711905,43.12758804656089,42.32202530182087,42.65386962890625,113924800
2019-05-30 00:00:00-04:00,42.790942207956036,43.098738525632164,42.48314589027991,42.87510681152344,84873600
2019-05-31 00:00:00-04:00,42.37734951153441,42.80057229306881,42.07917382733227,42.098411560058594,108174400
2019-06-03 00:00:00-04:00,42.22585575514875,42.78373529332015,40.944170785501775,41.67278289794922,161584400
2019-06-04 00:00:00-04:00,42.18738475546183,43.243031077566705,41.96615632302049,43.19734191894531,123872000
2019-06-05 00:00:00-04:00,44.31309235566953,44.483824900129896,43.558028952848034,43.89468002319336,119093600
2019-06-06 00:00:00-04:00,44.02453008867227,44.59924386947385,43.80089472768961,44.539127349853516,90105200
2019-06-07 00:00:00-04:00,44.84933197208992,46.15025448218775,44.67138940249549,45.72462844848633,122737600
2019-06-10 00:00:00-04:00,46.12381144295584,46.97987034614102,46.07812228757985,46.3089714050293,104883600
2019-06-11 00:00:00-04:00,46.85722362360786,47.13135482633914,46.55423766350111,46.84519958496094,107731600
2019-06-12 00:00:00-04:00,46.638396590237676,47.12413911076037,46.50373616931367,46.696109771728516,73012800
2019-06-13 00:00:00-04:00,46.818750011804745,47.32132329173808,46.55423949726058,46.686492919921875,86698400
2019-06-14 00:00:00-04:00,46.06128355767657,46.55183280179707,45.76070092374396,46.34743881225586,75046000
2019-06-17 00:00:00-04:00,46.38591107699715,46.88127434494972,46.21037184436044,46.62397384643555,58676400
2019-06-18 00:00:00-04:00,47.14337618660047,48.16295002763674,46.94138555800512,47.72049331665039,106204000
2019-06-19 00:00:00-04:00,48.01627490598919,48.06437106719529,47.446371354072,47.581031799316406,84496800
2019-06-20 00:00:00-04:00,48.18220030963718,48.23991350536931,47.619510410832106,47.96337890625,86056000
2019-06-21 00:00:00-04:00,47.80466081318877,48.297617045839175,47.64835564861981,47.79985046386719,191202400
2019-06-24 00:00:00-04:00,47.742141690604704,48.131699298772126,47.65317040065336,47.75176239013672,72881600
2019-06-25 00:00:00-04:00,47.715687454109734,47.915274761567105,46.960624031175655,47.027957916259766,84281200
2019-06-26 00:00:00-04:00,47.556985751524515,48.331286954258495,47.45599042106641,48.04513168334961,104270000
2019-06-27 00:00:00-04:00,48.16294645432512,48.470746392632805,47.98981426353218,48.03069305419922,83598800
2019-06-28 00:00:00-04:00,47.77580483254112,47.97298880338543,47.383847569468884,47.59305191040039,124442400
2019-07-01 00:00:00-04:00,48.85550397490018,49.17292103281461,48.24952829020482,48.46595001220703,109012000
2019-07-02 00:00:00-04:00,48.43227766822591,48.84587965023338,48.420253629484236,48.749691009521484,67740800
2019-07-03 00:00:00-04:00,48.881954806612185,49.160896399131076,48.74008066996311,49.153682708740234,45448000
2019-07-05 00:00:00-04:00,48.898782040275336,49.31478735855635,48.790569361806654,49.110389709472656,69062000
2019-07-08 00:00:00-04:00,48.288000523615125,48.42987465249001,47.710883308640334,48.0980339050293,101354400
2019-07-09 00:00:00-04:00,47.900854035834996,48.4563302284681,47.8070723886271,48.39140701293945,82312000
2019-07-10 00:00:00-04:00,48.53809329387158,48.99016715566559,48.46835605639922,48.86993408203125,71588400
2019-07-11 00:00:00-04:00,48.88917616608552,49.14888006856041,48.50443249774025,48.5140495300293,80767200
2019-07-12 00:00:00-04:00,48.68235925250763,49.05508242635608,48.62224272992631,48.886756896972656,70380800
2019-07-15 00:00:00-04:00,49.07672573392334,49.50475510070153,49.05508466541941,49.34605026245117,67789600
2019-07-16 00:00:00-04:00,49.196960740995394,49.562470256890315,48.93485356076714,49.17531967163086,67467200
2019-07-17 00:00:00-04:00,49.067117835235884,49.31720101266955,48.87955453485508,48.8987922668457,56430000
2019-07-18 00:00:00-04:00,49.05508715078808,49.50716461828943,48.982946582898464,49.454261779785156,74162400
2019-07-19 00:00:00-04:00,49.4855170921148,49.65624963752938,48.660720130548256,48.716026306152344,83717200
2019-07-22 00:00:00-04:00,48.97093313681736,49.83180244962164,48.961316104655175,49.82939910888672,89111600
2019-07-23 00:00:00-04:00,50.12756610958403,50.23577512352253,49.84621753643369,50.21894073486328,73420800
2019-07-24 00:00:00-04:00,49.93759253395956,50.29348132023345,49.81735948880555,50.17805862426758,59966400
2019-07-25 00:00:00-04:00,50.230962384693825,50.31512698554344,49.71155473942963,49.78129196166992,55638400
2019-07-26 00:00:00-04:00,49.89190228137479,50.43295097254841,49.81014469309944,49.95442581176758,70475600
2019-07-29 00:00:00-04:00,50.127556110342226,50.65177035602895,50.12274576179605,50.420921325683594,86693600
2019-07-30 00:00:00-04:00,50.19970701461211,50.53636179168531,49.85103186664713,50.20451736450195,135742800
2019-07-31 00:00:00-04:00,52.04167757423722,53.231984141806734,50.81049220631971,51.22890090942383,277125600
2019-08-01 00:00:00-04:00,51.43571155256888,52.42883799447915,49.71397658884023,50.120361328125,216071600
2019-08-02 00:00:00-04:00,49.422997050459266,49.63941507194305,48.48518073173425,49.05989456176758,163448400
2019-08-05 00:00:00-04:00,47.60988794051476,47.76859278950879,46.30896536379563,46.49171829223633,209572000
2019-08-06 00:00:00-04:00,47.205900158800496,47.629122848973516,46.66004107684591,47.371822357177734,143299200
2019-08-07 00:00:00-04:00,46.98949509532124,47.98742823175195,46.607154766163475,47.86238479614258,133457600
2019-08-08 00:00:00-04:00,48.14131759767527,48.94207023600368,47.9465406230698,48.91802215576172,108038000
2019-08-09 00:00:00-04:00,48.589746417288495,48.94215880426404,48.104570742537604,48.51491928100586,98478800
2019-08-12 00:00:00-04:00,48.18422463799918,48.77077934722417,48.070775860559834,48.39181137084961,89927600
2019-08-13 00:00:00-04:00,48.52215945843499,51.20630115968512,48.39181232795686,50.44112777709961,188874000
2019-08-14 00:00:00-04:00,49.0387057984706,49.83043100155141,48.901117587348956,48.93973922729492,146189600
2019-08-15 00:00:00-04:00,49.11113069191211,49.5166469464052,48.196299281162744,48.69595718383789,108909600
2019-08-16 00:00:00-04:00,49.30905774298246,50.004232639767636,49.2028500578444,49.84492111206055,110481600
2019-08-19 00:00:00-04:00,50.839408475649094,51.34871996268929,50.696995288313914,50.77423858642578,97654400
2019-08-20 00:00:00-04:00,50.90216416490711,51.49837245736053,50.76699209074424,50.77664566040039,107537200
2019-08-21 00:00:00-04:00,51.41146496127451,51.57077276819993,51.075947316905996,51.32698059082031,86141600
2019-08-22 00:00:00-04:00,51.45974498915605,51.7614696502556,50.87077786138375,51.283538818359375,89014800
2019-08-23 00:00:00-04:00,50.55216358539117,51.18458108887087,48.51733388729023,48.9131965637207,187272000
2019-08-26 00:00:00-04:00,49.69043218297926,50.011467671142654,49.497327659168484,49.84250259399414,104174400
2019-08-27 00:00:00-04:00,50.17319466474564,50.33974728049744,49.12801991188175,49.28009033203125,103493200
2019-08-28 00:00:00-04:00,49.26561132852902,49.65664536777837,49.07733540717467,49.610782623291016,63755200
2019-08-29 00:00:00-04:00,50.327684228474034,50.52561741637963,49.88354631636416,50.45078659057617,83962000
2019-08-30 00:00:00-04:00,50.72836746477032,50.798365969361676,50.013881807829335,50.3856086730957,84573600
2019-09-03 00:00:00-04:00,49.82801969211884,49.96077929036558,49.29457251074922,49.65181350708008,80092000
2019-09-04 00:00:00-04:00,50.30111623432808,50.56421922702357,50.04284186698499,50.49422073364258,76752400
2019-09-05 00:00:00-04:00,51.172506234654826,51.648024629695904,51.05422883298523,51.48147201538086,95654800
2019-09-06 00:00:00-04:00,51.66734232562741,51.75665166506206,51.29561540415836,51.47665023803711,77449200
2019-09-09 00:00:00-04:00,51.85802832340247,52.24423742435234,50.94802925254775,51.69630432128906,109237600
2019-09-10 00:00:00-04:00,51.62148525881111,52.326313847625165,51.102520151183924,52.307003021240234,127111600
2019-09-11 00:00:00-04:00,52.63769048155304,53.999072295729235,52.55561855701022,53.9701042175293,177158400
2019-09-12 00:00:00-04:00,54.26217203041021,54.65320607197565,53.79389469595321,53.84941101074219,128906800
2019-09-13 00:00:00-04:00,53.103543526785714,53.294231903404,52.384232923026595,52.80181884765625,159053200
2019-09-16 00:00:00-04:00,52.55562444221199,53.134938189961574,52.51459031692714,53.07941818237305,84632400
2019-09-17 00:00:00-04:00,53.09389186931263,53.30147860335445,52.89113007843354,53.27251052856445,73274800
2019-09-18 00:00:00-04:00,53.359402432930125,53.79147421145963,52.968368449613095,53.77216339111328,101360000
2019-09-19 00:00:00-04:00,53.58871571299603,54.011130265575346,53.192853079619624,53.335269927978516,88242400
2019-09-20 00:00:00-04:00,53.43664505404029,53.72147136351421,52.49284943906261,52.555606842041016,221652400
2019-09-23 00:00:00-04:00,52.85008722534673,53.06491502177984,52.53629286299807,52.79457092285156,76662000
2019-09-24 00:00:00-04:00,53.35216844440653,53.704584517149605,52.42527104325505,52.54354476928711,124763200
2019-09-25 00:00:00-04:00,52.75354448047375,53.46561399799053,52.413198153006064,53.35216522216797,87613600
2019-09-26 00:00:00-04:00,53.10355922063804,53.330456835705135,52.82114527948974,53.07700729370117,75334000
2019-09-27 00:00:00-04:00,53.233887732480994,53.33527046730831,52.44699108394318,52.81871795654297,101408000
2019-09-30 00:00:00-04:00,53.320779647354385,54.20905894840177,53.294227730343565,54.06181716918945,103909600
2019-10-01 00:00:00-04:00,54.327347946053216,55.087692767101416,54.11734503640622,54.211483001708984,139223200
2019-10-02 00:00:00-04:00,53.84216713743621,53.96768564033437,52.60388782541524,52.85251235961914,138449200
2019-10-03 00:00:00-04:00,52.72457818852778,53.33527235801911,51.928027942473314,53.30147933959961,114426000
2019-10-04 00:00:00-04:00,54.46491948507791,54.91147343715837,54.04250497809019,54.79560852050781,138478800
2019-10-07 00:00:00-04:00,54.616997468728556,55.50044456107499,54.5132022602144,54.80768585205078,122306000
2019-10-08 00:00:00-04:00,54.50838141095232,55.04906973834583,54.148724227834826,54.165618896484375,111820000
2019-10-09 00:00:00-04:00,54.80044937133789,54.983896672215714,54.46493163540789,54.80044937133789,74770400
2019-10-10 00:00:00-04:00,55.01768138695956,55.62354688075504,54.865614658027944,55.5390625,113013600
2019-10-11 00:00:00-04:00,56.2294113132563,57.36148291571527,56.074928422540616,57.01631164550781,166795600
2019-10-14 00:00:00-04:00,56.70010738801131,57.479766709202984,56.64459107132722,56.93424606323242,96427600
2019-10-15 00:00:00-04:00,57.059757565260995,57.36389471691398,56.695275477577944,56.801483154296875,87360000
2019-10-16 00:00:00-04:00,56.33079430842692,56.78217697135607,56.289760190553885,56.572174072265625,73903200
2019-10-17 00:00:00-04:00,56.74596541300883,57.001827362623146,56.3670011149469,56.79182815551758,67585200
2019-10-18 00:00:00-04:00,56.625281304398115,57.3470081674151,56.55286663427938,57.06459426879883,97433600
2019-10-21 00:00:00-04:00,57.332525634188215,58.17011375459098,57.284250415446216,58.05424880981445,87247200
2019-10-22 00:00:00-04:00,58.21114086159737,58.46217417871,57.83941398742584,57.921485900878906,82293600
2019-10-23 00:00:00-04:00,58.43804735711928,58.713220164388346,58.22563196794203,58.698734283447266,75828800
2019-10-24 00:00:00-04:00,59.01975802880855,59.08976021494453,58.36803347707731,58.7952766418457,69275200
2019-10-25 00:00:00-04:00,58.69389853918105,59.55562229686441,58.626312506545595,59.51941680908203,73477200
2019-10-28 00:00:00-04:00,59.722173329188664,60.16389868427639,59.55320825206391,60.115623474121094,96572800
2019-10-29 00:00:00-04:00,60.09631972711563,60.28459564709617,58.55149072133607,58.72528076171875,142839600
2019-10-30 00:00:00-04:00,59.080110114785,59.21045725080775,58.223214893254514,58.718040466308594,124522000
2019-10-31 00:00:00-04:00,59.678740594533906,60.144601821229614,57.26976763890055,60.04563522338867,139162000
2019-11-01 00:00:00-04:00,60.23390285779305,61.77631935556102,60.14218105481074,61.74977111816406,151125200
2019-11-04 00:00:00-05:00,62.114243271220836,62.23976544646401,61.64355721303343,62.15528106689453,103272000
2019-11-05 00:00:00-05:00,62.04666449792139,62.32184096076288,61.870461987182324,62.06597900390625,79897600
2019-11-06 00:00:00-05:00,61.979084318744995,62.152878057409616,61.641154095321134,62.092533111572266,75864400
2019-11-07 00:00:00-05:00,62.64209043840646,63.03188236655262,62.48956348341187,62.80914306640625,94940400
2019-11-08 00:00:00-05:00,62.630001799683505,63.05368459420615,62.18453049091268,62.981056213378906,69986400
2019-11-11 00:00:00-05:00,62.53556519443475,63.545143819660105,62.53072576614701,63.47977828979492,81821200
2019-11-12 00:00:00-05:00,63.322409120625274,63.62262363042443,63.1698895398465,63.42167282104492,87388800
2019-11-13 00:00:00-05:00,63.220730013040075,64.10440969122351,63.206204338539365,64.02935791015625,102734400
2019-11-14 00:00:00-05:00,63.855043712442715,64.12862290177833,63.455572878754474,63.58631134033203,89182800
2019-11-15 00:00:00-05:00,63.838093459620026,64.34651423338288,63.67588763125635,64.3416748046875,100206400
2019-11-18 00:00:00-05:00,64.35135933282704,64.7459907652778,63.97126096462461,64.66609954833984,86703200
2019-11-19 00:00:00-05:00,64.859762843392,64.88397475942296,64.2520858651198,64.46997833251953,76167200
2019-11-20 00:00:00-05:00,64.28842176343723,64.41915285497815,63.0440012657513,63.71947479248047,106234400
2019-11-21 00:00:00-05:00,63.84052583502028,63.918001035672695,63.23284127434323,63.43379211425781,121395200
2019-11-22 00:00:00-05:00,63.574197705350294,63.71703842416514,63.1505149773868,63.37809371948242,65325200
2019-11-25 00:00:00-05:00,63.60325387830914,64.50630607825897,63.557253444708095,64.4893569946289,84020400
2019-11-26 00:00:00-05:00,64.6273655985145,64.6806288756272,63.552421197470515,63.98579025268555,105207600
2019-11-27 00:00:00-05:00,64.29811728144236,64.87917405927197,64.23275171873625,64.84527587890625,65235600
2019-11-29 00:00:00-05:00,64.54505665940768,64.88400145799228,64.37558056589414,64.70242309570312,46617600
2019-12-02 00:00:00-05:00,64.70725265179773,64.94451766882375,63.78241928287558,63.95431137084961,94487200
2019-12-03 00:00:00-05:00,62.53798517740668,62.83335283246403,62.048936963286046,62.813987731933594,114430400
2019-12-04 00:00:00-05:00,63.20620238007946,63.748513913811024,63.11177811030985,63.368408203125,67181600
2019-12-05 00:00:00-05:00,63.864741641186775,64.37316251726821,63.6081114883114,64.29810333251953,74424400
2019-12-06 00:00:00-05:00,64.7580847600285,65.61028955118721,64.71450035470659,65.54007720947266,106075600
2019-12-09 00:00:00-05:00,65.36819115445321,65.56187172842363,64.13588058559877,64.62251281738281,128042400
2019-12-10 00:00:00-05:00,65.02924208016003,65.38513583692486,64.36587101264504,65.00019073486328,90420400
2019-12-11 00:00:00-05:00,65.08008861116568,65.63450980225757,65.00503683196938,65.55461120605469,78756800
2019-12-12 00:00:00-05:00,64.83073697953905,65.98799609163027,64.71937098815452,65.7216796875,137310400
2019-12-13 00:00:00-05:00,65.72164744380439,66.65132729884155,65.59333242864547,66.6150131225586,133587600
2019-12-16 00:00:00-05:00,67.06292546975874,67.98050330577985,67.05808604111581,67.75534057617188,128186000
2019-12-17 00:00:00-05:00,67.6851524070365,68.21777783910095,67.49872722563781,67.88851928710938,114158400
2019-12-18 00:00:00-05:00,67.74082877793086,68.24924965032962,67.57619950906032,67.72630310058594,116028400
2019-12-19 00:00:00-05:00,67.66819099261691,68.07492467866687,67.53503650596855,67.79408264160156,98369200
2019-12-20 00:00:00-05:00,68.32913707494946,68.43081679971336,67.44061055116062,67.6536636352539,275978000
2019-12-23 00:00:00-05:00,67.91757229492757,68.81820129340804,67.8788346899083,68.75767517089844,98572000
2019-12-24 00:00:00-05:00,68.92470040188486,68.97312423597853,68.49617828507091,68.82301330566406,48478800
2019-12-26 00:00:00-05:00,68.95619622675554,70.20545616603417,68.92714487279775,70.18850708007812,93121200
2019-12-27 00:00:00-05:00,70.48146020342305,71.17145949970495,69.75514671016694,70.16188049316406,146266000
2019-12-30 00:00:00-05:00,70.07955065116069,70.86155066913318,69.05303016763328,70.57828521728516,144114400
2019-12-31 00:00:00-05:00,70.19333485764807,71.10122646033071,70.09407115580855,71.09396362304688,100805600
2020-01-02 00:00:00-05:00,71.72101143907315,72.77659055848162,71.4668047519516,72.716064453125,135480400
2020-01-03 00:00:00-05:00,71.9413434276417,72.77176000550182,71.78397699623217,72.0091323852539,146322800
2020-01-06 00:00:00-05:00,71.12788091351582,72.62166149456958,70.876090172576,72.58292388916016,118387200
2020-01-07 00:00:00-05:00,72.59257829912976,72.84920835752393,72.021215493932,72.24153137207031,108872000
2020-01-08 00:00:00-05:00,71.9437663243162,73.70628659812324,71.9437663243162,73.40365600585938,132079200
2020-01-09 00:00:00-05:00,74.3841659131879,75.15647966923257,74.13238261481911,74.96279907226562,170108400
2020-01-10 00:00:00-05:00,75.19763610714092,75.69879404161257,74.62868922900458,75.13226318359375,140644800
2020-01-13 00:00:00-05:00,75.44942915816804,76.76405445807666,75.33079296168272,76.73741912841797,121532000
2020-01-14 00:00:00-05:00,76.6744745414686,76.88510420958616,75.57774178905865,75.70121002197266,161954400
2020-01-15 00:00:00-05:00,75.50026089033786,76.3839404992497,74.9434163205122,75.37678527832031,121923600
2020-01-16 00:00:00-05:00,75.92153589794125,76.43238014496747,75.55837921189631,76.32100677490234,108829200
2020-01-17 00:00:00-05:00,76.57034203664037,77.16834009168814,76.26287216426044,77.16592407226562,137816400
2020-01-21 00:00:00-05:00,76.79310894375465,77.23615682397768,76.50500406521856,76.64300537109375,110843200
2020-01-22 00:00:00-05:00,77.12963354237134,77.47100170840719,76.82216354627624,76.91658782958984,101832400
2020-01-23 00:00:00-05:00,76.96983114393875,77.3668785027068,76.42024944843635,77.2869873046875,104472000
2020-01-24 00:00:00-05:00,77.53394558679635,78.2796239983564,76.87299781703734,77.06426239013672,146537600
2020-01-27 00:00:00-05:00,75.06689673049003,75.48089322464955,73.81279759380895,74.79816436767578,161940000
2020-01-28 00:00:00-05:00,75.6818509443487,77.08605376922371,75.58258723533865,76.9141616821289,162234000
2020-01-29 00:00:00-05:00,78.55078236199498,79.37393591584485,77.80752001617462,78.5241470336914,216229200
2020-01-30 00:00:00-05:00,77.60415772537527,78.46362551493233,77.17078871761717,78.41036224365234,126743200
2020-01-31 00:00:00-05:00,77.69856694811635,78.12224966790679,74.63837103116171,74.9337387084961,199588400
2020-02-03 00:00:00-05:00,73.67237945985059,75.89731989448796,73.16880546652003,74.72795867919922,173788400
2020-02-04 00:00:00-05:00,76.33795548064964,77.3862719133486,75.93122176752728,77.19500732421875,136616400
2020-02-05 00:00:00-05:00,78.32562874403418,78.62584328517734,77.21921702642419,77.82447814941406,118826800
2020-02-06 00:00:00-05:00,78.09563507421905,78.73721039613278,77.53637437960353,78.73478698730469,105425600
2020-02-07 00:00:00-05:00,78.23244174012544,78.48240085764334,77.1719355094332,77.6645736694336,117684000
2020-02-10 00:00:00-05:00,76.24488890405078,78.03343200683594,76.16480809009461,78.03343200683594,109348800
2020-02-11 00:00:00-05:00,78.53093164624849,78.60373238920275,77.34422769426291,77.56263732910156,94323200
2020-02-12 00:00:00-05:00,78.01401070527898,79.40941481717738,78.01401070527898,79.4045639038086,113730400
2020-02-13 00:00:00-05:00,78.67412186901794,79.16676004463604,78.47027235558737,78.83914184570312,94747600
2020-02-14 00:00:00-05:00,78.80757547409223,79.10850246780329,78.34891601878451,78.8585433959961,80113600
2020-02-18 00:00:00-05:00,76.53124149343974,77.59660579717271,76.34923225388421,77.41459655761719,152531200
2020-02-19 00:00:00-05:00,77.65730009675248,78.76634519119376,77.65730009675248,78.53579711914062,93984000
2020-02-20 00:00:00-05:00,78.29554123010857,78.78575023333428,77.22289659591061,77.73009490966797,100566000
2020-02-21 00:00:00-05:00,77.32238890983989,77.76649566805042,75.35183643347615,75.97066497802734,129554000
2020-02-24 00:00:00-05:00,72.13877707909086,73.8181119648714,70.19006459555902,72.3620376586914,222195200
2020-02-25 00:00:00-05:00,73.03425797216033,73.41768758581995,69.4377529242665,69.91097259521484,230673600
2020-02-26 00:00:00-05:00,69.53481752247102,72.28922581008212,69.52753744829661,71.02001190185547,198054800
2020-02-27 00:00:00-05:00,68.21707461192374,69.40620033933959,66.24166381662789,66.3775634765625,320605600
2020-02-28 00:00:00-05:00,62.431618127058165,67.56427882911555,62.215630206085294,66.3387451171875,426510000
2020-03-02 00:00:00-05:00,68.50343166746465,73.15316245707646,67.39681595785085,72.5149154663086,341397200
2020-03-03 00:00:00-05:00,73.69434436871329,73.77442519005979,69.3576638774749,70.21189880371094,319475600
2020-03-04 00:00:00-05:00,71.93976087414214,73.62880458228122,71.13649400429283,73.46863555908203,219178400
2020-03-05 00:00:00-05:00,71.71650028960082,72.69449642985231,70.71909308665877,71.08554077148438,187572800
2020-03-06 00:00:00-05:00,68.43549929336439,70.57593051678296,68.24863907137488,70.14153289794922,226176800
2020-03-09 00:00:00-04:00,64.00658563730508,67.48660157527603,63.82457638904733,64.5938720703125,286744800
2020-03-10 00:00:00-04:00,67.25606913589775,69.5129811258908,65.37044835521063,69.24603271484375,285290000
2020-03-11 00:00:00-04:00,67.31674360006403,68.24620108036899,65.97472137640763,66.8410873413086,255598800
2020-03-12 00:00:00-04:00,62.11127620771815,65.52334303397203,60.184403971944676,60.24021911621094,418474000
2020-03-13 00:00:00-04:00,64.28325788918951,67.93072375869788,61.38566570157223,67.4574966430664,370732000
2020-03-16 00:00:00-04:00,58.716182706946256,62.87327141626091,58.242959402399286,58.77928161621094,322423600
2020-03-17 00:00:00-04:00,60.06548484229005,62.5165408014644,57.854678750743666,61.36381912231445,324056000
2020-03-18 00:00:00-04:00,58.187153255274865,60.66975874633833,57.54405159077075,59.861637115478516,300233600
2020-03-19 00:00:00-04:00,60.036361741511776,61.35896164078844,58.876356338925326,59.40296936035156,271857200
2020-03-20 00:00:00-04:00,59.98541147221811,61.113871383188844,55.33082863063687,55.631752014160156,401693200
2020-03-23 00:00:00-04:00,55.35023092369006,55.45215566699075,51.59598621533572,54.44989013671875,336752800
2020-03-24 00:00:00-04:00,57.359620632722056,60.10917472444294,56.859702380225244,59.91260528564453,287531200
2020-03-25 00:00:00-04:00,60.85176409780143,62.67185674280047,59.286485163699844,59.58255386352539,303602000
2020-03-26 00:00:00-04:00,59.825241722917845,62.77621621978865,59.786412185369784,62.71797561645508,252087200
2020-03-27 00:00:00-04:00,61.33712415208677,62.09428153233142,59.95385443702902,60.12130355834961,204216800
2020-03-30 00:00:00-04:00,60.84933827038797,62.0093436795025,60.52414557218957,61.837039947509766,167976400
2020-03-31 00:00:00-04:00,62.028754737466606,63.70080921944118,61.155108844211355,61.71084213256836,197002000
2020-04-01 00:00:00-04:00,59.82037714150967,60.35912485054445,58.03183398758983,58.463802337646484,176218400
2020-04-02 00:00:00-04:00,58.32547715782636,59.49276269917482,57.49066070248686,59.43937301635742,165934000
2020-04-03 00:00:00-04:00,58.92247157470053,59.62623930857482,57.99301040837071,58.585147857666016,129880000
2020-04-06 00:00:00-04:00,60.88816303362977,63.851271716138356,60.51929359909339,63.695960998535156,201820400
2020-04-07 00:00:00-04:00,65.71746500197477,65.93588200935402,62.85385599250536,62.95820617675781,202887200
2020-04-08 00:00:00-04:00,63.76147775323179,64.88508270225176,63.395037501230945,64.5696029663086,168895200
2020-04-09 00:00:00-04:00,65.20786042767898,65.54032952455171,64.2371442763535,65.03555297851562,161834800
2020-04-13 00:00:00-04:00,65.11320728466447,66.42125075775364,64.51136064871955,66.31204223632812,131022800
2020-04-14 00:00:00-04:00,67.95012658868427,69.95222853281514,67.47689953040836,69.6610107421875,194994800
2020-04-15 00:00:00-04:00,68.53253141884329,69.48625787900578,68.10299235966421,69.0251693725586,131154400
2020-04-16 00:00:00-04:00,69.7410956561746,69.94009422345636,68.5204205220071,69.57364654541016,157125200
2020-04-17 00:00:00-04:00,69.08829031254295,69.63674726381512,67.1881094519009,68.62962341308594,215250000
2020-04-20 00:00:00-04:00,67.45263070247596,68.35781862849281,67.18568232250739,67.20509338378906,130015200
2020-04-21 00:00:00-04:00,67.0473614677832,67.28276042085989,64.41429253639382,65.12776947021484,180991600
2020-04-22 00:00:00-04:00,66.39940158614417,67.4404966317663,66.05723069304202,67.00367736816406,116862400
2020-04-23 00:00:00-04:00,66.94785276175145,68.37480642869768,66.7051737682157,66.74400329589844,124814400
2020-04-24 00:00:00-04:00,67.27062041354411,68.68058478279482,67.22208165212722,68.6708755493164,126161200
2020-04-27 00:00:00-04:00,68.38693731564892,69.05188279302438,67.93798710304658,68.71941375732422,117087600
2020-04-28 00:00:00-04:00,69.18294368703222,69.36495298340253,67.51331796268283,67.60552978515625,112004800
2020-04-29 00:00:00-04:00,69.0980050622793,70.29684010085327,68.89415555935265,69.82604217529297,137280800
2020-04-30 00:00:00-04:00,70.36720104938254,71.47624586127782,69.97649141267905,71.29908752441406,183064000
2020-05-01 00:00:00-04:00,69.46688076275679,72.56103877053023,69.36981062017894,70.15123748779297,240616800
2020-05-04 00:00:00-04:00,70.17551168453589,71.27241844220069,69.48387483655323,71.143798828125,133568000
2020-05-05 00:00:00-04:00,71.60488830234772,73.04640262096729,71.4592793740672,72.21158599853516,147751200
2020-05-06 00:00:00-04:00,72.91533768168664,73.58998507405805,72.52947892116252,72.95659637451172,142333600
2020-05-07 00:00:00-04:00,73.58513616899319,74.05836324243135,73.28178737986006,73.7113265991211,115215200
2020-05-08 00:00:00-04:00,74.3732060857613,75.51931637355732,74.04470105585122,75.46578216552734,133838400
2020-05-11 00:00:00-04:00,74.97181444929954,77.14966694282032,74.7625416518722,76.65326690673828,145946400
2020-05-12 00:00:00-04:00,77.3394571152635,77.79206581684177,75.65557660011677,75.7772445678711,162301200
2020-05-13 00:00:00-04:00,75.95731647939719,76.88199755928032,73.78189245874619,74.8623046875,200622400
2020-05-14 00:00:00-04:00,74.09821767406875,75.38303093576837,73.37307401489639,75.32219696044922,158929200
2020-05-15 00:00:00-04:00,73.085943325568,74.92312650763014,73.05187273308422,74.87689208984375,166348400
2020-05-18 00:00:00-04:00,76.20551679383226,77.0158221767727,75.51200790514008,76.64108276367188,135178400
2020-05-19 00:00:00-04:00,76.6581126858227,77.50735264930493,76.16657681294011,76.19821166992188,101729600
2020-05-20 00:00:00-04:00,77.05962650901947,77.75069971271533,77.02069186607584,77.68013763427734,111504800
2020-05-21 00:00:00-04:00,77.54143540411926,78.08407725078851,76.86252601832638,77.10099792480469,102688800
2020-05-22 00:00:00-04:00,76.83820518937846,77.68015308672346,76.73600822909283,77.59741973876953,81803200
2020-05-26 00:00:00-04:00,78.71918198527375,78.89924821688763,77.01583028852903,77.0718002319336,125522000
2020-05-27 00:00:00-04:00,76.92823567989113,77.55360346730318,76.18605652967298,77.40760040283203,112945200
2020-05-28 00:00:00-04:00,77.08154095991135,78.7045953244802,76.80414178535541,77.44168090820312,133560800
2020-05-29 00:00:00-04:00,77.68500333141107,78.14734015890691,77.00852967618476,77.3662338256836,153532400
2020-06-01 00:00:00-04:00,77.32000143580059,78.43934833911615,77.18859793786604,78.31768035888672,80791200
2020-06-02 00:00:00-04:00,78.04999766403765,78.70457189402366,77.60712449987925,78.68023681640625,87642800
2020-06-03 00:00:00-04:00,79.00144797787304,79.37618740858451,78.42717129207927,79.1133804321289,104491200
2020-06-04 00:00:00-04:00,78.93576753713425,79.23506606043094,78.05732072747928,78.43206024169922,87560400
2020-06-05 00:00:00-04:00,78.68267663769132,80.72669702130025,78.65347751344345,80.66586303710938,137250400
2020-06-08 00:00:00-04:00,80.36170821177842,81.17688523826865,79.64873556537788,81.14281463623047,95654400
2020-06-09 00:00:00-04:00,80.82159908143493,84.09932691847067,80.78996422247816,83.70512390136719,147712400
2020-06-10 00:00:00-04:00,84.6565926651657,86.3283097920722,84.21615510054647,85.85867309570312,166651600
2020-06-11 00:00:00-04:00,84.99969350194307,85.42553148158305,81.63436005029637,81.73655700683594,201662400
2020-06-12 00:00:00-04:00,83.88275149824271,84.6322228005878,81.32772455576006,82.44219970703125,200146000
2020-06-15 00:00:00-04:00,81.09170230417108,84.1163662672843,80.92866395631923,83.4617919921875,138808800
2020-06-16 00:00:00-04:00,85.52283135894191,85.94624086485538,83.88274980715867,85.67369842529297,165428800
2020-06-17 00:00:00-04:00,86.42077226439153,86.48160625971012,85.43282877449953,85.55449676513672,114406400
2020-06-18 00:00:00-04:00,85.51069272033729,86.00710017036369,84.97778636060843,85.58856201171875,96820400
2020-06-19 00:00:00-04:00,86.2966575684398,86.76385839432308,83.98739454869698,85.09944152832031,264476000
2020-06-22 00:00:00-04:00,85.49364658624263,87.4695331919999,85.44741216447049,87.32596588134766,135445200
2020-06-23 00:00:00-04:00,88.5742789095001,90.61343520003089,88.15330507538052,89.1899185180664,212155600
2020-06-24 00:00:00-04:00,88.81761971025675,89.73986501886358,87.24080011710065,87.61553955078125,192623200
2020-06-25 00:00:00-04:00,87.77129464423196,88.81763643178542,87.00965180666661,88.77870178222656,137522400
2020-06-26 00:00:00-04:00,88.67405701121628,88.8954936232834,85.90245689556569,86.05089569091797,205256800
2020-06-29 00:00:00-04:00,85.95843257929042,88.12899272885664,85.47906041478672,88.03408813476562,130646000
2020-06-30 00:00:00-04:00,87.62040543722048,89.0560934802323,87.60094182870904,88.76895141601562,140223200
2020-07-01 00:00:00-04:00,88.84683832344739,89.39190858215986,88.55240384541347,88.60106658935547,110737200
2020-07-02 00:00:00-04:00,89.5111482707722,90.14868739680738,88.48670579938037,88.60106658935547,114041600
2020-07-06 00:00:00-04:00,90.03428564338377,91.4407668896368,90.0026507872914,90.97113037109375,118655600
2020-07-07 00:00:00-04:00,91.35074735374833,92.13185365235528,90.57694083639849,90.68887329101562,112424400
2020-07-08 00:00:00-04:00,91.6695072289332,92.83265261870064,91.58190243701405,92.80101776123047,117092000
2020-07-09 00:00:00-04:00,93.69651908668872,93.75005330101985,92.14890576952082,93.20011901855469,125642800
2020-07-10 00:00:00-04:00,92.79372347201921,93.42153433551938,92.18051959638903,93.36312866210938,90257200
2020-07-13 00:00:00-04:00,94.67228464918172,97.29058186234049,92.71829725665447,92.93243408203125,191649200
2020-07-14 00:00:00-04:00,92.31191801469724,94.6625440704525,91.37508059280022,94.4703140258789,170989200
2020-07-15 00:00:00-04:00,96.35129727473847,96.60193299733245,93.91793786080713,95.1200180053711,153198000
2020-07-16 00:00:00-04:00,93.98851960775556,94.80856064892015,93.34854481035306,93.9495849609375,110577600
2020-07-17 00:00:00-04:00,94.40216835638182,94.5578994757678,93.28525000521282,93.75975799560547,92186800
2020-07-20 00:00:00-04:00,93.84736742164009,95.87435236536639,93.50182714820313,95.73564910888672,90318000
2020-07-21 00:00:00-04:00,96.52893470179353,96.60436824916565,94.16370906625916,94.41434478759766,103433200
2020-07-22 00:00:00-04:00,94.11503952134649,95.36335409074172,94.02744214680403,94.67958068847656,89001600
2020-07-23 00:00:00-04:00,94.41190829825081,94.48977758073065,89.55736078613936,90.37010192871094,197004400
2020-07-24 00:00:00-04:00,88.56211314862233,90.49176525760697,86.76872113795501,90.14622497558594,185438800
2020-07-27 00:00:00-04:00,91.212045787962,92.37519132147816,90.98818087454525,92.28272247314453,121214000
2020-07-28 00:00:00-04:00,91.852015075252,92.02965297999799,90.76186742027873,90.76673889160156,103625600
2020-07-29 00:00:00-04:00,91.25099250763601,92.69154477680748,91.21449359583792,92.50660705566406,90329200
2020-07-30 00:00:00-04:00,91.67683010582483,93.73058636306052,91.2680274432724,93.6259536743164,158130000
2020-07-31 00:00:00-04:00,100.142485220989,103.57838786224833,98.13739181757805,103.42752075195312,374336800
2020-08-03 00:00:00-04:00,105.31578641481019,108.66165541676666,105.01648797674454,106.03363037109375,308151200
2020-08-04 00:00:00-04:00,106.22344584387962,107.83676443958547,105.49830201297321,106.74175262451172,173071600
2020-08-05 00:00:00-04:00,106.46192391970698,107.44986737596928,105.99471558411307,107.128662109375,121776800
2020-08-06 00:00:00-04:00,107.46201970975673,111.36269464253704,106.87071514088169,110.86628723144531,202428800
2020-08-07 00:00:00-04:00,110.38605796245164,110.84435557432207,107.54608428478957,108.34566497802734,198045600
2020-08-10 00:00:00-04:00,109.7961055869829,110.94184946694823,107.26085060599635,109.9204330444336,212403600
2020-08-11 00:00:00-04:00,109.18181072713648,109.68154587218592,106.3905875156011,106.65142822265625,187902400
2020-08-12 00:00:00-04:00,107.74596761374468,110.45430815645663,107.55095084699191,110.19590759277344,165598000
2020-08-13 00:00:00-04:00,111.58055146808589,113.15290119524892,111.09056196029391,112.14611053466797,210082000
2020-08-14 00:00:00-04:00,111.97058828094455,112.13635327859295,110.23003348739779,112.04615783691406,165565200
2020-08-17 00:00:00-04:00,113.17240210150105,113.19678105887246,111.1246961523291,111.75363159179688,119561600
2020-08-18 00:00:00-04:00,111.50496132220829,113.11143534089372,111.1685511216213,112.68482971191406,105633600
2020-08-19 00:00:00-04:00,113.09437890098116,114.24499562094896,112.73115702960943,112.82622528076172,145538000
2020-08-20 00:00:00-04:00,112.86767769232154,115.4443778648386,112.85061167913358,115.32980346679688,126907200
2020-08-21 00:00:00-04:00,116.29270335052242,121.75813472539492,116.28051759278713,121.27302551269531,338054800
2020-08-24 00:00:00-04:00,125.49278810866619,125.57811819160509,120.85132259813872,122.7235107421875,345937600
2020-08-25 00:00:00-04:00,121.59238528346616,122.0628686712799,119.98834358364527,121.71670532226562,211495600
2020-08-26 00:00:00-04:00,123.03795523691794,123.83022293693548,121.9677808342838,123.3719253540039,163022400
2020-08-27 00:00:00-04:00,123.97649247764066,124.31046260347257,120.74891061178384,121.8970947265625,155552400
2020-08-28 00:00:00-04:00,122.8746266915099,123.2939194462389,121.47536238371781,121.69963836669922,187630000
2020-08-31 00:00:00-04:00,124.4031081470526,127.73794429666664,122.86245023954196,125.82674407958984,225702700
2020-09-01 00:00:00-04:00,129.45410665665014,131.44331646895694,127.27964057724809,130.8387451171875,151948100
2020-09-02 00:00:00-04:00,134.16382339626398,134.54411128513743,123.83753197784804,128.12796020507812,200119000
2020-09-03 00:00:00-04:00,123.74978578666541,125.6317192300971,117.49939923565937,117.86993408203125,257599600
2020-09-04 00:00:00-04:00,117.0800921968489,120.61969754526804,108.12868647661209,117.94792938232422,332607200
2020-09-08 00:00:00-04:00,111.11250964380896,116.02700868136228,109.87413739256252,110.01065063476562,231366600
2020-09-09 00:00:00-04:00,114.34009416642051,116.1732773411802,112.38989645051765,114.39859771728516,176940500
2020-09-10 00:00:00-04:00,117.36287872631232,117.49939194752987,109.69860244063993,110.66394805908203,182274400
2020-09-11 00:00:00-04:00,111.71706305037618,112.36063179376235,107.2608620779855,109.2110595703125,180860300
2020-09-14 00:00:00-04:00,111.86334120112333,113.04320991624836,109.99115319560664,112.4874038696289,140150100
2020-09-15 00:00:00-04:00,115.38343686650313,115.87098624147585,110.78096957645455,112.66291046142578,184642000
2020-09-16 00:00:00-04:00,112.36062624645403,113.11144897058965,109.25005901915075,109.33781433105469,154679000
2020-09-17 00:00:00-04:00,106.98785068006195,109.40609174489231,106.0029987247634,107.5924072265625,178011000
2020-09-18 00:00:00-04:00,107.65089112215993,108.11893430232509,103.44821093361564,104.17953491210938,287104900
2020-09-21 00:00:00-04:00,101.93682671673261,107.44613627717712,100.53268210169752,107.33887481689453,195713800
2020-09-22 00:00:00-04:00,109.874118243747,110.0496363016209,106.44177420460605,109.0257797241211,183055400
2020-09-23 00:00:00-04:00,108.84053574437004,109.31833209532834,104.11130039514165,104.45259094238281,150718700
2020-09-24 00:00:00-04:00,102.5511305606354,107.50463384194083,102.38536556375317,105.52518463134766,167743300
2020-09-25 00:00:00-04:00,105.72994906280776,109.64009681169752,104.98887199073256,109.48407745361328,149981400
2020-09-28 00:00:00-04:00,112.1461089873391,112.44838721832883,109.97163550795793,112.09735107421875,137672400
2020-09-29 00:00:00-04:00,111.69756013169471,112.43862979442277,110.74196012319106,111.24900817871094,99382200
2020-09-30 00:00:00-04:00,110.95648187938991,114.34007555606303,110.79071688597794,112.92617797851562,142675200
2020-10-01 00:00:00-04:00,114.71060728643806,114.78861696573017,112.9456810690759,113.88177490234375,116120400
2020-10-02 00:00:00-04:00,110.07889779908955,112.49714598356358,109.42558341904119,110.20565795898438,144712000
2020-10-05 00:00:00-04:00,111.07350441061017,113.74527295614752,110.72246825841832,113.59900665283203,106243800
2020-10-06 00:00:00-04:00,112.81893042871084,113.2284775868128,109.45484247754938,110.3421859741211,161498200
2020-10-07 00:00:00-04:00,111.76581857721544,112.67266068936267,111.2880148454192,112.21436309814453,96849000
2020-10-08 00:00:00-04:00,113.35520347330223,113.50146973985973,111.73653635171225,112.1070785522461,83477200
2020-10-09 00:00:00-04:00,112.40937004114366,114.08654089243238,112.05833393555243,114.05728912353516,100506900
2020-10-12 00:00:00-04:00,117.0703444949578,122.06285238723022,116.3097687190557,121.30227661132812,240226800
2020-10-13 00:00:00-04:00,122.15061740846656,122.26763193691325,116.67056718260892,118.08445739746094,262330500
2020-10-14 00:00:00-04:00,117.98693956467062,119.96638868276364,116.64130607261743,118.17221069335938,150712000
2020-10-15 00:00:00-04:00,115.76372578098064,118.18196653560398,115.20791978630072,117.70417022705078,112559200
2020-10-16 00:00:00-04:00,118.25996903954183,118.52324985437662,115.85147406239771,116.05624389648438,115393800
2020-10-19 00:00:00-04:00,116.97283808725243,117.42138259241214,112.7799181793268,113.09194946289062,120639300
2020-10-20 00:00:00-04:00,113.3064778152816,116.01725873391653,112.75067179572477,114.5838623046875,124423700
2020-10-21 00:00:00-04:00,113.76477649436593,115.75397896154352,113.55025356563891,113.95980072021484,89946000
2020-10-22 00:00:00-04:00,114.52534835538113,115.10066050216787,111.7365652586778,112.86768341064453,101988000
2020-10-23 00:00:00-04:00,113.49174346426179,113.64776283593191,111.43428449669388,112.17536163330078,82572600
2020-10-26 00:00:00-04:00,111.17101598676972,113.64776782516624,110.0691495843626,112.18511962890625,111850700
2020-10-27 00:00:00-04:00,112.61415768734956,114.35958542213467,111.68781680839272,113.69651794433594,92276800
2020-10-28 00:00:00-04:00,112.18513664728991,112.55567156836342,108.33349134919945,108.43099975585938,143937800
2020-10-29 00:00:00-04:00,109.57184881965813,114.01829672297495,109.40607637880336,112.4483871459961,146129200
2020-10-30 00:00:00-04:00,108.2944526194869,109.20129465261257,105.03762673155073,106.14923858642578,190272600
2020-11-02 00:00:00-05:00,106.39303037953306,107.92393519387548,104.64760263945637,106.06149291992188,122866900
2020-11-03 00:00:00-05:00,106.9293350359113,108.71376013684448,106.0224928792937,107.68991088867188,107624400
2020-11-04 00:00:00-05:00,111.29776550877692,112.71165565418494,109.5523379354268,112.08759307861328,138235500
2020-11-05 00:00:00-05:00,115.01288590671425,116.64130635027131,113.95978499014568,116.06599426269531,126387100
2020-11-06 00:00:00-05:00,115.57273140177695,116.43229602708031,113.43357855709559,115.93414306640625,114457900
2020-11-09 00:00:00-05:00,117.70211621905518,119.1575178931427,113.35544353875275,113.61917114257812,154515300
2020-11-10 00:00:00-05:00,112.86704412515682,114.85967074705178,111.48000948330214,113.27729034423828,138023400
2020-11-11 00:00:00-05:00,114.46895409414329,116.85229438177376,113.7363684316971,116.71554565429688,112295000
2020-11-12 00:00:00-05:00,116.84255382154495,117.7314207166171,115.81693072113664,116.44207000732422,103162300
2020-11-13 00:00:00-05:00,116.66672664224632,116.8913821021024,115.13318074907436,116.49090576171875,81581900
2020-11-16 00:00:00-05:00,116.15880460888832,118.18074115273141,115.40668645392178,117.50676727294922,91183000
2020-11-17 00:00:00-05:00,116.77417031034764,117.86816024947451,116.19786565120255,116.61788177490234,74271000
2020-11-18 00:00:00-05:00,115.85599399209619,117.03789809748132,115.26015699113172,115.28945922851562,76322100
2020-11-19 00:00:00-05:00,114.85967663013399,116.29554592271136,114.09778862645973,115.88529968261719,74113000
2020-11-20 00:00:00-05:00,115.88528907764832,116.01226791589127,114.5666363110203,114.61547088623047,73604300
2020-11-23 00:00:00-05:00,114.45918703209715,114.88897301609046,111.10882822148257,111.20650482177734,127959300
2020-11-24 00:00:00-05:00,111.26513373188881,113.16008391412161,109.97577558304761,112.4958724975586,113874200
2020-11-25 00:00:00-05:00,112.86704864167184,114.03918287230827,112.49586708858041,113.33589935302734,76499200
2020-11-27 00:00:00-05:00,113.86336408177817,114.76200083857178,113.52149221259015,113.88289642333984,46691300
2020-11-30 00:00:00-05:00,114.25407557732021,118.16119960518925,114.09778703912657,116.28578186035156,169410200
2020-12-01 00:00:00-05:00,118.20026515774896,120.60314540681418,117.2234842051738,119.87055969238281,127728200
2020-12-02 00:00:00-05:00,119.18683588918579,120.5054964393888,118.08307584244258,120.22222900390625,89004200
2020-12-03 00:00:00-05:00,120.65199948730223,120.90596466265619,119.37241861729504,120.0854721069336,78967600
2020-12-04 00:00:00-05:00,119.75336329408746,120.00732847079844,118.69843790059431,119.41149139404297,78260400
2020-12-07 00:00:00-05:00,119.47007339320174,121.67760038587379,119.41146892200817,120.87664031982422,86712000
2020-12-08 00:00:00-05:00,121.48225720881356,122.07809422262514,120.23197125291128,121.49201965332031,82225500
2020-12-09 00:00:00-05:00,121.638532607525,123.02555979189044,118.19049698695923,118.95238494873047,115089200
2020-12-10 00:00:00-05:00,117.7021162779425,120.99387109234236,117.36024440160968,120.37849426269531,81312200
2020-12-11 00:00:00-05:00,119.58728899235093,119.90962848626559,117.75094353544566,119.56775665283203,86939800
2020-12-14 00:00:00-05:00,119.75334504344477,120.48593076857054,118.71795960331949,118.95238494873047,79184500
2020-12-15 00:00:00-05:00,121.4529531337426,124.93029876658031,121.24783000590143,124.91075897216797,157243700
2020-12-16 00:00:00-05:00,124.45167027239827,125.389371682003,123.62140046403383,124.84237670898438,98208600
2020-12-17 00:00:00-05:00,125.90707656477707,126.57129545645023,125.06704423102657,125.71172332763672,94359800
2020-12-18 00:00:00-05:00,125.96570052204723,126.10244928345861,123.19163825002659,123.71910095214844,192541500
2020-12-21 00:00:00-05:00,122.11716580798591,125.33077641507083,120.58361982974765,125.25263214111328,121251600
2020-12-22 00:00:00-05:00,128.5541665300668,131.2891567050616,126.63966893622124,128.81790161132812,168904800
2020-12-23 00:00:00-05:00,129.09136164768518,129.35508174785957,127.74339929548835,127.91922760009766,88223700
2020-12-24 00:00:00-05:00,128.27089053594116,130.36120131987872,128.0559975194573,128.90579223632812,54930100
2020-12-28 00:00:00-05:00,130.8788989655675,134.1511065581324,130.41003332778524,133.51620483398438,124486200
2020-12-29 00:00:00-05:00,134.84462043635702,135.56742883965345,131.22075635748268,131.7384490966797,121047300
2020-12-30 00:00:00-05:00,132.43195588802078,132.83243963312395,130.30256578086988,130.61514282226562,96452100
2020-12-31 00:00:00-05:00,130.9668102005262,131.6114892963398,128.66160623432629,129.6090850830078,99116600
2021-01-04 00:00:00-05:00,130.419829491317,130.50773622189638,123.81678651830266,126.40525817871094,143301900
2021-01-05 00:00:00-05:00,125.89727755533225,128.68110881569237,125.44795182635949,127.96804809570312,97664900
2021-01-06 00:00:00-05:00,124.75448181589701,128.00716462914988,123.44559128213457,123.66048431396484,155088000
2021-01-07 00:00:00-05:00,125.37962311713653,128.57370150076903,124.89123256509167,127.88018035888672,109578200
2021-01-08 00:00:00-05:00,129.35506853024495,129.55043660529086,127.20615384516363,128.98390197753906,105158200
2021-01-11 00:00:00-05:00,126.1903524513776,127.14759375428018,125.51637110895247,125.98522186279297,100384500
2021-01-12 00:00:00-05:00,125.51638039259869,126.67875237005914,123.91445986937111,125.80941772460938,91951100
2021-01-13 00:00:00-05:00,125.77027483350199,128.39781724412623,125.50655478146568,127.85082244873047,88636800
2021-01-14 00:00:00-05:00,127.76298601903567,127.95833928131353,125.7703439921052,125.9168701171875,90221800
2021-01-15 00:00:00-05:00,125.78985510810772,127.19642212299213,124.05118613262425,124.18793487548828,111598500
2021-01-19 00:00:00-05:00,124.81308118444944,125.72149530988855,123.9925886807919,124.86192321777344,90757300
2021-01-20 00:00:00-05:00,125.67266873501019,129.41374239946222,125.56522221027927,128.96441650390625,104319500
2021-01-21 00:00:00-05:00,130.6932767164714,136.42697536129248,130.48814618626398,133.69198608398438,120150900
2021-01-22 00:00:00-05:00,133.11572996769436,136.60284572356557,131.88499112094416,135.84095764160156,114459400
2021-01-25 00:00:00-05:00,139.74805806803522,141.72114486140973,133.36966473426315,139.60153198242188,157611700
2021-01-26 00:00:00-05:00,140.2657387257932,140.9494823530756,138.08750665706705,139.83595275878906,98390600
2021-01-27 00:00:00-05:00,140.099736532336,140.949546409481,137.14986769909706,138.7615509033203,140843800
2021-01-28 00:00:00-05:00,136.28049175107478,138.6931420569465,133.52596212723918,133.9069061279297,142621100
2021-01-29 00:00:00-05:00,132.67619570373378,133.56507019639048,127.18668998356583,128.89605712890625,177523800
2021-02-01 00:00:00-05:00,130.64447709526527,132.23663511827664,127.88994713431293,131.02542114257812,106239800
2021-02-02 00:00:00-05:00,132.57847548555233,133.14501023071227,131.4844855801371,131.8556671142578,83305400
2021-02-03 00:00:00-05:00,132.6077812510319,132.61755859976557,130.50770809360628,130.83004760742188,89880900
2021-02-04 00:00:00-05:00,133.13524824047326,134.20969835709803,131.46494623573207,134.19993591308594,84183100
2021-02-05 00:00:00-05:00,134.361383637691,134.4298527337004,132.9037994309717,133.78421020507812,75693800
2021-02-08 00:00:00-05:00,133.0700669616327,133.97983847702403,131.98421930396577,133.93092346191406,71297200
2021-02-09 00:00:00-05:00,133.64724931778963,134.87984224201634,132.89401467161727,133.05052185058594,76774200
2021-02-10 00:00:00-05:00,133.510263582445,134.00917580672544,131.4755214853653,132.44398498535156,73046600
2021-02-11 00:00:00-05:00,132.94287062653802,133.42221381866224,130.8592286269798,132.18963623046875,64280000
2021-02-12 00:00:00-05:00,131.4266437121405,132.58096057062542,130.78100126920737,132.4244384765625,60145100
2021-02-16 00:00:00-05:00,132.54182652078916,133.0505008941642,129.9005649144753,130.2918701171875,80576300
2021-02-17 00:00:00-05:00,128.39408609658847,129.34298072702467,126.65281892309615,127.99300384521484,97918500
2021-02-18 00:00:00-05:00,126.38872946236289,127.1713252182915,124.63768470598325,126.88764190673828,96856700
2021-02-19 00:00:00-05:00,127.4060647121988,127.86583900131197,125.9973958201727,127.04410552978516,87668800
2021-02-22 00:00:00-05:00,125.22458978162501,126.89738798845885,122.86703351631368,123.25833129882812,103916400
2021-02-23 00:00:00-05:00,121.067072044615,123.95287914625916,115.81391675875304,123.12137603759766,158273000
2021-02-24 00:00:00-05:00,122.22139224547901,122.82789668702961,119.57036091351185,122.62246704101562,111039900
2021-02-25 00:00:00-05:00,121.96704845427313,123.70831567300634,117.91713263038818,118.35733795166016,148199500
2021-02-26 00:00:00-05:00,119.92252202962122,122.13334806816741,118.56276807411227,118.62146759033203,164560400
2021-03-01 00:00:00-05:00,121.05726853408818,125.1463143475527,120.11815849803577,125.00936126708984,116307900
2021-03-02 00:00:00-05:00,125.61588891931011,125.91914114090521,122.28986912474551,122.39747619628906,102260900
2021-03-03 00:00:00-05:00,122.09421455304867,122.97463264092775,119.18883859473966,119.404052734375,112966300
2021-03-04 00:00:00-05:00,119.10078939752296,120.91053295934665,116.03889910024034,117.51603698730469,178155000
2021-03-05 00:00:00-05:00,118.34754858051326,119.28665864113772,115.01174462231236,118.77796936035156,153766600
2021-03-08 00:00:00-05:00,118.29863063273507,118.36710717306019,113.68133401828926,113.82807159423828,154376600
2021-03-09 00:00:00-05:00,116.43998860707968,119.4040567156157,116.20521293027855,118.45516204833984,129525800
2021-03-10 00:00:00-05:00,119.04212218796035,119.51167358003067,116.85085748034945,117.36933135986328,111943300
2021-03-11 00:00:00-05:00,119.87360233956089,120.52902174116306,118.62145558325126,119.30622100830078,103026500
2021-03-12 00:00:00-05:00,117.78018017041316,118.5334222152771,116.56716380866244,118.39646911621094,88105100
2021-03-15 00:00:00-04:00,118.76820554841954,121.30184534868131,117.79974189337008,121.29206085205078,92403800
2021-03-16 00:00:00-04:00,122.96484559847543,124.45177555241284,122.0061739497114,122.83767700195312,115227900
2021-03-17 00:00:00-04:00,121.35076856352724,123.12138194063304,119.67797030579568,122.04531860351562,111932600
2021-03-18 00:00:00-04:00,120.20621275113163,120.49968794214433,117.70191898445727,117.9073486328125,121229700
2021-03-19 00:00:00-04:00,117.29105128250436,118.78775822996795,117.0758371529688,117.37908935546875,185549500
2021-03-22 00:00:00-04:00,117.71170219523187,121.17467507978692,117.64322564652812,120.70511627197266,111912300
2021-03-23 00:00:00-04:00,120.6464301462858,121.53662532316353,119.48232129775354,119.87361907958984,95467100
2021-03-24 00:00:00-04:00,120.14752925655445,120.22579030818369,117.45736717972252,117.4769287109375,88530500
2021-03-25 00:00:00-04:00,116.93890844143763,119.01278166529129,116.41065750337911,117.96605682373047,98844700
2021-03-26 00:00:00-04:00,117.73127550973699,118.83669235952908,116.33239090614592,118.57256317138672,94071200
2021-03-29 00:00:00-04:00,119.00297900233532,119.91274312400247,118.10299937711603,118.7486343383789,80819200
2021-03-30 00:00:00-04:00,117.49649105272375,117.78018175127832,116.27369017794591,117.29106140136719,85671900
2021-03-31 00:00:00-04:00,119.00297562612528,120.83228085062457,118.51385530498492,119.49209594726562,118323800
2021-04-01 00:00:00-04:00,120.96924318486211,121.47792504243581,119.82469594439944,120.32360076904297,75089100
2021-04-05 00:00:00-04:00,121.17467974982267,123.41485187715786,120.39208419443258,123.16050720214844,88651200
2021-04-06 00:00:00-04:00,123.74745872730865,124.36374773217551,122.91595555660055,123.4637680053711,80171300
2021-04-07 00:00:00-04:00,123.09202364516216,125.13654303559613,122.417035203639,125.11698150634766,83466700
2021-04-08 00:00:00-04:00,126.14416003624177,127.55282930898505,125.72352361753806,127.52348327636719,88844600
2021-04-09 00:00:00-04:00,126.97563580060692,130.14512586474413,126.65281460393234,130.1060028076172,106686700
2021-04-12 00:00:00-04:00,129.63647010271666,129.95929134574504,127.78759565756825,128.3843231201172,91420000
2021-04-13 00:00:00-04:00,129.5581934810451,131.7298889082425,129.05928119869824,131.5048828125,91266500
2021-04-14 00:00:00-04:00,132.0037726093852,132.06246464983604,128.79514503277485,129.15708923339844,87222800
2021-04-15 00:00:00-04:00,130.90818297831848,132.06249988655176,130.73209188321647,131.57337951660156,89347100
2021-04-16 00:00:00-04:00,131.37773680047187,131.73968110440896,130.37992704769707,131.24078369140625,84922400
2021-04-19 00:00:00-04:00,130.60489828233995,132.52225644299975,130.4385991700877,131.9059600830078,94264200
2021-04-20 00:00:00-04:00,132.08205092978312,132.5809482656911,128.9418920136985,130.21360778808594,94812300
2021-04-21 00:00:00-04:00,129.4799295768372,130.8396834469913,128.44299690378307,130.59512329101562,68847100
2021-04-22 00:00:00-04:00,130.1451630922805,131.2310110910551,128.5506405715148,129.06910705566406,84566500
2021-04-23 00:00:00-04:00,129.28430468857326,132.17988902990155,129.28430468857326,131.39730834960938,78657500
2021-04-26 00:00:00-04:00,131.8961965525728,132.12118773609112,130.65382667295944,131.78858947753906,66905100
2021-04-27 00:00:00-04:00,132.0722943571678,132.46359966085154,131.1918835457288,131.46578979492188,66015800
2021-04-28 00:00:00-04:00,131.3875277874623,132.08208536726428,130.18429570669335,130.6734161376953,107760100
2021-04-29 00:00:00-04:00,133.5004909237802,134.08744123271336,129.56795967816743,130.57554626464844,151101000
2021-04-30 00:00:00-04:00,128.91256235309382,130.65382966034915,128.21801979298792,128.5995330810547,109839500
2021-05-03 00:00:00-04:00,129.16690074814014,131.15274318306484,128.96147855172077,129.65602111816406,75135100
2021-05-04 00:00:00-04:00,128.33540503920676,128.62888024649274,123.94309874398557,125.06807708740234,137564700
2021-05-05 00:00:00-04:00,126.38868542828287,127.61148620627858,125.18545364222994,125.31262969970703,84000900
2021-05-06 00:00:00-04:00,125.10720277127093,126.92673107390986,124.36373774806538,126.91695404052734,78128300
2021-05-07 00:00:00-04:00,128.22021545550038,128.6219640145826,126.87773920490686,127.59307861328125,78973300
2021-05-10 00:00:00-04:00,126.80915297265736,126.9365300969227,124.26140115764763,124.30059814453125,88071200
2021-05-11 00:00:00-04:00,121.01794071068072,123.732266941607,120.30260870284276,123.37950897216797,126142800
2021-05-12 00:00:00-04:00,120.91994792228226,122.13502470718254,119.79305875777395,120.30260467529297,112172300
2021-05-13 00:00:00-04:00,122.07622799062943,123.61467427312743,121.76265955967637,122.45838928222656,105861300
2021-05-14 00:00:00-04:00,123.71266243367454,125.31970156938155,123.32070002778138,124.88854217529297,81918000
2021-05-17 00:00:00-04:00,124.27120325716062,124.37899310292869,122.65436304670058,123.73225402832031,74244600
2021-05-18 00:00:00-04:00,124.01642941587465,124.4377876927737,122.2722045641729,122.3407974243164,63342900
2021-05-19 00:00:00-04:00,120.68477919902028,122.40940198347324,120.39080549827442,122.18402862548828,92612000
2021-05-20 00:00:00-04:00,122.71314443848155,125.15309859736918,122.58575237959286,124.75133514404297,76857100
2021-05-21 00:00:00-04:00,125.25109958373996,125.42748227973826,122.69355422979483,122.90913391113281,79295400
2021-05-24 00:00:00-04:00,123.47748054475917,125.36869212394858,123.4088876885631,124.54557037353516,63092900
2021-05-25 00:00:00-04:00,125.25110237090293,125.74106096052154,123.78124903022919,124.34959411621094,72009500
2021-05-26 00:00:00-04:00,124.40838798944601,124.82974625336892,123.87923988060832,124.30059814453125,56575900
2021-05-27 00:00:00-04:00,123.89883613267928,125.07471577819632,122.5661685471944,122.76214599609375,94625600
2021-05-28 00:00:00-04:00,123.0463342994687,123.27171512304146,122.04683722029289,122.10562896728516,71311100
2021-06-01 00:00:00-04:00,122.5661665562736,122.83073685559619,121.44907866835985,121.78224182128906,67637100
2021-06-02 00:00:00-04:00,121.78223970334003,122.72294488332521,121.55686639229224,122.54656219482422,59278900
2021-06-03 00:00:00-04:00,122.17421691048338,122.34079850429373,120.65536538181918,121.05712890625,76229200
2021-06-04 00:00:00-04:00,121.57647951987867,123.62447923898972,121.36089981512367,123.35990142822266,75169300
2021-06-07 00:00:00-04:00,123.63426789483995,123.78125473088885,122.32120243854156,123.36969757080078,71057600
2021-06-08 00:00:00-04:00,124.05563196155543,125.87825834715188,123.67347065562662,124.19281768798828,74403800
2021-06-09 00:00:00-04:00,124.65336040245155,125.18250849792624,123.97722547889047,124.57496643066406,56877900
2021-06-10 00:00:00-04:00,124.4671847907461,125.61367614452429,123.40889600611712,123.57547760009766,71186400
2021-06-11 00:00:00-04:00,123.98704584529345,124.8787605916924,123.56568752658902,124.79056549072266,53522400
2021-06-14 00:00:00-04:00,125.25112194236237,127.91645013670467,124.5161951571875,127.85765838623047,96906500
2021-06-15 00:00:00-04:00,127.32852725443237,127.97526646252815,126.78957791435256,127.03455352783203,62746300
2021-06-16 00:00:00-04:00,127.74985093036214,128.25940428449337,125.87824900552074,127.53427124023438,91815000
2021-06-17 00:00:00-04:00,127.19130069845629,129.88603158210103,127.04430640625819,129.14129638671875,96721700
2021-06-18 00:00:00-04:00,128.08304168654513,128.86695159835352,127.62248638968997,127.83806610107422,108953300
2021-06-21 00:00:00-04:00,127.6812931089003,129.74888789079176,126.61320301951973,129.64109802246094,79663300
2021-06-22 00:00:00-04:00,129.47449743106563,131.38530395142936,128.9747376819625,131.2873077392578,74783600
2021-06-23 00:00:00-04:00,131.08155506050588,131.62050439899582,130.55239936376128,131.01295471191406,60214200
2021-06-24 00:00:00-04:00,131.74788225881792,131.93406611785448,130.25842633865025,130.72879028320312,68711000
2021-06-25 00:00:00-04:00,130.77774039141622,131.1990911159377,130.1407950573534,130.4347686767578,70783700
2021-06-28 00:00:00-04:00,130.72878179287244,132.53179860685148,130.66999004165285,132.0712432861328,62111300
2021-06-29 00:00:00-04:00,132.09082341810688,133.7468605769358,131.64987040561977,133.59007263183594,64556100
2021-06-30 00:00:00-04:00,133.43326643298442,134.64835041310198,133.1392928141683,134.2073974609375,63261400
2021-07-01 00:00:00-04:00,133.85463680142217,134.5699611689942,133.03150764945613,134.51116943359375,52485800
2021-07-02 00:00:00-04:00,135.12851405296138,137.18631475513712,134.9815346965724,137.14712524414062,78852600
2021-07-06 00:00:00-04:00,137.25490420705506,140.27298973450715,137.25490420705506,139.16571044921875,108181800
2021-07-07 00:00:00-04:00,140.65517657085456,141.97805072261244,139.79287267133577,141.66448974609375,104911600
2021-07-08 00:00:00-04:00,138.73456470357425,141.16471813821977,137.84285005243268,140.3612060546875,105575500
2021-07-09 00:00:00-04:00,139.88104882276198,142.72275942044914,139.7830526150671,142.19361877441406,99890800
2021-07-12 00:00:00-04:00,143.27152578832394,143.37931564236285,141.10593506704151,141.59588623046875,76299700
2021-07-13 00:00:00-04:00,141.1353085659456,144.49638078931636,140.7433536781911,142.71295166015625,100827100
2021-07-14 00:00:00-04:00,145.12356490760533,146.56402276564117,144.71199270348757,146.15245056152344,127050800
2021-07-15 00:00:00-04:00,146.24061539726927,146.98533571546386,144.13381661407468,145.49588012695312,106820300
2021-07-16 00:00:00-04:00,145.47631156501131,146.75017267674576,142.94816167117358,143.44790649414062,93251400
2021-07-19 00:00:00-04:00,140.86097330831228,141.17454926069658,138.8227744741875,139.58709716796875,121434600
2021-07-20 00:00:00-04:00,140.5768429447823,144.14368804843758,140.08689161212564,143.2127685546875,96350000
2021-07-21 00:00:00-04:00,142.6051447372581,143.19309195056664,141.72323886941402,142.47775268554688,74993500
2021-07-22 00:00:00-04:00,143.00693860738033,145.22151233826582,142.87954652855333,143.8496551513672,77338200
2021-07-23 00:00:00-04:00,144.58458386878672,145.73106773788473,143.96724064999466,145.57427978515625,71447400
2021-07-26 00:00:00-04:00,145.29012038238656,146.81876560092866,144.731568886007,145.9956512451172,72434100
2021-07-27 00:00:00-04:00,146.1230281888383,146.21123076065714,142.62478470512065,143.8202667236328,104818600
2021-07-28 00:00:00-04:00,141.89962631641336,144.01621852456796,139.67524427491423,142.0662078857422,118931200
2021-07-29 00:00:00-04:00,141.78204758764898,143.60466622473632,141.6742577506984,142.71295166015625,56699500
2021-07-30 00:00:00-04:00,141.4782919442919,143.38909834548167,141.21371414962817,142.9285430908203,70440600
2021-08-02 00:00:00-04:00,143.41852770345864,143.996666578683,142.33083535156817,142.5954132080078,62880000
2021-08-03 00:00:00-04:00,142.87954029235215,145.0647180561516,142.2621971091317,144.3983917236328,64786600
2021-08-04 00:00:00-04:00,144.31021898611445,144.81975742745607,143.34011030565534,143.99664306640625,56368300
2021-08-05 00:00:00-04:00,144.0260066724019,144.86872307766274,143.23228836263334,144.10440063476562,46397700
2021-08-06 00:00:00-04:00,143.62354429564462,144.36938030633664,142.9169565067693,143.41744995117188,54126800
2021-08-09 00:00:00-04:00,143.47635955368153,143.96704478811583,142.8090348226229,143.368408203125,48908700
2021-08-10 00:00:00-04:00,143.7118749573733,144.95821948179562,142.59311336897338,142.8875274658203,69023100
2021-08-11 00:00:00-04:00,143.32914770557306,143.98666406649497,142.81883091257257,143.14268493652344,48493500
2021-08-12 00:00:00-04:00,143.46652932990523,146.27324904121383,143.12304372844764,146.11622619628906,72282600
2021-08-13 00:00:00-04:00,146.19472847602927,146.6559736950737,145.50777229059764,146.3223114013672,59375000
2021-08-16 00:00:00-04:00,145.77275011469712,148.37339061458732,143.7413212084629,148.3046875,103296000
2021-08-17 00:00:00-04:00,147.4312465117062,148.85423036045253,146.3124850405066,147.39199829101562,92229700
2021-08-18 00:00:00-04:00,147.00927814091656,147.91213704580514,143.42726745871994,143.63336181640625,86326000
2021-08-19 00:00:00-04:00,142.3281240023294,145.24279479861465,141.80799897567445,143.96701049804688,86960300
2021-08-20 00:00:00-04:00,144.69324774538592,145.73349792725946,144.04553971626808,145.4292755126953,60549600
2021-08-23 00:00:00-04:00,145.54701690255555,147.39199773297793,145.13484320151846,146.9209442138672,60131800
2021-08-24 00:00:00-04:00,146.6657951809347,148.0495309623608,146.37138108229806,146.83262634277344,48606400
2021-08-25 00:00:00-04:00,147.01909921664708,147.51960771111226,145.04655007679514,145.5961151123047,58991300
2021-08-26 00:00:00-04:00,145.58631977895118,146.34196428288527,144.76195717766552,144.79139709472656,48597200
2021-08-27 00:00:00-04:00,144.73250473188153,145.97884935283636,144.0946199514099,145.83164978027344,55802400
2021-08-30 00:00:00-04:00,146.22418442407636,150.63054275493232,145.841450580605,150.26742553710938,90956700
2021-08-31 00:00:00-04:00,149.8160040465339,149.9533952991406,148.47151645903594,149.00146484375,86453100
2021-09-01 00:00:00-04:00,149.98283843704763,152.09277878484346,149.50196155532296,149.66879272460938,80313700
2021-09-02 00:00:00-04:00,151.0035004018994,151.83767146232015,149.56088431711837,150.78759765625,71115500
2021-09-03 00:00:00-04:00,150.89551239584583,151.74931485528106,150.2379960026413,151.4254608154297,57808700
2021-09-07 00:00:00-04:00,152.08297672118582,154.33030841689003,151.5137800748948,153.77093505859375,82278300
2021-09-08 00:00:00-04:00,154.0555098943376,154.1143897180931,151.11139891038036,152.22035217285156,74420200
2021-09-09 00:00:00-04:00,152.59331245267632,153.20175740279424,151.08199341754138,151.19976806640625,57305700
2021-09-10 00:00:00-04:00,152.11241016755477,152.58346376101343,145.92977372713005,146.1947479248047,140893200
2021-09-13 00:00:00-04:00,147.82382836372247,148.5991043920851,145.97884721713058,146.76394653320312,102404300
2021-09-14 00:00:00-04:00,147.5490317533872,148.25561957289722,144.17311549895538,145.36056518554688,109296300
2021-09-15 00:00:00-04:00,145.79238629928224,146.65599705539884,143.64318269682568,146.25363159179688,83281300
2021-09-16 00:00:00-04:00,145.67459581875838,146.1947208301345,144.47732296911346,146.01806640625,68034100
2021-09-17 00:00:00-04:00,146.04753509048223,146.04753509048223,143.0445293968297,143.3389434814453,129868800
2021-09-20 00:00:00-04:00,141.12109417657655,142.14171300384132,138.63822777586256,140.27711486816406,123478900
2021-09-21 00:00:00-04:00,141.24863503100102,141.90616637912737,140.1200650564419,140.75794982910156,75834000
2021-09-22 00:00:00-04:00,141.7589309289446,143.7020398490534,141.02290323463595,143.1328582763672,76404300
2021-09-23 00:00:00-04:00,143.9179500495402,144.3399470698202,142.92677142673216,144.0946044921875,64838200
2021-09-24 00:00:00-04:00,142.94640117881744,144.7226790220036,142.8482581592234,144.18292236328125,53477900
2021-09-27 00:00:00-04:00,142.75991668628905,143.24079344983423,141.1406619312305,142.66177368164062,74150700
2021-09-28 00:00:00-04:00,140.58131390847566,142.05336955149633,139.05037843565805,139.2662811279297,108972300
2021-09-29 00:00:00-04:00,139.81586493483022,141.7589744515087,139.38405949234024,140.16915893554688,74602000
2021-09-30 00:00:00-04:00,140.98367044588636,141.6902583077313,138.64800418175875,138.86390686035156,89056700
2021-10-01 00:00:00-04:00,139.25644963882814,140.25745160999782,136.51843289284824,139.9924774169922,94639600
2021-10-04 00:00:00-04:00,139.11905228846942,139.56068091563057,135.69407942788672,136.54786682128906,98322000
2021-10-05 00:00:00-04:00,136.89134039591275,139.59010856039754,136.76375747265385,138.4811553955078,80861100
2021-10-06 00:00:00-04:00,136.87174803273044,139.50181384644353,135.79223446768353,139.3546142578125,83221100
2021-10-07 00:00:00-04:00,140.39484869057674,141.53324196194288,140.06118634451136,140.6205596923828,61732700
2021-10-08 00:00:00-04:00,141.34677682476803,141.49397639424066,139.90416114584096,140.23782348632812,58773200
2021-10-11 00:00:00-04:00,139.6195569824435,142.11223095937743,139.16812005497925,140.1494903564453,64452200
2021-10-12 00:00:00-04:00,140.5616765276079,140.58130812824112,138.41247298124185,138.87371826171875,73035900
2021-10-13 00:00:00-04:00,138.6088120346573,138.7658199761829,136.60680729127841,138.2849578857422,78762700
2021-10-14 00:00:00-04:00,139.4625622924774,141.1995922695785,138.8737340029269,141.08181762695312,69907100
2021-10-15 00:00:00-04:00,141.09161936901995,142.2005576815035,140.83645349440351,142.1416778564453,67940300
2021-10-18 00:00:00-04:00,140.77761502747842,144.10446089134766,140.49302413124795,143.8198699951172,85589200
2021-10-19 00:00:00-04:00,144.2712493533105,146.39101289718135,143.81982737932438,145.9886474609375,76378900
2021-10-20 00:00:00-04:00,145.92977457496073,146.96021648343887,145.36057794956784,146.47933959960938,58418800
2021-10-21 00:00:00-04:00,146.0377198663419,146.852259056455,145.1152293383939,146.6952362060547,61421000
2021-10-22 00:00:00-04:00,146.90133805459163,147.38219996847627,145.87089613630118,145.9199676513672,58883400
2021-10-25 00:00:00-04:00,145.91012834998406,146.5872762498157,144.86987823265756,145.87088012695312,50720600
2021-10-26 00:00:00-04:00,146.54803157896646,148.02989537029094,146.2339858890175,146.53822326660156,60893400
2021-10-27 00:00:00-04:00,146.57747407165155,146.94057630434148,145.72368667066797,146.0769805908203,56094900
2021-10-28 00:00:00-04:00,147.028952972219,150.3165355532342,146.93080992074448,149.72772216796875,100077900
2021-10-29 00:00:00-04:00,144.47735511008415,147.14668386300448,143.68244746206824,147.00929260253906,124953200
2021-11-01 00:00:00-04:00,146.21437643649898,146.911141011652,145.04654330331536,146.1849365234375,74588300
2021-11-02 00:00:00-04:00,145.89052488768692,148.7463162991763,145.8807016001512,147.22518920898438,69122000
2021-11-03 00:00:00-04:00,147.58831781584547,149.1388850965005,147.02894438379172,148.66783142089844,54511500
2021-11-04 00:00:00-04:00,148.75613470689277,149.5902906052328,147.8336440873552,148.14768981933594,60394600
2021-11-05 00:00:00-04:00,149.2779007467471,149.5825671827827,147.47937001529485,148.6783905029297,65463900
2021-11-08 00:00:00-05:00,148.80614872335738,148.96340074214248,147.5776454448072,147.8528289794922,55020900
2021-11-09 00:00:00-05:00,147.61696617879937,148.8258093306056,147.47937439726354,148.2164764404297,56787900
2021-11-10 00:00:00-05:00,147.4400666143663,147.54817551221967,145.30738653523977,145.3761749267578,65187100
2021-11-11 00:00:00-05:00,146.3983080486063,146.86021155645847,145.14030669919578,145.32704162597656,41000000
2021-11-12 00:00:00-05:00,145.8773986754407,147.81352120891913,144.9437391025949,147.41058349609375,63804000
2021-11-15 00:00:00-05:00,147.78401177627345,149.26805319565037,146.86017499778418,147.42037963867188,59222800
2021-11-16 00:00:00-05:00,147.36144499767522,148.88479224149762,146.77175735607312,148.40321350097656,59256200
2021-11-17 00:00:00-05:00,148.40320352046666,152.33441420975052,148.39338089243975,150.8503875732422,88807000
2021-11-18 00:00:00-05:00,151.0665970606914,155.94128964959728,150.41794373346818,155.15504455566406,137827700
2021-11-19 00:00:00-05:00,154.93883421945299,158.25088939976666,153.83810003292044,157.78897094726562,117305600
2021-11-22 00:00:00-05:00,158.89950803243053,162.85037845622662,158.23120950112138,158.25086975097656,117467900
2021-11-23 00:00:00-05:00,158.34917984431854,159.0174935359154,156.3246085076116,158.6342010498047,96041900
2021-11-24 00:00:00-05:00,157.9855374355737,159.35163261820963,156.89462581516804,159.1550750732422,69463600
2021-11-26 00:00:00-05:00,156.82582616349364,157.69068229853394,153.67102305648032,154.11328125,76959800
2021-11-29 00:00:00-05:00,156.6292653970327,158.417973553797,156.05923801728514,157.48431396484375,88748200
2021-11-30 00:00:00-05:00,157.23861066878493,162.673508444908,157.1698072809554,162.45729064941406,174048100
2021-12-01 00:00:00-05:00,164.59977271543113,167.3712832030322,161.70050808933323,161.93638610839844,152052500
2021-12-02 00:00:00-05:00,156.01012719413941,161.3762222672704,155.08629013119497,160.94378662109375,136739200
2021-12-03 00:00:00-05:00,161.19928007401356,162.1231168797412,156.97322606716216,159.0567626953125,118023100
2021-12-06 00:00:00-05:00,161.46464342690166,164.9929163957049,161.45482079893625,162.47694396972656,107497000
2021-12-07 00:00:00-05:00,166.17226851871695,168.62927506471814,165.44498918240458,168.23614501953125,120405400
2021-12-08 00:00:00-05:00,169.1698119426696,172.9339476024618,167.7643964630588,172.06907653808594,116998900
2021-12-09 00:00:00-05:00,171.90203139222558,173.7103848403719,170.92905127787418,171.55804443359375,108923700
2021-12-10 00:00:00-05:00,172.19686362537885,176.54084965789616,171.68580203438307,176.3639373779297,115402700
2021-12-13 00:00:00-05:00,178.00522669948663,178.99786706027314,172.51136300579722,172.71775817871094,153237000
2021-12-14 00:00:00-05:00,172.23617743924208,174.68336162152622,169.24846375567876,171.33200073242188,139380400
2021-12-15 00:00:00-05:00,172.09856171649545,176.41306447625462,169.34671147190795,176.2165069580078,131063300
2021-12-16 00:00:00-05:00,176.19685561719783,178.02486912244925,167.81355032065514,169.29757690429688,150185800
2021-12-17 00:00:00-05:00,167.0076709220657,170.48680119696434,166.77180785012712,168.19686889648438,195432700
2021-12-20 00:00:00-05:00,165.38602841932968,167.64647750919124,164.58013804602012,166.83074951171875,107499100
2021-12-21 00:00:00-05:00,168.60962950115896,170.22142533588615,166.21158850394502,170.01504516601562,91185900
2021-12-22 00:00:00-05:00,170.06416810864746,172.8356788475582,169.18947432865244,172.6194610595703,92135300
2021-12-23 00:00:00-05:00,172.82586089930805,173.80866359990947,172.25583353339374,173.2484588623047,68356600
2021-12-27 00:00:00-05:00,174.04450453910178,177.31723891588942,174.0248592849785,177.22879028320312,74919600
2021-12-28 00:00:00-05:00,177.0617287998104,178.2116060992947,175.45975568348982,176.20668029785156,79144300
2021-12-29 00:00:00-05:00,176.2459923686846,177.5236387502155,175.07645487319965,176.29513549804688,62348900
2021-12-30 00:00:00-05:00,176.38360063165865,177.46468959324108,175.02732811556052,175.13543701171875,59773000
2021-12-31 00:00:00-05:00,175.02731242664456,176.14770679713808,174.21158446445702,174.51626586914062,64062300
2022-01-03 00:00:00-05:00,174.77179035001552,179.7349465415521,174.65385883537695,178.87989807128906,104487900
2022-01-04 00:00:00-05:00,179.48923847391032,179.7939048717263,176.0395918494563,176.609619140625,99310400
2022-01-05 00:00:00-05:00,176.52118146370043,177.0715485386063,171.63665117934394,171.91183471679688,94537600
2022-01-06 00:00:00-05:00,169.73004270966848,172.28533602057317,168.68827412789958,169.04208374023438,96904000
2022-01-07 00:00:00-05:00,169.91675609783337,171.14525945761193,168.08874249862777,169.20913696289062,86709100
2022-01-10 00:00:00-05:00,166.17228843262194,169.53347199078678,165.27793434356843,169.2288055419922,106765600
2022-01-11 00:00:00-05:00,169.3565468312396,172.1673477977068,167.8823429695319,172.06907653808594,76138300
2022-01-12 00:00:00-05:00,173.09118720876316,174.13295555388092,171.81355583992206,172.51133728027344,74805200
2022-01-13 00:00:00-05:00,172.7570637657418,173.5826144650006,168.835675449693,169.2288055419922,84505800
2022-01-14 00:00:00-05:00,168.39338399296278,170.79142459551545,168.14768335739595,170.09364318847656,80440800
2022-01-18 00:00:00-05:00,168.56049766865218,169.57278332194957,166.49662084966823,166.87991333007812,90956700
2022-01-19 00:00:00-05:00,167.07647817629606,168.13790701368765,163.08630115574192,163.37130737304688,94815000
2022-01-20 00:00:00-05:00,164.10838623013277,166.76195044943782,161.3565357449214,161.6808624267578,91420500
2022-01-21 00:00:00-05:00,161.59241715203612,163.46957389675498,159.50888023954428,159.6169891357422,122848900
2022-01-24 00:00:00-05:00,157.26810076459748,159.50888984216238,152.03958291935942,158.840576171875,162294600
2022-01-25 00:00:00-05:00,156.24596615896806,159.9609590965899,154.31968130054574,157.03221130371094,115798400
2022-01-26 00:00:00-05:00,160.6882317654177,161.56292551584528,155.1059199641222,156.94375610351562,108275300
2022-01-27 00:00:00-05:00,159.65625932385967,161.02235416647406,155.55797479601648,156.4818115234375,121954600
2022-01-28 00:00:00-05:00,162.86024363325143,167.42044760669708,160.00028414870977,167.40078735351562,179935700
2022-01-31 00:00:00-05:00,167.2337176205423,171.99047927683918,166.5948868425434,171.77426147460938,115541600
2022-02-01 00:00:00-05:00,171.0175053301255,171.83323343223077,169.3467436133565,171.60719299316406,86213900
2022-02-02 00:00:00-05:00,171.7447430980098,172.85531476209064,170.34916529700746,172.8159942626953,84914300
2022-02-03 00:00:00-05:00,171.47937392017522,173.2091158968661,169.15995944846543,169.92654418945312,89418100
2022-02-04 00:00:00-05:00,168.94251932550307,171.32394513354754,167.9584645344212,169.64120483398438,82465400
2022-02-07 00:00:00-05:00,170.1036989608729,171.17631499855844,168.22415084791191,168.92283630371094,77251200
2022-02-08 00:00:00-05:00,168.99170657969145,172.55399474420673,168.69648717156835,172.0422821044922,74829200
2022-02-09 00:00:00-05:00,173.24286408752374,173.83328800439335,172.1111919697569,173.4691925048828,71285000
2022-02-10 00:00:00-05:00,171.36331383328056,172.68194375053233,168.8146153330359,169.37551879882812,90865900
2022-02-11 00:00:00-05:00,169.5821531192089,170.32019416538782,165.3605499263947,165.95098876953125,98670700
2022-02-14 00:00:00-05:00,164.70124720629926,166.87601492289843,163.90416522012222,166.1871795654297,86185500
2022-02-15 00:00:00-05:00,168.24386374496802,170.192288199675,167.53534303134987,170.0348358154297,62527400
2022-02-16 00:00:00-05:00,169.1098249151892,170.57605697053586,167.33852325607717,169.7986602783203,61177400
2022-02-17 00:00:00-05:00,168.30289138097328,169.1688644106395,165.78371349338204,166.1871795654297,69589300
2022-02-18 00:00:00-05:00,167.11220776829634,167.82071347120757,163.54008373100112,164.63238525390625,82772700
2022-02-22 00:00:00-05:00,162.3493548856938,164.03209518170536,159.5644780309518,161.69989013671875,91162800
2022-02-23 00:00:00-05:00,162.90043598288878,163.50071005203375,157.20276491304196,157.51766967773438,90009200
2022-02-24 00:00:00-05:00,150.14708038143124,160.25332719300383,149.57632680623354,160.14508056640625,141147500
2022-02-25 00:00:00-05:00,161.2275154496376,162.4871042410033,158.30487184368425,162.22142028808594,91974200
2022-02-28 00:00:00-05:00,160.4599711238184,162.78234102115098,159.84001180321536,162.48712158203125,95056600
2022-03-01 00:00:00-05:00,162.07383007117033,163.94354328714707,159.3873645469528,160.59774780273438,83474400
2022-03-02 00:00:00-05:00,161.7687775639212,164.69142169446647,160.35173616541616,163.9041748046875,79724800
2022-03-03 00:00:00-05:00,165.78372557589515,166.21671212228483,162.91028714997404,163.57943725585938,76678400
2022-03-04 00:00:00-05:00,161.86718160657645,162.9102773059474,159.51529120397137,160.56822204589844,83737200
2022-03-07 00:00:00-05:00,160.75520922600182,162.3887439653584,156.50408484630077,156.75994873046875,96418800
2022-03-08 00:00:00-05:00,156.28761181988324,160.28287244930655,153.31576171497022,154.9296112060547,131148300
2022-03-09 00:00:00-05:00,158.90518367729157,160.80441747377364,156.8681978086355,160.35174560546875,91454900
2022-03-10 00:00:00-05:00,157.64557545679153,157.83254827067594,153.49286301272676,155.99237060546875,105342000
2022-03-11 00:00:00-05:00,156.39582947431037,156.74025467661986,152.03647371376925,152.26280212402344,96970100
2022-03-14 00:00:00-04:00,149.035105347276,151.66253001815127,147.70664029732,148.2183380126953,108732100
2022-03-15 00:00:00-04:00,148.49388798885315,153.0894378821165,147.9821902189739,152.61708068847656,92964300
2022-03-16 00:00:00-04:00,154.54581073699606,157.44876942008187,151.99711238572482,157.04530334472656,102300200
2022-03-17 00:00:00-04:00,156.08093884327653,158.4328293113158,155.1165693039783,158.0588836669922,75615400
2022-03-18 00:00:00-04:00,157.9506540620346,161.8573534009996,157.21261285213674,161.36532592773438,123511700
2022-03-21 00:00:00-04:00,160.90280343219604,163.69753062342352,160.410776006235,162.7429962158203,95811400
2022-03-22 00:00:00-04:00,162.87092417568584,166.71858251121776,162.28050023380402,166.12815856933594,81532000
2022-03-23 00:00:00-04:00,165.31138391398235,169.88723307812018,164.9767938445975,167.49598693847656,98062700
2022-03-24 00:00:00-04:00,168.33243390367338,171.36332488957797,167.49599622256298,171.29444885253906,90131400
2022-03-25 00:00:00-04:00,171.10746429170044,172.48513509296794,169.99547749215097,171.93406677246094,80546200
2022-03-28 00:00:00-04:00,169.42473266654576,172.92796575635768,169.25744513309817,172.800048828125,90371900
2022-03-29 00:00:00-04:00,173.87266694795463,176.1556665638957,173.52824171831267,176.10647583007812,100589400
2022-03-30 00:00:00-04:00,175.7030016679424,176.74609743731983,173.88249413539714,174.93544006347656,92633200
2022-03-31 00:00:00-04:00,175.00431393883977,175.19128676604245,171.61916279397346,171.82582092285156,103049300
2022-04-01 00:00:00-04:00,171.25505972274473,172.09151232886626,169.1983887454629,171.5305938720703,78751300
2022-04-04 00:00:00-04:00,171.7864694584347,175.64396282770502,171.65853751770197,175.59475708007812,76468400
2022-04-05 00:00:00-04:00,174.66974256872732,175.45698948199342,171.6388517127187,172.26864624023438,73401800
2022-04-06 00:00:00-04:00,169.61169680197753,170.86145068243167,167.4172586616336,169.09014892578125,89058800
2022-04-07 00:00:00-04:00,168.43080273648053,170.5957200307203,167.14169350736208,169.39517211914062,77594700
2022-04-08 00:00:00-04:00,169.0409389910171,169.0409389910171,166.5020757053073,167.3778839111328,76575500
2022-04-11 00:00:00-04:00,166.01991058277108,166.33480034612657,162.8610877127669,163.1071014404297,72246700
2022-04-12 00:00:00-04:00,165.34090892509556,167.1614014854587,163.98290835466773,164.9866485595703,79265200
2022-04-13 00:00:00-04:00,164.72095296806577,168.31274743098942,164.11084372073287,167.68295288085938,70618900
2022-04-14 00:00:00-04:00,167.89944882901148,168.53909354843174,162.40842046943686,162.65443420410156,75329400
2022-04-18 00:00:00-04:00,161.3062855621602,163.94356063555975,160.96187533903773,162.43795776367188,69023900
2022-04-19 00:00:00-04:00,162.38871857930025,165.14407487442162,161.29641720934256,164.7307586669922,67723800
2022-04-20 00:00:00-04:00,166.06907917381437,166.1871759578773,163.45150487225482,164.5634765625,67929800
2022-04-21 00:00:00-04:00,166.21670513338208,168.7949239860417,163.26454063992998,163.7664031982422,87227800
2022-04-22 00:00:00-04:00,163.8057851903542,165.1932911869879,158.92486628163977,159.21023559570312,84882400
2022-04-25 00:00:00-04:00,158.55090609825874,160.5682214607871,155.9333317168137,160.28285217285156,96046400
2022-04-26 00:00:00-04:00,159.66291644791357,159.75147779014623,154.22109374803105,154.29981994628906,95623200
2022-04-27 00:00:00-04:00,153.4240064759593,157.24212936237095,152.90245856859522,154.073486328125,88063200
2022-04-28 00:00:00-04:00,156.71071626419635,161.89668891256514,156.39581154213602,161.0307159423828,130216800
2022-04-29 00:00:00-04:00,159.25942241026976,163.54990186297132,154.74261456190868,155.13623046875,131747600
2022-05-02 00:00:00-04:00,154.21124610323508,155.70699870242646,150.8260949299853,155.44131469726562,123055300
2022-05-03 00:00:00-04:00,155.62827792248643,158.14747110367338,153.82747065183054,156.93707275390625,88966500
2022-05-04 00:00:00-04:00,157.12404795896134,163.82545959087432,156.72058183628712,163.372802734375,108256500
2022-05-05 00:00:00-04:00,161.23738888499025,161.46371729012728,152.47929194392455,154.27027893066406,130525300
2022-05-06 00:00:00-04:00,153.74795219056614,157.12822726592017,151.94448418251287,154.99954223632812,116124600
2022-05-09 00:00:00-04:00,152.68359108165603,153.57055058807703,149.293481863643,149.85520935058594,131577900
2022-05-10 00:00:00-04:00,153.26506437118704,154.46737635991622,150.71260627459526,152.2696990966797,115366700
2022-05-11 00:00:00-04:00,151.27432750923234,153.19605048636845,143.69582622018945,144.37582397460938,142689800
2022-05-12 00:00:00-04:00,140.69995800707954,144.0802186431024,136.78751850070398,140.4929962158203,182602000
2022-05-13 00:00:00-04:00,142.4935240941809,145.9526407258744,141.03498745815705,144.97698974609375,113990900
2022-05-16 00:00:00-04:00,143.4396589445517,145.38109691977127,142.089512486563,143.42979431152344,86643800
2022-05-17 00:00:00-04:00,146.7016158103138,147.59842494021692,144.55321674293847,147.07611083984375,78336300
2022-05-18 00:00:00-04:00,144.72079733304852,145.22339732349553,137.8715547980024,138.77822875976562,109742900
2022-05-19 00:00:00-04:00,137.85185149313176,139.6060416476657,134.6194101946053,135.35853576660156,136095600
2022-05-20 00:00:00-04:00,137.07331357352277,138.65997058931683,130.6872720917309,135.59506225585938,137426100
2022-05-23 00:00:00-04:00,135.792118107207,141.18280747509044,135.6541486277064,141.0349884033203,117726300
2022-05-24 00:00:00-04:00,138.76834717267448,139.91153156082976,135.3388090457555,138.3248748779297,104132700
2022-05-25 00:00:00-04:00,136.42286639453397,139.73414963230113,136.33417493293138,138.48257446289062,92482700
2022-05-26 00:00:00-04:00,135.397918861849,142.24714462113738,135.15154372635268,141.6952667236328,90601500
2022-05-27 00:00:00-04:00,143.28192892561134,147.50971980321964,143.15380903801713,147.47030639648438,90978500
2022-05-31 00:00:00-04:00,146.9085912630533,148.47553371046925,144.71091395436392,146.68191528320312,103718400
2022-06-01 00:00:00-04:00,147.72655096677192,149.53988370849348,145.53873817938137,146.55381774902344,74286600
2022-06-02 00:00:00-04:00,145.6865807086683,149.07670576522273,144.7306437582719,149.017578125,72348100
2022-06-03 00:00:00-04:00,144.770044944171,145.82453789756687,142.3654358987846,143.2720947265625,88570300
2022-06-06 00:00:00-04:00,144.89815206168706,146.41583140720172,142.799030970996,144.02105712890625,71598400
2022-06-07 00:00:00-04:00,142.25703403584302,146.83960633947197,142.0106588574211,146.55381774902344,67808200
2022-06-08 00:00:00-04:00,146.42568759453718,147.69697680968412,145.32193168448424,145.81468200683594,53950200
2022-06-09 00:00:00-04:00,144.9474644884546,145.80484540213257,140.4634326856499,140.57183837890625,69473000
2022-06-10 00:00:00-04:00,138.2460293933542,138.71906549283727,135.07271611079338,135.14170837402344,91437900
2022-06-13 00:00:00-04:00,130.94348589502584,133.23970455320375,129.53422697538784,129.9678497314453,122207100
2022-06-14 00:00:00-04:00,131.19969793288186,131.9486729653345,129.57361294213226,130.83505249023438,84784300
2022-06-15 00:00:00-04:00,132.3428841585756,135.34866434133303,130.24377786500034,133.4663543701172,91533000
2022-06-16 00:00:00-04:00,130.16494057459525,130.47044340040713,127.16900988024103,128.17422485351562,108123900
2022-06-17 00:00:00-04:00,128.18409453109854,131.15044648524733,127.92785470255139,129.65248107910156,134520300
2022-06-21 00:00:00-04:00,131.48548988632155,135.07271151353063,131.3869488476208,133.89996337890625,81000500
2022-06-22 00:00:00-04:00,132.8356344352228,135.76257275465719,131.96840403366457,133.3875274658203,73409200
2022-06-23 00:00:00-04:00,134.83620952437622,136.58053489148253,133.66346131552876,136.2651824951172,72433800
2022-06-24 00:00:00-04:00,137.87151232385762,139.85237792973814,137.7434074858847,139.6060028076172,89116800
2022-06-27 00:00:00-04:00,140.6309166991209,141.40947050604774,138.92600506455636,139.6060028076172,70207900
2022-06-28 00:00:00-04:00,140.06918902081082,141.34047803244417,135.32893408463596,135.4471893310547,67083400
2022-06-29 00:00:00-04:00,135.46691746181185,138.6303659287056,134.6883635761582,137.21124267578125,66242400
2022-06-30 00:00:00-04:00,135.25995448479154,136.36371032139607,131.83041667995218,134.73764038085938,98964500
2022-07-01 00:00:00-04:00,134.06750724522163,137.02400931509246,133.69302720857007,136.9156036376953,71051600
2022-07-05 00:00:00-04:00,135.7724654674607,139.5567853775505,134.9446332691187,139.50750732421875,73353800
2022-07-06 00:00:00-04:00,139.30051963790794,142.03034554759492,139.03443025811183,140.84774780273438,74064300
2022-07-07 00:00:00-04:00,141.2123976378396,144.42513974752345,141.20254804373226,144.22804260253906,66253700
2022-07-08 00:00:00-04:00,143.15378470942758,145.41058907827994,142.89756001532936,144.90797424316406,64547800
2022-07-11 00:00:00-04:00,143.5578737194986,144.51381052529135,141.6952781464939,142.76947021484375,63141600
2022-07-12 00:00:00-04:00,143.64659160977368,146.2975911754457,142.94689446077814,143.74514770507812,77588800
2022-07-13 00:00:00-04:00,140.91674157030096,144.32656535504097,140.05934579014044,143.3804931640625,71185600
2022-07-14 00:00:00-04:00,141.99094375492155,146.79032738889836,141.17297636311127,146.31729125976562,78140700
2022-07-15 00:00:00-04:00,147.6082853549652,148.67262785570932,146.05119253188846,147.9926300048828,76259900
2022-07-18 00:00:00-04:00,148.55437722703743,149.37234459214557,144.5729460772953,144.93759155273438,81420900
2022-07-19 00:00:00-04:00,145.77524895701922,149.03725358197892,144.7798987508147,148.8105926513672,82982400
2022-07-20 00:00:00-04:00,148.92887000877803,151.49117799927419,148.18974443892895,150.82102966308594,64823400
2022-07-21 00:00:00-04:00,152.25983742490192,153.3143302483906,149.73695838231532,153.09751892089844,65086600
2022-07-22 00:00:00-04:00,153.13695840464973,154.01405345612082,151.1856711624816,151.85580444335938,66675400
2022-07-25 00:00:00-04:00,151.7769586670234,152.7920231935369,150.07204665223094,150.73233032226562,53623900
2022-07-26 00:00:00-04:00,150.05235088160816,150.8703183745743,148.61352809160934,149.4019317626953,55138700
2022-07-27 00:00:00-04:00,150.36769783431046,155.04882613514658,149.95378934695273,154.5166473388672,78620700
2022-07-28 00:00:00-04:00,154.70388176992367,155.35431578247076,152.17115301810267,155.0685272216797,81378700
2022-07-29 00:00:00-04:00,158.90214195015406,161.257488076031,157.1873652790473,160.15371704101562,101786900
2022-08-01 00:00:00-04:00,158.67547775141105,161.21807160961242,158.55722246790594,159.16822814941406,67829400
2022-08-02 00:00:00-04:00,157.77864788642987,160.05515180598763,157.31546141372255,157.68994140625,59907000
2022-08-03 00:00:00-04:00,158.50793002421338,164.17455908657996,158.41923856963987,163.7212371826172,82507500
2022-08-04 00:00:00-04:00,163.60295038541236,164.76584892141557,162.04585762155315,163.40585327148438,55474100
2022-08-05 00:00:00-04:00,161.06699370571175,163.6723288419394,160.85974446443265,163.17889404296875,56697000
2022-08-08 00:00:00-04:00,164.18548932563507,165.60658394853183,162.04398411639912,162.70518493652344,60276900
2022-08-09 00:00:00-04:00,161.8663855989373,163.64275421535987,161.10649165166032,162.7545623779297,63135500
2022-08-10 00:00:00-04:00,165.47827786948693,167.11648492615134,164.70852083002953,167.01780700683594,70170500
2022-08-11 00:00:00-04:00,167.8270416248752,168.74483818248612,165.9816002931334,166.2776641845703,57149200
2022-08-12 00:00:00-04:00,167.59019436587388,169.9093287754835,167.17569590306383,169.8402557373047,68039400
2022-08-15 00:00:00-04:00,169.2678689938365,171.1133102288565,169.10010297778325,170.9159393310547,54091700
2022-08-16 00:00:00-04:00,170.5113392247935,171.4291358420734,169.40605002056787,170.758056640625,56377100
2022-08-17 00:00:00-04:00,170.50147562429416,173.83708484024334,170.30410470369227,172.2581024169922,79542000
2022-08-18 00:00:00-04:00,171.46858522763415,172.60347919281742,170.84685258911696,171.8633270263672,62290100
2022-08-19 00:00:00-04:00,170.75802023609415,171.45870417338608,169.06060357237703,169.26785278320312,70346300
2022-08-22 00:00:00-04:00,167.461909771558,167.62967580149297,164.94538920566245,165.3697509765625,69026800
2022-08-23 00:00:00-04:00,164.88617053329148,166.49477276056035,164.46180878530728,165.03419494628906,54147100
2022-08-24 00:00:00-04:00,165.12304228892702,165.90266271137483,164.06708450197766,165.3302764892578,53841500
2022-08-25 00:00:00-04:00,166.56385255540565,167.9059958352742,166.13950584864693,167.7974395751953,51218200
2022-08-26 00:00:00-04:00,168.33034343433388,168.80403659370677,161.41237837214825,161.47158813476562,78961000
2022-08-29 00:00:00-04:00,159.03401076431982,160.7610323552504,157.72148760663381,159.26100158691406,73314000
2022-08-30 00:00:00-04:00,160.00117720950024,160.42552392043874,155.64907854678992,156.82345581054688,77906200
2022-08-31 00:00:00-04:00,158.20506309707196,158.47152210531658,155.07668827346,155.1556396484375,87991100
2022-09-01 00:00:00-04:00,154.5832350896264,156.33986156326952,152.6391010050158,155.8859100341797,74229900
2022-09-02 00:00:00-04:00,157.6524290472663,158.25442014549628,152.93519325134068,153.76416015625,76957800
2022-09-06 00:00:00-04:00,154.41545987678768,155.02731410056845,151.6719640845397,152.5009307861328,73714800
2022-09-07 00:00:00-04:00,152.78715495485997,154.61285463504657,151.59303614241935,153.9121856689453,87449600
2022-09-08 00:00:00-04:00,152.60951406525444,154.30693097885487,150.6752430270464,152.431884765625,84923800
2022-09-09 00:00:00-04:00,153.42860385753409,155.74775322839724,152.71805660596894,155.30364990234375,68028800
2022-09-12 00:00:00-04:00,157.49451256385936,162.10319169268726,157.20832701154205,161.28408813476562,104956000
2022-09-13 00:00:00-04:00,157.80045022276116,158.4320461932663,151.35619264515168,151.8200225830078,122656600
2022-09-14 00:00:00-04:00,152.75751459079564,155.03719565521683,151.59301587507773,153.27069091796875,87965400
2022-09-15 00:00:00-04:00,152.61938532747467,153.2016498653033,149.39233241450626,150.36932373046875,90481100
2022-09-16 00:00:00-04:00,149.22456559759132,149.36272674550892,146.4218443622924,148.72125244140625,162278800
2022-09-19 00:00:00-04:00,147.34951500970212,152.53058102303027,147.14228080189363,152.45162963867188,81474200
2022-09-20 00:00:00-04:00,151.38577010052077,156.00432703299086,151.06997970170357,154.83981323242188,107689800
2022-09-21 00:00:00-04:00,155.27406232514645,156.6556888275703,151.5831795854477,151.70159912109375,101696800
2022-09-22 00:00:00-04:00,150.37917767527796,152.44173129494766,148.92847832058902,150.7344512939453,86652500
2022-09-23 00:00:00-04:00,149.20481874902532,149.48114103515752,146.60934685596038,148.4547882080078,96029900
2022-09-26 00:00:00-04:00,147.69491830315658,151.7509532458143,147.67517669341092,148.79034423828125,93339400
2022-09-27 00:00:00-04:00,150.7344617346572,152.68845924345578,147.98108723466274,149.76731872558594,84442700
2022-09-28 00:00:00-04:00,145.7014030677967,148.66201137862302,142.93816563267225,147.8725128173828,146691400
2022-09-29 00:00:00-04:00,144.18165483368003,144.79350916804302,138.83280834097133,140.6091766357422,128138200
2022-09-30 00:00:00-04:00,139.42492055869818,141.22103026133098,136.1879898311541,136.38536071777344,124925300
2022-10-03 00:00:00-04:00,136.39527183139853,141.19145931529042,135.8820953561044,140.57958984375,114311700
2022-10-04 00:00:00-04:00,143.12569817421627,144.30007541815792,142.36580435900075,144.18165588378906,87830100
2022-10-05 00:00:00-04:00,142.17831393701783,145.44484998263232,141.13221948664446,144.4777069091797,79471000
2022-10-06 00:00:00-04:00,143.8954314678292,145.60271139252504,143.31318210889143,143.52041625976562,68402200
2022-10-07 00:00:00-04:00,140.6683921871329,141.22105183590455,137.61896860646343,138.2505645751953,85925600
2022-10-10 00:00:00-04:00,138.5762176513672,140.02691706572585,136.7505180551927,138.5762176513672,74899000
2022-10-11 00:00:00-04:00,138.06303899554518,139.49401183769913,136.40510543994947,137.15512084960938,77033700
2022-10-12 00:00:00-04:00,137.3031797708572,138.51702522883681,136.3459150018641,136.52354431152344,70433700
2022-10-13 00:00:00-04:00,133.21754549496526,141.70461583345536,132.60567604457702,141.1125030517578,113224000
2022-10-14 00:00:00-04:00,142.41511641910063,142.62236561257416,136.37548069154334,136.56298828125,88598000
2022-10-17 00:00:00-04:00,139.21768336307096,141.0236412417774,138.4281847753723,140.5400848388672,85250900
2022-10-18 00:00:00-04:00,143.5796769966995,144.77378089201514,138.7637480781357,141.86251831054688,99136600
2022-10-19 00:00:00-04:00,139.8295639891064,143.04675364711534,139.64205634508835,141.9710693359375,61758300
2022-10-20 00:00:00-04:00,141.14209572929755,143.97440668910568,140.77694373414428,141.50723266601562,64522000
2022-10-21 00:00:00-04:00,140.99405322955806,145.90867462024406,140.7769407155068,145.33628845214844,86548600
2022-10-24 00:00:00-04:00,145.25735083913412,148.25742804538453,144.08297350872007,147.4876708984375,75981900
2022-10-25 00:00:00-04:00,148.11924989222194,150.4877458912043,147.39883932372416,150.33970642089844,74732300
2022-10-26 00:00:00-04:00,148.97782224560154,149.99429659795183,146.09615013348827,147.3889617919922,88194300
2022-10-27 00:00:00-04:00,146.12577976482095,147.09290769599798,142.2375113745511,142.89871215820312,109180200
2022-10-28 00:00:00-04:00,146.25406355734995,155.4319533375391,145.87906336998515,153.695068359375,164762400
2022-10-31 00:00:00-04:00,151.1489697996957,152.21479090339474,149.92524592690708,151.32659912109375,97943200
2022-11-01 00:00:00-04:00,153.0437301537615,153.40886706506188,147.17185939924275,148.67189025878906,80379300
2022-11-02 00:00:00-04:00,146.9942290649959,150.17195049314788,143.09609701993313,143.12570190429688,93604600
2022-11-03 00:00:00-04:00,140.19468007204958,140.92496892991684,136.92814440584334,137.0564422607422,97918500
2022-11-04 00:00:00-04:00,140.45687055573342,141.03020607692528,132.8354946693091,136.78952026367188,140814800
2022-11-07 00:00:00-05:00,135.53415428478314,137.55070131674174,134.1107022229699,137.32334899902344,83374600
2022-11-08 00:00:00-05:00,138.79622744381308,139.80449340378325,135.90978972981833,137.8966827392578,89908500
2022-11-09 00:00:00-05:00,136.90816917152026,136.95759752003397,133.0431046023265,133.31988525390625,74917800
2022-11-10 00:00:00-05:00,139.61670844683837,145.18199157714844,137.89670115296482,145.18199157714844,118854000
2022-11-11 00:00:00-05:00,144.1440507641814,148.28588106740983,142.71070401695297,147.9794464111328,93979700
2022-11-14 00:00:00-05:00,147.2578471962193,148.55278858529147,145.73553840162515,146.57577514648438,73374100
2022-11-15 00:00:00-05:00,150.47047343692662,151.8247226304383,146.85253571913623,148.31552124023438,89868300
2022-11-16 00:00:00-05:00,147.4159834438759,148.14746862169088,145.5971199677711,147.0798797607422,64218300
2022-11-17 00:00:00-05:00,144.74701489370946,149.7389762643868,144.47023425105218,148.9877166748047,80389400
2022-11-18 00:00:00-05:00,150.5594437144723,150.94496070019653,148.246341800127,149.55116271972656,74829600
2022-11-21 00:00:00-05:00,148.4341513417214,148.64172927634687,146.0221928785554,146.30885314941406,58724100
2022-11-22 00:00:00-05:00,146.42749193221246,148.6911654782662,145.24127190945183,148.45391845703125,51804100
2022-11-23 00:00:00-05:00,147.73231865639212,150.08496935516192,147.62358231947215,149.33370971679688,58301400
2022-11-25 00:00:00-05:00,146.6054131493823,147.16886915801885,145.4290878682615,146.40771484375,35195900
2022-11-28 00:00:00-05:00,143.47184797217477,144.95460787890806,141.73208177830335,142.5624237060547,69246000
2022-11-29 00:00:00-05:00,142.6316369436181,143.1456646936347,138.73693289245665,139.54750061035156,83763800
2022-11-30 00:00:00-05:00,139.7748396315525,147.01071582680532,138.9346179969114,146.32864379882812,111380900
2022-12-01 00:00:00-05:00,146.50655085889696,147.41597500317147,144.92493447025586,146.6053924560547,71250400
2022-12-02 00:00:00-05:00,144.28243209151336,146.29897894842466,143.9759823709456,146.1111602783203,65447400
2022-12-05 00:00:00-05:00,146.07162962618466,149.18541949197922,144.09461635687657,144.94473266601562,68826400
2022-12-06 00:00:00-05:00,145.37969348940564,145.6070458162454,140.28887472844136,141.2675018310547,64727200
2022-12-07 00:00:00-05:00,140.55577809875786,141.72220883121116,138.3909458890047,139.3201446533203,69721100
2022-12-08 00:00:00-05:00,140.7238072376209,141.87047857115377,139.47829428917862,141.01046752929688,62128300
2022-12-09 00:00:00-05:00,140.70404702164143,143.89693468072133,139.28059488984613,140.526123046875,76097000
2022-12-12 00:00:00-05:00,141.0598951045821,142.83921008074833,139.4387448115005,142.82933044433594,70462700
2022-12-13 00:00:00-05:00,147.78174582279246,148.24634516014598,142.58220621584587,143.79806518554688,93886200
2022-12-14 00:00:00-05:00,143.67942923603562,144.97437036858227,139.53758448888027,141.56402587890625,82291200
2022-12-15 00:00:00-05:00,139.48816842184618,140.17024039649047,134.46655303010576,134.93115234375,98931900
2022-12-16 00:00:00-05:00,135.11898755239025,136.06794556798988,132.1930009902241,132.9640350341797,160156900
2022-12-19 00:00:00-05:00,133.55714671976315,133.64610870665976,129.81071279854106,130.8486328125,79592600
2022-12-20 00:00:00-05:00,129.87990467683858,131.71852788327385,128.3971445130494,130.77944946289062,77432800
2022-12-21 00:00:00-05:00,131.45160643001654,135.2375886040089,131.224254130209,133.89321899414062,85928000
2022-12-22 00:00:00-05:00,132.8058800384377,133.01345799694343,128.80242492111796,130.71023559570312,77852100
2022-12-23 00:00:00-05:00,129.4152989435447,130.8980590346716,128.150011539123,130.34449768066406,63814900
2022-12-27 00:00:00-05:00,129.87001251300126,129.89966650674359,127.24058112280677,128.5355224609375,69007800
2022-12-28 00:00:00-05:00,128.17966147970347,129.52403118980348,124.4233405593597,124.59138488769531,85438400
2022-12-29 00:00:00-05:00,126.51894753125764,128.9803266572618,126.26194126578521,128.12033081054688,75703700
2022-12-30 00:00:00-05:00,126.93414153068441,128.45643512279935,125.9654017030859,128.43666076660156,77034200
2023-01-03 00:00:00-05:00,128.7826411649236,129.39551044224086,122.74286511723291,123.63252258300781,112117500
2023-01-04 00:00:00-05:00,125.43161455867813,127.18127564102066,123.64241984503863,124.90770721435547,89113600
2023-01-05 00:00:00-05:00,125.66882574754688,126.30146928969958,123.32607022297405,123.58307647705078,80962700
2023-01-06 00:00:00-05:00,124.5617315121944,128.79253144434853,123.45460129199294,128.13023376464844,87754700
2023-01-09 00:00:00-05:00,128.97047367930062,131.87668586554148,128.3971379685157,128.65414428710938,70790800
2023-01-10 00:00:00-05:00,128.7628938707127,129.75140069783342,126.64748986401109,129.2274932861328,63896200
2023-01-11 00:00:00-05:00,129.7414893304502,131.97550878336855,128.96057576470602,131.95574951171875,69458900
2023-01-12 00:00:00-05:00,132.34127780837738,132.71690008626126,129.92931912019301,131.87667846679688,71379600
2023-01-13 00:00:00-05:00,130.51253218381837,133.36931580754018,130.14678954891528,133.21115112304688,57809700
2023-01-17 00:00:00-05:00,133.28033589487055,135.7120534872366,132.58838434758803,134.37757873535156,63646600
2023-01-18 00:00:00-05:00,135.24747146776636,137.01689153014115,133.47803632197883,133.65597534179688,69672800
2023-01-19 00:00:00-05:00,132.5389610381249,134.6840184578663,132.23252641864943,133.7152862548828,58280400
2023-01-20 00:00:00-05:00,133.72518688361293,136.43370070636414,132.67737218152695,136.28541564941406,80223600
2023-01-23 00:00:00-05:00,136.5325490508029,141.67279627654958,136.3150763566329,139.48818969726562,81760300
2023-01-24 00:00:00-05:00,138.69737484670043,141.514625019409,138.6874952095744,140.89186096191406,66435100
2023-01-25 00:00:00-05:00,139.2707157250627,140.79300948686725,137.21461987031523,140.2295684814453,65799300
2023-01-26 00:00:00-05:00,141.52450641893512,142.59209549504305,140.26909865118563,142.30543518066406,54105100
2023-01-27 00:00:00-05:00,141.51460940098116,145.5378234459024,141.43552706245464,144.2527618408203,70555800
2023-01-30 00:00:00-05:00,143.29394037386407,143.8771557170406,141.20819059706298,141.35646057128906,64015300
2023-01-31 00:00:00-05:00,141.05988522159177,142.68103540109175,140.64471427014323,142.63160705566406,65874500
2023-02-01 00:00:00-05:00,142.31530314667881,144.92496009089808,139.69576656602072,143.75851440429688,77663600
2023-02-02 00:00:00-05:00,147.18864741549214,149.44244157391893,146.46704171932092,149.0865936279297,118339000
2023-02-03 00:00:00-05:00,146.32863460622823,155.571177590554,146.13093629775682,152.72427368164062,154357300
2023-02-06 00:00:00-05:00,150.81650226401393,151.34040970492984,149.047066498083,149.98614501953125,69858300
2023-02-07 00:00:00-05:00,148.90866692988584,153.44590961879757,148.90866692988584,152.87257385253906,83322600
2023-02-08 00:00:00-05:00,152.11139923515765,152.80335083301824,149.43253973358082,150.17391967773438,64120100
2023-02-09 00:00:00-05:00,152.0125597152097,152.55624141902396,148.6911765868534,149.13600158691406,56007100
2023-02-10 00:00:00-05:00,147.9678065326758,149.82902644753565,147.73019724066455,149.5023193359375,57450700
2023-02-13 00:00:00-05:00,149.44290943263957,152.71985991539307,149.41321016170093,152.31396484375,62199000
2023-02-14 00:00:00-05:00,150.60123678518164,152.23477233256068,149.3538219997299,151.6704559326172,61707600
2023-02-15 00:00:00-05:00,151.58135329250317,153.94749097395436,151.35365383790918,153.77919006347656,65573800
2023-02-16 00:00:00-05:00,151.97732349543472,154.76917536637725,151.81893244470842,152.1753387451172,68167900
2023-02-17 00:00:00-05:00,150.8289315997935,151.47243590583543,149.34390771836374,151.0269317626953,59144100
2023-02-21 00:00:00-05:00,148.70037173778798,149.7893951720759,146.92825008356576,146.99754333496094,58867200
2023-02-22 00:00:00-05:00,147.38368496565576,148.45290411559392,145.69076597475495,147.4232940673828,51011300
2023-02-23 00:00:00-05:00,148.591484366889,148.83898834448985,145.7699480861059,147.9083709716797,48394200
2023-02-24 00:00:00-05:00,145.64122427463124,145.72042735104125,144.26510292319716,145.24522399902344,55469600
2023-02-27 00:00:00-05:00,146.23525087875586,147.68066559008122,145.97783708430148,146.44314575195312,44998500
2023-02-28 00:00:00-05:00,145.58184135182967,147.59157242356576,145.36403664496177,145.93824768066406,50547000
2023-03-01 00:00:00-05:00,145.3640509605452,145.76005131760687,143.56221459109048,143.85922241210938,55479000
2023-03-02 00:00:00-05:00,142.9385388044501,145.24527828276618,142.46332016838264,144.45326232910156,52238100
2023-03-03 00:00:00-05:00,146.56194185497878,149.60129780845313,145.85903905116976,149.5220947265625,70732300
2023-03-06 00:00:00-05:00,152.25454983701871,154.73949959731118,151.92785785960842,152.29415893554688,87558000
2023-03-07 00:00:00-05:00,152.16545023619062,152.49215731620518,149.62111707090608,150.08642578125,56182000
2023-03-08 00:00:00-05:00,151.28432094793195,151.93773504020743,150.31410963622918,151.34371948242188,47204800
2023-03-09 00:00:00-05:00,152.02685072996366,152.99706215582498,148.73009571987657,149.0865020751953,53833600
2023-03-10 00:00:00-05:00,148.7103138108838,149.43302127956616,146.1362661024609,147.0173797607422,68572400
2023-03-13 00:00:00-04:00,146.33426615185107,151.61105337476013,146.2253637849075,148.96771240234375,84457100
2023-03-14 00:00:00-04:00,149.7696098588517,151.86843881288326,148.60139830336453,151.0665283203125,73695900
2023-03-15 00:00:00-04:00,149.68052309089944,151.71995365613,148.42319852737018,151.46255493164062,77167900
2023-03-16 00:00:00-04:00,150.64082983435895,154.89790141964556,150.1260173130943,154.2939910888672,76161100
2023-03-17 00:00:00-04:00,154.5217186175242,155.17513288563387,152.73968657106462,153.45249938964844,98944600
2023-03-20 00:00:00-04:00,153.5217825705538,156.24432646768744,152.6109545912959,155.82850646972656,73641400
2023-03-21 00:00:00-04:00,155.7493201936468,157.80854012474336,154.97709383642948,157.6897430419922,73938300
2023-03-22 00:00:00-04:00,157.70955140928402,160.5211932163919,156.23442213481738,156.2542266845703,75701800
2023-03-23 00:00:00-04:00,157.24426916620274,159.937114341232,156.1057415135508,157.34326171875,67622100
2023-03-24 00:00:00-04:00,157.27394850099208,158.73916800835937,156.27403774029648,158.6500701904297,59196500
2023-03-27 00:00:00-04:00,158.34315238139064,159.1648674270664,156.29381212775743,156.69972229003906,52390300
2023-03-28 00:00:00-04:00,156.39280108462546,156.90761354343223,154.4226641545453,156.07598876953125,45992200
2023-03-29 00:00:00-04:00,157.778824672489,159.44205919265104,157.75903523168998,159.16485595703125,51305700
2023-03-30 00:00:00-04:00,159.9172681392784,160.8478855082498,159.65986944195512,160.73898315429688,49501700
2023-03-31 00:00:00-04:00,160.81817064051347,163.3526086978247,160.29346346957524,163.25360107421875,68749800
2023-04-03 00:00:00-04:00,162.62993146566447,164.62975289569243,162.58042764470542,164.51095581054688,56976200
2023-04-04 00:00:00-04:00,164.936680918264,165.17427510350078,163.46155155698554,163.9763641357422,46278300
2023-04-05 00:00:00-04:00,163.09525716874828,163.40215974161865,160.1846074281314,162.12503051757812,51511700
2023-04-06 00:00:00-04:00,160.80827539475462,163.31302951982073,160.3825758088242,163.01602172851562,45390100
2023-04-10 00:00:00-04:00,159.80838211165943,160.41229248046875,158.48176428720794,160.41229248046875,47716900
2023-04-11 00:00:00-04:00,160.72909253457362,160.7389872555695,158.90745173956898,159.19456481933594,47644200
2023-04-12 00:00:00-04:00,159.61038476928212,160.44199460478865,158.18475927615913,158.50157165527344,50133100
2023-04-13 00:00:00-04:00,160.01627300479524,164.1446374499689,159.8083630212289,163.9070281982422,68445600
2023-04-14 00:00:00-04:00,162.94672669437054,164.65946521821587,162.18442526560762,163.560546875,49386500
2023-04-17 00:00:00-04:00,163.4417206444433,163.73872843453088,162.39230621171848,163.580322265625,41516200
2023-04-18 00:00:00-04:00,164.44163659637942,165.7385549260402,163.99611738449903,164.8079376220703,49923000
2023-04-19 00:00:00-04:00,164.14464415802902,166.48108235627174,163.8872303481945,165.9563751220703,47720200
2023-04-20 00:00:00-04:00,164.43173852810273,166.19396563576217,163.90703130539762,164.98614501953125,52456400
2023-04-21 00:00:00-04:00,163.40212053189984,164.7881366917755,162.84771406794957,163.37242126464844,58337300
2023-04-24 00:00:00-04:00,163.3526447044582,163.94666036414364,162.25372630855222,163.67935180664062,41949600
2023-04-25 00:00:00-04:00,163.5407390651718,164.64955210777222,162.09530911482935,162.13491821289062,48714100
2023-04-26 00:00:00-04:00,161.43202227134714,163.6298592139988,161.174623524589,162.12503051757812,45498800
2023-04-27 00:00:00-04:00,163.54073931024718,166.87708827078586,163.54073931024718,166.7285919189453,64902300
2023-04-28 00:00:00-04:00,166.80780972743617,168.1542321598927,166.2038993325892,167.9859161376953,55209200
2023-05-01 00:00:00-04:00,167.5899022757501,168.74821914844807,166.95629265889536,167.8968048095703,52472900
2023-05-02 00:00:00-04:00,168.3918123170909,168.6492261368123,165.86726857821876,166.85728454589844,48425700
2023-05-03 00:00:00-04:00,167.80768799680482,169.21350870294293,165.49105451372273,165.7781524658203,65136000
2023-05-04 00:00:00-04:00,163.24372680909343,165.3722550253471,162.66951575440282,164.13473510742188,81235400
2023-05-05 00:00:00-04:00,169.27292902501793,172.55978934902075,169.0551242996228,171.8370819091797,113316400
2023-05-08 00:00:00-04:00,170.75794076749395,172.1142728432519,170.39163971305302,171.76776123046875,55962800
2023-05-09 00:00:00-04:00,171.32225761857964,171.80735575023974,169.8867375588741,170.05503845214844,45326900
2023-05-10 00:00:00-04:00,171.29257694818676,172.29248769554175,170.1837487273319,171.82717895507812,53724500
2023-05-11 00:00:00-04:00,172.11429695457542,172.8468991660868,170.45106212923693,172.01528930664062,49514700
2023-05-12 00:00:00-04:00,172.12433187191172,172.5605438773201,169.52690691086858,171.08338928222656,45497800
2023-05-15 00:00:00-04:00,171.66828335580215,171.71785564660993,169.9928397669383,170.58767700195312,37266700
2023-05-16 00:00:00-04:00,170.50836436212853,171.64845141401116,170.3199987334625,170.58767700195312,42110300
2023-05-17 00:00:00-04:00,170.23077817517168,171.4402543357864,168.9518826544196,171.20233154296875,57951600
2023-05-18 00:00:00-04:00,171.50967954625827,173.73038835732433,171.09329948055986,173.54202270507812,65496700
2023-05-19 00:00:00-04:00,174.8704617599002,174.8704617599002,173.43295602393476,173.65106201171875,55772400
2023-05-22 00:00:00-04:00,172.481219573557,173.20494177332736,171.95578654636702,172.69932556152344,43570900
2023-05-23 00:00:00-04:00,171.6385439691014,171.88639029719062,169.80447509030535,170.08206176757812,50747300
2023-05-24 00:00:00-04:00,169.61611066863975,170.93465495874622,169.0510289027881,170.35964965820312,45143500
2023-05-25 00:00:00-04:00,170.92476575302507,172.40192036340346,170.21096703266915,171.49977111816406,56058300
2023-05-26 00:00:00-04:00,171.82689288847826,174.25578364207266,171.6186953371014,173.918701171875,54835000
2023-05-30 00:00:00-04:00,175.43556138959772,177.44807247659148,175.04892170114425,175.7726287841797,55964400
2023-05-31 00:00:00-04:00,175.80236562165695,177.80496826079084,175.23726871202743,175.72305297851562,99625300
2023-06-01 00:00:00-04:00,176.16919408040303,178.56834509008664,175.4058230368041,178.53860473632812,68901800
2023-06-02 00:00:00-04:00,179.4704869589175,180.21402596420296,177.71573067078862,179.39117431640625,61945900
2023-06-05 00:00:00-04:00,181.05671795588958,183.35672418608127,176.50624753561252,178.03298950195312,121946500
2023-06-06 00:00:00-04:00,178.41960027979346,178.56830201271356,175.90147333520082,177.66615295410156,64848400
2023-06-07 00:00:00-04:00,176.90280103766142,179.64894264257165,175.79245430672572,176.28814697265625,61944600
2023-06-08 00:00:00-04:00,176.36743802214428,179.28211321134853,175.93124119908015,179.0144500732422,50214900
2023-06-09 00:00:00-04:00,179.93643394119178,180.6601409825454,179.0739335613958,179.40109252929688,48870700
2023-06-12 00:00:00-04:00,179.70841552076647,182.30584013644759,179.4109969086846,182.20669555664062,54274900
2023-06-13 00:00:00-04:00,181.22524912557424,182.56361030209754,180.86834978636662,181.73085021972656,54929100
2023-06-14 00:00:00-04:00,181.79033583961464,182.8015531826157,180.45197462688512,182.36534118652344,57462900
2023-06-15 00:00:00-04:00,182.3752648056927,184.91320900884034,182.19680756750913,184.4075927734375,65433200
2023-06-16 00:00:00-04:00,185.12137027990616,185.37914013584773,182.68257094685526,183.32696533203125,101235600
2023-06-20 00:00:00-04:00,182.82137659501507,184.4968202621219,182.82137659501507,183.41619873046875,49799100
2023-06-21 00:00:00-04:00,183.30713360389032,183.81274978200145,181.01703601018858,182.375244140625,49515700
2023-06-22 00:00:00-04:00,182.15714267343606,185.43862563579464,182.0877384404729,185.38905334472656,51245300
2023-06-23 00:00:00-04:00,183.95155271461957,185.94423180057566,183.41619616013958,185.07180786132812,53079300
2023-06-26 00:00:00-04:00,185.22052415803645,186.43001547826037,183.63430156934749,183.67396545410156,48088700
2023-06-27 00:00:00-04:00,184.28860667459685,186.7670698420573,184.07050070567323,186.43991088867188,50730800
2023-06-28 00:00:00-04:00,186.31103877905792,188.26406909954764,185.9838949305078,187.6196746826172,51216800
2023-06-29 00:00:00-04:00,187.45115547762376,188.43263248114428,187.312362125066,187.95675659179688,46347300
2023-06-30 00:00:00-04:00,189.97918829297507,192.80462759541973,189.6123654098311,192.2990264892578,85069600
2023-07-03 00:00:00-04:00,192.11063791232868,192.20978249103928,190.10803541561756,190.80201721191406,31458200
2023-07-05 00:00:00-04:00,189.91970062749374,191.31754248795588,188.97787243386384,189.6817626953125,46920300
2023-07-06 00:00:00-04:00,188.20457782150964,190.36580559694158,187.57009184775086,190.15760803222656,45094300
2023-07-07 00:00:00-04:00,189.76106040417397,191.01020041329645,188.60114143984475,189.03733825683594,46778000
2023-07-10 00:00:00-04:00,187.62959342704087,188.35331565327752,185.42871665150543,186.98519897460938,59922200
2023-07-11 00:00:00-04:00,187.53046059023825,187.66925393721883,184.99251645839882,186.4597625732422,46638100
2023-07-12 00:00:00-04:00,188.0459566971953,190.04855924155865,186.84638895388292,188.13519287109375,60750200
2023-07-13 00:00:00-04:00,188.8589108119984,189.5429691298021,188.14511214362412,188.8985595703125,41342300
2023-07-14 00:00:00-04:00,188.59121259694425,189.5330255625977,187.9963905210603,189.04725646972656,41573900
2023-07-17 00:00:00-04:00,190.24684079775338,192.64600663390738,190.15761974766676,192.31884765625,50520200
2023-07-18 00:00:00-04:00,191.6843647836334,192.65591819761897,190.76236853561463,192.0610809326172,48353800
2023-07-19 00:00:00-04:00,191.4365103758755,196.52230675519328,190.99037488225764,193.41928100585938,80507300
2023-07-20 00:00:00-04:00,193.40936968617578,194.77748634801802,190.84168518874347,191.4662628173828,59581200
2023-07-21 00:00:00-04:00,192.42791035637276,193.29041080540085,189.5826239989074,190.28651428222656,71917800
2023-07-24 00:00:00-04:00,191.74382595603396,193.2309038397432,190.59381542873754,191.08950805664062,45377800
2023-07-25 00:00:00-04:00,191.66453127210508,192.7649696142135,191.25805964859208,191.9520263671875,37283200
2023-07-26 00:00:00-04:00,192.001611182289,193.9546416567155,191.65463536403175,192.824462890625,47471900
2023-07-27 00:00:00-04:00,194.33137847747412,195.5012060373142,190.89126978529973,191.5554962158203,47460200
2023-07-28 00:00:00-04:00,192.99297950413737,194.9361013981904,192.46754649179775,194.1429901123047,48291400
2023-07-31 00:00:00-04:00,194.37100498050742,194.7973085377491,193.57789369266726,194.7576446533203,38824100
2023-08-01 00:00:00-04:00,194.54945856713078,195.0352276872512,193.59772201405482,193.9248809814453,35175100
2023-08-02 00:00:00-04:00,193.35977399392826,193.49856732490423,190.19726772902345,190.9209747314453,50389300
2023-08-03 00:00:00-04:00,189.91969553388512,190.71279169853844,189.04727159995883,189.52313232421875,61235200
2023-08-04 00:00:00-04:00,183.92181504025928,185.76579240309633,180.35282171627148,180.42222595214844,115799700
2023-08-07 00:00:00-04:00,180.56102321579414,181.5524085909385,175.82220233279125,177.3092803955078,97576100
2023-08-08 00:00:00-04:00,178.14204563329835,178.71705098279648,176.05022182613857,178.2510986328125,67823000
2023-08-09 00:00:00-04:00,179.31184291731705,179.37132361114365,175.48509529864398,176.65493774414062,60378500
2023-08-10 00:00:00-04:00,177.93384562444598,179.1929093058464,176.07005137717866,176.43685913085938,54686900
2023-08-11 00:00:00-04:00,176.02984778529373,177.32037701982404,175.26544597344693,176.4964141845703,51988100
2023-08-14 00:00:00-04:00,176.6751020557822,178.38258864969947,176.01990054114177,178.15426635742188,43675600
2023-08-15 00:00:00-04:00,177.57847773870674,178.174103062697,175.76179096239193,176.15887451171875,43622600
2023-08-16 00:00:00-04:00,175.84120131881224,177.2409306015471,175.21578037161723,175.2852783203125,46964900
2023-08-17 00:00:00-04:00,175.85114660071363,176.218449670705,172.21777275650916,172.73399353027344,66062900
2023-08-18 00:00:00-04:00,171.04634526208298,173.8259754434126,170.7088227434025,173.2204132080078,61114200
2023-08-21 00:00:00-04:00,173.79620604217206,174.84849110751958,172.47588124297116,174.5605926513672,46311900
2023-08-22 00:00:00-04:00,175.77172944077836,176.38721354501158,174.96762533098521,175.94049072265625,42084200
2023-08-23 00:00:00-04:00,177.22112651388355,180.2290795956185,177.0325064942749,179.8022003173828,52722800
2023-08-24 00:00:00-04:00,179.355459364837,179.78233860000068,174.72936147404116,175.0966796875,54945800
2023-08-25 00:00:00-04:00,176.08940889849805,177.84651968096887,174.54076169805765,177.31045532226562,51449600
2023-08-28 00:00:00-04:00,178.77967356057698,179.27603559399373,177.25088516267095,178.8789520263672,43820700
2023-08-29 00:00:00-04:00,178.3925260808221,183.55468861261488,178.19398428109324,182.78036499023438,53003900
2023-08-30 00:00:00-04:00,183.59437915026834,186.48320962835405,183.39583737964136,186.28465270996094,60813900
2023-08-31 00:00:00-04:00,186.47328650618994,187.7439721096439,186.11590523348306,186.50306701660156,60794500
2023-09-01 00:00:00-04:00,188.1112624395919,188.53812645740896,186.9100598225275,188.08148193359375,45732600
2023-09-05 00:00:00-04:00,186.91006645692772,188.59769416370813,186.2449432197517,188.31973266601562,45280000
2023-09-06 00:00:00-04:00,187.02920802693,187.47594597496703,180.14963751857883,181.57916259765625,81755800
2023-09-07 00:00:00-04:00,173.90539355501954,176.91336139268128,172.27732670257566,176.26808166503906,112488800
2023-09-08 00:00:00-04:00,177.05233659559462,178.92858440411607,176.4963984153427,176.88356018066406,65551300
2023-09-11 00:00:00-04:00,178.75983344187836,178.98815574028976,176.04968578063105,178.05499267578125,58953100
2023-09-12 00:00:00-04:00,178.18406545251986,178.81940831086655,173.54804542949864,175.01727294921875,90370200
2023-09-13 00:00:00-04:00,175.22572770658326,176.00998823848755,172.7141369128852,172.94247436523438,84267900
2023-09-14 00:00:00-04:00,172.73398888645488,174.81871550108795,172.3170465930817,174.46133422851562,60895800
2023-09-15 00:00:00-04:00,175.1959388893145,175.2157976120051,172.55530438661506,173.73663330078125,109205100
2023-09-18 00:00:00-04:00,175.1959303652364,178.0748391046168,174.88818834345716,176.6750946044922,67257600
2023-09-19 00:00:00-04:00,176.22837977645918,178.32302815377042,175.84121799808253,177.76710510253906,51826900
2023-09-20 00:00:00-04:00,177.95570880879336,178.3925098170354,174.1237933470795,174.21315002441406,58436200
2023-09-21 00:00:00-04:00,173.27998896827123,175.01725608596104,172.59500693822505,172.66448974609375,63047900
2023-09-22 00:00:00-04:00,173.39911221131908,175.79158086544706,172.7836281326413,173.5182342529297,56725400
2023-09-25 00:00:00-04:00,172.93251742028295,175.6823671360894,172.88287819083024,174.79884338378906,46172700
2023-09-26 00:00:00-04:00,173.54803864674588,173.92526351342306,170.4110267791137,170.70884704589844,64588900
2023-09-27 00:00:00-04:00,171.36402481079512,171.78096710415326,167.8200077433672,169.18995666503906,66921800
2023-09-28 00:00:00-04:00,168.1078907839796,170.77832096236608,166.40040416763804,169.4480743408203,56294400
2023-09-29 00:00:00-04:00,170.76841383641792,171.81077723148027,169.10062937476448,169.9643096923828,51814200
2023-10-02 00:00:00-04:00,169.97421860938772,173.03181060107437,169.6863201427267,172.48580932617188,52164500
2023-10-03 00:00:00-04:00,171.0066338674304,172.36667607241205,169.5771240058018,171.14561462402344,49594600
2023-10-04 00:00:00-04:00,169.84517596678774,172.94248570241592,169.726053912722,172.396484375,53020300
2023-10-05 00:00:00-04:00,172.52552875349963,174.1734545294483,171.42360430666272,173.63739013671875,48527900
2023-10-06 00:00:00-04:00,172.53543905358532,176.69495515352654,171.91993985589522,176.19859313964844,57224100
2023-10-09 00:00:00-04:00,175.52355187327169,177.7472593887107,174.52090595018925,177.6876983642578,42390800
2023-10-10 00:00:00-04:00,176.80415770883764,178.41236580749592,176.6552400140717,177.092041015625,43698000
2023-10-11 00:00:00-04:00,176.90342620076967,178.54143000452555,176.30780084757703,178.49179077148438,47551100
2023-10-12 00:00:00-04:00,178.759844529376,181.01331743803624,177.73732472140046,179.3951873779297,56743100
2023-10-13 00:00:00-04:00,180.10002999494344,180.60631390468572,176.84389569609598,177.54873657226562,51427100
2023-10-16 00:00:00-04:00,175.46396449411634,177.77701319881453,175.22570528432323,177.4196319580078,52517000
2023-10-17 00:00:00-04:00,175.36470667426025,177.12183257732815,173.5281761730158,175.86106872558594,57549400
2023-10-18 00:00:00-04:00,174.30248985254676,176.28793794498117,173.83590833900334,174.5605926513672,54764400
2023-10-19 00:00:00-04:00,174.75914678442408,176.54605322348112,173.91534037415258,174.18338012695312,59302900
2023-10-20 00:00:00-04:00,174.03447436266262,174.14367462886938,171.38390260775535,171.62216186523438,64189300
2023-10-23 00:00:00-04:00,169.66648220683237,172.7439178760632,168.69360166729962,171.74127197265625,55980100
2023-10-24 00:00:00-04:00,171.79089305137515,172.40637709061713,170.2025285754243,172.1780548095703,43816600
2023-10-25 00:00:00-04:00,170.62944146713008,171.8008487599163,169.4083797866938,169.85511779785156,57157000
2023-10-26 00:00:00-04:00,169.1303957533013,170.13305676328346,164.4645956319317,165.67572021484375,70625300
2023-10-27 00:00:00-04:00,165.69558183671225,167.73066925493364,165.6161620916175,166.9960479736328,58499100
2023-10-30 00:00:00-04:00,167.79021577395145,169.92456632823416,167.6412980843576,169.05096435546875,51131000
2023-10-31 00:00:00-04:00,168.11782995408234,169.6565401685357,166.67836791176023,169.52749633789062,44846000
2023-11-01 00:00:00-04:00,169.75580166398598,172.96229589848681,168.88219970872248,172.70419311523438,56934900
2023-11-02 00:00:00-04:00,174.2429278242073,176.48647870246754,174.18336680542194,176.27801513671875,77334800
2023-11-03 00:00:00-04:00,172.97224682902157,175.53347673875106,172.08872301559984,175.3647003173828,79763700
2023-11-06 00:00:00-05:00,175.09667927913767,178.1244756256995,174.92791800211177,177.92593383789062,63841300
2023-11-07 00:00:00-05:00,177.87629469765844,181.1125849169399,177.66783112206795,180.49710083007812,70530000
2023-11-08 00:00:00-05:00,181.02323134779837,182.1152186825965,180.26875139702054,181.55929565429688,49340300
2023-11-09 00:00:00-05:00,181.62881074103257,182.78035920210118,180.4871689201494,181.0828094482422,53763500
2023-11-10 00:00:00-05:00,182.87206148972973,185.4565506612299,182.43468499907056,185.2875518798828,66133400
2023-11-13 00:00:00-05:00,184.71101456121173,184.9197527658604,183.1106225987718,183.6970977783203,43627500
2023-11-14 00:00:00-05:00,186.579792942837,186.987349680322,185.18815428767326,186.32135009765625,60108400
2023-11-15 00:00:00-05:00,186.72890587030213,188.36905250310778,186.65931635404164,186.887939453125,53790500
2023-11-16 00:00:00-05:00,188.43864070160558,189.82034448090351,187.52411797622008,188.5778045654297,54412900
2023-11-17 00:00:00-05:00,189.11457782649978,189.24380683321974,187.44461143684416,188.55792236328125,50922700
2023-11-20 00:00:00-05:00,188.75673136709773,190.7646802061248,188.74679650771577,190.3074188232422,46505100
2023-11-21 00:00:00-05:00,190.2676365405526,190.37698064874536,188.60760520178732,189.50222778320312,38134500
2023-11-22 00:00:00-05:00,190.3471617671388,191.77855487032625,189.69109711501824,190.16822814941406,39617700
2023-11-24 00:00:00-05:00,189.7308806564948,189.76070040271065,188.12055368994098,188.8362579345703,24048300
2023-11-27 00:00:00-05:00,188.78653185384877,189.53205575999598,187.77261509452617,188.6573028564453,40552600
2023-11-28 00:00:00-05:00,188.64737693705334,189.9396214691522,188.26963995303524,189.263671875,38415400
2023-11-29 00:00:00-05:00,189.76069003248776,190.9435904601538,187.84221568139642,188.2398223876953,43014200
2023-11-30 00:00:00-05:00,188.70701635554832,189.1841625986753,187.06686975200412,188.8163604736328,48794400
2023-12-01 00:00:00-05:00,189.19409067360718,190.41674564636727,188.10064953196948,190.09866333007812,45679300
2023-12-04 00:00:00-05:00,188.84617430866663,188.91576382150808,186.33127483914026,188.29945373535156,43389500
2023-12-05 00:00:00-05:00,189.0748364979079,193.23981790539722,189.04500158311146,192.2656707763672,66628400
2023-12-06 00:00:00-05:00,193.28950362567244,193.5976510937421,190.9634725753497,191.17222595214844,41089700
2023-12-07 00:00:00-05:00,192.4744006383907,193.8362194805571,192.43463086867496,193.11058044433594,47477700
2023-12-08 00:00:00-05:00,193.0409791518531,194.82030462884575,192.5141434931892,194.54197692871094,53377300
2023-12-11 00:00:00-05:00,191.95752525473316,192.33526227849603,190.2776087030193,192.027099609375,60943700
2023-12-12 00:00:00-05:00,191.92768151957463,193.5578932326663,190.57579752571402,193.54795837402344,52696900
2023-12-13 00:00:00-05:00,193.925682544677,196.8183190559037,193.68712459255818,196.778564453125,70404200
2023-12-14 00:00:00-05:00,196.83821410318075,198.4286561477334,194.9893140401918,196.92767333984375,66831600
2023-12-15 00:00:00-05:00,196.3511298862745,197.2159328291742,195.82429416614897,196.39089965820312,128256700
2023-12-18 00:00:00-05:00,194.91972010314345,195.45650584640038,193.22986883323685,194.72091674804688,55751900
2023-12-19 00:00:00-05:00,194.98930475456203,195.77458329630363,194.72091188963017,195.7646484375,40714100
2023-12-20 00:00:00-05:00,195.72487446786357,196.50021813416774,193.667236328125,193.667236328125,52242800
2023-12-21 00:00:00-05:00,194.92966611931476,195.90381315665195,192.34517705306277,193.51812744140625,46482500
2023-12-22 00:00:00-05:00,194.01515250091973,194.24379077463595,191.8183503425399,192.44459533691406,37122800
2023-12-26 00:00:00-05:00,192.45452839560733,192.73285613100865,191.67918468017166,191.8978729248047,28919300
2023-12-27 00:00:00-05:00,191.34120389827206,192.3451706464339,189.94955015213438,191.99725341796875,48087700
2023-12-28 00:00:00-05:00,192.98135331561093,193.49825415286705,192.01714115491455,192.42469787597656,34049900
2023-12-29 00:00:00-05:00,192.7427850763616,193.23980104114617,190.58573760932344,191.38096618652344,42628800
2024-01-02 00:00:00-05:00,186.03307200647276,187.31538170646215,182.79253333369908,184.53208923339844,82488700
2024-01-03 00:00:00-05:00,183.1205708792931,184.77066759112085,182.3352771284137,183.150390625,58414500
2024-01-04 00:00:00-05:00,181.06292931922462,181.99732186004985,179.80051955406512,180.82437133789062,71983600
2024-01-05 00:00:00-05:00,180.90387243418792,181.6692660827433,179.09472708075188,180.09869384765625,62303300
2024-01-08 00:00:00-05:00,181.0032684531674,184.49233019548157,180.41679326133186,184.4525604248047,59144500
2024-01-09 00:00:00-05:00,182.82234457021028,184.04499955584959,181.63944418662982,184.03506469726562,42841800
2024-01-10 00:00:00-05:00,183.24979649333252,185.2875498615879,182.82235486658107,185.0788116455078,46792900
2024-01-11 00:00:00-05:00,185.42670336710847,185.93366934185158,182.524132048394,184.4823760986328,49128400
2024-01-12 00:00:00-05:00,184.9495734055796,185.6255229866903,184.08477050382692,184.81040954589844,40444700
2024-01-16 00:00:00-05:00,181.07287512108522,183.16033324766676,179.8502048243823,182.5341033935547,65603000
2024-01-17 00:00:00-05:00,180.18816351220838,181.83824490899738,179.22395137316974,181.58973693847656,47317400
2024-01-18 00:00:00-05:00,184.979392426226,188.01119275141858,184.72094959289208,187.50424194335938,78005800
2024-01-19 00:00:00-05:00,188.20007624137466,190.8044351704297,187.693125392904,190.41676330566406,68741000
2024-01-22 00:00:00-05:00,191.15234200232317,194.16425751836653,191.11257223144145,192.73284912109375,60133900
2024-01-23 00:00:00-05:00,193.8561183903394,194.58175747905844,192.67321792314553,194.01515197753906,42355600
2024-01-24 00:00:00-05:00,194.25372573180164,195.20800309667513,193.1801693842155,193.33921813964844,53631300
2024-01-25 00:00:00-05:00,194.0549059471631,195.0986424607324,191.95749806154728,193.01116943359375,54822100
2024-01-26 00:00:00-05:00,193.11057143190595,193.5976373302703,190.79447540505197,191.2716064453125,44594000
2024-01-29 00:00:00-05:00,190.8640668648328,191.05293535979936,188.44857653714126,190.5857391357422,47145600
2024-01-30 00:00:00-05:00,189.80047228297695,190.6553404086777,186.35118003362723,186.9177703857422,55859400
2024-01-31 00:00:00-05:00,185.92374345342654,185.98339811587047,183.24981004460298,183.29949951171875,55467800
2024-02-01 00:00:00-05:00,182.891930125601,185.8342559814184,182.72294652699253,185.7447967529297,64885400
2024-02-02 00:00:00-05:00,178.78658786144558,186.21200777158808,178.18022776276848,184.7408447265625,102518000
2024-02-05 00:00:00-05:00,187.02710222804,188.120543422021,184.73089088840356,186.55990600585938,69668800
2024-02-06 00:00:00-05:00,185.74483216314175,188.18020768741135,185.6553729175986,188.17027282714844,43490800
2024-02-07 00:00:00-05:00,189.5022571462235,189.9098139006124,187.48437342868021,188.27960205078125,53439000
2024-02-08 00:00:00-05:00,188.2596969213544,188.40879563608698,186.23187856237746,187.1960906982422,40962000
2024-02-09 00:00:00-05:00,187.76340641648085,189.0971204380579,187.11646725876852,187.9624786376953,45155200
2024-02-12 00:00:00-05:00,187.53448242231033,187.78330749959082,185.91213805857674,186.27044677734375,41781900
2024-02-13 00:00:00-05:00,184.89694454758455,185.33487911795885,182.64755610649428,184.1703643798828,56529500
2024-02-14 00:00:00-05:00,184.44907598078342,184.65808055839094,181.5826059912504,183.28456115722656,54630500
2024-02-15 00:00:00-05:00,182.68738521978767,183.62296999377594,180.4977274519665,182.9959259033203,65434500
2024-02-16 00:00:00-05:00,182.55800062284032,183.98128811611298,180.81622489348007,181.45321655273438,49701400
2024-02-20 00:00:00-05:00,180.93564089848354,181.5726325042779,179.15405998428736,180.70672607421875,53665600
2024-02-21 00:00:00-05:00,181.08494629412857,182.03047857973698,179.8109630738625,181.46316528320312,41529700
2024-02-22 00:00:00-05:00,182.6177080564135,184.09076354210745,181.60251261136847,183.50352478027344,52292200
2024-02-23 00:00:00-05:00,184.14051969682032,184.1703774935557,181.37358582743232,181.6622314453125,45119700
2024-02-26 00:00:00-05:00,181.38355052297356,181.90109579673225,179.80101134340092,180.30862426757812,40867400
2024-02-27 00:00:00-05:00,180.24888975946536,183.05562869813585,178.71611879819,181.77169799804688,54318900
2024-02-28 00:00:00-05:00,181.6522565198894,182.25939032452453,179.28345207788615,180.5673828125,48953900
2024-02-29 00:00:00-05:00,180.41810366151438,181.71199718953457,178.6862755375109,179.90054321289062,136682600
2024-03-01 00:00:00-05:00,178.70617492699984,179.68156498512658,176.54637506189474,178.81565856933594,73488000
2024-03-04 00:00:00-05:00,175.3221528407019,176.0686281128373,172.9732433768994,174.277099609375,81510100
2024-03-05 00:00:00-05:00,169.9574719243141,171.23145507958293,168.82283020205665,169.3204803466797,95132400
2024-03-06 00:00:00-05:00,170.25608047856306,170.43524244414468,167.88726071561,168.3251953125,68587700
2024-03-07 00:00:00-05:00,168.35503848083317,169.92761476617306,167.6981518296525,168.20574951171875,71765100
2024-03-08 00:00:00-05:00,168.20574707517525,172.88365534695112,168.1460314883945,169.9276123046875,76114600
2024-03-11 00:00:00-04:00,172.12723509594798,173.56046994775534,171.24141844268888,171.93812561035156,60139500
2024-03-12 00:00:00-04:00,172.33625244410158,173.21212162678884,170.20631026653984,172.41587829589844,59825400
2024-03-13 00:00:00-04:00,171.9580519129805,172.37607625258147,169.95748841772314,170.3257598876953,52488700
2024-03-14 00:00:00-04:00,172.0973773021251,173.49079163745046,171.24141844268888,172.18695068359375,72913500
2024-03-15 00:00:00-04:00,170.36554869703198,171.80873107910156,169.4896795825833,171.80873107910156,121664700
2024-03-18 00:00:00-04:00,174.7448914522954,176.87483361469177,172.70452267737835,172.90357971191406,75604200
2024-03-19 00:00:00-04:00,173.52065910891577,175.77999515234478,172.2168180823409,175.2524871826172,55215200
2024-03-20 00:00:00-04:00,174.89418909629194,177.830322265625,174.26714497871419,177.830322265625,53423100
2024-03-21 00:00:00-04:00,176.2179350177799,176.65586961417029,170.03711298613993,170.5646209716797,106181300
2024-03-22 00:00:00-04:00,170.95279171103329,172.23673773536032,169.26078406375387,171.47035217285156,71106600
2024-03-25 00:00:00-04:00,169.76840571092222,171.1319624728949,168.65365887534398,170.04708862304688,54288300
2024-03-26 00:00:00-04:00,169.20104494513856,170.61436949811346,168.78302065654685,168.91241455078125,57388400
2024-03-27 00:00:00-04:00,169.60914876354798,172.78415954350993,169.31055559917013,172.49551391601562,60273300
2024-03-28 00:00:00-04:00,170.94282285202152,171.42056273337485,169.70864503919194,170.67408752441406,65672700
2024-04-01 00:00:00-04:00,170.38546326457012,170.4451788535061,168.68349304450714,169.2309112548828,46240500
2024-04-02 00:00:00-04:00,168.28537106183597,168.54414366405445,167.43935975957754,168.04649353027344,49329500
2024-04-03 00:00:00-04:00,167.9967479570679,169.87786510696628,167.78774337767854,168.8527069091797,47691700
2024-04-04 00:00:00-04:00,169.48968886138192,171.11203328162168,168.026611328125,168.026611328125,53704400
2024-04-05 00:00:00-04:00,168.79298281447828,169.5892261323792,168.15599119757314,168.7830352783203,42055200
2024-04-08 00:00:00-04:00,168.23563178927415,168.40483104125352,167.4493511257135,167.65835571289062,37425500
2024-04-09 00:00:00-04:00,167.90716183961618,169.2806811483862,167.55881583801002,168.8726043701172,42451200
2024-04-10 00:00:00-04:00,168.0066961691415,168.29532657810816,166.3246362072623,166.99148559570312,49709300
2024-04-11 00:00:00-04:00,167.54885233902874,174.63540094951088,167.36970557110288,174.2173614501953,91070300
2024-04-12 00:00:00-04:00,173.44104468475973,177.52178245719062,173.39129181372058,175.7202911376953,101593300
2024-04-15 00:00:00-04:00,174.53586805138283,175.7999037342719,171.68930847441092,171.87841796875,73531800
2024-04-16 00:00:00-04:00,170.94284143183614,172.94338974194338,167.47920033817573,168.583984375,73711200
2024-04-17 00:00:00-04:00,168.81289870293196,169.84800441976404,167.21046447753906,167.21046447753906,50901200
2024-04-18 00:00:00-04:00,167.24031189258443,167.8474456964944,165.7672716683895,166.2549591064453,43122900
2024-04-19 00:00:00-04:00,165.42888374733738,165.6179780634261,163.3088890664717,164.2245635986328,67772100
2024-04-22 00:00:00-04:00,164.74211969252124,166.47393259764522,163.9956444231876,165.06060791015625,48116400
2024-04-23 00:00:00-04:00,164.57291251221173,166.26492000363532,164.14492548116624,166.11561584472656,49537800
2024-04-24 00:00:00-04:00,165.75730653407012,168.50434510258808,165.42887079721268,168.2256622314453,48251800
2024-04-25 00:00:00-04:00,168.73327450279362,169.80820075027214,167.3597550998357,169.09158325195312,50558300
2024-04-26 00:00:00-04:00,169.081624768213,170.53475474394267,168.38490238817732,168.5043487548828,44838400
2024-04-29 00:00:00-04:00,172.55520693212748,175.20270935632288,172.28648678772151,172.68460083007812,68169400
2024-04-30 00:00:00-04:00,172.51541154910535,174.1676137755898,169.20105955998108,169.52951049804688,65934800
2024-05-01 00:00:00-04:00,168.78303163206596,171.89832652202932,168.31523926242042,168.5043487548828,50383100
2024-05-02 00:00:00-04:00,171.69926693100732,172.6049939419865,170.08688513916925,172.21682739257812,94214900
2024-05-03 00:00:00-04:00,185.77280978325868,186.12117099096088,181.80157098826203,182.5181884765625,163224100
2024-05-06 00:00:00-04:00,181.4930249418685,183.3343214775735,179.5720873686165,180.8560333251953,78569700
2024-05-07 00:00:00-04:00,182.58785409480518,184.0310366275269,180.46787458450643,181.54278564453125,77305800
2024-05-08 00:00:00-04:00,181.9906787165348,182.20964601288568,180.59724908638574,181.88119506835938,45057100
2024-05-09 00:00:00-04:00,181.70204263297254,183.792179594264,181.2541604804327,183.70260620117188,48983000
2024-05-10 00:00:00-04:00,184.280653249985,184.47001925959685,181.51994258592455,182.43685913085938,50759500
2024-05-13 00:00:00-04:00,184.81883849593646,186.47328168344126,184.00157793065927,185.65602111816406,72044800
2024-05-14 00:00:00-04:00,186.88188838827716,187.66925062518712,185.66597383097238,186.80215454101562,52393600
2024-05-15 00:00:00-04:00,187.28058361009533,190.01139602124525,186.7423838683229,189.0845184326172,70400000
2024-05-16 00:00:00-04:00,189.83199615864385,190.45989075478766,189.02471179656044,189.2041015625,52845200
2024-05-17 00:00:00-04:00,188.87519880271202,190.17084727488813,188.54630236847427,189.23399353027344,41282900
2024-05-20 00:00:00-04:00,188.69582178398366,191.27714266640717,188.37688635675946,190.40008544921875,44361300
2024-05-21 00:00:00-04:00,190.44991454290118,192.08442053272114,190.28048580582154,191.70570373535156,42309400
2024-05-22 00:00:00-04:00,191.625965130265,192.17412585880137,189.63266445026173,190.2605438232422,34648500
2024-05-23 00:00:00-04:00,190.34028576334703,190.3602230291439,186.00486572472462,186.2540283203125,51005900
2024-05-24 00:00:00-04:00,188.1875250894915,189.94162421863646,187.41012383078694,189.3436279296875,36294600
2024-05-28 00:00:00-04:00,190.86848939299406,192.35350378297326,188.46657377923762,189.3535919189453,52280100
2024-05-29 00:00:00-04:00,188.97488815842905,191.60604467860838,188.87521703261189,189.65260314941406,53068000
2024-05-30 00:00:00-04:00,190.12102272627732,191.53626445370173,189.99146851693155,190.6492462158203,49947900
2024-05-31 00:00:00-04:00,190.79874896001851,191.92496874276912,189.27387511297837,191.6060333251953,75158300
2024-06-03 00:00:00-04:00,192.25384615761888,194.33685694398167,191.8751293663799,193.38006591796875,50080500
2024-06-04 00:00:00-04:00,193.98801176077237,194.66574186569684,192.38340418619828,193.69898986816406,47471400
2024-06-05 00:00:00-04:00,194.74547082752238,196.24044634116564,194.2172473626493,195.21389770507812,54156800
2024-06-06 00:00:00-04:00,195.03450583879902,195.84179017422778,193.5195930765027,193.82855224609375,41181800
2024-06-07 00:00:00-04:00,193.99798178181695,196.28031956711487,193.48969558531903,196.23048400878906,53103900
2024-06-10 00:00:00-04:00,196.2404356269631,196.63910486677477,191.50634675889475,192.4730987548828,97262100
2024-06-11 00:00:00-04:00,193.00133588013964,206.46609195915696,192.9814138224934,206.45611572265625,172373300
2024-06-12 00:00:00-04:00,206.67538853844061,219.46241499269527,206.20696163392407,212.35630798339844,198134300
2024-06-13 00:00:00-04:00,214.02069454325613,216.02395620562416,210.89121315624297,213.52236938476562,97862700
2024-06-14 00:00:00-04:00,213.13367378271622,214.44924427717243,210.59221246372425,211.77822875976562,70122700
2024-06-17 00:00:00-04:00,212.65527993528355,218.21659070332575,212.0074632920053,215.94422912597656,93728300
2024-06-18 00:00:00-04:00,216.86113841241473,217.89766325641614,212.28651711595563,213.5721893310547,79943300
2024-06-20 00:00:00-04:00,213.21339445126264,213.5223688231627,208.1504242370716,208.97763061523438,86172500
2024-06-21 00:00:00-04:00,209.68527826262047,211.18025387128242,206.4162661482939,206.7949981689453,246421400
2024-06-24 00:00:00-04:00,207.02421872275744,211.9875333707341,205.89799892378585,207.44281005859375,80727000
2024-06-25 00:00:00-04:00,208.44940858434205,210.67194975002218,207.91122410230182,208.36968994140625,56713900
2024-06-26 00:00:00-04:00,210.79155216910215,214.1402980033581,209.9344322470105,212.5356903076172,66213200
2024-06-27 00:00:00-04:00,213.97087836680484,215.01736433595826,211.63872006367095,213.3828582763672,49772700
2024-06-28 00:00:00-04:00,215.04724812174294,215.34624626528088,209.5955695452833,209.91448974609375,82542700
2024-07-01 00:00:00-04:00,211.37956216985054,216.78140506529675,211.2101334408119,216.02395629882812,60402900
2024-07-02 00:00:00-04:00,215.42597092933886,219.64181293490427,214.3795002092306,219.5321807861328,58046200
2024-07-03 00:00:00-04:00,219.26308073535034,220.80789184570312,218.29632866276663,220.80789184570312,37369800
2024-07-05 00:00:00-04:00,220.90754038733803,225.69146503075916,220.90754038733803,225.5818328857422,60412400
2024-07-08 00:00:00-04:00,226.32931907748747,227.08678305881674,222.50218547217585,227.056884765625,59085900
2024-07-09 00:00:00-04:00,227.1664984715379,228.631575647805,225.6117264169712,227.9139862060547,48076100
2024-07-10 00:00:00-04:00,228.5319341376685,232.29927134034506,228.48209857735924,232.19960021972656,62627700
2024-07-11 00:00:00-04:00,230.61492037011672,231.61157070495582,225.01375035477759,226.80772399902344,64710600
2024-07-12 00:00:00-04:00,228.1531925563972,231.86073301422448,227.91399100155513,229.76776123046875,53046500
2024-07-15 00:00:00-04:00,235.68787221439834,236.43535998230433,232.3092281117703,233.61483764648438,62631300
2024-07-16 00:00:00-04:00,234.2128217621178,235.47857190808813,231.55176727169922,234.03343200683594,43234300
2024-07-17 00:00:00-04:00,228.68140979310064,230.68468664215072,225.88082486496336,228.1133270263672,57345900
2024-07-18 00:00:00-04:00,229.50863493701104,229.66810263837593,221.52547133243425,223.42906188964844,66034600
2024-07-19 00:00:00-04:00,224.06694094221692,226.04030439428965,222.53209087352224,223.5586395263672,49151500
2024-07-22 00:00:00-04:00,226.24957960487185,227.01700459563804,222.34271224556252,223.20980834960938,48201800
2024-07-23 00:00:00-04:00,223.61844622977043,226.17984506717187,221.9341046141529,224.2563018798828,39960300
2024-07-24 00:00:00-04:00,223.24967028544495,224.04699357799979,216.40268749627205,217.80795288085938,61777600
2024-07-25 00:00:00-04:00,218.19665359620475,220.11023564894725,213.9010930254534,216.76148986816406,51391200
2024-07-26 00:00:00-04:00,217.96741565742542,218.75477790382115,215.2864239407029,217.2299041748047,41601300
2024-07-29 00:00:00-04:00,216.23326096996,218.5654190781,215.0273073866339,217.50897216796875,36311800
2024-07-30 00:00:00-04:00,218.45580119769897,219.5919820328496,215.39607720378967,218.06710815429688,41643800
2024-07-31 00:00:00-04:00,220.6982497488722,223.07028238181744,219.89096542123676,221.3361053466797,50036300
2024-08-01 00:00:00-04:00,223.618417993468,223.72805013234773,216.29304757526307,217.62855529785156,62501000
2024-08-02 00:00:00-04:00,218.41592196270943,224.84432899946665,216.98075820790513,219.12355041503906,105568600
2024-08-05 00:00:00-04:00,198.42310739676375,212.7848420736874,195.34346157584417,208.5690155029297,119548600
2024-08-06 00:00:00-04:00,204.61231506511243,209.28660752946874,200.39648844230862,206.5358428955078,69660500
2024-08-07 00:00:00-04:00,206.20693999643444,212.92436846093156,205.69865382063958,209.11717224121094,63516400
2024-08-08 00:00:00-04:00,212.39614722358988,213.4824924067945,208.13048513245963,212.59547424316406,47161100
2024-08-09 00:00:00-04:00,211.38955402452135,216.05387055494424,211.259984607228,215.51568603515625,42201600
2024-08-12 00:00:00-04:00,215.59550663031672,219.02793942662467,215.12653755613,217.0522918701172,38028100
2024-08-13 00:00:00-04:00,218.52904142421028,221.4027217224782,218.52904142421028,220.78408813476562,44155300
2024-08-14 00:00:00-04:00,220.08562480803565,222.54021400164925,219.21752501736546,221.23309326171875,41960600
2024-08-15 00:00:00-04:00,224.10676986474735,224.8551228159093,222.27079905335071,224.22650146484375,46414000
2024-08-16 00:00:00-04:00,223.42826155403992,226.33187474025672,223.15885022096822,225.5535888671875,44340200
2024-08-19 00:00:00-04:00,225.22429606357244,225.49370737790127,222.55017371179113,225.3939208984375,40687800
2024-08-20 00:00:00-04:00,225.27420804373648,226.6711275207631,224.95490346311303,226.0125732421875,30299000
2024-08-21 00:00:00-04:00,226.0225636042008,227.47934890039068,224.55579052395228,225.90281677246094,34765500
2024-08-22 00:00:00-04:00,227.28974628083643,227.8385414771675,223.4082896744648,224.0369110107422,43695300
2024-08-23 00:00:00-04:00,225.16444130741013,227.7188169640382,223.83736023691762,226.3418426513672,38677300
2024-08-26 00:00:00-04:00,226.2620154817008,226.7808777924977,223.39832305195915,226.68109130859375,30602200
2024-08-27 00:00:00-04:00,225.50369501854036,228.34744239539063,224.39613201364162,227.52923583984375,35934600
2024-08-28 00:00:00-04:00,227.4194670399241,229.35520907583674,225.18438078371824,225.99261474609375,38052200
2024-08-29 00:00:00-04:00,229.59470189609323,232.4085012026452,228.37737982242845,229.28536987304688,51906300
2024-08-30 00:00:00-04:00,229.6844899472923,229.89402024722435,226.98043458769098,228.49710083007812,52990800
2024-09-03 00:00:00-04:00,228.04809790202157,228.4971066385697,220.68429981162342,222.28079223632812,50190600
2024-09-04 00:00:00-04:00,221.17322424578342,221.29295584608857,217.0023958735564,220.36500549316406,43840200
2024-09-05 00:00:00-04:00,221.14329437614535,224.98483044961614,221.03353533260162,221.8916473388672,36615400
2024-09-06 00:00:00-04:00,223.45818364879955,224.74535922490057,219.2873705935476,220.33506774902344,48423000
2024-09-09 00:00:00-04:00,220.3350822772696,220.7840910234286,216.23410730849415,220.4248809814453,67180000
2024-09-10 00:00:00-04:00,218.43922835246784,220.9936039050013,216.25403537150672,219.62661743164062,51591000
2024-09-11 00:00:00-04:00,220.97367404683663,222.6000841658612,217.41150656335964,222.17103576660156,44587100
2024-09-12 00:00:00-04:00,222.01138090428717,223.0590781064196,219.33727360197898,222.28079223632812,37498200
2024-09-13 00:00:00-04:00,223.08899783711732,223.54797910505988,221.42266715079168,222.01136779785156,36766600
2024-09-16 00:00:00-04:00,216.0644583037111,216.74297289953918,213.4502168549942,215.84495544433594,59357400
2024-09-17 00:00:00-04:00,215.27619443719672,216.42366284814068,214.02893954474482,216.31390380859375,45519300
2024-09-18 00:00:00-04:00,217.07224903728172,222.22092099435915,217.06226125375574,220.20535278320312,59894900
2024-09-19 00:00:00-04:00,224.49591687958383,229.31531179988679,224.1367068474718,228.3673858642578,66781300
2024-09-20 00:00:00-04:00,229.46496974860833,232.57811312113958,227.12012443578536,227.6988525390625,318679900
2024-09-23 00:00:00-04:00,226.8407407931877,228.94610768522742,225.31410200503296,225.97265625,54146000
2024-09-24 00:00:00-04:00,228.14786961487798,228.8463445678705,225.2342838755063,226.8706817626953,43556100
2024-09-25 00:00:00-04:00,224.43603888049125,226.79085685048213,223.52804884217394,225.8728790283203,42308700
2024-09-26 00:00:00-04:00,226.80083714120576,227.99819881641105,224.9149883158055,227.02035522460938,36636700
2024-09-27 00:00:00-04:00,227.9582911728241,229.01596089620384,226.80083496693393,227.2897491455078,34026000
2024-09-30 00:00:00-04:00,229.5348054854851,232.48831176757812,229.1456625683617,232.48831176757812,54541900
2024-10-01 00:00:00-04:00,229.0159547825387,229.14565893600417,223.24864947388588,225.71322631835938,63285000
2024-10-02 00:00:00-04:00,225.3939223013361,226.8706678098605,222.53022998119604,226.28196716308594,32880600
2024-10-03 00:00:00-04:00,224.64557310138042,226.3119038145279,222.82957789090332,225.17440795898438,34044200
2024-10-04 00:00:00-04:00,227.39951613756347,227.49930262356304,223.63780617480538,226.30194091796875,37245100
2024-10-07 00:00:00-04:00,224.0069975750027,225.19438676879486,220.84396072803747,221.2031707763672,39505400
2024-10-08 00:00:00-04:00,223.80742742544692,225.4837307412941,222.75973024040246,225.27420043945312,31855700
2024-10-09 00:00:00-04:00,224.73538646570117,229.24546472466872,224.33627096325682,229.03591918945312,33591100
2024-10-10 00:00:00-04:00,227.279775108536,228.99599906464633,226.67111410985407,228.53700256347656,28183500
2024-10-11 00:00:00-04:00,228.79644988971887,228.9062089337624,226.84074743911052,227.05029296875,31759200
2024-10-14 00:00:00-04:00,228.19775690140833,231.22110160659443,228.09798564307096,230.79205322265625,39882100
2024-10-15 00:00:00-04:00,233.0969778733182,236.9684620133565,231.85969551276995,233.33645629882812,64751400
2024-10-16 00:00:00-04:00,231.09139869260778,231.61024577942743,229.33525401328018,231.27099609375,34082200
2024-10-17 00:00:00-04:00,232.9173703418766,233.3364614020046,230.0137723986246,231.6401824951172,32993800
2024-10-18 00:00:00-04:00,235.66133386929857,235.66133386929857,233.4961010856326,234.4839324951172,46431500
2024-10-21 00:00:00-04:00,233.9351372634737,236.32987592195377,233.9351372634737,235.96067810058594,36254500
2024-10-22 00:00:00-04:00,233.376366009758,235.70125104779564,232.08920560922664,235.342041015625,38846600
2024-10-23 00:00:00-04:00,233.56595129753524,234.62362105235994,227.25982300232985,230.25323486328125,52287000
2024-10-24 00:00:00-04:00,229.4749437774939,230.31311065070702,227.90839952304313,230.06365966796875,31109500
2024-10-25 00:00:00-04:00,229.23547896644118,232.7078323586645,229.0658541264054,230.9018096923828,38802300
2024-10-28 00:00:00-04:00,232.80762499530724,234.21451699403664,232.03931169048735,232.88743591308594,36087100
2024-10-29 00:00:00-04:00,232.58810476348472,233.815399347975,231.8098189074392,233.15684509277344,35417200
2024-10-30 00:00:00-04:00,232.09917848988178,232.95729049985403,229.04590082483264,229.59469604492188,47070900
2024-10-31 00:00:00-04:00,228.83635490362704,229.325284321648,224.8750719925984,225.4138946533203,64370100
2024-11-01 00:00:00-04:00,220.48474431371312,224.8551305713263,219.78628458026085,222.4204864501953,65276700
2024-11-04 00:00:00-05:00,220.5046966292777,222.3007315284092,219.2275088130919,221.52244567871094,44944500
2024-11-05 00:00:00-05:00,221.31291912362707,223.45819152571042,220.65436486265338,222.95928955078125,28111300
2024-11-06 00:00:00-05:00,222.12113695305962,225.5735453041769,220.7042571772517,222.23089599609375,54561100
2024-11-07 00:00:00-05:00,224.13670611072257,227.37956894750107,224.0768403097807,226.98043823242188,42137700
2024-11-08 00:00:00-05:00,226.92049995960826,228.4088689967903,226.16134014604208,226.7107391357422,38328800
2024-11-11 00:00:00-05:00,224.7528927426808,225.45212091614073,221.25673663335022,223.98373413085938,42005600
2024-11-12 00:00:00-05:00,224.30339000560164,225.34224111445195,223.11469448970428,223.98373413085938,40398300
2024-11-13 00:00:00-05:00,223.76397540644066,226.4010754152989,222.5153482196322,224.8727569580078,48566200
2024-11-14 00:00:00-05:00,224.77287777547028,228.61864039722624,224.7528954725484,227.9693603515625,44923900
2024-11-15 00:00:00-05:00,226.15134020310103,226.67077335813082,224.023689933323,224.7528839111328,47923700
2024-11-18 00:00:00-05:00,225.00261496304853,229.4876892234719,224.92270099550518,227.7695770263672,44686000
2024-11-19 00:00:00-05:00,226.73070634208972,229.90722171238716,226.41106572007726,228.02928161621094,36211800
2024-11-20 00:00:00-05:00,227.80951934283004,229.67746064503265,225.64190448211673,228.7484893798828,35169600
2024-11-21 00:00:00-05:00,228.6286329426038,229.90722593821596,225.46211628612434,228.26902770996094,42108300
2024-11-22 00:00:00-05:00,227.80952873867182,230.46661102927646,227.80952873867182,229.61753845214844,38168300
2024-11-25 00:00:00-05:00,231.2058026888721,232.99383009111634,229.48769048234254,232.61424255371094,90152800
2024-11-26 00:00:00-05:00,233.07373841155265,235.31128373473052,233.07373841155265,234.8018341064453,45986200
2024-11-27 00:00:00-05:00,234.21249554010248,235.43115689965902,233.55321672420507,234.67198181152344,33498400
2024-11-29 00:00:00-05:00,234.55211454995276,237.5488197625333,233.71304074851764,237.06935119628906,28481400
2024-12-02 00:00:00-05:00,237.00941446483552,240.52553753151284,236.89953466637493,239.3268585205078,48137100
2024-12-03 00:00:00-05:00,239.54662188503684,242.49337894569658,238.6376176509325,242.3834991455078,38861000
2024-12-04 00:00:00-05:00,242.60325739533934,243.84190102311462,240.9850414761411,242.74310302734375,44383900
2024-12-05 00:00:00-05:00,243.72204013219255,244.2714238935446,241.86408229295347,242.7730712890625,40033900
2024-12-06 00:00:00-05:00,242.6432183998472,244.3613305629988,241.8141281502541,242.5732879638672,36870600
2024-12-09 00:00:00-05:00,241.56440918324205,246.96847124510987,241.48449521514058,246.47900390625,44649200
2024-12-10 00:00:00-05:00,246.61884065291167,247.93739821602466,245.0705399660552,247.4978790283203,36914800
2024-12-11 00:00:00-05:00,247.68767076725757,250.52454792031958,245.98952569372008,246.2192840576172,45205800
2024-12-12 00:00:00-05:00,246.61885092340057,248.46682524629017,245.41017310687806,247.68768310546875,32777500
2024-12-13 00:00:00-05:00,247.54782582286595,249.01619729452798,245.96955931284188,247.85748291015625,33155300
2024-12-16 00:00:00-05:00,247.71764416028498,251.10392039685559,247.3780059899919,250.7642822265625,51694800
2024-12-17 00:00:00-05:00,249.80533943156328,253.5512208135588,249.50566587259755,253.20159912109375,51356400
2024-12-18 00:00:00-05:00,251.88305927654196,254.0007260278641,247.46791553993853,247.77757263183594,56774100
2024-12-19 00:00:00-05:00,247.22817727073837,251.72323503929724,246.81862390484895,249.51565551757812,60882300
2024-12-20 00:00:00-05:00,247.76758181309805,254.71994465608725,245.42017186050566,254.21051025390625,147495300
2024-12-23 00:00:00-05:00,254.49020366493687,255.36922684225433,253.17164603591402,254.98965454101562,40858800
2024-12-24 00:00:00-05:00,255.2094124344067,257.92641115938613,255.0096198916901,257.91644287109375,23234700
2024-12-26 00:00:00-05:00,257.90642916266114,259.81433504408284,257.34704665632455,258.7355041503906,27237100
2024-12-27 00:00:00-05:00,257.54682582842287,258.41589596104086,252.78207543596488,255.30929565429688,42355300
2024-12-30 00:00:00-05:00,251.95298524244893,253.22159473829512,250.47461491371794,251.9230194091797,35557500
2024-12-31 00:00:00-05:00,252.16275955239965,253.00183336212825,249.15605553782555,250.1449737548828,39480700
2025-01-02 00:00:00-05:00,248.65660659999048,248.826433311358,241.55442975303322,243.5821990966797,55740700
2025-01-03 00:00:00-05:00,243.0927276611328,243.91181916074598,241.624340886356,243.0927276611328,40244100
2025-01-06 00:00:00-05:00,244.04168187374515,247.05836939894766,242.93290033169586,244.73092651367188,45045600
2025-01-07 00:00:00-05:00,242.71314361950866,245.28032844029428,241.08494412707995,241.94400024414062,40856000
2025-01-08 00:00:00-05:00,241.65429905026372,243.44234164075266,239.78635773622742,242.43344116210938,37628900
2025-01-10 00:00:00-05:00,239.7463920626497,239.8962364632009,232.74409661721964,236.58987426757812,61710900
2025-01-13 00:00:00-05:00,233.27352322575203,234.41227060505477,229.46771001708314,234.14256286621094,49630700
2025-01-14 00:00:00-05:00,234.49217517741417,235.8606656353981,232.21468051006943,233.02378845214844,39435300
2025-01-15 00:00:00-05:00,234.38230107288462,238.6975638581554,234.17252500331003,237.60874938964844,39832000
2025-01-16 00:00:00-05:00,237.089336348529,237.74859991927732,227.7795647267042,228.00930786132812,71759100
2025-01-17 00:00:00-05:00,231.86506609768284,232.03487756376998,228.22906438809179,229.7274169921875,68488300
2025-01-21 00:00:00-05:00,223.75398423747347,224.17352112887505,219.13906319002535,222.39547729492188,98070400
2025-01-22 00:00:00-05:00,219.54859611049605,223.87384226456615,219.54859611049605,223.58416748046875,64126500
2025-01-23 00:00:00-05:00,224.493183388126,226.78066167492807,222.05586069453574,223.41436767578125,60234800
2025-01-24 00:00:00-05:00,224.53312753788666,225.38220009721186,221.16683361690275,222.5353240966797,54697900
2025-01-27 00:00:00-05:00,223.77396171163917,231.89502211760887,223.73399710835045,229.6075439453125,94863400
2025-01-28 00:00:00-05:00,230.59647127201654,239.9262098046868,230.55650666713984,237.99832153320312,75707600
2025-01-29 00:00:00-05:00,233.86287156365174,239.5965730646729,233.75299176206667,239.0971221923828,45486100
2025-01-30 00:00:00-05:00,238.40787147181928,240.52553823889048,236.94948349745044,237.3290557861328,55658300
2025-01-31 00:00:00-05:00,246.91852728753366,246.91852728753366,233.18362815459494,235.74081420898438,101075100
2025-02-03 00:00:00-05:00,229.73741895869952,231.5753945205246,225.45212191586603,227.75958251953125,73063300
2025-02-04 00:00:00-05:00,227.00041910872287,232.87396618357337,226.40107197135944,232.54432678222656,45067300
2025-02-05 00:00:00-05:00,228.27901582634638,232.4144684638066,228.0193068583431,232.21469116210938,39620300
2025-02-06 00:00:00-05:00,231.0359788855247,233.54323203112875,230.17692277145878,232.9638671875,29925300
2025-02-07 00:00:00-05:00,232.3445476829273,233.74300400322835,227.0104008794231,227.3800048828125,39707200
2025-02-10 00:00:00-05:00,229.57000732421875,230.58999633789062,227.1999969482422,227.64999389648438,33115600
2025-02-11 00:00:00-05:00,228.1999969482422,235.22999572753906,228.1300048828125,232.6199951171875,53718400
2025-02-12 00:00:00-05:00,231.1999969482422,236.9600067138672,230.67999267578125,236.8699951171875,45243300
2025-02-13 00:00:00-05:00,236.91000366210938,242.33999633789062,235.57000732421875,241.52999877929688,53614100
2025-02-14 00:00:00-05:00,241.25,245.5500030517578,240.99000549316406,244.60000610351562,40896200
2025-02-18 00:00:00-05:00,244.14999389648438,245.17999267578125,241.83999633789062,244.47000122070312,48822500
2025-02-19 00:00:00-05:00,244.66000366210938,246.00999450683594,243.16000366210938,244.8699951171875,32204200
2025-02-20 00:00:00-05:00,244.94000244140625,246.77999877929688,244.2899932861328,245.8300018310547,32316900
2025-02-21 00:00:00-05:00,245.9499969482422,248.69000244140625,245.22000122070312,245.5500030517578,53197400
2025-02-24 00:00:00-05:00,244.92999267578125,248.86000061035156,244.4199981689453,247.10000610351562,51326400
2025-02-25 00:00:00-05:00,248.0,250.0,244.91000366210938,247.0399932861328,48013300
2025-02-26 00:00:00-05:00,244.3300018310547,244.97999572753906,239.1300048828125,240.36000061035156,44433600
2025-02-27 00:00:00-05:00,239.41000366210938,242.4600067138672,237.05999755859375,237.3000030517578,41153600
2025-02-28 00:00:00-05:00,236.9499969482422,242.08999633789062,230.1999969482422,241.83999633789062,56833400
2025-03-03 00:00:00-05:00,241.7899932861328,244.02999877929688,236.11000061035156,238.02999877929688,47184000
2025-03-04 00:00:00-05:00,237.7100067138672,240.07000732421875,234.67999267578125,235.92999267578125,53798100
2025-03-05 00:00:00-05:00,235.4199981689453,236.5500030517578,229.22999572753906,235.74000549316406,47227600
2025-03-06 00:00:00-05:00,234.44000244140625,237.86000061035156,233.16000366210938,235.3300018310547,45170400
2025-03-07 00:00:00-05:00,235.11000061035156,241.3699951171875,234.75999450683594,239.07000732421875,46273600
2025-03-10 00:00:00-04:00,235.5399932861328,236.16000366210938,224.22000122070312,227.47999572753906,72071200
2025-03-11 00:00:00-04:00,223.80999755859375,225.83999633789062,217.4499969482422,220.83999633789062,76137400
2025-03-12 00:00:00-04:00,220.13999938964844,221.75,214.91000366210938,216.97999572753906,62547500
2025-03-13 00:00:00-04:00,215.9499969482422,216.83999633789062,208.4199981689453,209.67999267578125,61368300
2025-03-14 00:00:00-04:00,211.25,213.9499969482422,209.5800018310547,213.49000549316406,60107600
2025-03-17 00:00:00-04:00,213.30999755859375,215.22000122070312,209.97000122070312,214.0,48073400
2025-03-18 00:00:00-04:00,214.16000366210938,215.14999389648438,211.49000549316406,212.69000244140625,42432400
2025-03-19 00:00:00-04:00,214.22000122070312,218.75999450683594,213.75,215.24000549316406,54385400
2025-03-20 00:00:00-04:00,213.99000549316406,217.49000549316406,212.22000122070312,214.10000610351562,48862900
2025-03-21 00:00:00-04:00,211.55999755859375,218.83999633789062,211.27999877929688,218.27000427246094,94127800
2025-03-24 00:00:00-04:00,221.0,221.47999572753906,218.5800018310547,220.72999572753906,44299500
2025-03-25 00:00:00-04:00,220.77000427246094,224.10000610351562,220.0800018310547,223.75,34493600
2025-03-26 00:00:00-04:00,223.50999450683594,225.02000427246094,220.47000122070312,221.52999877929688,34466100
2025-03-27 00:00:00-04:00,221.38999938964844,224.99000549316406,220.55999755859375,223.85000610351562,37094800
2025-03-28 00:00:00-04:00,221.6699981689453,223.80999755859375,217.67999267578125,217.89999389648438,39818600
2025-03-31 00:00:00-04:00,217.00999450683594,225.6199951171875,216.22999572753906,222.1300048828125,65299300
2025-04-01 00:00:00-04:00,219.80999755859375,223.67999267578125,218.89999389648438,223.19000244140625,36412700
2025-04-02 00:00:00-04:00,221.32000732421875,225.19000244140625,221.02000427246094,223.88999938964844,35905900
2025-04-03 00:00:00-04:00,205.5399932861328,207.49000549316406,201.25,203.19000244140625,103419000
2025-04-04 00:00:00-04:00,193.88999938964844,199.8800048828125,187.33999633789062,188.3800048828125,125910900
2025-04-07 00:00:00-04:00,177.1999969482422,194.14999389648438,174.6199951171875,181.4600067138672,160466300
2025-04-08 00:00:00-04:00,186.6999969482422,190.33999633789062,169.2100067138672,172.4199981689453,120859500
2025-04-09 00:00:00-04:00,171.9499969482422,200.61000061035156,171.88999938964844,198.85000610351562,184395900
2025-04-10 00:00:00-04:00,189.07000732421875,194.77999877929688,183.0,190.4199981689453,121880000
2025-04-11 00:00:00-04:00,186.10000610351562,199.5399932861328,186.05999755859375,198.14999389648438,87435900
2025-04-14 00:00:00-04:00,211.44000244140625,212.94000244140625,201.16000366210938,202.52000427246094,101352900
2025-04-15 00:00:00-04:00,201.86000061035156,203.50999450683594,199.8000030517578,202.13999938964844,51343900
2025-04-16 00:00:00-04:00,198.36000061035156,200.6999969482422,192.3699951171875,194.27000427246094,59732400
2025-04-17 00:00:00-04:00,197.1999969482422,198.8300018310547,194.4199981689453,196.97999572753906,51334300
2025-04-21 00:00:00-04:00,193.27000427246094,193.8000030517578,189.80999755859375,193.16000366210938,46742500
2025-04-22 00:00:00-04:00,196.1199951171875,201.58999633789062,195.97000122070312,199.74000549316406,52976400
