date,Open,High,Low,Close,Volume
2010-01-04 00:00:00-05:00,15.614784268007728,15.678544409230243,15.547290223878424,15.609803199768066,78169752
2010-01-05 00:00:00-05:00,15.620513626953805,15.636951722017164,15.480044272193602,15.54106330871582,120067812
2010-01-06 00:00:00-05:00,15.58763740085737,15.58763740085737,15.101971847433346,15.149292945861816,158988852
2010-01-07 00:00:00-05:00,15.177686381465573,15.192630536593148,14.760512389517482,14.796625137329102,256315428
2010-01-08 00:00:00-05:00,14.74432191587332,15.024513652181563,14.672343200887997,14.993880271911621,188783028
2010-01-11 00:00:00-05:00,15.054650996229643,15.054650996229643,14.79513049733118,14.971216201782227,288227484
2010-01-12 00:00:00-05:00,14.885041973004633,14.89774426759556,14.644699714848494,14.706466674804688,193937868
2010-01-13 00:00:00-05:00,14.358032684158495,14.654164254334132,14.293526513012099,14.62203598022461,259604136
2010-01-14 00:00:00-05:00,14.542585278543342,14.799116964638577,14.515438074040974,14.690775871276855,169434396
2010-01-15 00:00:00-05:00,14.777696029186723,14.783176343503463,14.39663479736933,14.445451736450195,217162620
2010-01-19 00:00:00-05:00,14.475339492221943,14.704971691979663,14.353050840248361,14.635234832763672,172495332
2010-01-20 00:00:00-05:00,14.594388524120069,14.594388524120069,14.328145283998984,14.455662727355957,129897972
2010-01-21 00:00:00-05:00,14.531128467221322,14.615310233793883,14.252430659457453,14.519671440124512,252055692
2010-01-22 00:00:00-05:00,14.059409914939225,14.21133535685338,13.321197124458369,13.698522567749023,271743984
2010-01-25 00:00:00-05:00,13.613342458148045,13.69528426006757,13.33738481575297,13.449213027954102,176619204
2010-01-26 00:00:00-05:00,13.398655519633328,13.688311123747177,13.356813782510224,13.509486198425293,174045780
2010-01-27 00:00:00-05:00,13.48084319510533,13.639743834567307,13.332403938355577,13.50151538848877,158417424
2010-01-28 00:00:00-05:00,13.561042264428677,13.62355619594116,13.215098117406558,13.307001113891602,129034836
2010-01-29 00:00:00-05:00,13.411607248067401,13.473871560573242,13.090818047586858,13.198660850524902,165454380
2010-02-01 00:00:00-05:00,13.314720845037568,13.344857828397544,13.20762597288969,13.275369644165039,89941968
2010-02-02 00:00:00-05:00,13.323687117132334,13.323687117132334,13.140628105185414,13.228048324584961,163684152
2010-02-03 00:00:00-05:00,13.167030339425606,13.50151651717889,13.156071608261314,13.469636917114258,119844036
2010-02-04 00:00:00-05:00,13.37449642796483,13.399401772331636,13.089572264797738,13.11995792388916,134972892
2010-02-05 00:00:00-05:00,13.160303920059249,13.287324964657516,13.012363906164975,13.232282638549805,126113760
2010-02-08 00:00:00-05:00,13.262418852104801,13.499026255435567,13.238260479478159,13.286577224731445,107664228
2010-02-09 00:00:00-05:00,13.43775648032926,13.48731944127123,13.326426560823917,13.36054801940918,112671216
2010-02-10 00:00:00-05:00,13.301521728927147,13.39417169576249,13.142621079972526,13.310986518859863,106873020
2010-02-11 00:00:00-05:00,13.282841265490275,13.461417508849486,13.187700767908163,13.359551429748535,96303600
2010-02-12 00:00:00-05:00,13.274124835665486,13.378230873007796,13.212606553217183,13.277859687805176,91096812
2010-02-16 00:00:00-05:00,13.371256954115179,13.552074093621334,13.307248140417228,13.481590270996094,146029824
2010-02-17 00:00:00-05:00,13.49902513052793,13.53389355708774,13.38968745640074,13.404630661010742,81106812
2010-02-18 00:00:00-05:00,13.387945356754532,13.573993210004168,13.353076926381647,13.529411315917969,93382524
2010-02-19 00:00:00-05:00,13.462415423556724,13.549585081035916,13.44174322769761,13.468143463134766,102021876
2010-02-22 00:00:00-05:00,13.632271671117065,13.636008421698754,13.47411989586305,13.518950462341309,85698216
2010-02-23 00:00:00-05:00,13.52393234635039,13.539622523538709,13.25718984278295,13.326427459716797,114789096
2010-02-24 00:00:00-05:00,13.299279792575936,13.410360092805128,13.212856162169391,13.23676586151123,92970936
2010-02-25 00:00:00-05:00,13.12842450422062,13.16254596323279,12.951094474968302,13.11124038696289,132235632
2010-02-26 00:00:00-05:00,13.135896285313795,13.243739072193751,13.03776601219123,13.120453834533691,81890028
2010-03-01 00:00:00-05:00,13.180228955998393,13.282095033483497,13.143866586610722,13.26715087890625,89426484
2010-03-02 00:00:00-05:00,13.336639119919276,13.590181978834494,13.324934367416217,13.475614547729492,174097728
2010-03-03 00:00:00-05:00,13.5079913953496,13.651449584161664,13.430534262030989,13.581713676452637,123452424
2010-03-04 00:00:00-05:00,13.61110220172128,13.850946160762371,13.603630598791401,13.812591552734375,127224648
2010-03-05 00:00:00-05:00,13.980956160895758,14.138361917041038,13.944842463947646,14.052186012268066,156331512
2010-03-08 00:00:00-05:00,14.066383194548397,14.076346281010599,13.972487962153783,14.009099006652832,95360544
2010-03-09 00:00:00-05:00,13.943596322269737,14.063395390300142,13.86016152343374,13.952065467834473,126936936
2010-03-10 00:00:00-05:00,14.040977923706958,14.408092537353493,14.00237369430779,14.357035636901855,225969804
2010-03-11 00:00:00-05:00,14.302492154428252,14.600118616777454,14.300997264263827,14.473845481872559,169162668
2010-03-12 00:00:00-05:00,14.648185946159218,14.651673073895527,14.424530457070528,14.433995246887207,110025864
2010-03-15 00:00:00-04:00,14.113704682766768,14.182694573737937,13.847709154753916,14.026534080505371,185969844
2010-03-16 00:00:00-04:00,13.992910168837113,14.157040553200627,13.96626126235819,14.07684326171875,137122740
2010-03-17 00:00:00-04:00,14.154051675107713,14.232506351650938,14.053182190240593,14.085809707641602,132731136
2010-03-18 00:00:00-04:00,14.06488777747489,14.157538688368849,14.021053805402527,14.106730461120605,71016912
2010-03-19 00:00:00-04:00,13.947333335876465,14.146580832928567,13.879588712310458,13.947333335876465,191576232
2010-03-22 00:00:00-04:00,13.850450083694021,14.117939567594068,13.804871593195113,13.885068893432617,160031808
2010-03-23 00:00:00-04:00,13.873611584786602,13.905241560448854,13.499026301519129,13.673367500305176,219831948
2010-03-24 00:00:00-04:00,13.586444685227155,13.943596229839326,13.441742172977492,13.880833625793457,262345392
2010-03-25 00:00:00-04:00,13.922924947635508,14.24620467707281,13.913959403119692,14.019062995910645,157078764
2010-03-26 00:00:00-04:00,14.078586447399752,14.131386911395374,13.947830554510508,14.014328956604004,107740152
2010-03-29 00:00:00-04:00,14.022050213253584,14.0648875914094,13.961528523622812,14.00835132598877,124055820
2010-03-30 00:00:00-04:00,14.0178160242717,14.137364512752123,13.95430550417977,14.11445140838623,79036884
2010-03-31 00:00:00-04:00,14.07310815215134,14.18991744205703,14.017318853047856,14.124663352966309,121110768
2010-04-01 00:00:00-04:00,14.23001442613418,14.282317542204622,14.085559647100009,14.16650390625,84023892
2010-04-05 00:00:00-04:00,14.218807923189912,14.317932898312984,14.171485872482918,14.221548080444336,75983940
2010-04-06 00:00:00-04:00,14.18294351552205,14.218559866556095,14.081825349229874,14.152060508728027,82321596
2010-04-07 00:00:00-04:00,14.129147087294452,14.165259835967621,13.993658789345906,14.035500526428223,103136760
2010-04-08 00:00:00-04:00,14.030021334386074,14.192657788001084,13.948578770684787,14.133878707885742,77822100
2010-04-09 00:00:00-04:00,14.13387816761168,14.165757766304484,14.046956241677211,14.102248191833496,82181736
2010-04-12 00:00:00-04:00,14.130391825114476,14.2960152033377,14.102248028238419,14.264386177062988,94001904
2010-04-13 00:00:00-04:00,14.259404164254203,14.666616962611423,14.224536684070882,14.614065170288086,156335508
2010-04-14 00:00:00-04:00,14.69600453807068,14.752790426444886,14.545324371114065,14.669605255126953,135971892
2010-04-15 00:00:00-04:00,14.748555955888921,14.889773228253857,14.651921522637645,14.82651138305664,270201528
2010-04-16 00:00:00-04:00,14.022051420737274,14.166753938271992,13.68905918591481,13.702010154724121,488930580
2010-04-19 00:00:00-04:00,13.667139587836433,13.797647756292983,13.573743606074038,13.700762748718262,155604240
2010-04-20 00:00:00-04:00,13.802131294700688,13.938864857124278,13.724673208918784,13.823799133300781,118976904
2010-04-21 00:00:00-04:00,13.859164533259156,13.953559009302575,13.752069661210216,13.805368423461914,95564340
2010-04-22 00:00:00-04:00,13.748085211485067,13.760537882877413,13.532648301578243,13.625049591064453,131096772
2010-04-23 00:00:00-04:00,13.629782502099964,13.681337702580867,13.505750283615411,13.573493957519531,83492424
2010-04-26 00:00:00-04:00,13.572996763528968,13.573494111099896,13.18047848108635,13.241000175476074,174577248
2010-04-27 00:00:00-04:00,13.174003350087434,13.407620979742308,13.13116501982078,13.176743507385254,153634212
2010-04-28 00:00:00-04:00,13.252456342997904,13.320449636177194,12.97674736892176,13.179980278015137,136107756
2010-04-29 00:00:00-04:00,13.284087120854496,13.36204255013462,13.117216582970501,13.249964714050293,122233644
2010-04-30 00:00:00-04:00,13.228297240895644,13.391430071976608,13.08658167429958,13.093057632446289,97318584
2010-05-03 00:00:00-04:00,13.112984571224134,13.272879918734386,13.077616894247008,13.21509838104248,74237688
2010-05-04 00:00:00-04:00,13.113481640410786,13.11896100586323,12.557830513077828,12.611626625061035,242808948
2010-05-05 00:00:00-04:00,12.477383845800885,12.844497541942124,12.464681550751004,12.69605827331543,183104712
2010-05-06 00:00:00-04:00,12.670900738729356,12.889326464559616,11.45673688747141,12.419849395751953,199803996
2010-05-07 00:00:00-04:00,12.452228764721411,12.585476151790884,11.987981382838754,12.282121658325195,203356440
2010-05-10 00:00:00-04:00,12.80091181401732,13.021329798115465,12.766791303702785,12.992189407348633,164954880
2010-05-11 00:00:00-04:00,12.843252596867863,12.948105609663564,12.657702096438046,12.678374290466309,132771096
2010-05-12 00:00:00-04:00,12.752843561701228,12.752843561701228,12.50278784281048,12.587218284606934,153917928
2010-05-13 00:00:00-04:00,12.86392240403671,13.000905582072464,12.711249999448679,12.723952293395996,132898968
2010-05-14 00:00:00-04:00,12.696305575011868,12.726691230678012,12.359577574210796,12.64051628112793,164475360
2010-05-17 00:00:00-04:00,12.621838168164532,12.661189369922187,12.41188061896991,12.65147590637207,111640248
2010-05-18 00:00:00-04:00,12.70203484314783,12.726193214820707,12.380000417279224,12.412378311157227,112906980
2010-05-19 00:00:00-04:00,12.359826574262229,12.439027270957354,12.147628123065287,12.314249038696289,137690172
2010-05-20 00:00:00-04:00,12.08113092872966,12.09383322401261,11.800440860089067,11.83057689666748,196335468
2010-05-21 00:00:00-04:00,11.682385751336144,12.079386798384439,11.566324382684554,11.756854057312012,387244368
2010-05-24 00:00:00-04:00,11.973037006082194,12.198684716038931,11.875157305193458,11.884122848510742,173650176
2010-05-25 00:00:00-04:00,11.659720173134083,11.89134650809953,11.556610723828966,11.881882667541504,120575304
2010-05-26 00:00:00-04:00,12.006412450373748,12.197938718668738,11.830326735786192,11.842033386230469,138884976
2010-05-27 00:00:00-04:00,12.078141183400213,12.261448872604399,11.981007498981516,12.215373039245605,112251636
2010-05-28 00:00:00-04:00,12.272158881147282,12.289843194468252,12.029574749769735,12.095077514648438,115676208
2010-06-01 00:00:00-04:00,11.965565892712513,12.23031613874907,11.957844667022547,12.013882637023926,106565328
2010-06-02 00:00:00-04:00,12.12122850223409,12.300302098006044,11.991219572067877,12.287849426269531,101530368
2010-06-03 00:00:00-04:00,12.331184177535542,12.652222952677617,12.320973367133025,12.592448234558105,145881972
2010-06-04 00:00:00-04:00,12.446003096253254,12.683356542515162,12.37078686516906,12.421096801757812,156655188
2010-06-07 00:00:00-04:00,12.429563928195895,12.475639762277513,12.033310805957429,12.092337608337402,145162692
2010-06-08 00:00:00-04:00,12.150366479031929,12.175024094888604,11.893586154482065,12.073905944824219,107296596
2010-06-09 00:00:00-04:00,12.134677769678225,12.176021209333275,11.755609709890058,11.80591869354248,109050840
2010-06-10 00:00:00-04:00,11.964070387063924,12.166556317028556,11.85124748241557,12.129446029663086,103012884
2010-06-11 00:00:00-04:00,12.017122404430882,12.171788003599646,11.995204942963197,12.166557312011719,71196732
2010-06-14 00:00:00-04:00,12.315494876450854,12.315993173145582,12.034306526184082,12.034306526184082,81534384
2010-06-15 00:00:00-04:00,12.03156721809394,12.462938392021114,12.00915240924648,12.402914047241211,170213616
2010-06-16 00:00:00-04:00,12.357586640099806,12.55260004093291,12.356091749966682,12.484606742858887,91480428
2010-06-17 00:00:00-04:00,12.538901546747114,12.599172666837712,12.370537061471122,12.454968452453613,79012908
2010-06-18 00:00:00-04:00,12.515488958245493,12.539398656634894,12.406401849159344,12.45372200012207,114801084
2010-06-21 00:00:00-04:00,12.450485347832327,12.477135205215546,12.076647017921236,12.168051719665527,119220660
2010-06-22 00:00:00-04:00,12.201424845835687,12.368294430652215,12.097566534406639,12.110517501831055,88699212
2010-06-23 00:00:00-04:00,12.126457866475603,12.126457866475603,11.909029668882306,12.005912780761719,81082836
2010-06-24 00:00:00-04:00,11.946388859384063,12.02334769857091,11.786989917412521,11.832817077636719,75668256
2010-06-25 00:00:00-04:00,11.881632920141827,11.896327452082884,11.719744395016248,11.772544860839844,89718192
2010-06-28 00:00:00-04:00,11.770304032405276,11.893837001608297,11.681140246761688,11.757601737976074,70421508
2010-06-29 00:00:00-04:00,11.542414478208915,11.570059029392265,11.235572868330836,11.313777923583984,139943916
2010-06-30 00:00:00-04:00,11.331210294287642,11.402690714425672,11.076174465094704,11.081902503967285,143983872
2010-07-01 00:00:00-04:00,11.090370011249712,11.167828094982848,10.79996745038744,10.945916175842285,140403456
2010-07-02 00:00:00-04:00,10.998966185949607,11.01540333239825,10.858994174272704,10.872693061828613,77362560
2010-07-06 00:00:00-04:00,11.058241728875547,11.149647373947925,10.799967440072697,10.860738754272461,102301596
2010-07-07 00:00:00-04:00,10.916527327297,11.239807035073976,10.843552963130893,11.212658882141113,125062812
2010-07-08 00:00:00-04:00,11.296093769011451,11.390239573951895,11.199210654219828,11.371060371398926,106649244
2010-07-09 00:00:00-04:00,11.754613772792707,11.786990721121521,11.525977201909148,11.64328384399414,173086740
2010-07-12 00:00:00-04:00,11.764823922329922,11.940909636148056,11.73269564960354,11.850998878479004,133242624
2010-07-13 00:00:00-04:00,12.010895493882668,12.278384964401766,11.961830826966386,12.183991432189941,158892948
2010-07-14 00:00:00-04:00,12.200927063595648,12.299305065071497,12.115748703861474,12.237290382385254,124595280
2010-07-15 00:00:00-04:00,12.247004430895414,12.320974440865522,12.02160442579249,12.304038047790527,194133672
2010-07-16 00:00:00-04:00,11.683880422323178,11.719744496002882,11.444782484866762,11.44702434539795,312679008
2010-07-19 00:00:00-04:00,11.48189213090407,11.697079408323722,11.394969261389964,11.610655784606934,181829988
2010-07-20 00:00:00-04:00,11.482389554678777,12.029324718913488,11.471681396650688,11.99445629119873,162017820
2010-07-21 00:00:00-04:00,12.054479994594958,12.096820975090868,11.841036273996862,11.892590522766113,131052816
2010-07-22 00:00:00-04:00,12.035301475354883,12.178510976718414,12.016621521242216,12.074652671813965,85822092
2010-07-23 00:00:00-04:00,11.974034246991588,12.218610599264942,11.955105616878667,12.205410957336426,90485424
2010-07-26 00:00:00-04:00,12.18125059239121,12.222594979962924,12.076397580825038,12.178262710571289,79728192
2010-07-27 00:00:00-04:00,12.218361814739106,12.390710772664145,12.208150054746179,12.269418716430664,97949952
2010-07-28 00:00:00-04:00,12.32695076785099,12.334671993066296,12.021354449934869,12.063196182250977,99740160
2010-07-29 00:00:00-04:00,12.103046547082766,12.176020910125231,11.93816919093793,12.079136848449707,106912980
2010-07-30 00:00:00-04:00,11.94613863608918,12.138163188308315,11.933436342228871,12.07564926147461,85678236
2010-08-02 00:00:00-04:00,12.178761766399363,12.285607971354306,12.127704861457271,12.214128494262695,74273652
2010-08-03 00:00:00-04:00,12.216369005676487,12.265184997515213,12.123220743134636,12.199682235717773,72019908
2010-08-04 00:00:00-04:00,12.258210676857562,12.627316568741364,12.230066881745014,12.610381126403809,152347500
2010-08-05 00:00:00-04:00,12.599671301972165,12.667166297076893,12.541640146953348,12.654712677001953,96719184
2010-08-06 00:00:00-04:00,12.587467410807514,12.595934657635057,12.354596767478547,12.458454132080078,132647220
2010-08-09 00:00:00-04:00,12.50901323444758,12.5899574915869,12.4868471011342,12.586220741271973,74813112
2010-08-10 00:00:00-04:00,12.51150399183854,12.602412292245367,12.417360084874112,12.545376777648926,82877040
2010-08-11 00:00:00-04:00,12.396438692759236,12.403163325053681,12.24127480244681,12.247252464294434,88831080
2010-08-12 00:00:00-04:00,12.052986715186952,12.32221974651634,12.017371314170935,12.25397777557373,88095816
2010-08-13 00:00:00-04:00,12.179009559566902,12.2335535884211,12.104540307580539,12.113009452819824,77310612
2010-08-16 00:00:00-04:00,12.04651020180377,12.200678449345286,11.967309503557747,12.094080924987793,52147800
2010-08-17 00:00:00-04:00,12.16730448399728,12.320974441458551,12.105040175424863,12.216867446899414,75552372
2010-08-18 00:00:00-04:00,12.214875156078907,12.225584264027962,11.993461525550904,12.008404731750488,107348544
2010-08-19 00:00:00-04:00,11.980010843897414,12.017370756212289,11.637305165846383,11.655238151550293,156843000
2010-08-20 00:00:00-04:00,11.655238239900203,11.745397669238237,11.482141361178373,11.507047653198242,156547296
2010-08-23 00:00:00-04:00,11.494097593517084,11.662212467812804,11.400202355325465,11.55810546875,119328552
2010-08-24 00:00:00-04:00,11.39945329979316,11.416141018144952,11.230590522668615,11.242297172546387,110397492
2010-08-25 00:00:00-04:00,11.207677694010668,11.402193737878378,11.207677694010668,11.32274341583252,103580316
2010-08-26 00:00:00-04:00,11.358608936261229,11.388495349151363,11.218636916185428,11.232086181640625,71008920
2010-08-27 00:00:00-04:00,11.271437504191095,11.4564887684884,11.14914884659296,11.427597999572754,92403504
2010-08-30 00:00:00-04:00,11.435567302181703,11.450760130916995,11.267950736815044,11.274675369262695,49206744
2010-08-31 00:00:00-04:00,11.210418473501603,11.328970380439966,11.157866678270322,11.208176612854004,77794128
2010-09-01 00:00:00-04:00,11.33171079445665,11.579773345127577,11.269943830583575,11.464957237243652,129002868
2010-09-02 00:00:00-04:00,11.52747101595664,11.567069941118609,11.464457841739744,11.535938262939453,67300632
2010-09-03 00:00:00-04:00,11.718747645212302,11.752620429665983,11.642037481786756,11.713268280029297,101514384
2010-09-07 00:00:00-04:00,11.568813819194222,11.645773607671405,11.531953151919545,11.566324234008789,68327604
2010-09-08 00:00:00-04:00,11.585998523804205,11.768060943083361,11.56906308077094,11.72024154663086,95975928
2010-09-09 00:00:00-04:00,11.90081117572941,11.964819045853382,11.720241745147172,11.859715461730957,97126776
2010-09-10 00:00:00-04:00,11.930448927429184,11.949627181946513,11.832320539832276,11.858719825744629,78893028
2010-09-13 00:00:00-04:00,11.977273036453173,12.06319742112462,11.9431506275751,12.011393547058105,89570340
2010-09-14 00:00:00-04:00,12.004916881390415,12.073159796855325,11.956848811699109,11.96556568145752,88571340
2010-09-15 00:00:00-04:00,11.95361151449722,12.001928258794116,11.917496869455439,11.970795631408691,96015888
2010-09-16 00:00:00-04:00,11.953611937913482,12.015876245753306,11.940161723642387,11.981257438659668,78701220
2010-09-17 00:00:00-04:00,12.048254097731322,12.233802702540531,11.984246226252573,12.20765209197998,225438336
2010-09-20 00:00:00-04:00,12.266181243132582,12.712245993054644,12.255222512657593,12.659196853637695,175963860
2010-09-21 00:00:00-04:00,12.69406600566912,12.950597694803921,12.67488775167729,12.788209915161133,178473348
2010-09-22 00:00:00-04:00,12.773265893564982,12.895802267271403,12.743876829984387,12.851470947265625,101382516
2010-09-23 00:00:00-04:00,12.816850574574099,12.943372366481432,12.734411426776653,12.78870677947998,92603304
2010-09-24 00:00:00-04:00,12.994430509430964,13.146107269077858,12.907757261801446,13.132658004760742,134141724
2010-09-27 00:00:00-04:00,13.171511446271372,13.370759884978236,13.171511446271372,13.210366249084473,124171704
2010-09-28 00:00:00-04:00,13.2868262634829,13.28956547144798,12.912489671728384,13.129669189453125,146041812
2010-09-29 00:00:00-04:00,13.146605510850003,13.27337692799994,13.068401408607132,13.142620086669922,86801112
2010-09-30 00:00:00-04:00,13.17923186042161,13.24672685437525,12.92419508947832,13.09529972076416,129634236
2010-10-01 00:00:00-04:00,13.200153470625864,13.215595922160034,13.02581227409221,13.091066360473633,88911000
2010-10-04 00:00:00-04:00,13.074379325146133,13.15656885913763,12.922452929241668,13.009624481201172,77542380
2010-10-05 00:00:00-04:00,13.159807056373388,13.449213983614161,13.114228569009558,13.405130386352539,140143716
2010-10-06 00:00:00-04:00,13.430784180697167,13.447969248164311,13.198660483858163,13.30849552154541,110381508
2010-10-07 00:00:00-04:00,13.354820137153679,13.379476806459175,13.178735375192593,13.200403213500977,95736168
2010-10-08 00:00:00-04:00,13.26914404611675,13.389438558183606,13.140877736392866,13.358305931091309,114253632
2010-10-11 00:00:00-04:00,13.411355921007278,13.563780601541,13.378729353265554,13.420321464538574,104946948
2010-10-12 00:00:00-04:00,13.452203335474218,13.598400745720165,13.394172174028236,13.483833312988281,149993856
2010-10-13 00:00:00-04:00,13.623555200562485,13.63575824864235,13.507244216359414,13.531402587890625,122101776
2010-10-14 00:00:00-04:00,13.553321089295542,13.579969997070206,13.377235372581813,13.472376823425293,265098636
2010-10-15 00:00:00-04:00,14.92538851909283,14.984415316858534,14.734359616068033,14.979682922363281,592399008
2010-10-18 00:00:00-04:00,14.957269249389705,15.43396928667226,14.957269249389705,15.384654998779297,283644072
2010-10-19 00:00:00-04:00,15.163987775857892,15.312676655303974,15.01480154887656,15.13858413696289,183332484
2010-10-20 00:00:00-04:00,15.146305108218465,15.376436555391901,15.130366257946328,15.14232063293457,140862996
2010-10-21 00:00:00-04:00,15.23023885108704,15.342066125482123,15.093006986414768,15.242194175720215,116703180
2010-10-22 00:00:00-04:00,15.240450065485213,15.312678413636018,15.193876880352532,15.255643844604492,90153756
2010-10-25 00:00:00-04:00,15.33185445873654,15.559744042331523,15.316412956227161,15.35451889038086,126209664
2010-10-26 00:00:00-04:00,15.26983901511172,15.472324012357074,15.218283815424966,15.406821250915527,100415484
2010-10-27 00:00:00-04:00,15.33633842298974,15.441690683283277,15.25066176366095,15.353772163391113,89586324
2010-10-28 00:00:00-04:00,15.442934476347997,15.466595500939231,15.27481961736057,15.406323432922363,87284628
2010-10-29 00:00:00-04:00,15.368714546963151,15.416782616520877,15.267098093622394,15.284781455993652,91040868
2010-11-01 00:00:00-04:00,15.335341312109966,15.458127308661487,15.222766126365775,15.317159652709961,123360516
2010-11-02 00:00:00-04:00,15.408564265013354,15.441690078925298,15.306699136441523,15.33210277557373,79824096
2010-11-03 00:00:00-04:00,15.379425633631076,15.487267480583986,15.279801411157075,15.446172714233398,135084780
2010-11-04 00:00:00-04:00,15.557253644959847,15.688757464064143,15.4939917951649,15.5480375289917,142689168
2010-11-05 00:00:00-04:00,15.520890458292206,15.578423320322687,15.469335258348764,15.568212509155273,70557372
2010-11-08 00:00:00-05:00,15.54181133227305,15.678047547469658,15.519646146059833,15.610302925109863,83967948
2010-11-09 00:00:00-05:00,15.690749389080965,15.711918930425776,15.454391611827983,15.561736106872559,89398512
2010-11-10 00:00:00-05:00,15.493494880683118,15.516408936081902,15.37967442159016,15.513420104980469,99780120
2010-11-11 00:00:00-05:00,15.434218031789328,15.437953833279865,15.29748447017134,15.3717041015625,90373536
2010-11-12 00:00:00-05:00,15.292004596044977,15.364480661168558,14.973705967239534,15.025510787963867,135584280
2010-11-15 00:00:00-05:00,15.020279718801232,15.04319377223506,14.795378977217846,14.8307466506958,139016844
2010-11-16 00:00:00-05:00,14.763251578608703,14.891018647249645,14.531377517448774,14.538102149963379,132163704
2010-11-17 00:00:00-05:00,14.569981527814974,14.682057469177378,14.479572475473937,14.533866882324219,97602300
2010-11-18 00:00:00-05:00,14.669605192484044,14.943072301415944,14.658646462363722,14.857893943786621,103496400
2010-11-19 00:00:00-05:00,14.868853209909323,14.891018395577559,14.702979260398001,14.71518325805664,91808100
2010-11-22 00:00:00-05:00,14.631498545147883,14.780187425448677,14.51394229194161,14.724895477294922,87376536
2010-11-23 00:00:00-05:00,14.620042383417733,14.66985401700121,14.400620054127854,14.520418167114258,86417496
2010-11-24 00:00:00-05:00,14.627513331040099,14.858890039421862,14.621038321586418,14.818293571472168,95760144
2010-11-26 00:00:00-05:00,14.705966537492248,14.768730087032353,14.619792536103327,14.694510459899902,52391556
2010-11-29 00:00:00-05:00,14.67383909533572,14.68953022089078,14.444205945948733,14.498003005981445,114273612
2010-11-30 00:00:00-05:00,14.30398501741426,14.30398501741426,13.78071180542271,13.840486526489258,284411304
2010-12-01 00:00:00-05:00,14.022050437798748,14.235494158107661,14.007106283192048,14.055673599243164,150013836
2010-12-02 00:00:00-05:00,14.163018748853187,14.279329740719323,14.080579593769976,14.241721153259277,101814084
2010-12-03 00:00:00-05:00,14.182694664640051,14.357782840777631,14.146580966476877,14.271110534667969,105142752
2010-12-06 00:00:00-05:00,14.45964723001642,14.495262627293169,14.36101961096678,14.404603958129883,83668248
2010-12-07 00:00:00-05:00,14.726141290271805,14.769228290694947,14.594887102358433,14.623279571533203,121566312
2010-12-08 00:00:00-05:00,14.743576483889752,14.757275372304031,14.537355678544584,14.707961082458496,70205724
2010-12-09 00:00:00-05:00,14.79114612070816,14.833485202630747,14.66960539266577,14.7318696975708,74681244
2010-12-10 00:00:00-05:00,14.772715459912629,14.79388690003738,14.701734282214717,14.749553680419922,68119812
2010-12-13 00:00:00-05:00,14.871842248499766,15.018289282657767,14.796377345302199,14.809576988220215,95844060
2010-12-14 00:00:00-05:00,14.871094525724981,14.90098188711277,14.75627842423813,14.816800117492676,65666268
2010-12-15 00:00:00-05:00,14.799116181637805,14.855154151577759,14.67334040506622,14.701982498168945,86621292
2010-12-16 00:00:00-05:00,14.765494027001939,14.788407133564837,14.646442874634976,14.737101554870605,63812124
2010-12-17 00:00:00-05:00,14.719417599722382,14.758270504717123,14.636480149026145,14.714436531066895,123360516
2010-12-20 00:00:00-05:00,14.810322942082308,14.890768903562696,14.661135770315845,14.820533752441406,78853068
2010-12-21 00:00:00-05:00,14.907955036841905,15.061126694566335,14.884045337810202,15.020031929016113,75104820
2010-12-22 00:00:00-05:00,15.043194804307701,15.117912733152638,15.025262767143154,15.080304145812988,48251700
2010-12-23 00:00:00-05:00,15.076569943553887,15.093007091333861,14.994130785179644,15.04892349243164,44387568
2010-12-27 00:00:00-05:00,15.01181226110737,15.037714195885831,14.931117625968858,15.002846717834473,48275676
2010-12-28 00:00:00-05:00,14.994626230943183,15.039956040462574,14.894006373601748,14.916671752929688,42549408
2010-12-29 00:00:00-05:00,14.993383542427786,15.00359435387288,14.916673374013206,14.968477249145508,40727232
2010-12-30 00:00:00-05:00,14.893758181463747,14.976694679583478,14.878566302349244,14.915177345275879,39540420
2010-12-31 00:00:00-05:00,14.862375393835212,14.90421807573757,14.745069717490058,14.793386459350586,61510428
2011-01-03 00:00:00-05:00,14.855900427939439,15.082794352537158,14.855900427939439,15.051910400390625,94513392
2011-01-04 00:00:00-05:00,15.08354186102578,15.097489422198008,14.946558681806973,14.996370315551758,72907020
2011-01-05 00:00:00-05:00,14.945313200014548,15.200849221821933,14.94481490334832,15.169466972351074,101190708
2011-01-06 00:00:00-05:00,15.209564312806386,15.40258544804566,15.193874138063237,15.279799461364746,82229688
2011-01-07 00:00:00-05:00,15.339823887476344,15.398103717181893,15.195868351567015,15.353023529052734,83963952
2011-01-10 00:00:00-05:00,15.31217798086627,15.326873462117462,15.156765412529943,15.297484397888184,63104832
2011-01-11 00:00:00-05:00,15.384654751974864,15.41180195523308,15.304707083110934,15.342314720153809,57514428
2011-01-12 00:00:00-05:00,15.425501205230853,15.425501205230853,15.311432075148419,15.363734245300293,65242692
2011-01-13 00:00:00-05:00,15.366224328442176,15.433470651760459,15.296237847954945,15.359251022338867,53306640
2011-01-14 00:00:00-05:00,15.376934556965136,15.548038259538751,15.36896465692181,15.545797348022461,94529376
2011-01-18 00:00:00-05:00,15.592619258659289,15.989372572358219,15.572943658039746,15.930594444274902,144535320
2011-01-19 00:00:00-05:00,15.992609238960933,16.013530106875333,15.682281449669755,15.734334945678711,136107756
2011-01-20 00:00:00-05:00,15.745791220692889,15.792366301096637,15.523630621361638,15.610302925109863,219212568
2011-01-21 00:00:00-05:00,15.929349116095842,15.982895603326881,15.226502116088193,15.238207817077637,355819824
2011-01-24 00:00:00-05:00,15.132107975916249,15.254645295250903,14.974204881270772,15.219527244567871,183784032
2011-01-25 00:00:00-05:00,15.147798626834781,15.458874329546992,15.105956891837664,15.439447402954102,145726128
2011-01-26 00:00:00-05:00,15.449909011789524,15.503706071364887,15.324133232913576,15.35451889038086,81442476
2011-01-27 00:00:00-05:00,15.389138846485958,15.434218087449619,15.273574826230929,15.36174201965332,80687232
2011-01-28 00:00:00-05:00,15.41852622353785,15.450655443725081,14.93759305629934,14.96822738647461,169074756
2011-01-31 00:00:00-05:00,15.03323217123144,15.054900009210156,14.83273941679146,14.952536582946777,112083804
2011-02-01 00:00:00-05:00,15.05539687343282,15.276064466996427,15.021027691433655,15.218531608581543,109702188
2011-02-02 00:00:00-05:00,15.217534886539083,15.300721005719907,15.131111262765524,15.242441177368164,70357572
2011-02-03 00:00:00-05:00,15.179678591163174,15.228744205510457,15.09624379292713,15.196366310119629,59744196
2011-02-04 00:00:00-05:00,15.196365960851738,15.228494232589481,15.108198769765696,15.21703815460205,61969968
2011-02-07 00:00:00-05:00,15.19661585058297,15.401592342397919,15.1729548239881,15.299478530883789,71912016
2011-02-08 00:00:00-05:00,15.31541705711403,15.432474065706401,15.304955674249316,15.401341438293457,67728204
2011-02-09 00:00:00-05:00,15.36373405713134,15.427991550608962,15.25091019559776,15.35451889038086,73626300
2011-02-10 00:00:00-05:00,15.28976263089296,15.379424710478553,15.231482801187413,15.353023529052734,93282624
2011-02-11 00:00:00-05:00,15.28702376462288,15.566219871160818,15.267347214997718,15.553766250610352,103492404
2011-02-14 00:00:00-05:00,15.52487522900525,15.681782682795273,15.442685700747289,15.644672393798828,85034880
2011-02-15 00:00:00-05:00,15.624001689118595,15.692990628968,15.518898103240106,15.545048713684082,83596320
2011-02-16 00:00:00-05:00,15.581910086967351,15.60357792511003,15.493991568978984,15.546792984008789,67292640
2011-02-17 00:00:00-05:00,15.472821886603123,15.6222577391357,15.448663514391342,15.572694778442383,59092848
2011-02-18 00:00:00-05:00,15.591124939511941,15.720137270671312,15.5457960773994,15.692741394042969,128587284
2011-02-22 00:00:00-05:00,15.442436116456106,15.56447609116376,15.137089404189819,15.197860717773438,145450404
2011-02-23 00:00:00-05:00,15.200850108374418,15.309688547128182,15.043194728803687,15.225505828857422,115468416
2011-02-24 00:00:00-05:00,15.227249257343633,15.269590239018504,14.97719353736751,15.163241386413574,108359532
2011-02-25 00:00:00-05:00,15.238956217413646,15.310186069831374,15.180178087701263,15.193626403808594,77218704
2011-02-28 00:00:00-05:00,15.192629358734175,15.354269200539516,15.143065451445507,15.27730941772461,91168740
2011-03-01 00:00:00-05:00,15.38639822642324,15.422263248574135,14.92613534602554,14.962498664855957,132795072
2011-03-02 00:00:00-05:00,14.938588727937764,15.093005646206064,14.823772632579677,14.96324634552002,80986932
2011-03-03 00:00:00-05:00,15.102470445840288,15.229740161528186,15.068099365116849,15.181671142578125,77734188
2011-03-04 00:00:00-05:00,15.151035634138676,15.167226004616595,14.948550649012814,14.959012031555176,120319560
2011-03-07 00:00:00-05:00,14.957268716093381,15.035472819603342,14.619792786144904,14.735854148864746,138369492
2011-03-08 00:00:00-05:00,14.767485226253754,14.893260053421846,14.69949193271083,14.752043724060059,91304604
2011-03-09 00:00:00-05:00,14.719417704562565,14.806837927844088,14.588660854878448,14.738595008850098,85953960
2011-03-10 00:00:00-05:00,14.580940466158905,14.610328581382749,14.431753283808543,14.452923774719238,124998876
2011-03-11 00:00:00-05:00,14.401119678892169,14.44545290058417,14.279330266260107,14.36351203918457,121158720
2011-03-14 00:00:00-04:00,14.266128682182856,14.402862241154232,14.147078486073017,14.19614315032959,112531356
2011-03-15 00:00:00-04:00,13.88506680058405,14.221297454820661,13.835254219050592,14.185432434082031,160063776
2011-03-16 00:00:00-04:00,14.146829418090348,14.191162638438117,13.730153715361284,13.875104904174805,151788060
2011-03-17 00:00:00-04:00,14.058910787695284,14.171485021138722,13.96078146272079,13.98120403289795,115856028
2011-03-18 00:00:00-04:00,14.062895784020439,14.146331529854455,13.940857705962422,13.973732948303223,131812056
2011-03-21 00:00:00-04:00,14.201871967559715,14.440471618673483,14.171985554576214,14.358281135559082,120715164
2011-03-22 00:00:00-04:00,14.377456896622352,14.42627288453906,14.258905003428692,14.378702163696289,75400524
2011-03-23 00:00:00-04:00,14.325654277543089,14.506471438490346,14.246203953363018,14.499249458312988,72575352
2011-03-24 00:00:00-04:00,14.580691617555457,14.654412956149462,14.415564627092602,14.61705493927002,83864052
2011-03-25 00:00:00-04:00,14.616805565003586,14.617551586341495,14.42652266700885,14.438976287841797,114221664
2011-03-28 00:00:00-04:00,14.497006616239739,14.569732307643948,14.3136989213363,14.329888343811035,88647264
2011-03-29 00:00:00-04:00,14.345827522708912,14.492524166350494,14.27135921978396,14.48853874206543,64127808
2011-03-30 00:00:00-04:00,14.554538596935991,14.582433719038983,14.459896398726471,14.491278648376465,56835108
2011-03-31 00:00:00-04:00,14.520170652971688,14.648684696863315,14.488788400645392,14.61381721496582,81094824
2011-04-01 00:00:00-04:00,14.663628164196721,14.823773126684708,14.663628164196721,14.739341735839844,104423472
2011-04-04 00:00:00-04:00,14.769228699078814,14.812564374462475,14.522659165630268,14.63672924041748,82097820
2011-04-05 00:00:00-04:00,14.472352008308919,14.482562820314222,14.088799246919576,14.173728942871094,241658100
2011-04-06 00:00:00-04:00,14.250687327174395,14.32490600875982,14.146580335661035,14.300498962402344,106625268
2011-04-07 00:00:00-04:00,14.339102886681898,14.461391535313261,14.300747330420416,14.445451736450195,101158740
2011-04-08 00:00:00-04:00,14.567241384642244,14.567241384642244,14.397134285692882,14.39962387084961,75995928
2011-04-11 00:00:00-04:00,14.350809178797165,14.398130280658599,14.271110181197944,14.379949569702148,74253672
2011-04-12 00:00:00-04:00,14.32092178064587,14.368492505302504,14.147824897808592,14.21158504486084,83340576
2011-04-13 00:00:00-04:00,14.333624971109385,14.38567847101748,14.23997840603395,14.352802276611328,82693224
2011-04-14 00:00:00-04:00,14.325654530959856,14.431753764552559,14.248695688920252,14.408342361450195,218033748
2011-04-15 00:00:00-04:00,13.580967286001687,13.592423365116726,13.20164957780532,13.217589378356934,561186252
2011-04-18 00:00:00-04:00,13.110990943795533,13.141874898455296,12.926189309079387,13.121451377868652,201390408
2011-04-19 00:00:00-04:00,13.198907550341511,13.222070277360029,12.973509462971554,12.9891996383667,107256636
2011-04-20 00:00:00-04:00,13.098039411140476,13.120953465084265,12.985713849298966,13.093805313110352,122277600
2011-04-21 00:00:00-04:00,13.137638654643526,13.157314253825762,13.010618567245507,13.07811450958252,98705196
2011-04-25 00:00:00-04:00,13.08185103347103,13.125436335232578,13.001155439826146,13.07686996459961,65166768
2011-04-26 00:00:00-04:00,13.11348114694002,13.385453375108634,13.080853629236033,13.27038860321045,139860000
2011-04-27 00:00:00-04:00,13.399400742287492,13.402140899439159,13.308494344063647,13.393423080444336,91844064
2011-04-28 00:00:00-04:00,13.400895849119182,13.430534535908025,13.301769926973185,13.39865493774414,79920000
2011-04-29 00:00:00-04:00,13.44921389870359,13.5513277053833,13.412103608076837,13.5513277053833,168970860
2011-05-02 00:00:00-04:00,13.591176517846877,13.591924437423778,13.377483176296975,13.413348197937012,85262652
2011-05-03 00:00:00-04:00,13.377734624102802,13.499275359851838,13.190938850133811,13.297039031982422,83176740
2011-05-04 00:00:00-04:00,13.328917895703555,13.424307065969549,13.2753695110301,13.344359397888184,84595320
2011-05-05 00:00:00-04:00,13.296291531292411,13.434767705535167,13.237513403445332,13.306502342224121,79832088
2011-05-06 00:00:00-04:00,13.40313830992496,13.485576517086335,13.329167350231655,13.33215618133545,82161756
2011-05-09 00:00:00-04:00,13.324682828520103,13.411605700820106,13.227550094596715,13.391430854797363,77870052
2011-05-10 00:00:00-04:00,13.449214095704903,13.55954742666956,13.387945431144999,13.515463829040527,81634284
2011-05-11 00:00:00-04:00,13.452701011648333,13.53762975155545,13.292057749614816,13.335891723632812,93458448
2011-05-12 00:00:00-04:00,13.330661087523808,13.373002069900108,13.222818292196303,13.325929641723633,57874068
2011-05-13 00:00:00-04:00,13.314970219174208,13.34759678706422,13.176492149979023,13.188945770263672,84263652
2011-05-16 00:00:00-04:00,13.108251440193106,13.132161138840786,12.861433227941266,12.911742210388184,118209672
2011-05-17 00:00:00-04:00,12.837275130156039,13.230539424543817,12.827312992790514,13.211610794067383,132011856
2011-05-18 00:00:00-04:00,13.188696586884616,13.208372186193003,13.093057798234817,13.19542121887207,78049872
2011-05-19 00:00:00-04:00,13.268146712842407,13.363037580578263,13.193179168750657,13.23128604888916,98649252
2011-05-20 00:00:00-04:00,13.244982559585502,13.249714953854795,13.029048325604391,13.051464080810547,92607300
2011-05-23 00:00:00-04:00,12.866414543668242,12.951094609363327,12.786715546645036,12.910996437072754,91908000
2011-05-24 00:00:00-04:00,12.96030955128896,13.049722010325075,12.90501855102687,12.907757759094238,75924000
2011-05-25 00:00:00-04:00,12.884595081515267,13.020083374635762,12.882602843900573,12.942875862121582,52011936
2011-05-26 00:00:00-04:00,12.893809978204352,13.003894629306298,12.826564604308626,12.904520034790039,84655260
2011-05-27 00:00:00-04:00,12.913236772172995,12.995675922768397,12.858941417626903,12.973509788513184,69762168
2011-05-31 00:00:00-04:00,13.075623452033447,13.176491985346034,13.038265439055827,13.175745964050293,107384508
2011-06-01 00:00:00-04:00,13.151337951959363,13.279851984184953,13.083344659985563,13.090567588806152,118117764
2011-06-02 00:00:00-04:00,13.139631448780158,13.207625690648575,13.012860978905044,13.151836395263672,88091820
2011-06-03 00:00:00-04:00,13.000906797089932,13.140380522369295,12.988455074018233,13.02780532836914,69870060
2011-06-06 00:00:00-04:00,13.039261201473648,13.120953381507594,12.932414056324802,12.977495193481445,77606316
2011-06-07 00:00:00-04:00,13.023071332170153,13.066407954918311,12.925938602614071,12.926935195922852,76227696
2011-06-08 00:00:00-04:00,12.864670396942648,12.981977026605641,12.845990441132873,12.930421829223633,66069864
2011-06-09 00:00:00-04:00,12.95109435371161,12.95109435371161,12.842504591053101,12.869651794433594,67496436
2011-06-10 00:00:00-04:00,12.803651230113072,12.868654742161834,12.684351414966475,12.689830780029297,97498404
2011-06-13 00:00:00-04:00,12.702035908927135,12.707016977766845,12.507022507996831,12.570781707763672,96994908
2011-06-14 00:00:00-04:00,12.655958627482928,12.803651868643023,12.627067859863832,12.661438941955566,93566340
2011-06-15 00:00:00-04:00,12.578250208843155,12.660938025529017,12.468166518228292,12.526446342468262,82849068
2011-06-16 00:00:00-04:00,12.52296194861809,12.616607558736225,12.370038963425783,12.462191581726074,110169720
2011-06-17 00:00:00-04:00,12.606893532849925,12.619595826942149,12.074404214827847,12.07988452911377,209606184
2011-06-20 00:00:00-04:00,12.079385336717989,12.110019664874564,11.93567753550783,12.068924903869629,121022856
2011-06-21 00:00:00-04:00,12.133929664176188,12.302044513471742,12.072660057197034,12.278632164001465,110505384
2011-06-22 00:00:00-04:00,12.240028972210554,12.26244377940314,12.122472723919357,12.129446029663086,96187716
2011-06-23 00:00:00-04:00,12.007906461168087,12.026088121393052,11.79869682823599,11.960336685180664,191875932
2011-06-24 00:00:00-04:00,11.971792051077658,11.973535614861607,11.781011814371741,11.827338218688965,152071776
2011-06-27 00:00:00-04:00,11.805420644336206,12.16406611132947,11.795458507537187,12.024592399597168,137650212
2011-06-28 00:00:00-04:00,12.054978735458299,12.358582844272293,12.054978735458299,12.29482364654541,108495396
2011-06-29 00:00:00-04:00,12.366800885430116,12.459202173228054,12.263192193583839,12.392454147338867,93626280
2011-06-30 00:00:00-04:00,12.50253784961904,12.619097509314132,12.49033385222185,12.6118745803833,97038864
2011-07-01 00:00:00-04:00,12.620841244188105,12.98048426335433,12.611874751345196,12.976747512817383,145322532
2011-07-05 00:00:00-04:00,13.083096957493625,13.334646624699378,13.083096957493625,13.260924339294434,153814032
2011-07-06 00:00:00-04:00,13.287324177378556,13.412102404944536,13.275867150908022,13.333648681640625,107716176
2011-07-07 00:00:00-04:00,13.47412033348105,13.715209566229758,13.346600986971724,13.613594055175781,157262580
2011-07-08 00:00:00-04:00,13.273626457941232,13.39068536879681,13.132161449448866,13.249716758728027,190617192
2011-07-11 00:00:00-04:00,13.15482580757215,13.349092231229928,13.088077779001607,13.132410049438477,113458428
2011-07-12 00:00:00-04:00,13.154326845953097,13.434767261975898,13.100529788460864,13.300026893615723,113534352
2011-07-13 00:00:00-04:00,13.374495811404818,13.548837959618337,13.361543893967239,13.405877113342285,111496392
2011-07-14 00:00:00-04:00,13.427296597060625,13.499026644817269,13.118711414501341,13.173754692077637,265714020
2011-07-15 00:00:00-04:00,14.881304725283789,14.949796315484221,14.648683700818646,14.884293556213379,548734716
2011-07-18 00:00:00-04:00,14.756526851013342,14.994627246460686,14.74432285322708,14.817545890808105,178553268
2011-07-19 00:00:00-04:00,14.847432471054356,15.060129215503006,14.832240592200991,15.007080078125,118581300
2011-07-20 00:00:00-04:00,14.997865891498337,15.014055313872966,14.8277587890625,14.8277587890625,89022888
2011-07-21 00:00:00-04:00,14.794881983270297,15.144312289690376,14.794383686594783,15.117663383483887,138641220
2011-07-22 00:00:00-04:00,15.077814267749314,15.429236820621021,15.049919144580418,15.397605895996094,140986872
2011-07-25 00:00:00-04:00,15.276313503637112,15.576430473792183,15.267347010857053,15.416285514831543,125138736
2011-07-26 00:00:00-04:00,15.393123734019532,15.628484929894872,15.372451539167793,15.504453659057617,93622284
2011-07-27 00:00:00-04:00,15.371454621692571,15.46534984899791,15.061873817812849,15.123391151428223,157218624
2011-07-28 00:00:00-04:00,15.072831103136268,15.341566757702932,15.018287077237208,15.21604061126709,124211664
2011-07-29 00:00:00-04:00,15.048922134396879,15.316162911945161,15.035472869873047,15.035472869873047,165330504
2011-08-01 00:00:00-04:00,15.22301614481369,15.329612722314812,14.923147839490435,15.112183570861816,158485356
2011-08-02 00:00:00-04:00,15.093006069060221,15.184410765644081,14.733613618452544,14.75428581237793,127895976
2011-08-03 00:00:00-04:00,14.800860889483802,15.018289102862626,14.535861000346463,14.972711563110352,152874972
2011-08-04 00:00:00-04:00,14.806586152830043,14.914927235466077,14.382438886715796,14.383683204650879,196387416
2011-08-05 00:00:00-04:00,14.5087137203893,14.694511955462465,13.99714522847625,14.421542167663574,236926836
2011-08-08 00:00:00-04:00,14.021552470829732,14.171485673142934,13.557553781122696,13.599146842956543,299564136
2011-08-09 00:00:00-04:00,13.972238058677618,14.311208886087082,13.474368486532457,14.28132152557373,258529212
2011-08-10 00:00:00-04:00,13.981703292622301,14.04994526289271,13.641736810177395,13.673616409301758,214569216
2011-08-11 00:00:00-04:00,13.793413701054536,14.159033449936503,13.658673323208948,14.000382423400879,193030776
2011-08-12 00:00:00-04:00,14.183939518952664,14.208845811520495,13.957295198908747,14.041228294372559,126045828
2011-08-15 00:00:00-04:00,13.783701380552044,14.071614372655628,13.599895384683316,13.878344535827637,285510204
2011-08-16 00:00:00-04:00,13.758794916083282,13.75904358985015,13.207625647142518,13.424306869506836,277298424
2011-08-17 00:00:00-04:00,13.449959719376794,13.541115736599663,13.219330942990144,13.278606414794922,163000836
2011-08-18 00:00:00-04:00,13.037518409320493,13.072884187180383,12.46517956421992,12.574517250061035,251376372
2011-08-19 00:00:00-04:00,12.436537437050346,12.82332669547635,12.225334634285767,12.226828575134277,216183600
2011-08-22 00:00:00-04:00,12.552599021737365,12.627316946502317,12.316739546798134,12.407397270202637,196039764
2011-08-23 00:00:00-04:00,12.540145713339365,12.98621141257149,12.429563713453977,12.92170524597168,173698128
2011-08-24 00:00:00-04:00,12.934407647786005,13.200153542138905,12.882105478369864,13.033034324645996,143636220
2011-08-25 00:00:00-04:00,13.209618542135315,13.381220534271767,12.908754590756663,12.952091217041016,131588280
2011-08-26 00:00:00-04:00,12.950845506281036,13.211361653485907,12.780239164241706,13.121949195861816,143708148
2011-08-29 00:00:00-04:00,13.313723911510799,13.43551521070397,13.288818569385542,13.426299095153809,93338568
2011-08-30 00:00:00-04:00,13.40413321957361,13.52368171149048,13.220328184424856,13.466647148132324,119440440
2011-08-31 00:00:00-04:00,13.567268417348954,13.606122274462091,13.349590575061038,13.473124504089355,107624268
2011-09-01 00:00:00-04:00,13.467892571511602,13.54460273607282,13.23053914873389,13.262418746948242,96523380
2011-09-02 00:00:00-04:00,13.06242389455312,13.148349223226852,12.969275637002694,13.071639060974121,95951952
2011-09-06 00:00:00-04:00,12.721959952162816,13.019835076780609,12.714488349039577,13.005390167236328,108523368
2011-09-07 00:00:00-04:00,13.2113618753944,13.34809543526597,13.135398681117247,13.300524711608887,110121768
2011-09-08 00:00:00-04:00,13.294795834246743,13.426796990979382,13.247474736484968,13.323686599731445,95124780
2011-09-09 00:00:00-04:00,13.235022726078903,13.315967942822187,12.980733844484751,13.07188892364502,130621248
2011-09-12 00:00:00-04:00,12.900285986686024,13.24971629576323,12.888828959608178,13.203142166137695,106709184
2011-09-13 00:00:00-04:00,13.249965052618052,13.29678880544511,13.035774359233711,13.188199043273926,94073832
2011-09-14 00:00:00-04:00,13.264660906473768,13.373250671697157,13.096047744902828,13.251709938049316,107668224
2011-09-15 00:00:00-04:00,13.33713768520335,13.573245858739405,13.313725332315984,13.51297378540039,118313568
2011-09-16 00:00:00-04:00,13.568761575723803,13.619569802215443,13.527417189368684,13.615585327148438,141230628
2011-09-19 00:00:00-04:00,13.457930662021521,13.695782385508172,13.334148068504275,13.615336418151855,98637264
2011-09-20 00:00:00-04:00,13.683329717595699,13.910472333345979,13.515712201178008,13.614339828491211,111052836
2011-09-21 00:00:00-04:00,13.640740339333316,13.822802756085766,13.420820663630566,13.429287910461426,100471428
2011-09-22 00:00:00-04:00,13.106756248462458,13.16976847294681,12.80165821210032,12.96753215789795,175835988
2011-09-23 00:00:00-04:00,12.865417936515074,13.110990886077342,12.814111410631101,13.088326454162598,110980908
2011-09-26 00:00:00-04:00,13.131661749185099,13.273128651055032,12.782979359578034,13.24722671508789,105262632
2011-09-27 00:00:00-04:00,13.404381126025934,13.624800039424304,13.350834642488929,13.432774543762207,120315564
2011-09-28 00:00:00-04:00,13.486572545113404,13.54933514825219,13.14287027049797,13.171262741088867,90441468
2011-09-29 00:00:00-04:00,13.350586626678222,13.381967929824452,12.93640050232297,13.137889862060547,116147736
2011-09-30 00:00:00-04:00,12.956323125889726,13.050717595354579,12.811121381124444,12.827560424804688,108835056
2011-10-03 00:00:00-04:00,12.69830017116023,12.751847610593012,12.328446316585726,12.341397285461426,178797024
2011-10-04 00:00:00-04:00,12.20466333117676,12.538653099683014,11.969800436656051,12.500296592712402,166185648
2011-10-05 00:00:00-04:00,12.362069653405094,12.64724344299274,11.974035081876055,12.57003402709961,181182636
2011-10-06 00:00:00-04:00,12.639769778763606,12.832293581137932,12.517730753194375,12.819342613220215,136835028
2011-10-07 00:00:00-04:00,12.872143258985902,12.963547955277027,12.709506814442358,12.829553604125977,114121764
2011-10-10 00:00:00-04:00,13.080107733442869,13.386201423167181,13.030793445753353,13.378729820251465,92795112
2011-10-11 00:00:00-04:00,13.286328900388625,13.618575107858911,13.286328900388625,13.528414726257324,114021864
2011-10-12 00:00:00-04:00,13.65169925391342,13.82853194316316,13.564528651065064,13.660914421081543,126984888
2011-10-13 00:00:00-04:00,13.699021073346794,13.922426942215399,13.648959813808494,13.922178268432617,227276496
2011-10-14 00:00:00-04:00,14.930370668384231,14.93360817315601,14.633989492759847,14.736352920532227,340854804
2011-10-17 00:00:00-04:00,14.538101612230657,14.740089253975974,14.39563906752901,14.505475044250488,160167672
2011-10-18 00:00:00-04:00,14.450184365891976,14.758271260940248,14.380696176659562,14.70721435546875,151879968
2011-10-19 00:00:00-04:00,14.62826151146675,14.745816819321533,14.426025189430094,14.462885856628418,117142740
2011-10-20 00:00:00-04:00,14.4927740016859,14.666866536052263,14.433247950365335,14.536856651306152,135024840
2011-10-21 00:00:00-04:00,14.682307584662663,14.763002221968845,14.612321105510404,14.706714630126953,135504360
2011-10-24 00:00:00-04:00,14.612819786079635,14.942823171120587,14.60734042083884,14.854406356811523,136938924
2011-10-25 00:00:00-04:00,14.7717198511012,14.819040952725528,14.516434386282032,14.524154663085938,101518380
2011-10-26 00:00:00-04:00,14.683303313961137,14.698993489769359,14.26762328031127,14.602607727050781,114809076
2011-10-27 00:00:00-04:00,14.904218882182938,15.01081735561864,14.776700490368837,14.910446166992188,151060788
2011-10-28 00:00:00-04:00,14.807086660526812,15.000854789231713,14.800362027939945,14.94705867767334,100219680
2011-10-31 00:00:00-04:00,14.821282477575632,14.935849902097516,14.736104116926562,14.760262489318848,102209688
2011-11-01 00:00:00-04:00,14.447942691583686,14.582683066260238,14.364506944324285,14.411828994750977,124878996
2011-11-02 00:00:00-04:00,14.567491538867332,14.643703409639576,14.457407830989265,14.565498352050781,84751164
2011-11-03 00:00:00-04:00,14.619792949362083,14.881304740905762,14.538101717368104,14.881304740905762,106685208
2011-11-04 00:00:00-04:00,14.781681656281808,14.937095171897303,14.755032749599735,14.847433090209961,113278608
2011-11-07 00:00:00-05:00,14.777198903209605,15.162244615947735,14.75005169980856,15.151036262512207,134161704
2011-11-08 00:00:00-05:00,15.167723683760139,15.30146935881198,15.033231987400182,15.250909805297852,121054824
2011-11-09 00:00:00-05:00,15.04966994716369,15.177437010096762,14.910195285308667,14.967230796813965,148291560
2011-11-10 00:00:00-05:00,15.091263107648507,15.091761404353926,14.73336553281071,14.82103443145752,114621264
2011-11-11 00:00:00-05:00,14.975948575777592,15.244683291588398,14.908702253815017,15.151535034179688,158920920
2011-11-14 00:00:00-05:00,15.1428168273855,15.393869123523455,15.137338411571461,15.267346382141113,127420452
2011-11-15 00:00:00-05:00,15.262365789761075,15.393869603537839,15.205082553459143,15.356012344360352,106932960
2011-11-16 00:00:00-05:00,15.244433245225768,15.399348455202924,15.207822203517802,15.229240417480469,104235660
2011-11-17 00:00:00-05:00,15.1938760857391,15.249665384598787,14.863373441714412,14.965239524841309,139592268
2011-11-18 00:00:00-05:00,14.993383421222651,15.055648679356704,14.78790958799881,14.816052436828613,131376492
2011-11-21 00:00:00-05:00,14.638721913656347,14.657152247215512,14.24844645499979,14.468863487243652,119931948
2011-11-22 00:00:00-05:00,14.445451736450195,14.569234325977739,14.326898889195816,14.445451736450195,96115788
2011-11-23 00:00:00-05:00,14.329638239631116,14.451678215704836,14.199131965637207,14.199131965637207,92938968
2011-11-25 00:00:00-05:00,14.076593930549981,14.30273993637931,13.980455895461096,14.022049903869629,62433504
2011-11-28 00:00:00-05:00,14.429760224378068,14.665121399635117,14.358279805181766,14.649430274963379,113042844
2011-11-29 00:00:00-05:00,14.641710232984147,14.703477190194752,14.478576444740527,14.518425941467285,73198728
2011-11-30 00:00:00-05:00,14.892513083133979,14.931366936094085,14.746564359035983,14.928378105163574,135744120
2011-12-01 00:00:00-05:00,14.943569485447375,15.342064443933213,14.91866414375232,15.286524772644043,144679176
2011-12-02 00:00:00-05:00,15.36821773336894,15.541313663507722,15.348541183637035,15.450655937194824,163264572
2011-12-05 00:00:00-05:00,15.63197186783235,15.73807015071744,15.50146463965137,15.582408905029297,127772100
2011-12-06 00:00:00-05:00,15.516157527761871,15.656378213367434,15.44766688645153,15.535585403442383,92966940
2011-12-07 00:00:00-05:00,15.483531481683592,15.58265645097871,15.394367700020753,15.52612018585205,90201708
2011-12-08 00:00:00-05:00,15.467593158598193,15.627239832437523,15.324632306128976,15.34331226348877,96427476
2011-12-09 00:00:00-05:00,15.39187638931193,15.669080251276949,15.367220670014579,15.62649154663086,110537352
2011-12-12 00:00:00-05:00,15.488513230143647,15.595608103383457,15.448912405957813,15.575932502746582,87268644
2011-12-13 00:00:00-05:00,15.65986460684376,15.854131015766626,15.512670622035618,15.5819091796875,160966872
2011-12-14 00:00:00-05:00,15.487766299122887,15.54928363549173,15.254646023602769,15.393621444702148,155991852
2011-12-15 00:00:00-05:00,15.504452625871872,15.541313291884885,15.409062507022353,15.430232048034668,96247656
2011-12-16 00:00:00-05:00,15.549283760525839,15.673813324331554,15.478301633906979,15.590129852294922,178193628
2011-12-19 00:00:00-05:00,15.641187074666863,15.653390123641021,15.441690904896998,15.48726749420166,85654260
2011-12-20 00:00:00-05:00,15.640938672224369,15.736577471957098,15.640688100163619,15.699965476989746,95432472
2011-12-21 00:00:00-05:00,15.6909979285126,15.73607716800164,15.415786300294013,15.586642265319824,99816084
2011-12-22 00:00:00-05:00,15.639692781372524,15.733837642066046,15.61628137766382,15.68327808380127,72819108
2011-12-23 00:00:00-05:00,15.740560853272312,15.807308879588287,15.704696780433698,15.768953323364258,58089852
2011-12-27 00:00:00-05:00,15.741806821938743,16.051636319918558,15.740561554758802,15.946035385131836,64191744
2011-12-28 00:00:00-05:00,16.008299042232988,16.06433795800187,15.892485409528824,15.93233585357666,85002912
2011-12-29 00:00:00-05:00,15.97691881610134,16.01452740455507,15.820260973630777,15.999584197998047,62952984
2011-12-30 00:00:00-05:00,15.990118457639614,16.108172060352473,15.990118457639614,16.086753845214844,71220708
2012-01-03 00:00:00-05:00,16.26209348921962,16.640912907842466,16.24789820152438,16.572669982910156,146912940
2012-01-04 00:00:00-05:00,16.563203618148137,16.69321444544985,16.453369535774655,16.644149780273438,114445440
2012-01-05 00:00:00-05:00,16.490978661047,16.536804873786974,16.34403333449874,16.413270950317383,131184684
2012-01-06 00:00:00-05:00,16.41675570123769,16.437927138903458,16.183636399347424,16.18936538696289,107608284
2012-01-09 00:00:00-05:00,16.101697366645343,16.114150038280386,15.472323966198042,15.502958297729492,232671096
2012-01-10 00:00:00-05:00,15.684523283997489,15.785391821925954,15.36472975639172,15.51989459991455,175648176
2012-01-11 00:00:00-05:00,15.52886024007302,15.67555688818841,15.469584763759256,15.590129852294922,95904000
2012-01-12 00:00:00-05:00,15.721132966837583,15.762726025218054,15.603576720231505,15.681781768798828,74932992
2012-01-13 00:00:00-05:00,15.597600396406778,15.614785462803152,15.46808976485638,15.565970420837402,92199708
2012-01-17 00:00:00-05:00,15.740062217281878,15.740062217281878,15.58315476643826,15.65538215637207,76295628
2012-01-18 00:00:00-05:00,15.606815446045362,15.790372758854138,15.494490830870943,15.763225555419922,110357532
2012-01-19 00:00:00-05:00,15.964464854230787,15.964464854230787,15.727111437599808,15.929098129272461,251959788
2012-01-20 00:00:00-05:00,14.707711364057948,14.719418014692248,14.487792620862725,14.59463882446289,422628948
2012-01-23 00:00:00-05:00,14.594887796114982,14.661136577626365,14.524154344441545,14.582932472229004,136379484
2012-01-24 00:00:00-05:00,14.602857602514725,14.636729438081371,14.395639266526356,14.46861457824707,122109768
2012-01-25 00:00:00-05:00,14.383436835106602,14.413324198748697,14.106233886439355,14.18369197845459,199308492
2012-01-26 00:00:00-05:00,14.245705167268644,14.307969469249667,14.06065392675957,14.149069786071777,128918952
2012-01-27 00:00:00-05:00,14.21581906492314,14.453422114846756,14.179704418809143,14.444953918457031,144555300
2012-01-30 00:00:00-05:00,14.396885919093373,14.44545228798495,14.28107227543901,14.387919425964355,93126780
2012-01-31 00:00:00-05:00,14.520169405605468,14.545075696814965,14.324656775513468,14.448190689086914,85610304
2012-02-01 00:00:00-05:00,14.568486050240107,14.58243361118845,14.424032219785342,14.4661226272583,92735172
2012-02-02 00:00:00-05:00,14.566741912498502,14.605097466310971,14.497255631668759,14.57271957397461,96491412
2012-02-03 00:00:00-05:00,14.71094794883608,14.870595549487781,14.645943490690664,14.852164268493652,126613260
2012-02-06 00:00:00-05:00,14.819289212462406,15.213301415466052,14.794383869743633,15.169964790344238,147036816
2012-02-07 00:00:00-05:00,15.121648360601206,15.177437658243768,15.03721696909928,15.112183570861816,83600316
2012-02-08 00:00:00-05:00,15.158757288736023,15.226253234825275,15.061624554483751,15.188894271850586,73382544
2012-02-09 00:00:00-05:00,15.24294097803846,15.304707939976261,15.167724750605036,15.22899341583252,90497412
2012-02-10 00:00:00-05:00,15.139828714237037,15.146055049899482,15.043194276310102,15.090764999389648,92914992
2012-02-13 00:00:00-05:00,15.205082188384905,15.288267358279832,15.193127814221235,15.247422218322754,72579348
2012-02-14 00:00:00-05:00,15.230985401067988,15.242441478818545,15.062122625197478,15.186652183532715,72075852
2012-02-15 00:00:00-05:00,15.265603811454978,15.265603811454978,15.007328585893491,15.082046508789062,96938964
2012-02-16 00:00:00-05:00,15.013805364242424,15.162991595284938,14.887033941811001,15.10595703125,101134764
2012-02-17 00:00:00-05:00,15.067353056807235,15.133603737805938,15.003345185498937,15.059134483337402,97866036
2012-02-21 00:00:00-05:00,15.03995686663413,15.388888881936827,15.015299248463874,15.292253494262695,99132768
2012-02-22 00:00:00-05:00,15.241445611729294,15.36149240401872,15.11068971161727,15.141324043273926,78601320
2012-02-23 00:00:00-05:00,15.117912174916672,15.14132357661932,14.952287850051997,15.095746040344238,82117800
2012-02-24 00:00:00-05:00,15.12662924774185,15.233725069786525,15.080802087944065,15.190139770507812,77346576
2012-02-27 00:00:00-05:00,15.107700934327706,15.25140780333162,15.069594999523938,15.175445556640625,72483444
2012-02-28 00:00:00-05:00,15.192629407047479,15.435960477823262,15.134846926744485,15.401590347290039,113790096
2012-02-29 00:00:00-05:00,15.406820583782343,15.581162725326635,15.32961212448484,15.398103713989258,125350524
2012-03-01 00:00:00-05:00,15.497976762468237,15.583653418665552,15.395613336955055,15.501463890075684,89418492
2012-03-02 00:00:00-05:00,15.491503100657035,15.541314739167115,15.44966136227403,15.472823143005371,62869068
2012-03-05 00:00:00-05:00,15.45239866577664,15.503706140413499,15.227000564617912,15.298480987548828,63668268
2012-03-06 00:00:00-05:00,15.144063179042229,15.162991809396361,14.79015008884423,15.06710433959961,126849024
2012-03-07 00:00:00-05:00,15.168969222060204,15.222267984536366,15.08951984959841,15.112931251525879,50529420
2012-03-08 00:00:00-05:00,15.193625366670686,15.2299886845854,15.10172332595947,15.12139892578125,53766180
2012-03-09 00:00:00-05:00,15.141572547576335,15.239950544900491,14.94356938757844,14.949795722961426,106717176
2012-03-12 00:00:00-04:00,14.943570159496481,15.117912304908275,14.925139826156219,15.071836471557617,66693240
2012-03-13 00:00:00-04:00,15.16149662562546,15.38814092546746,15.081797635476239,15.386397361755371,89742168
2012-03-14 00:00:00-04:00,15.31716023240866,15.510928360948471,15.2788056237137,15.341816902160645,117358524
2012-03-15 00:00:00-04:00,15.35700951184948,15.528860176316687,15.312925915462403,15.469833374023438,97306596
2012-03-16 00:00:00-04:00,15.463856845802905,15.588883758144636,15.442935028493253,15.567215919494629,121897980
2012-03-19 00:00:00-04:00,15.519396732401358,15.871815889591842,15.472573926722681,15.789875030517578,86825088
2012-03-20 00:00:00-04:00,15.713662038618704,15.841677774613716,15.622754692776107,15.777669906616211,61558380
2012-03-21 00:00:00-04:00,15.805565351684336,16.123863032680184,15.75326318320235,15.939311027526855,98685216
2012-03-22 00:00:00-04:00,15.90245024938529,16.1589819350657,15.715655424776891,16.090490341186523,96311592
2012-03-23 00:00:00-04:00,16.104186358171102,16.15150840412387,15.962224016858668,16.004314422607422,77530392
2012-03-26 00:00:00-04:00,16.064339280590165,16.1761665493053,15.928352690046184,16.17218017578125,72695232
2012-03-27 00:00:00-04:00,16.114897492740628,16.276038096283838,16.059355921269148,16.114648818969727,80207712
2012-03-28 00:00:00-04:00,16.239425400414788,16.40280975563885,16.215765326015898,16.332324981689453,101454444
2012-03-29 00:00:00-04:00,16.274543723949066,16.35299744917863,16.04690472286498,16.149267196655273,76895028
2012-03-30 00:00:00-04:00,16.23245404943903,16.275789725940648,15.964714018929861,15.970691680908203,92335572
2012-04-02 00:00:00-04:00,15.958988062037594,16.126605588287752,15.811294811614408,16.112159729003906,91276632
2012-04-03 00:00:00-04:00,16.074550289470228,16.137812139802396,15.90593712782978,16.005062103271484,81714204
2012-04-04 00:00:00-04:00,15.901203118950782,15.914901056466913,15.718144117371041,15.819013595581055,65038896
2012-04-05 00:00:00-04:00,15.746539103906436,15.850894770764537,15.655134405454115,15.748531341552734,92655252
2012-04-09 00:00:00-04:00,15.652890845492083,15.823496225943988,15.573440530679857,15.711668968200684,87220692
2012-04-10 00:00:00-04:00,15.778418969437146,15.802826016574024,15.555012150536466,15.612545013427734,99180720
2012-04-11 00:00:00-04:00,15.789625615092499,15.84018516910499,15.723126262133421,15.839188575744629,87872040
2012-04-12 00:00:00-04:00,15.998336124106869,16.267070816019263,15.946283584077133,16.214021682739258,230033736
2012-04-13 00:00:00-04:00,16.127847186737906,16.163713157216964,15.529856066733805,15.556257247924805,326045628
2012-04-16 00:00:00-04:00,15.516409081203028,15.536582030337346,14.984915368751796,15.09475040435791,227456316
2012-04-17 00:00:00-04:00,15.156765090580786,15.38415732286222,15.118160860377749,15.181921005249023,120835044
2012-04-18 00:00:00-04:00,15.144064033516067,15.262367268052005,15.013556800443002,15.129120826721191,106673220
2012-04-19 00:00:00-04:00,15.085285339482917,15.348541656494975,14.918665362863203,14.926136016845703,131652216
2012-04-20 00:00:00-04:00,15.049420748046373,15.163988172680892,14.839712825529052,14.845440864562988,122213664
2012-04-23 00:00:00-04:00,14.766736835534621,14.904965278692268,14.699491463722184,14.883795738220215,87824088
2012-04-24 00:00:00-04:00,14.899737655798162,15.108698627986177,14.87682454831861,14.975202560424805,77086836
2012-04-25 00:00:00-04:00,15.043194944029281,15.226253966313289,15.015299820059504,15.185656547546387,72771156
2012-04-26 00:00:00-04:00,15.21529517015186,15.391877283683666,15.1851591348553,15.328866004943848,83616300
2012-04-27 00:00:00-04:00,15.31765842810616,15.360496757663794,15.207573773180547,15.316661834716797,65390544
2012-04-30 00:00:00-04:00,15.267098089572738,15.344056925425262,14.958762551220488,15.064363479614258,96195708
2012-05-01 00:00:00-04:00,15.03796473422353,15.232478879799649,14.948302652080935,15.05390453338623,80011908
2012-05-02 00:00:00-04:00,14.97345700279455,15.145557281753295,14.95876247138464,15.124387741088867,64395540
2012-05-03 00:00:00-04:00,15.183166310827117,15.312925613979376,15.166478592263243,15.218033790588379,74645280
2012-05-04 00:00:00-04:00,15.091013442824892,15.140078106059931,14.864120459583846,14.868104934692383,88207704
2012-05-07 00:00:00-04:00,14.819041211947797,15.20682709688962,14.819041211947797,15.131610870361328,79700220
2012-05-08 00:00:00-04:00,15.081301174309958,15.364481772130244,14.961005704036399,15.262118339538574,106984908
2012-05-09 00:00:00-04:00,15.113429942025757,15.351530340978124,14.988650754237062,15.171460151672363,93058848
2012-05-10 00:00:00-04:00,15.266353036565928,15.346799010069688,15.198359735671737,15.283787727355957,61374564
2012-05-11 00:00:00-04:00,15.201347089570838,15.305952376734979,15.062371670035265,15.07382869720459,83892024
2012-05-14 00:00:00-04:00,14.962998425880603,15.155271663830847,14.95801640805034,15.043194770812988,72903024
2012-05-15 00:00:00-04:00,15.076816741307004,15.317158981590165,15.036967245772301,15.220274925231934,83999916
2012-05-16 00:00:00-04:00,15.390882183703804,15.693240089899138,15.340572248790899,15.664100646972656,193210596
2012-05-17 00:00:00-04:00,15.786139509805825,15.886260126661645,15.472323648811093,15.51765251159668,134017848
2012-05-18 00:00:00-04:00,15.568710367169285,15.75102242284552,14.861381505017585,14.953534126281738,238701060
2012-05-21 00:00:00-04:00,14.956272201723309,15.334344600872823,14.94356990761808,15.29499340057373,122892984
2012-05-22 00:00:00-04:00,15.278306782389617,15.287522898704598,14.843947708659147,14.963496208190918,121953924
2012-05-23 00:00:00-04:00,14.9846650546688,15.18266727748098,14.871841193137238,15.179181098937988,126996876
2012-05-24 00:00:00-04:00,15.17170838001738,15.240448644656796,14.915427277667165,15.034727096557617,75576348
2012-05-25 00:00:00-04:00,14.968475896960584,14.986656606717252,14.651672165126023,14.732616424560547,143132724
2012-05-29 00:00:00-04:00,14.83921476150844,14.92190258925022,14.652669564249237,14.802602767944336,104123772
2012-05-30 00:00:00-04:00,14.648684254428806,14.741832516898011,14.533369856625328,14.65042781829834,76191732
2012-05-31 00:00:00-04:00,14.662630653486538,14.694510249896863,14.420543900467079,14.466869354248047,118613268
2012-06-01 00:00:00-04:00,14.240974297744044,14.262393462898052,14.155297637128015,14.220800399780273,122193684
2012-06-04 00:00:00-04:00,14.201870981821846,14.457655682302,14.196641239567361,14.410333633422852,97210692
2012-06-05 00:00:00-04:00,14.332130162332001,14.398878191422389,14.108474672493566,14.20660400390625,93502404
2012-06-06 00:00:00-04:00,14.357782053248082,14.494516561367032,14.286302580476372,14.459648132324219,83748168
2012-06-07 00:00:00-04:00,14.634737080557214,14.64195906040182,14.376960141672159,14.4013671875,70269660
2012-06-08 00:00:00-04:00,14.342092838764573,14.470359159280585,14.3104619123363,14.456660270690918,56359584
2012-06-11 00:00:00-04:00,14.550304836595396,14.577950334633758,14.113951682076811,14.159031867980957,106337556
2012-06-12 00:00:00-04:00,14.190663248060403,14.203863838547813,13.911965449197192,14.074352264404297,128839032
2012-06-13 00:00:00-04:00,13.990171755046317,14.121674629365803,13.914457231118392,13.974480628967285,78089832
2012-06-14 00:00:00-04:00,13.979710642142921,14.073605872863595,13.860659496504978,13.92367172241211,93702204
2012-06-15 00:00:00-04:00,13.95580163122479,14.059907677997765,13.874856415498487,14.059659004211426,119927952
2012-06-18 00:00:00-04:00,14.012587143271276,14.301247097123438,13.92865309870777,14.217562675476074,99776124
2012-06-19 00:00:00-04:00,14.285804155791258,14.552049291443268,14.274098454957441,14.48355770111084,82964952
2012-06-20 00:00:00-04:00,14.44072039322755,14.445452788304264,14.283812927422906,14.38343620300293,93774132
2012-06-21 00:00:00-04:00,14.441466612308895,14.441466612308895,14.040230552468747,14.077091217041016,80371548
2012-06-22 00:00:00-04:00,14.146580223770291,14.23325252532959,14.092285817050863,14.23325252532959,89026884
2012-06-25 00:00:00-04:00,14.129892537097934,14.148821167187748,13.881331709912915,13.964767456054688,63200736
2012-06-26 00:00:00-04:00,14.016072967380472,14.111711761623432,13.93438173458208,14.063892364501953,53953992
2012-06-27 00:00:00-04:00,14.139107490963793,14.295765312026854,14.097265759012577,14.178956985473633,67624308
2012-06-28 00:00:00-04:00,14.094278789241434,14.10249736298255,13.877845274131793,14.054677963256836,76759164
2012-06-29 00:00:00-04:00,14.319925329782595,14.448689943205933,14.251185062487627,14.447195053100586,100679220
2012-07-02 00:00:00-04:00,14.490780298043601,14.52017031197,14.358280832707727,14.457157135009766,66153780
2012-07-03 00:00:00-04:00,14.445701009804255,14.654910641281317,14.395639750656414,14.640464782714844,47532420
2012-07-05 00:00:00-04:00,14.663629500145252,14.945066546132264,14.658149185212553,14.84195613861084,93742164
2012-07-06 00:00:00-04:00,14.755529556862168,14.782179411704979,14.515685608959407,14.594388008117676,86385528
2012-07-09 00:00:00-04:00,14.568734508135908,14.659641852149317,14.476583795318716,14.595135688781738,68535396
2012-07-10 00:00:00-04:00,14.699243501958248,14.755032798930955,14.414069732223627,14.487792015075684,76847076
2012-07-11 00:00:00-04:00,14.353299113114637,14.391903343123438,14.070368158033544,14.226029396057129,139832028
2012-07-12 00:00:00-04:00,14.124662895505676,14.244461012625466,13.999385413080363,14.208346366882324,92299608
2012-07-13 00:00:00-04:00,14.2499386195501,14.424280756911594,14.160277491270758,14.35877799987793,78960960
2012-07-16 00:00:00-04:00,14.355042413663591,14.425276617184457,14.240724615765444,14.318928718566895,58445496
2012-07-17 00:00:00-04:00,14.406349890587718,14.462139189245061,14.156542839245898,14.364009857177734,67136796
2012-07-18 00:00:00-04:00,14.370235412663645,14.537354625777283,14.349065871676641,14.464380264282227,61866072
2012-07-19 00:00:00-04:00,14.598373436552274,14.905713328964765,14.594887258161146,14.770722389221191,186801012
2012-07-20 00:00:00-04:00,15.161746224987882,15.265853215188988,14.898241244757289,15.213052749633789,258289452
2012-07-23 00:00:00-04:00,14.955525047734566,15.400594141265413,14.899984426421453,15.329861640930176,142325532
2012-07-24 00:00:00-04:00,15.317159943163404,15.390134306781963,15.05166272181722,15.132108688354492,80295624
2012-07-25 00:00:00-04:00,15.150787161350278,15.27681160969317,15.077314503634216,15.142568588256836,72847080
2012-07-26 00:00:00-04:00,15.317160829188822,15.363734962373423,15.193378229771602,15.276314735412598,67340592
2012-07-27 00:00:00-04:00,15.414043876445827,15.815279010666128,15.379425070224581,15.814282417297363,141846012
2012-07-30 00:00:00-04:00,15.841430462497232,16.004565212540815,15.678296661590243,15.74803352355957,87380532
2012-07-31 00:00:00-04:00,15.647412380128408,15.852636575626823,15.646415786787891,15.764719009399414,74549376
2012-08-01 00:00:00-04:00,15.872561601194176,15.92760392527506,15.72511799113857,15.75749683380127,73710216
2012-08-02 00:00:00-04:00,15.578920878857312,15.890743547226549,15.526618710915319,15.659615516662598,79028892
2012-08-03 00:00:00-04:00,15.939808903233804,16.03245981780978,15.84367181006787,15.972933769226074,75808116
2012-08-06 00:00:00-04:00,15.930094533337495,16.173426558008273,15.92038107032094,16.01004409790039,71224704
2012-08-07 00:00:00-04:00,15.9843892387577,16.045908471777352,15.851890728971373,15.95325756072998,79192728
2012-08-08 00:00:00-04:00,15.916149177203073,16.08600761923108,15.902451237230967,15.995349884033203,52835112
2012-08-09 00:00:00-04:00,16.052135760786392,16.098459320788375,15.977666504593387,15.99833869934082,42769188
2012-08-10 00:00:00-04:00,15.904692424104937,15.995597880113976,15.843423758388788,15.989622116088867,57326616
2012-08-13 00:00:00-04:00,16.124610874875483,16.441662338085838,16.10618054182569,16.43817710876465,130585284
2012-08-14 00:00:00-04:00,16.41924754917329,16.75796779965557,16.413021213559503,16.65361213684082,146321532
2012-08-15 00:00:00-04:00,16.693962004241566,16.79283926330756,16.54004431116739,16.625720977783203,96331572
2012-08-16 00:00:00-04:00,16.62497067071796,16.80255031483588,16.614260614360653,16.758466720581055,68639292
2012-08-17 00:00:00-04:00,16.7895994817258,16.867555864713076,16.729327411298723,16.86481475830078,87020892
2012-08-20 00:00:00-04:00,16.82396793001743,16.90790196671131,16.75323448340789,16.82496452331543,70253676
2012-08-21 00:00:00-04:00,16.764444838478152,16.886234241964395,16.491974315413195,16.67478370666504,88799112
2012-08-22 00:00:00-04:00,16.621732346240762,16.950989701731835,16.604795954258638,16.86581039428711,76291632
2012-08-23 00:00:00-04:00,16.793336760732416,16.948002357379252,16.71189325203013,16.856348037719727,71296632
2012-08-24 00:00:00-04:00,16.826460191830424,16.947254905042538,16.788604828803177,16.901926040649414,57006936
2012-08-27 00:00:00-04:00,16.512395738691836,16.736798188437,16.41899880660332,16.667560577392578,104443452
2012-08-28 00:00:00-04:00,16.56245757079796,16.8767698359668,16.555982561216428,16.867555618286133,82261656
2012-08-29 00:00:00-04:00,16.870542997497356,17.159951809100264,16.840159238988406,17.135541915893555,119492388
2012-08-30 00:00:00-04:00,17.041649215911875,17.120102950252015,16.94053199747372,16.977890014648438,65010924
2012-08-31 00:00:00-04:00,17.035667513494108,17.149736623131904,16.937040852923616,17.062814712524414,84998916
2012-09-04 00:00:00-04:00,17.0493676642051,17.060575068155266,16.774157939054188,16.96194839477539,75508416
2012-09-05 00:00:00-04:00,16.936046497787093,17.097935018425407,16.914626384904153,16.953977584838867,68259672
2012-09-06 00:00:00-04:00,17.08448609979151,17.431425875615712,17.053851768995564,17.419221878051758,121618260
2012-09-07 00:00:00-04:00,17.43416394259319,17.73926196345041,17.376133738655977,17.58733558654785,129190680
2012-09-10 00:00:00-04:00,17.677249463128316,17.753210762668047,17.394066968525223,17.453344345092773,102297600
2012-09-11 00:00:00-04:00,17.383357579836858,17.450355228684945,17.210011081919088,17.239648818969727,74877048
2012-09-12 00:00:00-04:00,17.1704116274931,17.307394810309237,16.957964496204458,17.20702362060547,105586308
2012-09-13 00:00:00-04:00,17.262066742007804,17.658319878428994,17.198556216266976,17.584598541259766,106253640
2012-09-14 00:00:00-04:00,17.67326163510318,17.757941696386677,17.608756419508246,17.675254821777344,104635260
2012-09-17 00:00:00-04:00,17.63615368144182,17.754955209648124,17.5586965429251,17.682727813720703,60271668
2012-09-18 00:00:00-04:00,17.62793445618974,17.898911057816505,17.603029111750597,17.889448165893555,82589328
2012-09-19 00:00:00-04:00,17.870020461454537,18.14547887414753,17.8428732575408,18.11907958984375,123808068
2012-09-20 00:00:00-04:00,18.04361318785534,18.215712503953704,17.96266893467315,18.134519577026367,116179704
2012-09-21 00:00:00-04:00,18.236387485837195,18.303882486107465,18.184333039403086,18.280719757080078,254109636
2012-09-24 00:00:00-04:00,18.206250088381065,18.680459592548072,18.187571080967448,18.66402244567871,142409448
2012-09-25 00:00:00-04:00,18.75542669870885,19.050313943090337,18.621184617224603,18.65854263305664,242097660
2012-09-26 00:00:00-04:00,18.675726639144703,18.959406462662535,18.455310561709798,18.765636444091797,226689084
2012-09-27 00:00:00-04:00,18.927279697686746,18.999256522818037,18.720559643885743,18.841352462768555,157086756
2012-09-28 00:00:00-04:00,18.78282517346242,18.91108959752681,18.708107240747736,18.791540145874023,111228660
2012-10-01 00:00:00-04:00,18.904862276225256,19.05305286669199,18.83412882271193,18.972856521606445,126593280
2012-10-02 00:00:00-04:00,19.05803193595165,19.077707534919718,18.68618684386686,18.853553771972656,111496392
2012-10-03 00:00:00-04:00,18.821926620402863,19.026154232667384,18.73425677446729,18.990787506103516,88243668
2012-10-04 00:00:00-04:00,18.997012859238783,19.174843076248855,18.91357806495779,19.12901496887207,98069832
2012-10-05 00:00:00-04:00,19.19526475260157,19.2866703955784,19.05330050572366,19.11905288696289,109326564
2012-10-08 00:00:00-04:00,18.953429653520395,19.01768619930163,18.782824253356655,18.874727249145508,78265656
2012-10-09 00:00:00-04:00,18.920304012139816,18.961397827386115,18.493416569409852,18.532268524169922,120007872
2012-10-10 00:00:00-04:00,18.476727604045966,18.617943924144907,18.387812499821926,18.543973922729492,81514404
2012-10-11 00:00:00-04:00,18.751690579224377,18.89116429917911,18.686686114160135,18.716323852539062,95260644
2012-10-12 00:00:00-04:00,18.725539685440197,18.800754960533475,18.532517581679514,18.5487060546875,96071832
2012-10-15 00:00:00-04:00,18.478721754846198,18.525795134353153,18.19877960537245,18.45481300354004,120643236
2012-10-16 00:00:00-04:00,18.433642000569364,18.60449606892039,18.342236355335892,18.547460556030273,82245672
2012-10-17 00:00:00-04:00,18.528780824479124,18.837365982184266,18.436877835292684,18.81619644165039,91624284
2012-10-18 00:00:00-04:00,18.817440930618222,18.91407631040615,16.836422288920986,17.309633255004883,497198304
2012-10-19 00:00:00-04:00,17.573142676596692,17.601035903024606,16.736799571054547,16.980628967285156,458828712
2012-10-22 00:00:00-04:00,16.961200557112647,17.051360933228448,16.679513923033998,16.902921676635742,162061776
2012-10-23 00:00:00-04:00,16.737048441661063,17.118608952811655,16.736799767868696,16.944765090942383,116547336
2012-10-24 00:00:00-04:00,17.105407575561514,17.11038864427307,16.818242510211846,16.86880111694336,99760140
2012-10-25 00:00:00-04:00,16.936046898536212,16.985857584050933,16.77440704784017,16.88025665283203,95947956
2012-10-26 00:00:00-04:00,16.84887451702845,17.011510962196457,16.716874301242843,16.81525230407715,77953968
2012-10-31 00:00:00-04:00,16.93255895499672,16.96095142402663,16.811515578136905,16.943517684936523,61418520
2012-11-01 00:00:00-04:00,16.92359550897105,17.20752213272914,16.90416858083966,17.125083923339844,81921996
2012-11-02 00:00:00-04:00,17.30440543597051,17.323335015681085,17.11960285137729,17.133302688598633,92883024
2012-11-05 00:00:00-05:00,17.048120226623176,17.106898345141367,16.82546232029353,17.009765625,65370564
2012-11-06 00:00:00-05:00,17.07253126035719,17.097935849567342,16.875027331508573,16.978885650634766,63248688
2012-11-07 00:00:00-05:00,16.8115159144362,16.8919628268577,16.59956613837942,16.615257263183594,89202708
2012-11-08 00:00:00-05:00,16.691968710313784,16.724096981866744,16.219501833408003,16.24590301513672,103776120
2012-11-09 00:00:00-05:00,16.304682063820277,16.645644195443577,16.196340021027737,16.51339340209961,124439436
2012-11-12 00:00:00-05:00,16.531324810628593,16.682007839352675,16.459596659311895,16.58487319946289,56179764
2012-11-13 00:00:00-05:00,16.512644567400276,16.62721102839153,16.39384116141983,16.414264678955078,63704232
2012-11-14 00:00:00-05:00,16.454364181450714,16.49222143768116,16.201318710494153,16.252376556396484,66669264
2012-11-15 00:00:00-05:00,16.188869383120313,16.437930430710022,16.036942979330835,16.120628356933594,73882044
2012-11-16 00:00:00-05:00,16.088997436858538,16.264086571308326,15.840186961224266,16.118635177612305,137390472
2012-11-19 00:00:00-05:00,16.33083151202651,16.660088867848508,16.32659836316324,16.642404556274414,94633272
2012-11-20 00:00:00-05:00,16.674783164961486,16.886233693391578,16.551746600066686,16.68623924255371,83464452
2012-11-21 00:00:00-05:00,16.661833231830432,16.682008079741802,16.447892143746575,16.584125518798828,84403512
2012-11-23 00:00:00-05:00,16.68623950840768,16.68698742798403,16.589852796710797,16.63642692565918,36863100
2012-11-26 00:00:00-05:00,16.598323365057297,16.61227187732246,16.413522662003643,16.466571807861328,88095816
2012-11-27 00:00:00-05:00,16.442161568987657,16.81151614923055,16.388115837008588,16.704669952392578,100247652
2012-11-28 00:00:00-05:00,16.637425647813455,17.05833737512632,16.534814485700757,17.02745246887207,121558320
2012-11-29 00:00:00-05:00,17.12981526464364,17.282239001723198,16.985857825603517,17.232179641723633,110948940
2012-11-30 00:00:00-05:00,17.217732908615194,17.41473757950966,17.077759951930013,17.39356803894043,126417456
2012-12-03 00:00:00-05:00,17.489955175589856,17.580861573817938,17.287468287315072,17.31586265563965,87612300
2012-12-04 00:00:00-05:00,17.309633552768698,17.32233679540066,17.078010083033718,17.210758209228516,79588332
2012-12-05 00:00:00-05:00,17.23865448348981,17.29718393750534,16.994077182731896,17.13081169128418,74421504
2012-12-06 00:00:00-05:00,17.12508201838385,17.324827795717596,17.04837280610486,17.21324920654297,58433508
2012-12-07 00:00:00-05:00,17.309637864424975,17.356462575132554,16.99632213991781,17.040903091430664,76695228
2012-12-10 00:00:00-05:00,17.07028746560597,17.22620021265531,17.030438920715184,17.071035385131836,54613332
2012-12-11 00:00:00-05:00,17.185105356539058,17.481983864512316,17.128320417938394,17.35645866394043,107396496
2012-12-12 00:00:00-05:00,17.4149889861738,17.521586523585675,17.27178134981213,17.373395919799805,96942960
2012-12-13 00:00:00-05:00,17.830668800750193,17.844366739244006,17.422957710159746,17.50141143798828,137658204
2012-12-14 00:00:00-05:00,17.413492545540773,17.62892945021316,17.395062212673285,17.482980728149414,85118796
2012-12-17 00:00:00-05:00,17.571147778493213,17.980104124177963,17.53428711304962,17.951711654663086,121294584
2012-12-18 00:00:00-05:00,17.847606753299083,18.15893115755681,17.80900157044141,17.958934783935547,120075804
2012-12-19 00:00:00-05:00,17.949967466934933,18.00700297903616,17.849596279344162,17.93502426147461,76667256
2012-12-20 00:00:00-05:00,18.013478880956377,18.04809768830938,17.8568200930844,17.991064071655273,66213720
2012-12-21 00:00:00-05:00,17.782101885343934,17.90289469851478,17.69617655276212,17.82344627380371,140898960
2012-12-24 00:00:00-05:00,17.795551743361994,17.812237564604946,17.620213944642146,17.670772552490234,33602364
2012-12-26 00:00:00-05:00,17.635154615517937,17.75495272034353,17.494186971244492,17.655078887939453,47248704
2012-12-27 00:00:00-05:00,17.611993668783793,17.65433465022995,17.399546536771783,17.590824127197266,65830104
2012-12-28 00:00:00-05:00,17.476257552646878,17.606264581563956,17.434415817260742,17.434415817260742,56023920
2012-12-31 00:00:00-05:00,17.43416731929107,17.697423658876637,17.334544037554505,17.61797332763672,79816104
2013-01-02 00:00:00-05:00,17.91783924169192,18.10662629368224,17.846359769758767,18.013227462768555,101550348
2013-01-03 00:00:00-05:00,18.0550715209245,18.22941271906229,17.950216609647118,18.02368927001953,92635272
2013-01-04 00:00:00-05:00,18.16490700472265,18.46701526221555,18.123562617713024,18.379844665527344,110429460
2013-01-07 00:00:00-05:00,18.31708201547365,18.41496077017416,18.195789961047055,18.299646377563477,66161772
2013-01-08 00:00:00-05:00,18.319320982011124,18.33825055977819,18.042617328501898,18.263532638549805,66976956
2013-01-09 00:00:00-05:00,18.237881106382414,18.389308251504584,18.14647545906794,18.383581161499023,80907012
2013-01-10 00:00:00-05:00,18.500884477275577,18.5549321026484,18.268513097775074,18.467262268066406,73354572
2013-01-11 00:00:00-05:00,18.48021797035053,18.49092612984744,18.338253705834344,18.430156707763672,51356592
2013-01-14 00:00:00-05:00,18.355685413481602,18.485196991017418,17.990812654520337,18.013227462768555,114441444
2013-01-15 00:00:00-05:00,17.915597164229396,18.305872608502636,17.735526984294285,18.055070877075195,156950892
2013-01-16 00:00:00-05:00,17.992057581466614,18.040376222926874,17.77462938971452,17.81248664855957,80855064
2013-01-17 00:00:00-05:00,17.875248086803126,17.923316153098288,17.708627183278214,17.71609878540039,88371540
2013-01-18 00:00:00-05:00,17.692193597513068,17.752216998588153,17.467291874262816,17.546493530273438,128942928
2013-01-22 00:00:00-05:00,17.550226684103293,17.56716307574122,17.32258578685828,17.505643844604492,151544304
2013-01-23 00:00:00-05:00,18.330530134593783,18.654557763440096,18.32554906592145,18.467761993408203,236127636
2013-01-24 00:00:00-05:00,18.461287872934914,18.84957206566441,18.44310621209597,18.784318923950195,135172692
2013-01-25 00:00:00-05:00,18.69864090911188,18.890666416963125,18.68568899191236,18.7708683013916,88946964
2013-01-28 00:00:00-05:00,18.723296540961258,18.818935329793135,18.62690983257875,18.697643280029297,65018916
2013-01-29 00:00:00-05:00,18.598519571942198,18.852561677285955,18.593289829285787,18.7711181640625,69814116
2013-01-30 00:00:00-05:00,18.772610892185302,18.952183728427563,18.751940596683898,18.774852752685547,69250680
2013-01-31 00:00:00-05:00,18.69216610180023,18.869246507636934,18.685689193993884,18.821178436279297,65302632
2013-02-01 00:00:00-05:00,18.88369415473977,19.341963899546585,18.881203620200818,19.31705665588379,149694156
2013-02-04 00:00:00-05:00,19.12004802661953,19.189287537026246,18.885434762474304,18.90411376953125,121498380
2013-02-05 00:00:00-05:00,18.95666466321677,19.205226426140065,18.915322175877385,19.071481704711914,74753172
2013-02-06 00:00:00-05:00,18.905359219547947,19.251302371600044,18.891162036509016,19.181814193725586,83040876
2013-02-07 00:00:00-05:00,19.170111316571404,19.39700430570878,19.065505079774354,19.27596092224121,113494392
2013-02-08 00:00:00-05:00,19.429882278288986,19.592765513823124,19.415685092561183,19.560388565063477,120683196
2013-02-11 00:00:00-05:00,19.38679116748311,19.501359538911622,19.270979427209358,19.486913681030273,86625288
2013-02-12 00:00:00-05:00,19.47022714916354,19.623398810592974,19.41095167141171,19.444076538085938,74285640
2013-02-13 00:00:00-05:00,19.429879058488492,19.559886077851065,19.42589268529852,19.49787139892578,47880072
2013-02-14 00:00:00-05:00,19.419916258613394,19.644318711110248,19.371102166661878,19.62140655517578,69342588
2013-02-15 00:00:00-05:00,19.61094425572133,19.756892973756777,19.60272473371972,19.747678756713867,109082808
2013-02-19 00:00:00-05:00,19.824886305562924,20.099099417996072,19.807201995295106,20.09536361694336,117154728
2013-02-20 00:00:00-05:00,20.05676543290902,20.14816919417486,19.720286985874157,19.73697280883789,110457432
2013-02-21 00:00:00-05:00,19.87495002166235,20.060498626823737,19.706087237295353,19.813430786132812,140115744
2013-02-22 00:00:00-05:00,19.906332190987833,19.955894208606647,19.77034558651586,19.917539596557617,82073844
2013-02-25 00:00:00-05:00,19.982044591445117,20.134219654419745,19.687905276494934,19.69487953186035,92063844
2013-02-26 00:00:00-05:00,19.800231877798595,19.823891953807713,19.53622764713075,19.678939819335938,88011900
2013-02-27 00:00:00-05:00,19.795251641436778,20.04306551119173,19.70334864335703,19.919282913208008,80962956
2013-02-28 00:00:00-05:00,19.952158437219705,20.098853187650572,19.95041392421929,19.954648971557617,90541368
2013-03-01 00:00:00-05:00,19.869967996188347,20.10258996717452,19.828872283220928,20.078927993774414,86928984
2013-03-04 00:00:00-05:00,20.0567633448826,20.493614849400025,20.049291741657566,20.46023941040039,110912976
2013-03-05 00:00:00-05:00,20.6452879005423,20.92473265741815,20.644539981010958,20.88612937927246,161602236
2013-03-06 00:00:00-05:00,20.946652532893268,21.020622542385176,20.64230240016974,20.706310272216797,114805080
2013-03-07 00:00:00-05:00,20.773057665853877,20.83681686508151,20.661479067205516,20.736696243286133,82025892
2013-03-08 00:00:00-05:00,20.784015587018963,20.79447697005017,20.548654400684317,20.709796905517578,116359524
2013-03-11 00:00:00-04:00,20.71403008411562,20.913527197135473,20.709297689280916,20.7919864654541,63724212
2013-03-12 00:00:00-04:00,20.689625680050064,20.719012848293776,20.514285976133305,20.612415313720703,80251668
2013-03-13 00:00:00-04:00,20.619635209757696,20.68912339026662,20.480410174980182,20.55512809753418,65586348
2013-03-14 00:00:00-04:00,20.59697106356328,20.59697106356328,20.357875975003648,20.46123504638672,65981952
2013-03-15 00:00:00-04:00,20.38552055265507,20.430352068239326,20.25700556613816,20.280916213989258,123864012
2013-03-18 00:00:00-04:00,20.049290046713576,20.242558917354145,19.961371531949077,20.118778228759766,73458468
2013-03-19 00:00:00-04:00,20.204702369903007,20.404201379607592,20.085403499700863,20.206695556640625,83844072
2013-03-20 00:00:00-04:00,20.34392862753842,20.3608650210003,20.20968654360688,20.291128158569336,58493448
2013-03-21 00:00:00-04:00,20.205950022274035,20.34616976350806,20.17008594804421,20.205202102661133,59044896
2013-03-22 00:00:00-04:00,20.29187285099287,20.30432552118343,20.164851818503372,20.18153953552246,59468472
2013-03-25 00:00:00-04:00,20.23384297353425,20.403700434897882,20.09461794236759,20.164852142333984,68411520
2013-03-26 00:00:00-04:00,20.260993151055207,20.273445823275086,20.11878021741238,20.234094619750977,47628324
2013-03-27 00:00:00-04:00,20.09113127710002,20.099100227024078,19.957883904310712,19.991010665893555,86441472
2013-03-28 00:00:00-04:00,20.024135975773373,20.058506110175713,19.757891771049252,19.780057907104492,91420488
2013-04-01 00:00:00-04:00,19.800479540118747,19.980798391641102,19.75664461976467,19.95439910888672,72219708
2013-04-02 00:00:00-04:00,20.03783538857753,20.294117450160137,20.024384225028896,20.249534606933594,81578340
2013-04-03 00:00:00-04:00,20.259995966971484,20.27842630097424,19.941448648126226,20.079177856445312,69470460
2013-04-04 00:00:00-04:00,20.030607006383892,20.067966913640735,19.708075269063844,19.801971435546875,97806096
2013-04-05 00:00:00-04:00,19.577570125121543,19.600732851316447,19.336977320161658,19.50260353088379,137218644
2013-04-08 00:00:00-04:00,19.39550882079717,19.415434993767732,19.137732822079666,19.298376083374023,113170716
2013-04-09 00:00:00-04:00,19.314564178612272,19.520038952228198,19.25504002946383,19.368112564086914,86205708
2013-04-10 00:00:00-04:00,19.4993672093055,19.734231052266228,19.327017297049018,19.680185317993164,79064856
2013-04-11 00:00:00-04:00,19.74743376509977,19.752912181940374,19.52776177839567,19.68541717529297,81066852
2013-04-12 00:00:00-04:00,19.725265283705586,19.728004491800423,19.499615661084963,19.67694664001465,65402532
2013-04-15 00:00:00-04:00,19.57483298203923,19.850042721034686,19.35242181166695,19.47471046447754,98025876
2013-04-16 00:00:00-04:00,19.590773129352915,19.825137729738213,19.5242747224253,19.759634017944336,69610320
2013-04-17 00:00:00-04:00,19.594757891685646,19.696623027274462,19.379320969783546,19.490402221679688,81398520
2013-04-18 00:00:00-04:00,19.55988766682769,19.571096969493897,18.959904284083763,19.07571792602539,132767100
2013-04-19 00:00:00-04:00,19.156660453543942,20.01043726242142,19.084434957953643,19.921524047851562,231895872
2013-04-22 00:00:00-04:00,19.939705686566032,20.023391064847054,19.302113651700903,19.92750358581543,115220664
2013-04-23 00:00:00-04:00,19.949666527383027,20.310801574573308,19.93372672906478,20.121517181396484,91600308
2013-04-24 00:00:00-04:00,20.126747844750525,20.373067759535587,20.124008636696928,20.259746551513672,73090836
2013-04-25 00:00:00-04:00,20.32948423757829,20.3349626539086,20.114793340098878,20.151405334472656,79608312
2013-04-26 00:00:00-04:00,20.11404645082942,20.117533578467857,19.8395827400341,19.960126876831055,99408492
2013-04-29 00:00:00-04:00,20.00570301701707,20.490123289168185,19.999476681766254,20.39946746826172,91939968
2013-04-30 00:00:00-04:00,20.39797161027472,20.61315983081685,20.36509542121712,20.536699295043945,92175732
2013-05-01 00:00:00-04:00,20.504072804031214,20.54043612229717,20.33222024786421,20.4335880279541,58141800
2013-05-02 00:00:00-04:00,20.425372486745367,20.785264209950075,20.39921997647003,20.662227630615234,80651268
2013-05-03 00:00:00-04:00,20.84528517403596,21.090359834672135,20.821376423333326,21.063461303710938,100403496
2013-05-06 00:00:00-04:00,21.12672361423897,21.46519522095252,21.12672361423897,21.45772361755371,85566348
2013-05-07 00:00:00-04:00,21.49408561295042,21.515503828383945,21.186745706031605,21.350128173828125,78281640
2013-05-08 00:00:00-04:00,21.34439888426324,21.76481321923846,21.242533754389303,21.758586883544922,98633268
2013-05-09 00:00:00-04:00,21.689100177910596,21.908770251664325,21.6240938119468,21.705039978027344,87935976
2013-05-10 00:00:00-04:00,21.80042867939121,21.930686280044824,21.721974951161226,21.92296600341797,75832092
2013-05-13 00:00:00-04:00,21.889589497630123,21.978753278239864,21.75235764836951,21.8557186126709,57882060
2013-05-14 00:00:00-04:00,21.854971543472665,22.133668401605295,21.84600599979241,22.09406852722168,63108828
2013-05-15 00:00:00-04:00,22.30327786609569,22.82331353969866,22.266417201782154,22.81110954284668,159276564
2013-05-16 00:00:00-04:00,22.88856588287934,22.91297577401399,22.465414279147435,22.51173973083496,128255616
2013-05-17 00:00:00-04:00,22.664912336785562,22.751335010481924,22.42830589846246,22.643991470336914,111568320
2013-05-20 00:00:00-04:00,22.539885286566026,22.92841811791266,22.539885286566026,22.627803802490234,90817092
2013-05-21 00:00:00-04:00,22.615103631162405,22.705761367399994,22.35583366736991,22.588953018188477,79240680
2013-05-22 00:00:00-04:00,22.479115814803247,22.647230671492824,22.08858979775105,22.1518497467041,102321576
2013-05-23 00:00:00-04:00,21.842520639360608,22.16530111896832,21.76780270725186,21.986726760864258,90912996
2013-05-24 00:00:00-04:00,21.79918077205717,21.887847206453742,21.693331170301892,21.750864028930664,91780128
2013-05-28 00:00:00-04:00,22.004407471342958,22.21959570659432,21.92719901075387,21.948867797851562,90209700
2013-05-29 00:00:00-04:00,21.810390510648133,21.867175450844073,21.52596466558165,21.62608528137207,80455464
2013-05-30 00:00:00-04:00,21.666184311570035,21.889838842095706,21.57876504115951,21.687105178833008,84743172
2013-05-31 00:00:00-04:00,21.621356055800238,21.842520066003665,21.606410951152217,21.698562622070312,78697224
2013-06-03 00:00:00-04:00,21.742896564024786,21.767053988101686,21.295086335403294,21.609149932861328,98928972
2013-06-04 00:00:00-04:00,21.614629254905843,21.682872171429917,21.2714252821181,21.39670181274414,74669256
2013-06-05 00:00:00-04:00,21.48162950973982,21.654476754895406,21.347636115705477,21.411643981933594,84187728
2013-06-06 00:00:00-04:00,21.526213124172447,21.576771728239454,21.10081962794974,21.53468132019043,103060836
2013-06-07 00:00:00-04:00,21.678638851383763,21.91723850618343,21.5516196959685,21.910512924194336,106877016
2013-06-10 00:00:00-04:00,21.969541394215533,22.191202754788478,21.919480133608957,22.171777725219727,93418488
2013-06-11 00:00:00-04:00,22.016111939008095,22.091577783944846,21.90528126722763,21.912504196166992,70233696
2013-06-12 00:00:00-04:00,22.053223522593356,22.06667278733375,21.659460941982246,21.717491149902344,88103808
2013-06-13 00:00:00-04:00,21.642773968874874,21.90876949275116,21.55610071553202,21.842519760131836,82713204
2013-06-14 00:00:00-04:00,21.919727530795328,22.034295904323443,21.77103959691008,21.793703079223633,89710200
2013-06-17 00:00:00-04:00,21.898060317407204,22.15210052727059,21.87440024002568,22.072900772094727,85766148
2013-06-18 00:00:00-04:00,22.132671892824572,22.4402623664365,22.125202188290036,22.430797576904297,86589324
2013-06-19 00:00:00-04:00,22.449476096622874,22.68533652057974,22.353091283533058,22.43229103088379,116519364
2013-06-20 00:00:00-04:00,22.265669871598444,22.440261633330394,21.999674366208993,22.035289764404297,134745120
2013-06-21 00:00:00-04:00,22.1249530958519,22.163309604090404,21.744639755455005,21.940401077270508,159132708
2013-06-24 00:00:00-04:00,21.714999243766485,21.825581236524492,21.500061593544974,21.662946701049805,120555324
2013-06-25 00:00:00-04:00,21.84899432911735,21.909266398400106,21.531443611410932,21.573535919189453,102025872
2013-06-26 00:00:00-04:00,21.761575235869348,21.867424843221073,21.68237358655287,21.759084701538086,73182744
2013-06-27 00:00:00-04:00,21.88735007817583,22.034044821928358,21.833801694075376,21.844263076782227,76982940
2013-06-28 00:00:00-04:00,21.790215469907395,21.96306272147325,21.772533056549136,21.926450729370117,93878028
2013-07-01 00:00:00-04:00,22.07788137903613,22.218101123850822,22.04176673183102,22.113496780395508,68923008
2013-07-02 00:00:00-04:00,22.171276920985168,22.191201195002836,21.84924438804616,21.974769592285156,75584340
2013-07-03 00:00:00-04:00,21.914746595905665,22.145624060785433,21.87987721746886,22.077383041381836,41838120
2013-07-05 00:00:00-04:00,22.166548246083785,22.301039005028045,22.10004793884818,22.253219604492188,68007924
2013-07-08 00:00:00-04:00,22.395679637632494,22.57151477481336,22.342630498122663,22.54212760925293,78701220
2013-07-09 00:00:00-04:00,22.689322301162516,22.73788961942527,22.365045995636937,22.54586410522461,79096824
2013-07-10 00:00:00-04:00,22.50128092071386,22.692807186171603,22.42482037810647,22.564542770385742,68267664
2013-07-11 00:00:00-04:00,22.73913381200568,22.933647953099356,22.627555220438033,22.919452667236328,103264632
2013-07-12 00:00:00-04:00,22.913475584578872,22.98819351196289,22.794922734831307,22.98819351196289,102625272
2013-07-15 00:00:00-04:00,23.020569511203583,23.1127211749238,22.822816919421662,23.030282974243164,78341580
2013-07-16 00:00:00-04:00,23.091054039951203,23.111974908392845,22.761549887427044,22.903762817382812,79240680
2013-07-17 00:00:00-04:00,22.938381287277867,23.084330016654505,22.821322376622476,22.877361297607422,60183756
2013-07-18 00:00:00-04:00,22.888319421567854,22.91347533638119,22.49480551448072,22.681350708007812,145234620
2013-07-19 00:00:00-04:00,22.08186467645206,22.488827848209333,21.80790021124666,22.33067512512207,294077628
2013-07-22 00:00:00-04:00,22.46516825187481,22.730915098602125,22.34063773885993,22.68185043334961,116011872
2013-07-23 00:00:00-04:00,22.68184897576266,22.739133159930145,22.404646068588537,22.509998321533203,81746172
2013-07-24 00:00:00-04:00,22.596173874533434,22.671886498136203,22.432789506638475,22.48758316040039,83056860
2013-07-25 00:00:00-04:00,22.26268350914617,22.336902192317858,22.068664808199525,22.109012603759766,119923956
2013-07-26 00:00:00-04:00,22.091326933366904,22.166044851361136,21.967045111030064,22.05048179626465,71036892
2013-07-29 00:00:00-04:00,22.039279580602546,22.286345546141572,21.939405727176926,21.97377586364746,75600324
2013-07-30 00:00:00-04:00,22.053224298623977,22.306019231265967,21.938906493444428,22.189210891723633,70153776
2013-07-31 00:00:00-04:00,22.240764361725965,22.328432303439516,22.07115556792383,22.11025619506836,86853060
2013-08-01 00:00:00-04:00,22.29082413300218,22.528677743655244,22.29082413300218,22.520458221435547,85450464
2013-08-02 00:00:00-04:00,22.50103454649406,22.58970099426182,22.435781401660805,22.578990936279297,68487444
2013-08-05 00:00:00-04:00,22.549598030104903,22.55283648381062,22.39542978994687,22.539884567260742,52335612
2013-08-06 00:00:00-04:00,22.532163748170273,22.657191596783473,22.309006578437632,22.329927444458008,60183756
2013-08-07 00:00:00-04:00,22.2918204106019,22.37675104303205,22.143629830344587,22.182485580444336,55112832
2013-08-08 00:00:00-04:00,22.303028717042775,22.311745586283717,22.04898664892936,22.2325439453125,59460480
2013-08-09 00:00:00-04:00,22.18024376050114,22.303777683519574,22.16629714752856,22.176509857177734,52895052
2013-08-12 00:00:00-04:00,22.08908887033246,22.091579404751307,21.95833201679666,22.05447006225586,55024920
2013-08-13 00:00:00-04:00,22.08734635692353,22.128939420873078,21.822596092856205,21.9483699798584,56735208
2013-08-14 00:00:00-04:00,21.87664148544059,21.92296694373488,21.597445366752442,21.6634464263916,83204712
2013-08-15 00:00:00-04:00,21.529700447894935,21.541655771590776,21.369305866173725,21.4106502532959,74693232
2013-08-16 00:00:00-04:00,21.45099674110542,21.479886556959634,21.33294124877417,21.3421573638916,66936996
2013-08-19 00:00:00-04:00,21.362082839435605,21.71798815448026,21.355607830077098,21.55983543395996,72363564
2013-08-20 00:00:00-04:00,21.62708298994435,21.720730499442954,21.50728486947838,21.554109573364258,49270680
2013-08-21 00:00:00-04:00,21.68436544793957,21.840276304438593,21.581004482963596,21.6514892578125,70221708
2013-08-22 00:00:00-04:00,21.735422240716293,21.78648009163768,21.67440415096587,21.760578155517578,34761204
2013-08-23 00:00:00-04:00,21.863192163930794,21.867425313075646,21.66195242978545,21.67340850830078,43040916
2013-08-26 00:00:00-04:00,21.66817784817341,21.790215926132607,21.569797947594566,21.578266143798828,42057900
2013-08-27 00:00:00-04:00,21.409654225954128,21.512016704839187,21.117756770680863,21.17379379272461,69294636
2013-08-28 00:00:00-04:00,21.17628453595652,21.30479761487643,21.11451663233798,21.133943557739258,53142804
2013-08-29 00:00:00-04:00,21.146896452524604,21.4285831126162,21.13494302611332,21.305299758911133,59080860
2013-08-30 00:00:00-04:00,21.31351638886173,21.370301331052897,21.059476191675873,21.092849731445312,74389536
2013-09-03 00:00:00-04:00,21.27864803959298,21.573284693753504,21.268435330609947,21.42858123779297,81822096
2013-09-04 00:00:00-04:00,21.427833944302133,21.75534869717455,21.298823507836556,21.70877456665039,81566352
2013-09-05 00:00:00-04:00,21.755346919256688,21.91424565270609,21.70827354675405,21.90627670288086,51600348
2013-09-06 00:00:00-04:00,21.978007239066397,22.01138267763077,21.76132505354669,21.90677833557129,62401536
2013-09-09 00:00:00-04:00,22.01013696498402,22.160072079817994,21.97751134216131,22.11773109436035,49334616
2013-09-10 00:00:00-04:00,22.166795192363537,22.216108530075765,22.016860094234335,22.13317108154297,51452496
2013-09-11 00:00:00-04:00,22.12993352154103,22.339890106219144,22.068662964566098,22.320463180541992,64359576
2013-09-12 00:00:00-04:00,22.35059748347266,22.36305205205934,22.16654473830771,22.24250602722168,43776180
2013-09-13 00:00:00-04:00,22.278373729439565,22.30776089470332,22.037780906816703,22.14313316345215,52962984
2013-09-16 00:00:00-04:00,22.32071322738182,22.34063750180539,22.038529236729495,22.110506057739258,53406540
2013-09-17 00:00:00-04:00,22.101789177368506,22.126197172835234,21.942142511732563,22.069412231445312,50325624
2013-09-18 00:00:00-04:00,22.07538878027294,22.51423153244803,21.99369660171141,22.498043060302734,77310612
2013-09-19 00:00:00-04:00,22.564541880438995,22.564541880438995,22.30078823181216,22.375255584716797,63852084
2013-09-20 00:00:00-04:00,22.375256851163275,22.518217699821864,22.30626791033393,22.492813110351562,173638188
2013-09-23 00:00:00-04:00,22.319466692081402,22.45495402839126,22.0467456083119,22.079124450683594,71024904
2013-09-24 00:00:00-04:00,22.07912678926149,22.168787926843006,21.95210573702831,22.087594985961914,59412528
2013-09-25 00:00:00-04:00,22.080370253059396,22.080370253059396,21.807651060951343,21.848247528076172,65894040
2013-09-26 00:00:00-04:00,21.874894880630443,21.985727446985532,21.792705355307994,21.871658325195312,50345604
2013-09-27 00:00:00-04:00,21.788221397908423,21.85546961585547,21.70080402974156,21.82732582092285,50301648
2013-09-30 00:00:00-04:00,21.645264415027004,21.938158468117013,21.626086161562093,21.815372467041016,68827104
2013-10-01 00:00:00-04:00,21.92346267435612,22.108265248061173,21.918481605941157,22.091577529907227,67324608
2013-10-02 00:00:00-04:00,21.98523020773573,22.1503571930065,21.862941552770348,22.116235733032227,59752188
2013-10-03 00:00:00-04:00,22.116482663735088,22.26840904550703,21.72047823710902,21.819852828979492,84595320
2013-10-04 00:00:00-04:00,21.792708530515707,21.855222465483056,21.668179906448145,21.726709365844727,54265680
2013-10-07 00:00:00-04:00,21.60466622122072,21.767551330960632,21.521480102617087,21.562076568603516,51692256
2013-10-08 00:00:00-04:00,21.5516179993984,21.568055145844657,21.21065398849829,21.261463165283203,77670252
2013-10-09 00:00:00-04:00,21.32646708936909,21.485117154814823,20.995218448368313,21.31600570678711,105945948
2013-10-10 00:00:00-04:00,21.514756563031693,21.639036495970828,21.424347515130485,21.62434196472168,90121788
2013-10-11 00:00:00-04:00,21.56929985044502,21.754848444351254,21.551118191528708,21.71773910522461,56299644
2013-10-14 00:00:00-04:00,21.584991373938795,21.823839681910172,21.553360450142645,21.82035255432129,49694256
2013-10-15 00:00:00-04:00,21.811636316709517,22.057456988710875,21.76780139421822,21.96729850769043,63612324
2013-10-16 00:00:00-04:00,22.063434857652034,22.373762649145522,22.017109400415283,22.366291046142578,80223696
2013-10-17 00:00:00-04:00,22.2407661459631,22.338147558402753,22.059948035621446,22.13616180419922,170093736
2013-10-18 00:00:00-04:00,24.322653565239346,25.2909987649231,24.25839701919951,25.190128326416016,462193344
2013-10-21 00:00:00-04:00,25.19137303044141,25.379165392170265,24.89474318023888,24.988142013549805,144986868
2013-10-22 00:00:00-04:00,25.030481061842092,25.229727603207426,24.801097536704383,25.080291748046875,88255656
2013-10-23 00:00:00-04:00,24.93085759966158,25.771433803914807,24.921641483820622,25.688247680664062,106421472
2013-10-24 00:00:00-04:00,25.699702148779924,25.916384313351518,25.523616449919455,25.542295455932617,83600316
2013-10-25 00:00:00-04:00,25.623740605958076,25.623740605958076,25.173441754724042,25.284521102905273,81138780
2013-10-28 00:00:00-04:00,25.28452017668416,25.489495697520052,25.22947785215964,25.279539108276367,46301652
2013-10-29 00:00:00-04:00,25.381652919567152,25.825975991021505,25.242181105817387,25.808542251586914,64135800
2013-10-30 00:00:00-04:00,25.838179328664204,25.840172515286483,25.55350482217846,25.66358757019043,52911036
2013-10-31 00:00:00-04:00,25.62648012154577,25.9400463658123,25.502946202133398,25.66757583618164,65534400
2013-11-01 00:00:00-04:00,25.697712822625824,25.80256583633764,25.53109000179216,25.579408645629883,51280668
2013-11-04 00:00:00-05:00,25.690487881297155,25.712156668794726,25.45462934623051,25.556245803833008,45506448
2013-11-05 00:00:00-05:00,25.41278847209712,25.694224553965686,25.339813156633817,25.44192886352539,47208744
2013-11-06 00:00:00-05:00,25.543544908319888,25.57841238933299,25.28875678935974,25.47256088256836,36479484
2013-11-07 00:00:00-05:00,25.469075765401122,25.501951958036628,25.096232140022938,25.103954315185547,67116816
2013-11-08 00:00:00-05:00,25.12387749735093,25.366710282591658,25.117651161699094,25.305192947387695,51580368
2013-11-11 00:00:00-05:00,25.142807805423846,25.30270314683638,25.10519921837777,25.16970443725586,44459496
2013-11-12 00:00:00-05:00,25.0977262747224,25.343298261998413,25.030479953051692,25.199342727661133,48675276
2013-11-13 00:00:00-05:00,25.07406743835646,25.724112082827215,25.067841102549124,25.71464729309082,63112824
2013-11-14 00:00:00-05:00,25.750762517109173,25.895963328978123,25.66184740254744,25.783388137817383,46621332
2013-11-15 00:00:00-05:00,25.774422104543778,25.852378486704463,25.66085032213231,25.74179458618164,51000948
2013-11-18 00:00:00-05:00,25.796338650451705,26.11986702138838,25.634201454328807,25.691734313964844,70317612
2013-11-19 00:00:00-05:00,25.6959685642306,25.771434412615967,25.48003430058123,25.53358268737793,45218736
2013-11-20 00:00:00-05:00,25.651884150071243,25.73681288731687,25.413035839047684,25.46160125732422,38509452
2013-11-21 00:00:00-05:00,25.578411817387195,25.860098460425196,25.5535064743633,25.754497528076172,43628328
2013-11-22 00:00:00-05:00,25.738306968402714,25.80679855949008,25.633702630195092,25.7002010345459,50117832
2013-11-25 00:00:00-05:00,25.83145618115986,26.230699092307784,25.77815836585882,26.049880981445312,64455480
2013-11-26 00:00:00-05:00,26.11638149727221,26.437668027461577,25.97541383356134,26.360708236694336,91360548
2013-11-27 00:00:00-05:00,26.45086750733073,26.599555441765467,26.40030890190566,26.477766036987305,44899056
2013-11-29 00:00:00-05:00,26.454106434099362,26.56518578410078,26.38660953670377,26.39009666442871,47664288
2013-12-02 00:00:00-05:00,26.48772862401914,26.558460178751396,26.17017790337743,26.262826919555664,54873072
2013-12-03 00:00:00-05:00,26.174909994774627,26.485985702196444,26.126841923381928,26.23244285583496,66976956
2013-12-04 00:00:00-05:00,26.185369765572876,26.499433358281838,26.151248306259966,26.35498046875,47616336
2013-12-05 00:00:00-05:00,26.330571642811172,26.39184220675657,26.178398470331718,26.334060668945312,45302652
2013-12-06 00:00:00-05:00,26.64413831968231,26.649368062046776,26.40230022621933,26.646129608154297,57094848
2013-12-09 00:00:00-05:00,26.674023382692788,26.95595868439398,26.600051480639948,26.852100372314453,59244696
2013-12-10 00:00:00-05:00,26.80253844661428,27.205017881277485,26.790083877457842,27.014488220214844,74081844
2013-12-11 00:00:00-05:00,27.08272902833279,27.18036100454601,26.77813024673475,26.830930709838867,68403528
2013-12-12 00:00:00-05:00,26.887718321653107,26.971652368346135,26.624463899511,26.648372650146484,63796140
2013-12-13 00:00:00-05:00,26.783860984330705,26.806025221162557,26.347757414868624,26.41998291015625,86409504
2013-12-16 00:00:00-05:00,26.4999306067681,26.76617478127062,26.450366699368338,26.72358512878418,64015920
2013-12-17 00:00:00-05:00,26.71960107593867,26.917353666323315,26.609019080255763,26.6458797454834,61366572
2013-12-18 00:00:00-05:00,26.695442847997693,27.021712330778254,26.376398192573102,27.01673126220703,88323588
2013-12-19 00:00:00-05:00,26.917603008016172,27.19704968241481,26.87551259961299,27.053342819213867,66561372
2013-12-20 00:00:00-05:00,27.105148538296255,27.4256871513199,27.097675036777378,27.411989212036133,130333536
2013-12-23 00:00:00-05:00,27.591808766924725,27.790058709147207,27.524065096692013,27.772624969482422,68795136
2013-12-24 00:00:00-05:00,27.769387436418803,27.776113018047763,27.598284691369955,27.69143295288086,29338632
2013-12-26 00:00:00-05:00,27.745480302317585,27.869760250070833,27.6129808315191,27.831405639648438,53458488
2013-12-27 00:00:00-05:00,27.894664975542735,27.901637332452786,27.718827942986806,27.854814529418945,62725212
2013-12-30 00:00:00-05:00,27.903134866314662,27.907119341687125,27.621199539364333,27.632156372070312,49394556
2013-12-31 00:00:00-05:00,27.701394604826607,27.919570722636355,27.552456099220322,27.9123477935791,54261684
2014-01-02 00:00:00-05:00,27.781591260316947,27.8386267738249,27.60226899382416,27.723312377929688,72783144
2014-01-03 00:00:00-05:00,27.770133404400525,27.81820147271548,27.519331680451373,27.521074295043945,66601332
2014-01-06 00:00:00-05:00,27.720573550369565,27.86627170747427,27.556940508787054,27.827917098999023,70701228
2014-01-07 00:00:00-05:00,28.019194162334315,28.38506352083641,27.923555367597146,28.364391326904297,102001896
2014-01-08 00:00:00-05:00,28.54222148297675,28.575097676703376,28.225667340724968,28.423419952392578,89610300
2014-01-09 00:00:00-05:00,28.478462118317925,28.497889046238697,28.033144310240754,28.149703979492188,83296620
2014-01-10 00:00:00-05:00,28.369871866724836,28.369871866724836,27.95070279311756,28.148208618164062,85654260
2014-01-13 00:00:00-05:00,28.055805445997542,28.564882411685705,27.82418006788701,27.96888542175293,96659244
2014-01-14 00:00:00-05:00,28.341725949687085,28.66675016618684,28.096153953309845,28.62689971923828,99204696
2014-01-15 00:00:00-05:00,28.71631084682494,28.76637210239588,28.48717600774555,28.607471466064453,77929992
2014-01-16 00:00:00-05:00,28.619429572940934,28.839348317991817,28.59203369433224,28.79676055908203,67288644
2014-01-17 00:00:00-05:00,28.812449365879814,28.906594223123545,28.497391071664683,28.655044555664062,107943948
2014-01-21 00:00:00-05:00,28.91406427880409,28.990526717493942,28.674221274742887,28.983055114746094,79116804
2014-01-22 00:00:00-05:00,29.05553195840895,29.08741155696303,28.862511752372512,29.015932083129883,62793144
2014-01-23 00:00:00-05:00,28.890903935923607,28.952918619429994,28.750682299471624,28.893394470214844,77886036
2014-01-24 00:00:00-05:00,28.666998236087124,28.730260083704522,27.969382890729342,27.990055084228516,155544300
2014-01-27 00:00:00-05:00,28.046593481537037,28.056555619253018,26.954964906174485,27.427181243896484,173969856
2014-01-28 00:00:00-05:00,27.653574431471398,28.037874110263893,27.64410964217613,27.96963119506836,88319592
2014-01-29 00:00:00-05:00,27.87274811698331,27.93824992823706,27.382101471334522,27.56889533996582,95100804
2014-01-30 00:00:00-05:00,28.517313094353398,28.703858281075338,28.07523188672423,28.277965545654297,203452344
2014-01-31 00:00:00-05:00,29.173585073964617,29.55190710124492,28.669986515106658,29.41318130493164,222429348
2014-02-03 00:00:00-05:00,29.369097940534438,29.4318605437038,28.193785953506563,28.22915267944336,182581236
2014-02-04 00:00:00-05:00,28.3427231130546,28.766374014664592,28.3183170154639,28.34695816040039,112363524
2014-02-05 00:00:00-05:00,28.476966402291485,28.661021061941778,28.094411224845302,28.472482681274414,95684220
2014-02-06 00:00:00-05:00,28.66998720110618,28.89488890558177,28.580823414371856,28.889907836914062,77786136
2014-02-07 00:00:00-05:00,29.08093723966998,29.336720055522484,28.90485152382676,29.32526397705078,105342552
2014-02-10 00:00:00-05:00,29.18479261370368,29.448796841093465,29.115555001248513,29.21293830871582,77730192
2014-02-11 00:00:00-05:00,29.393256977988795,29.68465518237367,29.195005134948754,29.64256477355957,81949968
2014-02-12 00:00:00-05:00,29.6131759423674,29.638081285260856,29.423392294009222,29.55564308166504,68911020
2014-02-13 00:00:00-05:00,29.40769871225176,29.8846492767334,29.38055151111088,29.8846492767334,73382544
2014-02-14 00:00:00-05:00,29.77780506216739,29.996480437081438,29.707819526759945,29.956878662109375,87380532
2014-02-18 00:00:00-05:00,29.922260651682194,30.20768311557435,29.887142597013,30.158119201660156,84271644
2014-02-19 00:00:00-05:00,30.019144464572197,30.11677645226645,29.824877082618507,29.945423126220703,84059856
2014-02-20 00:00:00-05:00,29.96534453964808,30.058741470891743,29.892619801677792,29.989503860473633,67963968
2014-02-21 00:00:00-05:00,30.08165747696524,30.132964003692088,29.95787488133093,29.981534957885742,74417508
2014-02-24 00:00:00-05:00,30.020636314340123,30.389244878693404,30.01416130487468,30.198715209960938,66905028
2014-02-25 00:00:00-05:00,30.28414242334137,30.497337480556038,30.146661888894613,30.38526153564453,57490452
2014-02-26 00:00:00-05:00,30.484884063873583,30.606424795729776,30.229847276169288,30.389493942260742,79208712
2014-02-27 00:00:00-05:00,30.345161806761144,30.49061318724589,30.31079167383687,30.365585327148438,50349600
2014-02-28 00:00:00-05:00,30.393728654329887,30.489616122437702,30.04205648173698,30.276920318603516,92451456
2014-03-03 00:00:00-05:00,30.05525691029476,30.082404113470144,29.691378843761882,29.954137802124023,84107808
2014-03-04 00:00:00-05:00,30.260727654405393,30.285632995332335,30.123746381034284,30.258485794067383,58649292
2014-03-05 00:00:00-05:00,30.26197509128356,30.461971447394937,30.17131736588167,30.341922760009766,49362588
2014-03-06 00:00:00-05:00,30.44204581424239,30.538432529484954,30.350391493853692,30.375547409057617,50673276
2014-03-07 00:00:00-05:00,30.554621179909617,30.55935357479095,30.17206599513401,30.25550079345703,60543396
2014-03-10 00:00:00-04:00,30.277915566072203,30.32648288371904,29.989005991064253,30.175304412841797,48535416
2014-03-11 00:00:00-04:00,30.23009630289943,30.243794241758255,29.80345752013051,29.886892318725586,68451480
2014-03-12 00:00:00-04:00,29.797478642913223,30.08265240607366,29.49337719921073,30.068954467773438,78493428
2014-03-13 00:00:00-04:00,30.085143495029012,30.148654017501382,29.507574927391627,29.614669799804688,93730176
2014-03-14 00:00:00-04:00,29.43858581919727,29.659751730583302,29.20297594708944,29.209699630737305,91664244
2014-03-17 00:00:00-04:00,29.37034455395686,29.814168415797628,29.341950183777502,29.690385818481445,86397516
2014-03-18 00:00:00-04:00,29.754392051689543,30.17430713972242,29.714292931311952,30.16758155822754,72527400
2014-03-19 00:00:00-04:00,30.18103125745863,30.18576365229581,29.74791747051909,29.86846160888672,64451484
2014-03-20 00:00:00-04:00,29.88589635384253,30.1264891893879,29.771578547397887,29.816410064697266,67320612
2014-03-21 00:00:00-04:00,30.044298699530923,30.12698557762128,29.45004240638681,29.464736938476562,128211660
2014-03-24 00:00:00-04:00,29.493376921122564,29.5110593343797,28.540973479170592,28.839345932006836,121362516
2014-03-25 00:00:00-04:00,29.040335680682897,29.13597446811259,28.56712471001061,28.85902214050293,96311592
2014-03-26 00:00:00-04:00,28.94096499422135,29.17906729987671,28.181086232560833,28.192790985107422,103096800
2014-03-27 00:00:00-04:00,28.16489323757588,28.192040440070286,27.44884756904137,27.7522029876709,152735112
2014-03-28 00:00:00-04:00,27.869758217838832,28.22317490373456,27.83912388683847,27.898401260375977,90265644
2014-03-31 00:00:00-04:00,28.153686521556594,28.268252996081294,27.716586368175538,27.757930755615234,77614308
2014-04-01 00:00:00-04:00,27.90138953339727,28.330518847192682,27.84485326539778,28.26551628112793,87152760
2014-04-02 00:00:00-04:00,28.440106362543595,28.512333756590678,27.994289326575938,28.2707462310791,83360556
2014-04-03 00:00:00-04:00,28.533085356454414,29.27503868601785,28.16584164572645,28.439035415649414,80366000
2014-04-04 00:00:00-04:00,28.789858693127513,28.84808063050693,27.094962685417862,27.132781982421875,107274000
2014-04-07 00:00:00-04:00,27.10989020033311,27.361686644520688,26.40028342000314,26.90287971496582,79232000
2014-04-08 00:00:00-04:00,27.122827860886236,27.86079861249743,27.105411205204867,27.742862701416016,69650000
2014-04-09 00:00:00-04:00,28.1573804457041,28.25491371558276,27.636868277534802,28.21709442138672,60632000
2014-04-10 00:00:00-04:00,28.264869669155104,28.27531966357938,27.14522252813711,27.204439163208008,65890000
2014-04-11 00:00:00-04:00,26.76901922419963,27.249223489572667,26.543100039497787,26.76006317138672,63494000
2014-04-14 00:00:00-04:00,27.053657702610916,27.519429364563802,26.897403255857945,27.130290985107422,50824000
2014-04-15 00:00:00-04:00,27.41891119890831,27.512963038517466,26.40575538218456,27.304458618164062,79956000
2014-04-16 00:00:00-04:00,27.75231808462155,28.065819786118333,27.52341292403099,28.060842514038086,91644000
2014-04-17 00:00:00-04:00,27.683645156042008,27.717483771181254,26.84166994748252,27.03773307800293,112294000
2014-04-21 00:00:00-04:00,27.070578549760967,27.070578549760967,26.57295763449531,26.840179443359375,48502000
2014-04-22 00:00:00-04:00,26.672479566677804,27.269625028257504,26.672479566677804,27.145219802856445,46622000
2014-04-23 00:00:00-04:00,27.054154652661644,27.110385295732236,26.280851380466885,26.74761962890625,39114000
2014-04-24 00:00:00-04:00,26.955626853539265,26.995934785693446,26.42366997101925,26.594852447509766,41348000
2014-04-25 00:00:00-04:00,26.486370930398206,26.56599019859169,26.000692065626794,26.030550003051758,47400000
2014-04-28 00:00:00-04:00,26.164906015307118,26.169881388721286,25.428425463995396,26.02457618713379,75056000
2014-04-29 00:00:00-04:00,26.069859886030475,26.76006055323306,26.025571279049874,26.688899993896484,50704000
2014-04-30 00:00:00-04:00,26.62869083704929,26.689399510271464,26.328625107326996,26.61674690246582,40770000
2014-05-01 00:00:00-04:00,26.585397444360694,26.867051828457164,26.516228166402918,26.79837989807129,40086000
2014-05-02 00:00:00-04:00,26.94318728290073,26.990959224765874,26.53663032775721,26.56648826599121,35616000
2014-05-05 00:00:00-04:00,26.385848809821496,26.65854522049765,26.253482232142694,26.63913917541504,24568000
2014-05-06 00:00:00-04:00,26.543596055997494,26.600325946818202,25.988749819156755,26.004175186157227,36700000
2014-05-07 00:00:00-04:00,26.03801373812813,26.09673301898655,25.432906926587155,25.776762008666992,61486000
2014-05-08 00:00:00-04:00,25.66330350289015,26.24203759263452,25.60060354492635,25.88474464416504,49040000
2014-05-09 00:00:00-04:00,25.80910896302579,26.242038617013485,25.591648491792284,26.205711364746094,45224000
2014-05-12 00:00:00-04:00,26.46546934341428,26.809326331266895,26.250000159143518,26.79340171813965,38968000
2014-05-13 00:00:00-04:00,26.850628806967173,27.070078668720235,26.76702885963267,26.948162078857422,40240000
2014-05-14 00:00:00-04:00,26.96209473759967,26.96209473759967,26.528667746144762,26.593358993530273,25618000
2014-05-15 00:00:00-04:00,26.53016008511658,26.572956651582672,26.14052245210422,26.330116271972656,36658000
2014-05-16 00:00:00-04:00,26.35400171120288,26.415706974521754,26.053935997531426,26.2893123626709,38154000
2014-05-19 00:00:00-04:00,26.318176413987967,26.839185976514237,26.157943170503945,26.813308715820312,39530000
2014-05-20 00:00:00-04:00,26.87152795425667,27.18751638292307,26.70084473378137,26.89093589782715,48506000
2014-05-21 00:00:00-04:00,27.015840865574262,27.35670998924714,26.976527627406742,27.354223251342773,31294000
2014-05-22 00:00:00-04:00,27.478626973685266,27.76525672118655,27.418911098345713,27.640352249145508,42994000
2014-05-23 00:00:00-04:00,27.773714529319452,28.115580216593337,27.576656702917457,28.055866241455078,53450000
2014-05-27 00:00:00-04:00,28.253920275340395,28.606733322143555,28.073284399370877,28.606733322143555,43716000
2014-05-28 00:00:00-04:00,28.59180468824687,28.745568606268783,28.361902934271022,28.386783599853516,31632000
2014-05-29 00:00:00-04:00,28.533086791428524,28.53756481789975,28.287262310717516,28.39225959777832,28222000
2014-05-30 00:00:00-04:00,28.44600152330676,28.492776869884437,28.15489185752941,28.44649887084961,37434000
2014-06-02 00:00:00-04:00,28.351950058511214,28.384793979501374,27.702554631225837,28.08273696899414,33210000
2014-06-03 00:00:00-04:00,27.911556153686604,27.9862000474523,27.495046567434613,27.593576431274414,40626000
2014-06-04 00:00:00-04:00,27.444788742282437,27.796109743859663,27.297492238627765,27.556255340576172,34582000
2014-06-05 00:00:00-04:00,27.722956508714006,28.11558011752209,27.62044786643793,28.112096786499023,35868000
2014-06-06 00:00:00-04:00,28.272829657978665,28.304676985170985,27.845870080456066,28.16683578491211,34804000
2014-06-09 00:00:00-04:00,28.202662369750623,28.463914085273974,28.126526437541518,28.40071678161621,30594000
2014-06-10 00:00:00-04:00,28.3036806722679,28.463915801448827,28.171811437761257,28.279796600341797,29676000
2014-06-11 00:00:00-04:00,28.161361845746374,28.313136373960674,28.0498952487438,28.239986419677734,22580000
2014-06-12 00:00:00-04:00,28.21510215229903,28.21510215229903,27.724945318662588,27.841886520385742,30930000
2014-06-13 00:00:00-04:00,27.87075172114794,27.899115718260994,27.55426593004369,27.884187698364258,27066000
2014-06-16 00:00:00-04:00,27.72992626621519,27.766750868972444,27.369151842150686,27.483604431152344,39436000
2014-06-17 00:00:00-04:00,27.486587454258725,27.55525937991738,27.243251629227437,27.400001525878906,29552000
2014-06-18 00:00:00-04:00,27.508482757531073,27.936437035456674,27.447774085921544,27.899614334106445,41212000
2014-06-19 00:00:00-04:00,27.923997829441856,28.115581042010078,27.701062738362097,28.115083694458008,52548000
2014-06-20 00:00:00-04:00,28.187737905846667,28.203660621512036,27.83542219506211,28.191221237182617,63212000
2014-06-23 00:00:00-04:00,28.083236402193236,28.585335332468556,28.04093718266331,28.577871322631836,34456000
2014-06-24 00:00:00-04:00,28.57438745193319,28.973975830613764,28.32259102108448,28.490787506103516,56886000
2014-06-25 00:00:00-04:00,28.54104465198207,29.22527334537742,28.52661398090832,29.1570987701416,42294000
2014-06-26 00:00:00-04:00,29.324800417951934,29.33972843782479,28.84210752714958,29.09937858581543,40248000
2014-06-27 00:00:00-04:00,29.133212926809495,29.254134813421576,28.992387648082254,29.145156860351562,40426000
2014-06-30 00:00:00-04:00,29.198402990735637,29.245677583222143,29.025728479374322,29.09440040588379,29578000
2014-07-01 00:00:00-04:00,29.242690997555115,29.541762014993846,29.17501566579986,29.43377685546875,32864000
2014-07-02 00:00:00-04:00,29.47209623582213,29.566146175725404,29.315344437710255,29.398447036743164,23916000
2014-07-03 00:00:00-04:00,29.444227472253477,29.57112133210817,29.309871500963887,29.51289939880371,17978000
2014-07-07 00:00:00-04:00,29.534299819166634,29.640789146084504,29.25712346582226,29.39745330810547,26734000
2014-07-08 00:00:00-04:00,29.17899679360389,29.258616060483202,28.563439992481207,28.782392501831055,42504000
2014-07-09 00:00:00-04:00,28.809763085002146,29.06603755235475,28.712727158495298,29.029212951660156,27456000
2014-07-10 00:00:00-04:00,28.513675944961896,29.123262659801007,28.468889989987076,28.864002227783203,28724000
2014-07-11 00:00:00-04:00,28.91177509034438,29.2715567061194,28.890875102534036,29.19293212890625,30232000
2014-07-14 00:00:00-04:00,29.38949112028396,29.601476971276014,29.19492002663702,29.571619033813477,39032000
2014-07-15 00:00:00-04:00,29.615908258485465,29.623372268437866,29.126248704258224,29.511905670166016,33476000
2014-07-16 00:00:00-04:00,29.702491593880097,29.707966213112204,29.37207250671012,29.390483856201172,28816000
2014-07-17 00:00:00-04:00,29.30837904679112,29.334753654152056,28.705263493206733,28.90281867980957,58706000
2014-07-18 00:00:00-04:00,30.007038006334543,30.190659864971717,29.40541450506198,30.111539840698242,97432000
2014-07-21 00:00:00-04:00,29.924432816190688,30.064265310443208,29.58107506904624,29.779626846313477,44758000
2014-07-22 00:00:00-04:00,29.842328464939037,30.299641472292393,29.82043188306273,30.0349063873291,37632000
2014-07-23 00:00:00-04:00,29.9592660234868,30.208076463751862,29.924430815438523,30.11551856994629,22120000
2014-07-24 00:00:00-04:00,30.132439938497093,30.300634531982062,29.90701620632329,30.007038116455078,27100000
2014-07-25 00:00:00-04:00,29.819933056402373,29.907016337178447,29.64576649485022,29.76171112060547,27200000
2014-07-28 00:00:00-04:00,29.745289631782228,29.911992175314694,29.488515929853172,29.808486938476562,27162000
2014-07-29 00:00:00-04:00,29.74280214747919,29.782113485788976,29.467617084491277,29.556194305419922,27332000
2014-07-30 00:00:00-04:00,29.64875191803435,29.780123807199697,29.49399140582467,29.630338668823242,24302000
2014-07-31 00:00:00-04:00,29.307880907192253,29.45866074065019,28.746565343880594,28.83962059020996,46190000
2014-08-01 00:00:00-04:00,28.789857047432047,29.03269553119354,28.379319423769815,28.543535232543945,44266000
2014-08-04 00:00:00-04:00,28.688342036086205,29.052102400723186,28.476853540286708,28.974971771240234,30388000
2014-08-05 00:00:00-04:00,28.83116087058706,28.87196615069974,28.379817949764966,28.520645141601562,32876000
2014-08-06 00:00:00-04:00,28.33951076421134,28.79433509955439,28.2374975680739,28.58782386779785,26456000
2014-08-07 00:00:00-04:00,28.665451296244875,28.777914483607802,28.336026887910418,28.45446014404297,23260000
2014-08-08 00:00:00-04:00,28.464911301135867,28.84011827444203,28.31562540687603,28.759502410888672,29866000
2014-08-11 00:00:00-04:00,28.812251498821954,28.84658746316163,28.62813039504251,28.72516632080078,24068000
2014-08-12 00:00:00-04:00,28.613202614679786,28.657988572964122,28.35991413081434,28.46988868713379,27890000
2014-08-13 00:00:00-04:00,28.685355378312632,29.167051638018286,28.623152769347154,29.088926315307617,37988000
2014-08-14 00:00:00-04:00,29.19492062947792,29.250156581046664,28.907793530487147,29.093406677246094,25458000
2014-08-15 00:00:00-04:00,29.235228079312193,29.33325869873279,28.899831696671548,29.046628952026367,34468000
2014-08-18 00:00:00-04:00,29.215323456104237,29.610933070523483,29.187954153924842,29.49399185180664,29320000
2014-08-19 00:00:00-04:00,29.637803256757405,29.7482751610862,29.580577914330163,29.713441848754883,20864000
2014-08-20 00:00:00-04:00,29.705480409109622,29.70747169764012,29.50891991962686,29.628847122192383,19346000
2014-08-21 00:00:00-04:00,29.603467288898823,29.62088394394585,29.414370821050383,29.480056762695312,22640000
2014-08-22 00:00:00-04:00,29.52235593358647,29.607947171587426,29.3496814148897,29.48603057861328,17544000
2014-08-25 00:00:00-04:00,29.596998435678582,29.637304467545274,29.32280807845687,29.387996673583984,25912000
2014-08-26 00:00:00-04:00,29.459156090871662,29.4616447267556,29.232737682257998,29.26607894897461,29434000
2014-08-27 00:00:00-04:00,29.250652370576454,29.328282246137842,28.906797295651273,29.01129722595215,27292000
2014-08-28 00:00:00-04:00,28.86300739880828,29.096392485779976,28.75651617506757,28.87793731689453,28116000
2014-08-29 00:00:00-04:00,28.978952878290617,29.006322179145354,28.77443104146232,28.979450225830078,24122000
2014-09-02 00:00:00-04:00,29.00880906761003,29.324799397930466,28.981441664886106,29.291458129882812,31660000
2014-09-03 00:00:00-04:00,29.445721316765905,29.58306516941676,29.18546618156183,29.33574676513672,31580000
2014-09-04 00:00:00-04:00,29.465627627409322,29.757730099895287,29.389491688766586,29.515886306762695,32616000
2014-09-05 00:00:00-04:00,29.614914966071694,29.78261221898284,29.536290387520985,29.746784210205078,35982000
2014-09-08 00:00:00-04:00,29.814459954512035,30.032417776590616,29.758724757253315,29.938365936279297,31984000
2014-09-09 00:00:00-04:00,29.870690758727523,29.88711271962907,29.383519839317994,29.457664489746094,31424000
2014-09-10 00:00:00-04:00,29.446217638396895,29.54474749829673,29.217312490802605,29.529817581176758,23202000
2014-09-11 00:00:00-04:00,29.35963145394749,29.456667372145308,29.16257363415412,29.414867401123047,30028000
2014-09-12 00:00:00-04:00,29.37904016464863,29.43327951992704,29.025230546002817,29.105846405029297,37030000
2014-09-15 00:00:00-04:00,28.973476718727742,29.05707665946659,28.713221598944887,28.943620681762695,30908000
2014-09-16 00:00:00-04:00,28.90928586045242,29.367096162514258,28.90928586045242,29.298921585083008,31592000
2014-09-17 00:00:00-04:00,29.335249881182204,29.661688311884916,29.21631927536253,29.52334976196289,34390000
2014-09-18 00:00:00-04:00,29.61093122498889,29.73583379348383,29.509912727693727,29.721403121948242,29890000
2014-09-19 00:00:00-04:00,29.8318770752472,30.1259708404541,29.74578848935902,30.1259708404541,83832000
2014-09-22 00:00:00-04:00,29.981658251940416,30.046349498357316,29.51488999956512,29.721403121948242,35644000
2014-09-23 00:00:00-04:00,29.608443294045742,29.690551197421488,29.371574882080854,29.418352127075195,28074000
2014-09-24 00:00:00-04:00,29.437758317277606,29.862726582446246,29.37455911571841,29.778627395629883,35160000
2014-09-25 00:00:00-04:00,29.707473096291988,29.76121510986788,29.097886306931468,29.123266220092773,33420000
2014-09-26 00:00:00-04:00,29.157100159809012,29.33823527295787,29.11082216100942,29.2551326751709,25782000
2014-09-29 00:00:00-04:00,28.953077125033225,29.325298117387245,28.940140393515648,29.250654220581055,22874000
2014-09-30 00:00:00-04:00,29.23473120299295,29.409395110268438,29.08594265675811,29.2805118560791,31430000
2014-10-01 00:00:00-04:00,29.200394946004234,29.295938828246733,28.7634827118673,28.84360122680664,28954000
2014-10-02 00:00:00-04:00,28.762487857847972,29.023242244080365,28.565927373068806,28.905803680419922,30726000
2014-10-03 00:00:00-04:00,29.066038462629756,29.27454099460378,29.036180523433675,29.17302703857422,24290000
2014-10-06 00:00:00-04:00,29.357145943922074,29.47906443732479,29.130729410110074,29.249162673950195,25722000
2014-10-07 00:00:00-04:00,29.105846150494855,29.15311884334076,28.56841468811035,28.56841468811035,30914000
2014-10-08 00:00:00-04:00,28.60275147706659,29.09539699849114,28.246952461113604,29.04812240600586,44158000
2014-10-09 00:00:00-04:00,28.942128912253967,28.987909564435103,28.316122106501275,28.404699325561523,48234000
2014-10-10 00:00:00-04:00,28.238493475427166,28.624645873896196,27.618456752850392,27.62741470336914,59574000
2014-10-13 00:00:00-04:00,27.62443022663336,27.91056263375185,27.09197599695377,27.107898712158203,55116000
2014-10-14 00:00:00-04:00,27.376116058189453,27.798595714725984,27.095458281683033,27.3039608001709,52198000
2014-10-15 00:00:00-04:00,26.975035886257444,27.066597197265313,26.295285123362046,26.90785789489746,76720000
2014-10-16 00:00:00-04:00,26.224621503181403,26.9207922685331,26.122608308702496,26.71826171875,76100000
2014-10-17 00:00:00-04:00,26.893922216812005,27.04321001424257,25.797166402223844,26.02408218383789,119930000
2014-10-20 00:00:00-04:00,25.89867797884503,26.531155974689682,25.833491283193634,26.492340087890625,54964000
2014-10-21 00:00:00-04:00,26.73567733501617,26.810319327279007,26.383859012032897,26.773496627807617,49190000
2014-10-22 00:00:00-04:00,26.923777705959903,27.406967918508478,26.882972428996005,27.005388259887695,59474000
2014-10-23 00:00:00-04:00,27.28355755798328,27.737389082665675,27.145219012111863,27.55078125,43026000
2014-10-24 00:00:00-04:00,27.616965523903424,27.617960219010467,27.12830067156596,27.314411163330078,43508000
2014-10-27 00:00:00-04:00,27.257683621884993,27.568199345010285,27.22981697224091,27.363178253173828,31934000
2014-10-28 00:00:00-04:00,27.454242379329322,27.826958794818676,27.390545828249614,27.814022064208984,34774000
2014-10-29 00:00:00-04:00,27.909068382433574,28.114089473732633,27.6667272413684,27.789640426635742,41066000
2014-10-30 00:00:00-04:00,27.779685904074533,27.991174397646596,27.475142169607082,27.880205154418945,32250000
2014-10-31 00:00:00-04:00,28.27979538021927,28.301192713483903,28.106124281652217,28.25839614868164,46810000
2014-11-03 00:00:00-05:00,28.04243075154989,28.2225692734391,27.947881566144204,28.054372787475586,30834000
2014-11-04 00:00:00-05:00,27.924495577609708,28.10513145180452,27.782176346478245,28.075273513793945,27726000
2014-11-05 00:00:00-05:00,28.20465641181416,28.210129133315842,27.575663602385834,27.66523551940918,32906000
2014-11-06 00:00:00-05:00,27.642840893283935,27.707532142450845,27.398011119484753,27.4532470703125,33014000
2014-11-07 00:00:00-05:00,27.647816659592245,27.647816659592245,27.336803610903733,27.459714889526367,31782000
2014-11-10 00:00:00-05:00,27.4885791715626,27.898120197669837,27.449763283742584,27.7786922454834,26090000
2014-11-11 00:00:00-05:00,27.793122318201476,27.9911748385759,27.679664437279243,27.93096351623535,21966000
2014-11-12 00:00:00-05:00,27.923998401999775,27.92897377589561,27.642841370920003,27.779687881469727,21882000
2014-11-13 00:00:00-05:00,27.90707762143109,27.907574968967126,27.572675944730914,27.689617156982422,30220000
2014-11-14 00:00:00-05:00,27.767245292712655,27.767245292712655,27.494051530303945,27.62741470336914,28502000
2014-11-17 00:00:00-05:00,27.627413785067688,27.627413785067688,27.092470966244193,27.201948165893555,33612000
2014-11-18 00:00:00-05:00,27.266140766789572,27.507984547089695,27.060624237424314,27.09595489501953,36440000
2014-11-19 00:00:00-05:00,27.10789794869911,27.280572462893673,26.83122084794623,27.229816436767578,30346000
2014-11-20 00:00:00-05:00,26.975531205079207,27.139247767545132,26.946172513501747,27.05863380432129,35016000
2014-11-21 00:00:00-05:00,27.420901529460327,27.420901529460327,27.12033846676551,27.164627075195312,50120000
2014-11-24 00:00:00-05:00,27.19846631398647,27.428366167824244,27.078041767478215,27.243749618530273,33076000
2014-11-25 00:00:00-05:00,27.230314178183352,27.493555305747744,27.215386158315415,27.330833435058594,38072000
2014-11-26 00:00:00-05:00,27.330831329099148,27.36317600241176,27.13178222092299,27.256187438964844,29604000
2014-11-28 00:00:00-05:00,27.21986283713023,27.34924343221813,27.09446292059184,27.323368072509766,24202000
2014-12-01 00:00:00-05:00,27.124815837188258,27.308936928534493,26.80285544850483,26.854110717773438,39888000
2014-12-02 00:00:00-05:00,26.84415956757351,26.963589420010162,26.605799108526966,26.80136489868164,41480000
2014-12-03 00:00:00-05:00,26.747123507762595,26.941692703553347,26.633168275538413,26.720748901367188,32476000
2014-12-04 00:00:00-05:00,26.754087815937897,27.005386881089958,26.617241320490503,26.99991226196289,32598000
2014-12-05 00:00:00-05:00,26.70731122177415,26.781955111695265,26.237558896573304,26.278362274169922,61402000
2014-12-08 00:00:00-05:00,26.335095112782714,26.564000283388456,26.22462320635434,26.410236358642578,64566000
2014-12-09 00:00:00-05:00,26.168888138908518,26.704825673523,26.045974958306147,26.677953720092773,43322000
2014-12-10 00:00:00-05:00,26.66750450078896,26.839681668827943,26.24900551512846,26.27637481689453,46222000
2014-12-11 00:00:00-05:00,26.374402891899056,26.724229915607413,26.33210557444167,26.47890281677246,41426000
2014-12-12 00:00:00-05:00,26.24651590267434,26.48537370152352,25.94893882375616,25.951427459716797,47314000
2014-12-15 00:00:00-05:00,26.063392866168794,26.14350948449503,25.647382508641677,25.66927719116211,52352000
2014-12-16 00:00:00-05:00,25.557808099532316,25.65633605953965,24.741212831729534,24.78948211669922,86998000
2014-12-17 00:00:00-05:00,24.8740787326718,25.332388302598577,24.836756784924663,25.202011108398438,72788000
2014-12-18 00:00:00-05:00,25.676738961896174,25.689677590563107,25.207482083415663,25.608566284179688,77534000
2014-12-19 00:00:00-05:00,25.726502305999773,25.916593465332316,25.321936670728505,25.878276824951172,97442000
2014-12-22 00:00:00-05:00,25.906641275195735,26.52170071874397,25.905644681856447,26.488359451293945,66390000
2014-12-23 00:00:00-05:00,26.598335948569947,26.985982311843905,26.55902460957068,26.810321807861328,57544000
2014-12-24 00:00:00-05:00,26.81280947737305,26.885959431196294,26.627693681423,26.718759536743164,14754000
2014-12-26 00:00:00-05:00,26.718758638333046,27.033255023234158,26.647100729574138,26.947166442871094,22270000
2014-12-29 00:00:00-05:00,26.896408266434193,27.067093382945117,26.730203074241135,26.737667083740234,44300000
2014-12-30 00:00:00-05:00,26.62072737956491,26.764043203841993,26.553549391997805,26.63665199279785,20972000
2014-12-31 00:00:00-05:00,26.75906542289118,26.79190934384924,26.383860357529567,26.40675163269043,24648000
2015-01-02 00:00:00-05:00,26.503287439452063,26.662527868700302,26.268410321522673,26.35151481628418,26480000
2015-01-05 00:00:00-05:00,26.232085798376406,26.273885771708642,25.764322836130155,25.849414825439453,41182000
2015-01-06 00:00:00-05:00,25.90116728970276,25.936497948150002,25.157224580764094,25.21146583557129,54456000
2015-01-07 00:00:00-05:00,25.425942528444878,25.452812586136073,25.062679470156286,25.13732147216797,46918000
2015-01-08 00:00:00-05:00,24.956185466108163,25.25425988998477,24.633228479386553,25.22490119934082,73054000
2015-01-09 00:00:00-05:00,25.288098294715493,25.308998280574947,24.813866036099117,24.916872024536133,42000000
2015-01-12 00:00:00-05:00,24.843227553129108,24.894980176137008,24.42870922148024,24.7347469329834,57138000
2015-01-13 00:00:00-05:00,25.00893393714728,25.308999663328926,24.74469811602012,24.970617294311523,60958000
2015-01-14 00:00:00-05:00,24.901943752839887,25.292078716529858,24.789482467672684,25.176132202148438,52800000
2015-01-15 00:00:00-05:00,25.323429682085397,25.36622435009624,24.98106664317948,25.080591201782227,51068000
2015-01-16 00:00:00-05:00,25.037793756599353,25.420962059892116,25.034807773170588,25.40155601501465,49658000
2015-01-20 00:00:00-05:00,25.5165061965885,25.65783072459475,25.347315020660428,25.37567901611328,46796000
2015-01-21 00:00:00-05:00,25.42046586220361,25.96834733847556,25.35826324973092,25.895694732666016,46356000
2015-01-22 00:00:00-05:00,26.02557312241996,26.8138044588719,25.97133376461755,26.737171173095703,56068000
2015-01-23 00:00:00-05:00,26.77349654790352,27.140740236112272,26.660038669867784,26.968563079833984,45966000
2015-01-26 00:00:00-05:00,26.94617420514463,26.94617420514463,26.476917271810308,26.708311080932617,30932000
2015-01-27 00:00:00-05:00,26.443573891037325,26.512245817096385,25.919081045777528,25.935503005981445,39148000
2015-01-28 00:00:00-05:00,26.125097474176556,26.159433438060667,25.495607333998667,25.499588012695312,35822000
2015-01-29 00:00:00-05:00,25.52297623300577,25.636931463844675,25.054216680385302,25.539398193359375,79018000
2015-01-30 00:00:00-05:00,25.826526239009823,27.025792567820293,25.785720959525282,26.74961280822754,121108000
2015-02-02 00:00:00-05:00,26.588879715290837,26.697362226380704,25.96187821225495,26.48338508605957,75378000
2015-02-03 00:00:00-05:00,26.370922289105483,26.744635319769706,26.215167080698766,26.538124084472656,47062000
2015-02-04 00:00:00-05:00,26.530160678669176,26.709801856826733,26.12658971226051,26.17983627319336,33896000
2015-02-05 00:00:00-05:00,26.27090071623641,26.40824457533613,26.156945480643547,26.365449905395508,33176000
2015-02-06 00:00:00-05:00,26.42416950169611,26.88247718732361,26.306730933478583,26.566986083984375,42938000
2015-02-09 00:00:00-05:00,26.42665285843166,26.56698268490693,26.251988969440887,26.338077545166016,30314000
2015-02-10 00:00:00-05:00,26.4808962116572,26.92128987195623,26.332605016732696,26.87948989868164,47430000
2015-02-11 00:00:00-05:00,26.85809175378977,26.968563650758913,26.672478617394773,26.772003173828125,38306000
2015-02-12 00:00:00-05:00,26.85460865670679,27.28654360287512,26.722242077513073,27.17059898376465,48590000
2015-02-13 00:00:00-05:00,27.24524169653322,27.495546088132038,27.199958391930654,27.4268741607666,47382000
2015-02-17 00:00:00-05:00,27.42687394509929,27.518435248684497,27.03375298053748,27.12083625793457,39174000
2015-02-18 00:00:00-05:00,27.061618919926634,27.247232056508214,26.849135728647646,27.00339698791504,31164000
2015-02-19 00:00:00-05:00,26.994442812572046,27.2128979859822,26.90885157410618,27.192495346069336,30834000
2015-02-20 00:00:00-05:00,27.24872598264451,27.24872598264451,26.776982323546072,26.961101531982422,38234000
2015-02-23 00:00:00-05:00,26.82176793528673,26.83669595521,26.473432916983043,26.622718811035156,32906000
2015-02-24 00:00:00-05:00,26.451037627021698,26.841669947178787,26.423668326389357,26.804349899291992,28406000
2015-02-25 00:00:00-05:00,26.79389932759879,27.347750846245294,26.772500096126645,27.236284255981445,40836000
2015-02-26 00:00:00-05:00,27.1571657357686,27.87324185584924,27.12481915988902,27.83144187927246,54032000
2015-02-27 00:00:00-05:00,27.774709338983882,28.33552943453355,27.718976042188498,27.997644424438477,68328000
2015-03-02 00:00:00-05:00,28.21510385652082,28.662464155382814,28.02351875753392,28.614194869995117,50406000
2015-03-03 00:00:00-05:00,28.680380538414607,28.904310329332265,28.389272759358224,28.801801681518555,50526000
2015-03-04 00:00:00-05:00,28.711230548088874,28.943121675363713,28.489789413492826,28.778907775878906,37964000
2015-03-05 00:00:00-05:00,28.843104867625108,29.021252110414373,28.773935589622027,28.93317413330078,35918000
2015-03-06 00:00:00-05:00,28.961536259715043,29.000350248845674,28.466901351818667,28.50870132446289,37592000
2015-03-09 00:00:00-04:00,28.410170853190046,28.635592671771906,28.31711561181354,28.56841468811035,23478000
2015-03-10 00:00:00-04:00,28.2887526549746,28.352449208268478,27.857812394533042,27.85930633544922,40080000
2015-03-11 00:00:00-04:00,27.856817908031292,28.07477572675918,27.63836274175198,27.65229606628418,40524000
2015-03-12 00:00:00-04:00,27.791131087902876,27.958330977018086,27.64433383739133,27.924991607666016,35602000
2015-03-13 00:00:00-04:00,27.828454811021235,28.08373458536222,27.38557249698237,27.518436431884766,35428000
2015-03-16 00:00:00-04:00,27.714001642034326,28.05337870666932,27.434835902438525,27.948381423950195,36856000
2015-03-17 00:00:00-04:00,27.781675690766093,27.8986169025315,27.58860044257001,27.747838973999023,28892000
2015-03-18 00:00:00-04:00,27.75380993750507,28.19072216709017,27.543316129195297,28.17330551147461,35324000
2015-03-19 00:00:00-04:00,28.091695744457645,28.21311498962998,27.9722677878144,28.04939842224121,24660000
2015-03-20 00:00:00-04:00,28.200674946802053,28.220080992709757,28.089705697885634,28.11309242248535,44320000
2015-03-23 00:00:00-04:00,28.16534312988457,28.346478252180443,28.019043218173906,28.13399314880371,30234000
2015-03-24 00:00:00-04:00,28.29173964356686,28.955565764209183,28.269345715213362,28.739599227905273,79156000
2015-03-25 00:00:00-04:00,28.741089946643296,28.865495170087335,28.215105056762695,28.215105056762695,53070000
2015-03-26 00:00:00-04:00,28.098165547194,28.224562066747044,27.78267444329377,28.04790496826172,49842000
2015-03-27 00:00:00-04:00,27.957834520126514,28.06930301469404,27.714001340732448,27.744853973388672,34552000
2015-03-30 00:00:00-04:00,27.879211442956784,27.974256077312862,27.707034278935833,27.923498153686523,24788000
2015-03-31 00:00:00-04:00,27.764259080270907,27.988686206197436,27.601537217569934,27.603031158447266,34932000
2015-04-01 00:00:00-04:00,27.609500733935363,27.792125991118475,27.171593818526762,27.34377098083496,38902000
2015-04-02 00:00:00-04:00,27.24026319101297,27.269621879273945,26.893420262938218,26.93671417236328,47760000
2015-04-06 00:00:00-04:00,26.813803467096285,27.147210450401598,26.657550917708573,27.06808853149414,33718000
2015-04-07 00:00:00-04:00,27.11984211751234,27.377111276323426,27.050175494169807,27.113372802734375,27318000
2015-04-08 00:00:00-04:00,27.17009972575731,27.44379273277843,27.17009972575731,27.311424255371094,28386000
2015-04-09 00:00:00-04:00,27.329838874820418,27.337800232352862,26.968565226393707,27.270620346069336,32366000
2015-04-10 00:00:00-04:00,27.347750706496978,27.36168403020876,27.119342907818996,27.29649543762207,26104000
2015-04-13 00:00:00-04:00,27.222351689574023,27.531870804832067,27.185029743181815,27.301471710205078,29326000
2015-04-14 00:00:00-04:00,27.19846545039989,27.19846545039989,26.65954194093019,26.860580444335938,47206000
2015-04-15 00:00:00-04:00,26.770014149799174,27.03026928337361,26.491843115168763,26.923280715942383,46962000
2015-04-16 00:00:00-04:00,26.78942084000078,27.13178388436651,26.776981456397728,27.04669189453125,31722000
2015-04-17 00:00:00-04:00,26.737668936681025,26.86157681811742,26.32414721593485,26.510255813598633,49234000
2015-04-20 00:00:00-04:00,26.56051750874127,27.160151648915384,26.54061221567842,27.096952438354492,38508000
2015-04-21 00:00:00-04:00,27.18552617695055,27.258178778865826,26.98150169490702,27.01683235168457,29128000
2015-04-22 00:00:00-04:00,27.023800595897004,27.41891095446079,26.937214665209446,27.328344345092773,31806000
2015-04-23 00:00:00-04:00,27.389551867531054,27.924992056924758,27.373129907222175,27.740373611450195,78184000
2015-04-24 00:00:00-04:00,28.864499948100384,29.095893735413284,28.282282525908276,28.546520233154297,92168000
2015-04-27 00:00:00-04:00,28.50223452441801,28.63907914266462,27.98122496474795,28.171316146850586,48062000
2015-04-28 00:00:00-04:00,28.08174178699678,28.256407585729242,27.914541896194876,28.084230422973633,37178000
2015-04-29 00:00:00-04:00,27.892148526805943,28.157380938360884,27.81700918291425,27.93593978881836,33622000
2015-04-30 00:00:00-04:00,27.795110399449005,27.92200425092481,27.205928239690785,27.307939529418945,47240000
2015-05-01 00:00:00-04:00,27.39452758728399,27.42986014433985,27.063111884749812,27.4268741607666,36572000
2015-05-04 00:00:00-04:00,27.41841460504617,27.702058377790433,27.239270769992288,27.510475158691406,35260000
2015-05-05 00:00:00-04:00,27.37710931885538,27.499027799260734,26.98946299363541,27.022804260253906,28528000
2015-05-06 00:00:00-04:00,27.00290111494223,27.067095017402284,26.485374911326176,26.626699447631836,39034000
2015-05-07 00:00:00-04:00,26.667503103007714,27.130290674447487,26.54558651861384,26.973041534423828,31844000
2015-05-08 00:00:00-04:00,27.312919574528486,27.50848346960538,27.271119600060963,27.3169002532959,28226000
2015-05-11 00:00:00-04:00,27.29400820268659,27.536848583336,27.150196932215003,27.15915298461914,21858000
2015-05-12 00:00:00-04:00,27.011360351651575,27.018826260021466,26.62271929286661,26.808332443237305,35282000
2015-05-13 00:00:00-04:00,26.894917988911445,27.062615234700797,26.820771440038516,26.84615135192871,24238000
2015-05-14 00:00:00-04:00,27.06908294332043,27.35372328904799,26.995932992186955,27.32933807373047,31736000
2015-05-15 00:00:00-04:00,27.38855846346637,27.399008457196775,26.99593482981566,27.19448471069336,33440000
2015-05-18 00:00:00-04:00,27.061617842051874,27.286542305791095,26.983490622190832,27.203439712524414,26706000
2015-05-19 00:00:00-04:00,27.269625969202092,27.53834172092602,27.225836603989475,27.333322525024414,47126000
2015-05-20 00:00:00-04:00,27.414930964098783,27.671205431466316,27.12531522725151,27.49405288696289,30840000
2015-05-21 00:00:00-04:00,27.37910173268026,27.747839375905357,27.334315776425097,27.70802879333496,34170000
2015-05-22 00:00:00-04:00,27.591086358531037,27.77918812578546,27.54928638764627,27.594072341918945,24266000
2015-05-26 00:00:00-04:00,27.497537037826792,27.534858987199435,27.01932405344371,27.229320526123047,37474000
2015-05-27 00:00:00-04:00,27.303462541988,27.632389595385217,27.198962612456,27.580636978149414,34844000
2015-05-28 00:00:00-04:00,27.557748114142544,27.655778731057346,27.40895957410926,27.5771541595459,23544000
2015-05-29 00:00:00-04:00,27.5283872557761,27.565211854338155,27.122329569616472,27.136262893676758,43446000
2015-06-01 00:00:00-04:00,27.305951829141996,27.397513131980475,27.049677372775,27.329837799072266,33210000
2015-06-02 00:00:00-04:00,27.241259142449287,27.8065572371483,27.19746788351159,27.56570816040039,31842000
2015-06-03 00:00:00-04:00,27.622935677586938,27.766748848465934,27.47613842137767,27.63239097595215,26710000
2015-06-04 00:00:00-04:00,27.47763038835437,27.66573216866478,27.32535851291281,27.4532470703125,26866000
2015-06-05 00:00:00-04:00,27.468675441344192,27.53485873583574,27.23877367799511,27.345762252807617,24396000
2015-06-08 00:00:00-04:00,27.34974171975514,27.36268034919054,27.018326016136143,27.044700622558594,27336000
2015-06-09 00:00:00-04:00,27.04171531232723,27.112378530156708,26.81430218953417,26.979015350341797,30016000
2015-06-10 00:00:00-04:00,27.15517358841303,27.607013856805626,27.125814895529622,27.498531341552734,30316000
2015-06-11 00:00:00-04:00,27.59258066479455,27.60949997203479,27.3278456140786,27.371139526367188,25872000
2015-06-12 00:00:00-04:00,27.227325281632748,27.311919916198185,27.15168669872066,27.243249893188477,25468000
2015-06-15 00:00:00-04:00,27.007380824921984,27.07306677415767,26.832219559142324,27.020816802978516,27150000
2015-06-16 00:00:00-04:00,27.094464574330054,27.2044372326442,26.94965670546712,27.11387062072754,32526000
2015-06-17 00:00:00-04:00,27.141239518840212,27.287539428219436,26.96159834037656,27.19995880126953,24440000
2015-06-18 00:00:00-04:00,27.26962531457906,27.729924273741336,27.26962531457906,27.676679611206055,41192000
2015-06-19 00:00:00-04:00,27.693599187553787,27.762768463900272,27.481613332198364,27.74336051940918,59290000
2015-06-22 00:00:00-04:00,27.837411258497703,28.14593567999445,27.81252869528142,27.850845336914062,34752000
2015-06-23 00:00:00-04:00,27.8563195111651,28.110604572572235,27.724947628160667,28.035463333129883,31396000
2015-06-24 00:00:00-04:00,27.990179604391717,27.99814096133968,27.708027899261246,27.795608520507812,28924000
2015-06-25 00:00:00-04:00,27.881698371393778,28.023022904170073,27.74037383861748,27.76475715637207,26684000
2015-06-26 00:00:00-04:00,27.85233978728508,27.866770459319735,27.461210108334733,27.521421432495117,43676000
2015-06-29 00:00:00-04:00,27.20742026636096,27.413933379799165,26.883468599048605,26.93372917175293,37756000
2015-06-30 00:00:00-04:00,27.12481708528841,27.165125016021655,26.84863733383414,26.873519897460938,34510000
2015-07-01 00:00:00-04:00,27.053659624648734,27.16064819887811,26.859587768668284,27.03574562072754,30760000
2015-07-02 00:00:00-04:00,27.107399580949497,27.26962409562764,27.0491776489155,27.23678207397461,28124000
2015-07-06 00:00:00-04:00,26.983494467529983,27.29849012942961,26.976030457221377,27.151193618774414,25614000
2015-07-07 00:00:00-04:00,27.241261108830788,27.41891099671103,26.86406475288439,27.370641708374023,33578000
2015-07-08 00:00:00-04:00,27.150199019474538,27.283560306878492,26.931244592191803,26.956125259399414,27662000
2015-07-09 00:00:00-04:00,27.30197155921598,27.31341624767384,27.101430396926684,27.102922439575195,29766000
2015-07-10 00:00:00-04:00,27.553765038394285,27.83143872049052,27.46867305213776,27.673194885253906,43436000
2015-07-13 00:00:00-04:00,27.842386714923148,28.506212804532133,27.80207878473511,28.45047950744629,41792000
2015-07-14 00:00:00-04:00,28.588322458091987,29.345203837795456,28.571900496831322,29.070018768310547,74832000
2015-07-15 00:00:00-04:00,29.04812133942842,29.294443141959814,28.872460850985455,29.05906867980957,41466000
2015-07-16 00:00:00-04:00,29.334752513084457,30.081183865080128,29.25612793990252,29.945831298828125,112642000
2015-07-17 00:00:00-04:00,33.838221106320034,34.982750691769915,33.738698445214034,34.814552307128906,257162000
2015-07-20 00:00:00-04:00,34.28508655891703,34.7239862854627,33.92630155084864,34.47716522216797,102436000
2015-07-21 00:00:00-04:00,34.08105845257196,35.11212822158671,34.044733100099094,34.60206985473633,75604000
2015-07-22 00:00:00-04:00,34.535882410082856,35.49678814899117,34.416454469234026,34.58962631225586,83100000
2015-07-23 00:00:00-04:00,34.42789945722426,34.637897807801416,33.419719065770764,33.57597351074219,76232000
2015-07-24 00:00:00-04:00,33.6774938890592,33.728249919772345,32.50360549497774,32.582725524902344,82622000
2015-07-27 00:00:00-04:00,32.423484265080674,33.194798189116966,32.42248956996989,32.756893157958984,58382000
2015-07-28 00:00:00-04:00,32.93056117983332,33.04700504487811,32.515048193304445,32.8260612487793,34364000
2015-07-29 00:00:00-04:00,32.955441420677246,33.00868798193428,32.486681854302454,32.91413879394531,36756000
2015-07-30 00:00:00-04:00,32.715591603096456,33.24356591417389,32.42945729443249,33.06989669799805,39606000
2015-07-31 00:00:00-04:00,33.07686603966456,33.09179406111684,32.70365031717076,32.71857833862305,34922000
2015-08-03 00:00:00-04:00,32.72653318843614,33.17489007318254,32.72653318843614,33.07785415649414,31348000
2015-08-04 00:00:00-04:00,33.05894913477002,33.24108086199318,32.8683624983995,32.90667724609375,26188000
2015-08-05 00:00:00-04:00,33.12910938142436,33.833740747052644,33.12065067668282,33.50431823730469,36448000
2015-08-06 00:00:00-04:00,33.53915218523821,33.57696958179637,32.879304865029276,33.34806442260742,40660000
2015-08-07 00:00:00-04:00,33.23012763167443,33.28088365628983,32.78674799709372,33.06143569946289,27544000
2015-08-10 00:00:00-04:00,33.19579566468501,33.42121941218479,32.85442918232779,32.999237060546875,34458000
2015-08-11 00:00:00-04:00,34.812561922260244,35.03251102135897,34.05319196670167,34.35076904296875,109880000
2015-08-12 00:00:00-04:00,34.55927144933116,34.63441268860277,33.86359994560989,34.408992767333984,58498000
2015-08-13 00:00:00-04:00,34.296029025403136,34.53638075306919,33.946701244301074,34.16217041015625,36354000
2015-08-14 00:00:00-04:00,34.03925863193982,34.44830230022643,33.98253064081724,34.30448913574219,27598000
2015-08-17 00:00:00-04:00,34.23831010512728,34.57171520938467,33.990494340986714,34.540367126464844,24680000
2015-08-18 00:00:00-04:00,34.38908790809751,34.62246918934674,34.102953618926655,34.27264404296875,27710000
2015-08-19 00:00:00-04:00,34.3413166039005,34.84341363014723,34.17660344873559,34.53688049316406,50194000
2015-08-20 00:00:00-04:00,34.29105769260156,34.642374885702246,33.60334373270872,33.81234359741211,57798000
2015-08-21 00:00:00-04:00,33.39235106947993,33.484413517765304,32.00199891067636,32.04827880859375,91880000
2015-08-24 00:00:00-04:00,29.887109967285213,31.23466736677428,29.51339507109792,30.75844383239746,129788000
2015-08-25 00:00:00-04:00,32.16970079126738,32.196071601714955,30.437978340898916,30.4777889251709,71430000
2015-08-26 00:00:00-04:00,32.00200180996454,32.96639296453643,31.36853093821326,32.83004379272461,87740000
2015-08-27 00:00:00-04:00,33.439627323330356,33.53865643877194,32.40009875907851,33.23908615112305,58974000
2015-08-28 00:00:00-04:00,33.12960599755526,33.1913112601805,32.53196511115411,32.827552795410156,38836000
2015-08-31 00:00:00-04:00,32.56132649542408,33.06243264737781,32.163729382995065,32.23687744140625,38936000
2015-09-01 00:00:00-04:00,31.539712699582264,32.06868361614378,31.104294382006966,31.328224182128906,51458000
2015-09-02 00:00:00-04:00,31.74821263769646,32.0995317281875,31.381963629569068,32.09206771850586,37630000
2015-09-03 00:00:00-04:00,32.24234942209297,32.407559919278484,31.539709359797214,31.700939178466797,34572000
2015-09-04 00:00:00-04:00,31.335191149137966,31.57404897216321,31.175952600454472,31.29836654663086,40478000
2015-09-08 00:00:00-04:00,31.89749763039896,32.098536131707625,31.49442593272483,32.04081344604492,39092000
2015-09-09 00:00:00-04:00,32.438914332281534,32.711608865533535,31.892522977546392,32.01742935180664,40978000
2015-09-10 00:00:00-04:00,32.04180830965956,32.58919052091599,31.932331108099063,32.39910125732422,27850000
2015-09-11 00:00:00-04:00,32.35581373766536,32.609597689396985,32.21647668215714,32.609100341796875,34892000
2015-09-14 00:00:00-04:00,32.62551848278302,32.63994915374951,32.32047361279742,32.46826934814453,29942000
2015-09-15 00:00:00-04:00,32.679261728846825,33.28337576359641,32.511564483783765,33.09527587890625,35546000
2015-09-16 00:00:00-04:00,33.11915637967936,33.24455628928222,32.95245384771594,33.1176643371582,26252000
2015-09-17 00:00:00-04:00,33.21569328140369,33.937241971203164,33.0917854205379,33.42369842529297,47752000
2015-09-18 00:00:00-04:00,33.094771583387406,33.33263657386632,32.84446910852931,32.88875961303711,72544000
2015-09-21 00:00:00-04:00,33.11716719712836,33.29083639182441,32.74345420351376,33.19031524658203,39094000
2015-09-22 00:00:00-04:00,32.717077964656006,32.784257840631156,32.09803600380535,32.50459289550781,54362000
2015-09-23 00:00:00-04:00,32.48967103425006,32.856914764926245,32.38168586474263,32.50907897949219,29160000
2015-09-24 00:00:00-04:00,32.294111023976726,32.682254789409306,31.955728598321965,32.58969497680664,38692000
2015-09-25 00:00:00-04:00,32.7723181972491,32.7723181972491,31.83081840330942,31.855201721191406,48480000
2015-09-28 00:00:00-04:00,31.80046065973247,31.98955901756391,30.745007613607502,31.063982009887695,47646000
2015-09-29 00:00:00-04:00,31.12618545530217,31.58300105560578,30.75446373865772,30.98237419128418,42130000
2015-09-30 00:00:00-04:00,31.441180724550893,31.81340170525908,31.307819446839947,31.766626358032227,52954000
2015-10-01 00:00:00-04:00,31.74522859590613,32.03882691534487,31.40585152049268,31.947261810302734,42506000
2015-10-02 00:00:00-04:00,31.74870773140859,32.69368887582738,31.524280617983617,32.69319152832031,48788000
2015-10-05 00:00:00-04:00,32.92259850170166,33.49137803095471,32.637458919252964,33.424198150634766,37960000
2015-10-06 00:00:00-04:00,33.30825356398411,33.77850516032635,32.99624580791008,33.422210693359375,42774000
2015-10-07 00:00:00-04:00,33.70883744933083,33.775519983835146,32.74892634371688,33.340599060058594,44354000
2015-10-08 00:00:00-04:00,33.31323319255144,33.43465434025584,32.56879118371935,33.191314697265625,39308000
2015-10-09 00:00:00-04:00,33.21569776531462,33.544125585485,32.96041800034467,33.402305603027344,32124000
2015-10-12 00:00:00-04:00,33.30029497813457,33.73770269009724,33.20325904689431,33.66057205200195,26684000
2015-10-13 00:00:00-04:00,33.55258821792855,34.25920898832213,33.495359080626606,33.995967864990234,42446000
2015-10-14 00:00:00-04:00,34.023837839585745,34.337835019652395,33.78348606975454,33.85862731933594,31292000
2015-10-15 00:00:00-04:00,34.09947427886417,34.542853941204285,34.05667960871049,34.48612594604492,47156000
2015-10-16 00:00:00-04:00,34.60456088539135,34.645366167249,34.291061057572634,34.60057830810547,36316000
2015-10-19 00:00:00-04:00,34.53488955021998,34.845405250163914,34.44581498821183,34.83097457885742,30172000
2015-10-20 00:00:00-04:00,34.72846705699682,34.733941676789335,33.523724199658744,33.83822250366211,52434000
2015-10-21 00:00:00-04:00,33.997956832177366,34.08205412583548,33.375433364233984,33.430171966552734,31952000
2015-10-22 00:00:00-04:00,33.61130709155433,34.238807867122816,33.42519659241261,33.89495086669922,88632000
2015-10-23 00:00:00-04:00,37.32455644757202,37.44597760309753,35.726198910841745,35.79536819458008,126726000
2015-10-26 00:00:00-04:00,35.82969771466529,36.57264759490626,35.82969771466529,36.382057189941406,48776000
2015-10-27 00:00:00-04:00,36.155638868700095,36.62290635996657,36.03471887880079,36.466651916503906,38778000
2015-10-28 00:00:00-04:00,36.475614452228946,36.69307302967633,36.190474844365795,36.67068099975586,39604000
2015-10-29 00:00:00-04:00,36.65624868468739,37.161830932712064,36.58309683436983,37.06529235839844,36520000
2015-10-30 00:00:00-04:00,37.100625876041015,37.137945927112554,36.651274237717004,36.694068908691406,39984000
2015-11-02 00:00:00-05:00,36.551749657455446,37.23100112723164,36.39847929092907,37.2091064453125,39914000
2015-11-03 00:00:00-05:00,37.09415217776977,37.40615991680805,36.88166709419315,37.262847900390625,36306000
2015-11-04 00:00:00-05:00,37.31659089167331,37.81421180052391,37.28175757991562,37.5858039855957,41840000
2015-11-05 00:00:00-05:00,37.75997163309044,38.13518051232283,37.69329288954392,37.85253143310547,45486000
2015-11-06 00:00:00-05:00,37.78883678218821,37.96947266101324,37.57187175133231,37.89881134033203,33544000
2015-11-09 00:00:00-05:00,37.74554110497061,37.98340612435336,37.277282669450685,37.55893325805664,35538000
2015-11-10 00:00:00-05:00,37.494739951188045,37.84904503528066,37.24244806437337,37.732601165771484,29798000
2015-11-11 00:00:00-05:00,37.93762204584018,38.271027141078676,37.80674750482283,38.080440521240234,41866000
2015-11-12 00:00:00-05:00,37.828145462896956,38.10781045111619,37.61317362319538,37.646514892578125,35452000
2015-11-13 00:00:00-05:00,37.522608771075056,37.58680077849414,36.79757470194591,36.82743453979492,48188000
2015-11-16 00:00:00-05:00,36.83439925610551,37.40666026574575,36.54179563992592,37.34246826171875,50704000
2015-11-17 00:00:00-05:00,37.44448181734079,37.56789235098415,37.02548357933909,37.121524810791016,38864000
2015-11-18 00:00:00-05:00,37.30017129217958,37.873928146461466,37.19168877855353,37.81968688964844,36266000
2015-11-19 00:00:00-05:00,37.80823891722509,37.97991873406628,37.68134695529932,37.81620407104492,28078000
2015-11-20 00:00:00-05:00,38.28197564029531,38.78059123085264,38.02321444513171,38.66514205932617,55478000
2015-11-23 00:00:00-05:00,38.68853369020143,38.958741479725944,38.491473957226816,38.65021514892578,34648000
2015-11-24 00:00:00-05:00,38.464104919409735,38.614884754662974,37.725137559637346,38.298397064208984,47880000
2015-11-25 00:00:00-05:00,38.40090733314478,38.46609782873732,38.144135520879296,38.27998733520508,23612000
2015-11-27 00:00:00-05:00,38.27501010330349,38.51585920086577,38.16752228586968,38.41484069824219,14434000
2015-11-30 00:00:00-05:00,38.40986428090268,38.56711343353651,37.874923309261355,37.96101379394531,33586000
2015-12-01 00:00:00-05:00,38.16453883702487,39.06324209416027,38.1152748520615,39.003028869628906,40398000
2015-12-02 00:00:00-05:00,39.075681637498256,39.46382532912744,38.6367781239171,38.70744323730469,46876000
2015-12-03 00:00:00-05:00,38.842297169261066,39.03736371324353,37.941107200174635,38.227237701416016,41950000
2015-12-04 00:00:00-05:00,38.302373874388394,38.93484801596204,38.0933740334979,38.77511215209961,49800000
2015-12-07 00:00:00-05:00,38.81741744763948,38.864194696849,38.153591295193614,38.46560287475586,36626000
2015-12-08 00:00:00-05:00,38.04311217623052,38.74724612924193,37.94458422059123,38.57258224487305,31082000
2015-12-09 00:00:00-05:00,38.37155063916996,38.619863759329604,37.42159017763056,37.946083068847656,46550000
2015-12-10 00:00:00-05:00,37.99783169676223,38.12124221632569,37.57037480239904,37.82117462158203,32458000
2015-12-11 00:00:00-05:00,37.271806942878534,37.69179987199412,37.25438838867485,37.34246826171875,43184000
2015-12-14 00:00:00-05:00,37.38426778350325,38.025701858089896,36.637836427045,37.94558334350586,53864000
2015-12-15 00:00:00-05:00,38.206835867349085,38.553179598691806,37.71966684467828,37.82366943359375,49386000
2015-12-16 00:00:00-05:00,38.14612544665826,38.88907538854301,37.67239239941348,38.64474105834961,53120000
2015-12-17 00:00:00-05:00,38.87215188775663,38.8935492214376,38.28197500378918,38.308349609375,36510000
2015-12-18 00:00:00-05:00,38.178968946937225,38.52282593802575,37.64949880931926,37.662437438964844,67794000
2015-12-21 00:00:00-05:00,37.97096510929549,38.13518092690727,37.52808278655808,37.85900115966797,34848000
2015-12-22 00:00:00-05:00,38.031674822175916,38.333728046238384,37.87890559539048,38.17399215698242,36338000
2015-12-23 00:00:00-05:00,38.35114302648295,38.41135624527588,37.70224498552143,38.24266052246094,30594000
2015-12-24 00:00:00-05:00,38.24315970744716,38.27699832313993,38.03764507211892,38.109798431396484,10412000
2015-12-28 00:00:00-05:00,38.316808212561895,38.954757034106755,38.203849577479566,38.92589569091797,31156000
2015-12-29 00:00:00-05:00,39.162264643482466,39.74448396222811,39.12295520573154,39.50910949707031,38430000
2015-12-30 00:00:00-05:00,39.50911230719599,39.633517536850135,39.172719320944,39.32698059082031,28566000
2015-12-31 00:00:00-05:00,39.203564346447145,39.228944254867294,38.68106473592766,38.71540069580078,32752000
2016-01-04 00:00:00-05:00,37.92866465168549,37.92866465168549,37.1991507297773,37.79132080078125,67382000
2016-01-05 00:00:00-05:00,38.023218990238334,38.277002943750404,37.60272867585629,37.895328521728516,45216000
2016-01-06 00:00:00-05:00,37.339984102292526,38.104327625779796,37.22204818138013,37.785850524902344,48206000
2016-01-07 00:00:00-05:00,37.146906318410295,37.58580607090798,36.58907215523405,36.87371063232422,63132000
2016-01-08 00:00:00-05:00,37.21208807581802,37.32753724151214,36.27257962965634,36.37160873413086,47506000
2016-01-11 00:00:00-05:00,36.423362160342094,36.57911926593462,35.80681064583871,36.479095458984375,50896000
2016-01-12 00:00:00-05:00,36.86126808356463,37.238963697749234,36.64629624123848,37.08967590332031,46816000
2016-01-13 00:00:00-05:00,37.28872036804441,37.47085206192258,35.66846849727574,35.80730438232422,51728000
2016-01-14 00:00:00-05:00,36.049646203078375,36.81846953126541,35.08227111633838,36.39549255371094,55558000
2016-01-15 00:00:00-05:00,35.33058618663917,36.03571490352117,34.90860388041495,35.35546875,76676000
2016-01-19 00:00:00-05:00,35.83616739537845,36.09493237923126,35.32361849605535,35.782920837402344,48724000
2016-01-20 00:00:00-05:00,35.12705452056877,36.17454809644386,34.22536728806838,35.75704574584961,82440000
2016-01-21 00:00:00-05:00,35.837163484246084,36.70800005874484,35.386319829904295,36.16061782836914,51938000
2016-01-22 00:00:00-05:00,36.92347253846093,37.24991479358121,36.848832434073316,37.09564971923828,47146000
2016-01-25 00:00:00-05:00,37.015032206718786,37.443981154563524,36.45072880259209,36.50646209716797,45340000
2016-01-26 00:00:00-05:00,36.58558820994809,36.79707481549345,36.17554603518242,36.514923095703125,30940000
2016-01-27 00:00:00-05:00,36.61942318801045,36.61942318801045,35.50276403488027,35.708282470703125,42428000
2016-01-28 00:00:00-05:00,36.73387728992281,37.37929013849401,36.356181690938946,37.23697280883789,62104000
2016-01-29 00:00:00-05:00,37.26982005297129,38.07347681403321,37.0329497198785,37.88637161254883,75808000
2016-02-01 00:00:00-05:00,38.37951066235783,38.6945063133027,37.88786171152425,38.35512924194336,111522000
2016-02-02 00:00:00-05:00,39.83455364647798,40.32471052541643,38.844285344764415,38.85971450805664,135846000
2016-02-03 00:00:00-05:00,39.126936682605766,39.38321115140419,36.637837399879935,37.29071807861328,131114000
2016-02-04 00:00:00-05:00,37.05235653395423,37.08470310920246,35.958089357420214,36.32781982421875,104922000
2016-02-05 00:00:00-05:00,36.10239849669483,36.16310527115123,34.84043032142689,35.02056884765625,109556000
2016-02-08 00:00:00-05:00,34.22039337797896,35.05838983961501,33.93824165577193,35.04047393798828,89410000
2016-02-09 00:00:00-05:00,34.482640439197596,35.87647786921668,34.26119928359262,34.884220123291016,84300000
2016-02-10 00:00:00-05:00,35.42015418533852,35.988933681516635,35.1016771515542,35.1743278503418,60314000
2016-02-11 00:00:00-05:00,34.6513363219466,35.446534335880614,34.39506185303676,35.14995193481445,65004000
2016-02-12 00:00:00-05:00,35.441063770778314,35.62966102677124,34.912090913110745,35.17633056640625,46538000
2016-02-16 00:00:00-05:00,35.76152424125676,35.97201994330941,35.34003928615826,35.711265563964844,43444000
2016-02-17 00:00:00-05:00,36.17703994665215,36.513432939244304,35.66001487007434,36.42435836791992,49154000
2016-02-18 00:00:00-05:00,36.523384319089516,36.624896367580575,35.60726256917976,35.704795837402344,47276000
2016-02-19 00:00:00-05:00,35.62467690228506,36.02924443847554,35.48633835867938,35.93370056152344,34918000
2016-02-22 00:00:00-05:00,36.301938295175255,36.56766993544697,36.000382447374164,36.279048919677734,37516000
2016-02-23 00:00:00-05:00,36.13224996370403,36.37110584392941,35.613231785335905,35.693843841552734,41332000
2016-02-24 00:00:00-05:00,35.36143404019202,35.8894120749195,34.93398094580679,35.87348556518555,37092000
2016-02-25 00:00:00-05:00,35.974506582421945,36.301939700050205,35.4918137123975,36.282535552978516,36146000
2016-02-26 00:00:00-05:00,36.50546995628764,36.63285926807521,35.92524379784174,36.07054901123047,42474000
2016-02-29 00:00:00-05:00,35.878460875544114,36.35617641398719,35.67145042923088,35.69036102294922,45068000
2016-03-01 00:00:00-05:00,35.893392963763745,36.939891899054004,35.761026385814226,36.93193054199219,60112000
2016-03-02 00:00:00-05:00,36.96676473133603,36.97920221648382,36.48805063571471,36.79806900024414,36292000
2016-03-03 00:00:00-05:00,36.79806871119092,36.87370729930235,36.30791182936019,36.40544509887695,40534000
2016-03-04 00:00:00-05:00,36.56518309296489,36.575133839856065,36.10836370354059,36.33727264404297,48516000
2016-03-07 00:00:00-05:00,36.08497913581763,36.187489678685246,35.08923999168951,35.47041702270508,61690000
2016-03-08 00:00:00-05:00,35.25096347173125,35.94066679135705,35.03251021679488,35.50674057006836,52530000
2016-03-09 00:00:00-05:00,35.5883546076181,36.139222091730495,35.463452029619845,36.09791946411133,39544000
2016-03-10 00:00:00-05:00,36.21635498886443,36.651773322553964,35.99242707872845,36.4343147277832,44616000
2016-03-11 00:00:00-05:00,36.82146011960919,37.06778003704122,36.65973104805113,37.066287994384766,35380000
2016-03-14 00:00:00-04:00,37.07126871410774,37.53355900164528,37.006078213251115,37.33351516723633,32824000
2016-03-15 00:00:00-04:00,37.123515190697546,37.47135477089283,36.965271340641664,37.34993362426758,29832000
2016-03-16 00:00:00-04:00,37.27429301297814,37.769427176641834,37.14740104987417,37.68781661987305,29306000
2016-03-17 00:00:00-04:00,37.70224672161412,38.084915791884136,37.68781604978745,37.74354934692383,44564000
2016-03-18 00:00:00-04:00,37.90029935225394,37.925675465363916,37.412131881292375,37.59077835083008,56222000
2016-03-21 00:00:00-04:00,37.51613439391137,37.98539126867204,37.384762514740956,37.926673889160156,28774000
2016-03-22 00:00:00-04:00,37.7415596312543,38.06799805403003,37.71369298292644,37.82167434692383,22096000
2016-03-23 00:00:00-04:00,37.985892865219434,38.0874087184711,37.621633224236895,37.69776916503906,24678000
2016-03-24 00:00:00-04:00,37.381286657532144,37.697770570860776,37.34645334333497,37.56241989135742,31116000
2016-03-28 00:00:00-04:00,37.62859635355816,37.73459212156763,37.42308172502961,37.48478698730469,21676000
2016-03-29 00:00:00-04:00,37.50469016017419,38.17648141334366,37.236475562311185,38.11228561401367,40062000
2016-03-30 00:00:00-04:00,38.227730210012375,38.680566997768146,38.196382131970694,38.23419952392578,40396000
2016-03-31 00:00:00-04:00,38.23420228113315,38.27102498076401,37.732101479856624,37.963497161865234,32554000
2016-04-01 00:00:00-04:00,37.67786112559335,38.31879397161077,37.58032406987109,38.300384521484375,31674000
2016-04-04 00:00:00-04:00,38.29242406134884,38.43823041704059,37.90826294395835,38.073970794677734,26924000
2016-04-05 00:00:00-04:00,37.72613312085494,37.96200492941499,37.600232063111754,37.74802780151367,24478000
2016-04-06 00:00:00-04:00,37.71170048942834,38.23818652865165,37.6350672051181,38.220767974853516,25312000
2016-04-07 00:00:00-04:00,38.083922181938455,38.284960694700956,37.694783785981095,37.82516098022461,25498000
2016-04-08 00:00:00-04:00,38.111289407500365,38.173989365149524,37.60869505124779,37.79281234741211,23434000
2016-04-11 00:00:00-04:00,38.090387998722086,38.178467863276815,37.686818967588316,37.69676971435547,31774000
2016-04-12 00:00:00-04:00,37.741063449975755,38.064016653417234,37.399693200864554,38.03416061401367,27388000
2016-04-13 00:00:00-04:00,38.33223643496621,38.602941579231256,38.047597965603316,38.41185760498047,35426000
2016-04-14 00:00:00-04:00,38.58353755933097,38.795024174361195,38.4770444339096,38.58502960205078,26992000
2016-04-15 00:00:00-04:00,38.59050235022247,38.86071013471034,38.56213455719019,38.814430236816406,31712000
2016-04-18 00:00:00-04:00,38.823883540792586,39.23989768016777,38.69549953559888,39.19660186767578,33540000
2016-04-19 00:00:00-04:00,39.33693807124687,39.35933010308477,38.33024957173747,38.62782669067383,43952000
2016-04-20 00:00:00-04:00,38.77263477141684,38.79751733795195,38.380011106358104,38.561641693115234,34262000
2016-04-21 00:00:00-04:00,38.68057161171843,38.89803018362727,38.39393996847017,38.814430236816406,77628000
2016-04-22 00:00:00-04:00,37.018512967925965,37.5166311774361,36.3447361734931,36.712974548339844,140798000
2016-04-25 00:00:00-04:00,36.59255535870185,37.06678574621623,36.58011407666997,36.933921813964844,49442000
2016-04-26 00:00:00-04:00,37.043895391133944,37.102115426203525,35.84462720998508,36.09592819213867,55864000
2016-04-27 00:00:00-04:00,36.09344205510637,36.18450602193449,35.28530534856921,35.901363372802734,66262000
2016-04-28 00:00:00-04:00,35.99242032041375,36.28950003419015,34.99269867759642,35.08525466918945,62590000
2016-04-29 00:00:00-04:00,35.038484564595244,35.43608166454471,35.021563358070836,35.225589752197266,58278000
2016-05-02 00:00:00-04:00,35.426629226866595,35.60029844209669,35.14995211666399,35.550537109375,33476000
2016-05-03 00:00:00-04:00,35.45548932144332,35.49878133769499,35.19822016514425,35.253456115722656,38620000
2016-05-04 00:00:00-04:00,35.17035250679827,35.582380263784756,35.03499804576937,35.39925765991211,34172000
2016-05-05 00:00:00-04:00,35.57989469191801,35.7067866558808,35.30371493790211,35.56546401977539,29668000
2016-05-06 00:00:00-04:00,35.440561356074525,36.12677948862199,35.42812007417731,36.08647155761719,39952000
2016-05-09 00:00:00-04:00,36.16210767886379,36.5398032552347,36.00286915247035,36.28303146362305,38074000
2016-05-10 00:00:00-04:00,36.573145536375286,36.82394536818033,36.40644299603729,36.793094635009766,32634000
2016-05-11 00:00:00-04:00,36.84982377195738,36.86375709637984,36.221825681305646,36.353694915771484,29834000
2016-05-12 00:00:00-04:00,36.42584954078559,36.593550583773435,36.04119106316533,36.23028564453125,27094000
2016-05-13 00:00:00-04:00,36.158128209065595,36.39051478166736,36.003365813288134,36.069053649902344,25244000
2016-05-16 00:00:00-04:00,36.04367809037071,36.45968845064352,35.82870624772518,36.34125518798828,22538000
2016-05-17 00:00:00-04:00,36.37907823039688,36.617436810521276,35.729185397214415,35.83816146850586,33404000
2016-05-18 00:00:00-04:00,35.75406099102888,36.10587933263704,35.580889130022136,35.91728210449219,32536000
2016-05-19 00:00:00-04:00,35.744108273801984,35.85358547347792,35.34650740369304,35.59531784057617,30598000
2016-05-20 00:00:00-04:00,35.65254754551724,36.21186989339292,35.58039039159985,35.913795471191406,34798000
2016-05-23 00:00:00-04:00,35.827712017940364,36.0028732780813,35.676434831049676,35.69186019897461,24816000
2016-05-24 00:00:00-04:00,35.82124321624916,36.53532804121641,35.81128867150912,36.477108001708984,37884000
2016-05-25 00:00:00-04:00,36.57513555845805,36.8184713849409,36.45570760742253,36.72939682006836,32216000
2016-05-26 00:00:00-04:00,36.624900823024184,36.878688568217406,36.47561681732846,36.671180725097656,27202000
2016-05-27 00:00:00-04:00,36.700039966601075,37.217566175729644,36.67515740213914,37.20214080810547,34802000
2016-05-31 00:00:00-04:00,37.25986333710199,37.49474046959381,37.10112214381735,37.26434326171875,42484000
2016-06-01 00:00:00-04:00,37.24543524432635,37.38974577517532,37.03991679002503,37.244937896728516,20788000
2016-06-02 00:00:00-04:00,37.12749813618313,37.18721401493415,36.67466126455069,37.036434173583984,33916000
2016-06-03 00:00:00-04:00,36.89809369845315,36.89809369845315,36.52089544087779,36.6179313659668,24608000
2016-06-06 00:00:00-04:00,36.749300450780595,36.749300450780595,36.24123148688698,36.329307556152344,29992000
2016-06-07 00:00:00-04:00,36.48904814974876,36.660226817428686,36.36613497182697,36.38056564331055,24314000
2016-06-08 00:00:00-04:00,36.7990681235732,37.01354263380493,36.6134587571015,36.96975326538086,32314000
2016-06-09 00:00:00-04:00,36.678145956215076,37.0195124231962,36.64978195827462,36.94934844970703,19180000
2016-06-10 00:00:00-04:00,36.62241313824325,36.80603310591473,36.35170798875749,36.485069274902344,29050000
2016-06-13 00:00:00-04:00,36.31737317485139,36.774188840950536,36.31737317485139,36.419883728027344,23354000
2016-06-14 00:00:00-04:00,36.29199112320116,36.62489888020248,36.152160525756656,36.48805236816406,26584000
2016-06-15 00:00:00-04:00,36.571150739013284,36.682119978507224,36.391509577662056,36.435302734375,23234000
2016-06-16 00:00:00-04:00,36.22481011719919,36.34573391024414,35.60676656460802,36.04019546508789,45002000
2016-06-17 00:00:00-04:00,35.89787304164153,35.89787304164153,34.88919529376315,35.044952392578125,82262000
2016-06-20 00:00:00-04:00,35.346509199654975,35.62318629803756,35.102676022153176,35.13850402832031,45654000
2016-06-21 00:00:00-04:00,35.33357251668775,35.59880683953701,35.065357904934125,35.275352478027344,30318000
2016-06-22 00:00:00-04:00,35.532618425265596,35.540579782292184,35.126061497011506,35.354469299316406,29058000
2016-06-23 00:00:00-04:00,35.358453457452576,35.573922640521026,34.845904534187724,35.57342529296875,42500000
2016-06-24 00:00:00-04:00,34.34429944615361,35.08227206208448,34.08255037715095,34.096981048583984,95436000
2016-06-27 00:00:00-04:00,33.962130754549584,34.003930729979515,33.47296853526772,33.89495086669922,58146000
2016-06-28 00:00:00-04:00,34.40401511615899,34.47218969269111,34.07956609149681,34.39854049682617,38246000
2016-06-29 00:00:00-04:00,34.54783247671888,34.808583084268555,34.46920599949296,34.59410858154297,43124000
2016-06-30 00:00:00-04:00,34.71652113309417,35.02106487519846,34.57967462885375,35.00912094116211,42250000
2016-07-01 00:00:00-04:00,35.08724668785308,35.45697709095618,35.01907211606122,35.34352111816406,30984000
2016-07-05 00:00:00-04:00,35.08277326759957,35.23753189014946,34.79017343343819,35.07680130004883,28440000
2016-07-06 00:00:00-04:00,34.82550204340118,35.48037209688001,34.783702069554415,35.27983093261719,28902000
2016-07-07 00:00:00-04:00,35.3365564364973,35.33954052161344,34.86680221309976,35.194732666015625,21174000
2016-07-08 00:00:00-04:00,35.35894886770982,35.72420316801821,35.23703038625002,35.718231201171875,29946000
2016-07-11 00:00:00-04:00,35.79984364377765,36.27307933019018,35.77247434227224,36.18699264526367,28822000
2016-07-12 00:00:00-04:00,36.421870403239645,36.604993015486855,36.20192129228202,36.451229095458984,26468000
2016-07-13 00:00:00-04:00,36.60101434647031,36.60101434647031,36.27755999387385,36.30044937133789,20436000
2016-07-14 00:00:00-04:00,36.522384668059175,36.63186186670392,36.355682132503205,36.61494445800781,21408000
2016-07-15 00:00:00-04:00,36.87370332851451,36.87370332851451,36.557215685933464,36.606483459472656,32342000
2016-07-18 00:00:00-04:00,36.719942453688915,37.577343015346365,36.650275834373154,37.480804443359375,38698000
2016-07-19 00:00:00-04:00,37.31509697713922,37.64949675323835,37.24642505218371,37.49125671386719,30436000
2016-07-20 00:00:00-04:00,37.52310170613116,37.85103596049637,37.52310170613116,37.67388153076172,22502000
2016-07-21 00:00:00-04:00,37.669896965464176,37.72712609693844,37.39720246988223,37.541015625,19062000
2016-07-22 00:00:00-04:00,37.68582625863699,37.79181823226763,37.45393322370042,37.78335952758789,20920000
2016-07-25 00:00:00-04:00,37.70373925039624,37.81023237061646,37.524098075014415,37.695777893066406,21466000
2016-07-26 00:00:00-04:00,37.69577830487533,37.78236613444382,37.458414438849495,37.702247619628906,23792000
2016-07-27 00:00:00-04:00,37.76793326951181,38.04062777879965,37.6166560977368,37.91721725463867,32172000
2016-07-28 00:00:00-04:00,38.25908621847949,38.265555533091906,37.77390280873279,38.109798431396484,73464000
2016-07-29 00:00:00-04:00,39.69571962591369,40.00573420426207,39.312052050027326,39.37873458862305,101810000
2016-08-01 00:00:00-04:00,39.14634313308739,40.18239020828324,39.065229924339754,39.856449127197266,60594000
2016-08-02 00:00:00-04:00,39.67680741583243,39.92512051418892,39.5374741735775,39.815643310546875,39928000
2016-08-03 00:00:00-04:00,39.63401715200151,39.786786387916386,39.46233731780905,39.75593185424805,29206000
2016-08-04 00:00:00-04:00,39.72209266140868,39.81962594041612,39.50712081021218,39.672828674316406,21520000
2016-08-05 00:00:00-04:00,39.815144897855156,40.168952613518584,39.7006904253242,40.15452194213867,36146000
2016-08-08 00:00:00-04:00,40.10824577615856,40.18786694646204,39.89377127907749,40.06993103027344,24426000
2016-08-09 00:00:00-04:00,40.033101956115516,40.47300016169666,40.01170462219541,40.18189239501953,32154000
2016-08-10 00:00:00-04:00,40.16049882804228,40.351085461034025,40.132632176923565,40.232154846191406,18370000
2016-08-11 00:00:00-04:00,40.3306786673458,40.50036909107159,40.10824282888888,40.21772003173828,25646000
2016-08-12 00:00:00-04:00,40.062962486596874,40.167462420303764,39.99080532982909,40.16049575805664,17946000
2016-08-15 00:00:00-04:00,40.16846101104062,40.37497416073222,40.0102171542101,40.106258392333984,18596000
2016-08-16 00:00:00-04:00,39.983836878642,40.02165807003204,39.66038254789947,39.86888885498047,21158000
2016-08-17 00:00:00-04:00,39.80967340390332,40.08983574208078,39.6255522976536,40.079383850097656,21322000
2016-08-18 00:00:00-04:00,40.0764016141889,40.207773512112105,39.89078845667466,39.9465217590332,17292000
2016-08-19 00:00:00-04:00,39.799222064181315,39.87088187671997,39.65441798947737,39.79225540161133,22416000
2016-08-22 00:00:00-04:00,39.73552210758665,39.77483533989896,39.5275169533687,39.657894134521484,17056000
2016-08-23 00:00:00-04:00,39.83355864308152,39.85943590346761,39.61012808982706,39.639984130859375,18350000
2016-08-24 00:00:00-04:00,39.65341830322606,39.73303947108235,39.3498692447299,39.49119567871094,25672000
2016-08-25 00:00:00-04:00,39.4115728122524,39.54692727315594,39.1742089546806,39.376739501953125,24054000
2016-08-26 00:00:00-04:00,39.43595705765216,39.779814024356156,39.28269049610552,39.47228240966797,24978000
2016-08-29 00:00:00-04:00,39.46382429955393,39.736021464828696,39.3279724924095,39.60166549682617,15474000
2016-08-30 00:00:00-04:00,39.45536853057909,39.71015095810005,39.285678095906,39.407596588134766,23348000
2016-08-31 00:00:00-04:00,39.29214703567327,39.39017765747067,39.17271907897596,39.304588317871094,21428000
2016-09-01 00:00:00-04:00,39.410579025863036,39.455864228569276,39.129425799302794,39.381717681884766,26070000
2016-09-02 00:00:00-04:00,39.57429422741824,39.665358176333704,39.4742704302813,39.65391159057617,26998000
2016-09-06 00:00:00-04:00,39.729555465770844,40.35158162176543,39.58226085655379,40.20876693725586,39790000
2016-09-07 00:00:00-04:00,40.20428369418724,40.33714761971504,39.9947864866621,40.207271575927734,22906000
2016-09-08 00:00:00-04:00,40.06943345857169,40.228672001741586,39.859932438396655,39.95099639892578,23554000
2016-09-09 00:00:00-04:00,39.74846361431118,39.89675670608522,39.215014714360365,39.236412048339844,37752000
2016-09-12 00:00:00-04:00,39.0393556523279,39.81812976071029,38.98859583119722,39.750953674316406,37274000
2016-09-13 00:00:00-04:00,39.51159698359655,39.600174201053484,39.02989880535723,39.248355865478516,36180000
2016-09-14 00:00:00-04:00,39.189135499083065,39.627044293847014,39.189135499083065,39.334938049316406,25842000
2016-09-15 00:00:00-04:00,39.312548654164715,39.99130277565045,39.245368769278706,39.870880126953125,31144000
2016-09-16 00:00:00-04:00,39.760908179715216,39.760908179715216,39.492192419103,39.708656311035156,42612000
2016-09-19 00:00:00-04:00,39.864907311538175,40.00822313073009,39.48920490481448,39.58026885986328,22990000
2016-09-20 00:00:00-04:00,39.80967436798833,39.94652088293757,39.723086534268056,39.79872512817383,20984000
2016-09-21 00:00:00-04:00,39.872372136980324,40.10376783071114,39.612115099113566,40.059974670410156,26970000
2016-09-22 00:00:00-04:00,40.307289463497284,40.75813307966072,40.1933361398272,40.60337448120117,35186000
2016-09-23 00:00:00-04:00,40.563071348127444,40.655627350329574,40.44314604366209,40.554115295410156,28234000
2016-09-26 00:00:00-04:00,40.2983353640709,40.3112739929525,39.832062562987105,39.9415397644043,29454000
2016-09-27 00:00:00-04:00,39.90073420773013,40.48096033393408,39.90073420773013,40.3436164855957,27346000
2016-09-28 00:00:00-04:00,40.01269895294182,40.31973322778755,39.94800960422908,40.31027603149414,29406000
2016-09-29 00:00:00-04:00,40.16945550094624,40.50186592914719,39.852470441306906,39.94104766845703,27000000
2016-09-30 00:00:00-04:00,39.98881411531352,40.21224464457858,39.88431418637398,40.01170349121094,33204000
2016-10-03 00:00:00-04:00,39.93656795541981,39.98583194348709,39.62207342863735,39.82858657836914,29784000
2016-10-04 00:00:00-04:00,40.05847994773781,40.133123837384396,39.79324945210685,39.94850540161133,25174000
2016-10-05 00:00:00-04:00,40.10824399148876,40.2326492171426,39.845002868101304,39.870880126953125,24276000
2016-10-06 00:00:00-04:00,40.01270154880611,40.155520028631834,39.83505355295293,39.96294021606445,21998000
2016-10-07 00:00:00-04:00,40.104764740057995,40.10526208763634,39.65143052412624,39.84500503540039,23262000
2016-10-10 00:00:00-04:00,40.0052361873417,40.67453691026501,39.92113889243623,40.514801025390625,29922000
2016-10-11 00:00:00-04:00,40.51480146386312,40.79794788262201,40.17641909382341,40.28589630126953,34432000
2016-10-12 00:00:00-04:00,40.404827698424036,40.531222318396246,40.23514106080364,40.3953742980957,18158000
2016-10-13 00:00:00-04:00,40.11173205980282,40.136113481180175,39.74100309435939,40.01270294189453,27380000
2016-10-14 00:00:00-04:00,40.18039798717935,40.31176986476155,39.92511824124324,40.03857421875,22238000
2016-10-17 00:00:00-04:00,40.10774616691513,40.4809618394378,40.000262148922076,40.15004348754883,21128000
2016-10-18 00:00:00-04:00,40.51678861887927,41.243314650477224,40.47299925693507,40.879058837890625,45786000
2016-10-19 00:00:00-04:00,40.94823062267222,41.29258496208381,40.94823062267222,41.145286560058594,30002000
2016-10-20 00:00:00-04:00,41.18111485034275,41.22640005451405,40.832284380484985,40.88602828979492,27878000
2016-10-21 00:00:00-04:00,40.80490956538855,41.01838933454743,40.72081227983567,41.00694274902344,32316000
2016-10-24 00:00:00-04:00,41.307015862624475,41.69764630662926,41.254763996077955,41.58816909790039,28952000
2016-10-25 00:00:00-04:00,41.72551137373422,41.72551137373422,41.06865194282186,41.23038101196289,37814000
2016-10-26 00:00:00-04:00,41.15922135888178,41.188583848753964,40.62328568260591,40.90941619873047,35898000
2016-10-27 00:00:00-04:00,40.95469665260216,41.1323446312283,40.53669314570532,40.67304229736328,59470000
2016-10-28 00:00:00-04:00,41.29955152743487,41.75039519199988,40.65562690987761,40.78302001953125,87098000
2016-10-31 00:00:00-04:00,40.925832912492176,40.93578745634323,40.20776937099233,40.30231475830078,44854000
2016-11-01 00:00:00-04:00,40.35058534021601,40.50435305493529,39.72308458903751,40.082366943359375,47118000
2016-11-02 00:00:00-04:00,40.14606551576742,40.14606551576742,39.06324117747868,39.233428955078125,47014000
2016-11-03 00:00:00-04:00,39.038360358170124,39.312053387715814,38.74625787515977,38.92341232299805,43504000
2016-11-04 00:00:00-04:00,38.38150096074094,39.23641487255526,38.366572940289686,38.869171142578125,39412000
2016-11-07 00:00:00-05:00,39.55837462100342,40.05848225632892,39.45636142582554,39.91069030761719,39852000
2016-11-08 00:00:00-05:00,39.910692365064996,40.60785596794584,39.7907632624004,40.40582275390625,35382000
2016-11-09 00:00:00-05:00,39.90073205249655,40.39238093726182,39.413563091777206,40.08783721923828,61970000
2016-11-10 00:00:00-05:00,40.307293278449485,40.31027736376956,38.22872978771781,38.828861236572266,118192000
2016-11-11 00:00:00-05:00,38.655687039537554,38.67957111029415,38.09486886054822,38.403892517089844,71852000
2016-11-14 00:00:00-05:00,38.40439115573148,38.405385850811534,37.00259243661968,37.4818000793457,73766000
2016-11-15 00:00:00-05:00,38.09138615530464,38.82637472634721,38.07894866985191,38.57358169555664,58878000
2016-11-16 00:00:00-05:00,38.3377083936913,38.9885958475382,38.13418315118466,38.81343460083008,35968000
2016-11-17 00:00:00-05:00,38.93883613396121,39.257313212036046,38.806966896783955,39.12096405029297,30674000
2016-11-18 00:00:00-05:00,39.171228413319874,39.376245716824,38.583040865311794,38.6138916015625,36126000
2016-11-21 00:00:00-05:00,38.71987863818697,39.14036888033235,38.630306729821406,39.053287506103516,32616000
2016-11-22 00:00:00-05:00,39.26179181998685,39.49965302717789,39.00054009218187,39.06324005126953,27884000
2016-11-23 00:00:00-05:00,39.28816565135865,39.28816565135865,38.448677187525774,38.76466751098633,26260000
2016-11-25 00:00:00-05:00,38.944311405318395,38.95874207782654,38.724362291641114,38.82587814331055,12270000
2016-11-28 00:00:00-05:00,38.73232272745613,39.796733814043044,38.71988144550828,39.10255432128906,51508000
2016-11-29 00:00:00-05:00,39.23143810051745,39.63252045368717,39.08016091066852,39.28418731689453,31240000
2016-11-30 00:00:00-05:00,39.26726338408859,39.38718867343479,38.473557515064954,38.609405517578125,45582000
2016-12-01 00:00:00-05:00,38.742279649136535,38.744766387060224,37.48877011172888,38.03466033935547,57342000
2016-12-02 00:00:00-05:00,37.91374074501135,38.341695058393825,37.76943021640131,38.04113006591797,34376000
2016-12-05 00:00:00-05:00,38.316809285230754,38.814430185038944,38.166029454024375,38.725852966308594,33770000
2016-12-06 00:00:00-05:00,38.82388653933868,39.07717693299962,38.4820227167535,38.62434005737305,34682000
2016-12-07 00:00:00-05:00,38.81194480593262,39.41157512581683,38.492469230952494,39.38520431518555,40588000
2016-12-08 00:00:00-05:00,39.458848776982904,39.759911095187974,39.20804893410182,39.56932067871094,32250000
2016-12-09 00:00:00-05:00,39.77483382267181,40.304801231228545,39.71263121778189,40.2799186706543,38090000
2016-12-12 00:00:00-05:00,40.04952655174005,40.37447293994612,40.03509587968057,40.20279312133789,32572000
2016-12-13 00:00:00-05:00,40.42622368009538,41.01889111609968,40.40383165066971,40.573020935058594,42564000
2016-12-14 00:00:00-05:00,40.60188622009199,41.016901871726546,40.4456317680152,40.69991683959961,35994000
2016-12-15 00:00:00-05:00,40.67354337794088,40.95420306389708,40.40681701694185,40.58845138549805,35394000
2016-12-16 00:00:00-05:00,40.72081662936359,40.765103340607226,40.213738531306724,40.29933166503906,51978000
2016-12-19 00:00:00-05:00,40.27146461533132,40.61681363903308,40.03359960959293,40.431697845458984,25272000
2016-12-20 00:00:00-05:00,40.474987532515236,40.63024727825794,40.35705162979482,40.5660514831543,25438000
2016-12-21 00:00:00-05:00,40.591928358212456,40.591928358212456,40.06345676304153,40.41676712036133,29192000
2016-12-22 00:00:00-05:00,40.26250904768992,40.360539666927835,40.10973602890157,40.2913703918457,22632000
2016-12-23 00:00:00-05:00,40.208266832824954,40.35556143194284,40.06395631894322,40.19781494140625,15310000
2016-12-27 00:00:00-05:00,40.24160369453936,40.6058633047742,40.09829167445342,40.30380630493164,19520000
2016-12-28 00:00:00-05:00,40.47300213679277,40.47300213679277,39.93109450712628,40.037086486816406,24296000
2016-12-29 00:00:00-05:00,39.92561836963975,40.095802347753484,39.71711585114539,39.95298767089844,21148000
2016-12-30 00:00:00-05:00,39.96941359263499,39.97339617013942,39.29314611586672,39.43397521972656,34718000
2017-01-03 00:00:00-05:00,39.840522363372415,40.37894853662925,39.654913019243565,40.20826721191406,39180000
2017-01-04 00:00:00-05:00,40.301818022612366,40.47797776391713,40.01419548292469,40.19632339477539,30306000
2017-01-05 00:00:00-05:00,40.18288524490786,40.493400941080495,40.10426257496399,40.45757293701172,26810000
2017-01-06 00:00:00-05:00,40.55560453138369,41.25078248283081,40.38193532954108,41.06417465209961,40342000
2017-01-09 00:00:00-05:00,41.12189300272618,41.32392617869971,40.885523868028535,41.162200927734375,28178000
2017-01-10 00:00:00-05:00,41.15673404773676,41.27317792080712,40.96117014875311,41.10398483276367,23948000
2017-01-11 00:00:00-05:00,41.134338638279154,41.297555948961346,40.878064187680906,41.29556655883789,26508000
2017-01-12 00:00:00-05:00,41.22191515520979,41.32144160424439,40.85516882765907,41.279144287109375,26990000
2017-01-13 00:00:00-05:00,41.35229591389691,41.53392647885099,41.278650511439196,41.34931182861328,25804000
2017-01-17 00:00:00-05:00,41.302530619553366,41.31148667109089,40.964148289121695,41.1761360168457,28818000
2017-01-18 00:00:00-05:00,41.29258480977805,41.29308215733705,41.00794255108676,41.25376892089844,20554000
2017-01-19 00:00:00-05:00,41.252774201718644,41.451823325044344,41.001974356463236,41.02237319946289,21410000
2017-01-20 00:00:00-05:00,41.257254131211454,41.26472193837271,41.03382356728315,41.21147537231445,26124000
2017-01-23 00:00:00-05:00,41.38265432318103,42.075839131684646,41.23784645516513,42.02060317993164,49148000
2017-01-24 00:00:00-05:00,42.1474916075816,42.37341266779276,41.913609190500445,42.27438735961914,33768000
2017-01-25 00:00:00-05:00,42.47443236252664,42.73518294270569,42.28483664866747,42.718265533447266,33108000
2017-01-26 00:00:00-05:00,42.74812278940755,42.84515871300565,42.32365374124597,42.64511489868164,69866000
2017-01-27 00:00:00-05:00,42.74563495934412,43.1437293910792,41.89470369802558,42.05045700073242,75050000
2017-01-30 00:00:00-05:00,41.653853922724814,41.66231262723893,40.85616543674755,40.99550247192383,70338000
2017-01-31 00:00:00-05:00,40.780033236386714,40.95768503017709,40.47648416877584,40.814369201660156,40404000
2017-02-01 00:00:00-05:00,41.00396605288338,41.00396605288338,40.41925993208094,40.568050384521484,45020000
2017-02-02 00:00:00-05:00,40.55610394479416,41.0318301699909,40.40930668831232,40.718326568603516,33784000
2017-02-03 00:00:00-05:00,40.960673907967916,41.109957910990936,40.772570217477366,40.81138610839844,30562000
2017-02-06 00:00:00-05:00,40.85069525424957,40.92384330740399,40.520771604113456,40.885528564453125,27018000
2017-02-07 00:00:00-05:00,41.078611822915796,41.398083629247175,40.96863725650898,41.26422119140625,33332000
2017-02-08 00:00:00-05:00,41.32890876779756,41.51402456023969,41.059198334628675,41.29656219482422,26044000
2017-02-09 00:00:00-05:00,41.38861788145596,41.4010591622122,41.12836466331737,41.30551528930664,23884000
2017-02-10 00:00:00-05:00,41.4493312782938,41.658331141713944,41.327913937112335,41.543880462646484,28302000
2017-02-13 00:00:00-05:00,41.68570169908085,41.88674400791161,41.613548338063204,41.74840545654297,25914000
2017-02-14 00:00:00-05:00,41.78870855706264,41.899677803944556,41.59264732173212,41.8016471862793,27266000
2017-02-15 00:00:00-05:00,41.740936572568046,41.88823496922659,41.61205522117448,41.66679382324219,27144000
2017-02-16 00:00:00-05:00,41.72551302695011,41.93401555283269,41.66380776004486,41.90814208984375,20102000
2017-02-17 00:00:00-05:00,41.86534423647702,42.1455065777481,41.78920829599608,42.1260986328125,29224000
2017-02-21 00:00:00-05:00,42.197757065178806,42.40725428240665,42.12609725518668,42.261451721191406,25206000
2017-02-22 00:00:00-05:00,42.198255726498026,42.486375628464266,42.13405992438514,42.365455627441406,24488000
2017-02-23 00:00:00-05:00,42.35152057133574,42.4281538561359,41.92456098705899,42.347537994384766,27734000
2017-02-24 00:00:00-05:00,42.18083563967834,42.216166298662436,41.94745055481597,42.18879699707031,26924000
2017-02-27 00:00:00-05:00,42.04647968390264,42.33111814265404,41.94994110695986,42.28135681152344,20206000
2017-02-28 00:00:00-05:00,42.16590908530682,42.23955828769776,41.871813419859556,42.04548263549805,27662000
2017-03-01 00:00:00-05:00,42.366450907001195,42.69587723772292,42.24901233735483,42.63367462158203,36374000
2017-03-02 00:00:00-05:00,42.611774887624726,42.620734736853926,42.23408307369732,42.290313720703125,25018000
2017-03-03 00:00:00-05:00,42.245028424254826,42.33858291756973,42.03453650911569,42.25199508666992,20100000
2017-03-06 00:00:00-05:00,42.141519816780566,42.24502504961466,41.858373418190276,42.161922454833984,20958000
2017-03-07 00:00:00-05:00,42.16142885027528,42.46348587116771,42.07484481515163,42.355003356933594,20774000
2017-03-08 00:00:00-05:00,42.45303509319425,42.642630824295914,42.3599817407182,42.478912353515625,20576000
2017-03-09 00:00:00-05:00,42.481398846899495,42.830726641822416,42.43063902624437,42.68790817260742,26954000
2017-03-10 00:00:00-05:00,42.92975826367045,43.00589420930017,42.67647165687447,42.86556625366211,26732000
2017-03-13 00:00:00-04:00,42.83669996306633,43.15019976285046,42.83620261551838,43.02330780029297,23332000
2017-03-14 00:00:00-04:00,42.98200498323474,43.17259539654285,42.80186646147932,43.08949279785156,21234000
2017-03-15 00:00:00-04:00,43.190506225859316,43.28704479852691,42.860085231034475,43.21289825439453,26658000
2017-03-16 00:00:00-04:00,43.31939294735396,43.4278754578069,43.16960781104474,43.29301834106445,22090000
2017-03-17 00:00:00-04:00,43.47614021848657,43.512966715781445,43.21190440557663,43.410953521728516,37366000
2017-03-20 00:00:00-04:00,43.267139759650235,43.30993442684573,43.0277865132574,43.18901443481445,30844000
2017-03-21 00:00:00-04:00,43.296000075954,43.46569049465567,42.182822425008034,42.30474090576172,50760000
2017-03-22 00:00:00-04:00,42.271896213333356,42.564002454967664,42.14848569227065,42.28782272338867,27334000
2017-03-23 00:00:00-04:00,41.86932556192455,41.88425358172217,41.45182316896296,41.782737731933594,65754000
2017-03-24 00:00:00-04:00,41.899677908682726,41.99920436577264,41.25775029404691,41.558311462402344,42114000
2017-03-27 00:00:00-04:00,41.20748471099821,41.86882401616233,41.018887499118804,41.72600555419922,38692000
2017-03-28 00:00:00-04:00,41.78473138978079,42.06887250633456,41.41549448494724,41.83150863647461,30384000
2017-03-29 00:00:00-04:00,41.93700047724774,42.37689487559268,41.86882590026654,42.29130554199219,29146000
2017-03-30 00:00:00-04:00,42.39630540475575,42.39730009987512,42.137046853948526,42.27190017700195,18988000
2017-03-31 00:00:00-04:00,42.14002798599817,42.275879791196296,42.060907967544466,42.188297271728516,28820000
2017-04-03 00:00:00-04:00,42.2355763596618,42.745638571326346,42.17486578625427,42.63367462158203,39388000
2017-04-04 00:00:00-04:00,42.19825369409247,42.44706414324032,42.17386847810619,42.42566680908203,26970000
2017-04-05 00:00:00-04:00,42.53215511340298,42.824754918951655,42.1743648153011,42.243534088134766,37104000
2017-04-06 00:00:00-04:00,42.27289425000621,42.476423295309694,41.999205030903404,42.0539436340332,30672000
2017-04-07 00:00:00-04:00,42.04896597286378,42.09275533634394,41.665799551046995,41.90465545654297,22232000
2017-04-10 00:00:00-04:00,41.87678900886231,42.135554003696605,41.839468959869954,41.88475036621094,20924000
2017-04-11 00:00:00-04:00,41.88474842876932,42.03055098168956,41.53143806064856,41.79418182373047,19486000
2017-04-12 00:00:00-04:00,41.72352257422532,41.98527165520635,41.68023055794506,41.87281036376953,22716000
2017-04-13 00:00:00-04:00,41.85190339960691,41.985765811780446,41.69316601864354,41.80910873413086,21474000
2017-04-17 00:00:00-04:00,41.868826095467625,42.578434719869584,41.85140754222109,42.55305480957031,20982000
2017-04-18 00:00:00-04:00,42.42417310128657,42.66551955280892,42.35998109558671,42.49633026123047,18724000
2017-04-19 00:00:00-04:00,42.665516352071535,42.805346940229015,42.473433900407464,42.621726989746094,21606000
2017-04-20 00:00:00-04:00,42.7824600493043,42.990962574816166,42.67099345033075,42.799381256103516,23776000
2017-04-21 00:00:00-04:00,42.826247587135,42.91681799148341,42.682438216481344,42.74314498901367,23458000
2017-04-24 00:00:00-04:00,43.21539010857216,43.788649595168835,43.09944358901415,43.73739242553711,33930000
2017-04-25 00:00:00-04:00,43.90309670682976,44.400220216435116,43.75480742263553,44.230533599853516,40760000
2017-04-26 00:00:00-04:00,44.357432089692125,44.437053260907625,44.04691635573521,44.24546813964844,26466000
2017-04-27 00:00:00-04:00,44.28826067361263,44.45645526435154,44.14793273214517,44.35991668701172,46846000
2017-04-28 00:00:00-04:00,46.2289833056629,46.57233915196607,45.94135696176339,46.00605010986328,76918000
2017-05-01 00:00:00-04:00,45.98763549105475,46.56835898470627,45.82093294672813,46.419071197509766,46556000
2017-05-02 00:00:00-04:00,46.44146439214126,46.92515193567673,46.328501964782554,46.631553649902344,35026000
2017-05-03 00:00:00-04:00,46.57980480081248,47.28393501499771,46.53800482853627,47.19685363769531,36496000
2017-05-04 00:00:00-04:00,47.288418890232826,47.72881447508053,47.14311367019751,47.50886535644531,38752000
2017-05-05 00:00:00-04:00,47.608384548319535,47.693977680464066,47.179435582153296,47.28791809082031,32310000
2017-05-08 00:00:00-04:00,47.14709094948871,47.82086775839251,47.14460041533586,47.706417083740234,37534000
2017-05-09 00:00:00-04:00,47.837790914882554,47.88108293028391,47.49293924120445,47.607887268066406,33758000
2017-05-10 00:00:00-04:00,47.58350728595059,47.607888705866756,47.26602490366015,47.514835357666016,22920000
2017-05-11 00:00:00-04:00,47.33818009516286,47.671589001797045,47.20481881043702,47.56708526611328,20622000
2017-05-12 00:00:00-04:00,47.66461938370445,47.67108490179041,47.376495700168334,47.529762268066406,24298000
2017-05-15 00:00:00-04:00,47.53722420595458,47.90595993772956,47.41431102984759,47.7327880859375,26754000
2017-05-16 00:00:00-04:00,47.94826166610166,48.06519908033106,47.789023136020695,48.001007080078125,22030000
2017-05-17 00:00:00-04:00,47.75667844176409,47.82087044454121,46.77934874535392,46.88434982299805,48982000
2017-05-18 00:00:00-04:00,46.93560514365216,47.48199270261548,46.839563911003516,47.29887008666992,36010000
2017-05-19 00:00:00-04:00,47.41431476409293,47.74971305203154,47.37350948468467,47.50537872314453,27206000
2017-05-22 00:00:00-04:00,47.62232180289006,48.011464015165366,47.600427119642504,47.97414016723633,27748000
2017-05-23 00:00:00-04:00,48.267237835588205,48.49365245936497,47.995534212582214,48.29659652709961,30908000
2017-05-24 00:00:00-04:00,48.530973677760734,48.673290999682955,48.35033781744656,48.64791488647461,22660000
2017-05-25 00:00:00-04:00,48.71708691602605,49.552095485591266,48.658365736310465,49.357025146484375,39082000
2017-05-26 00:00:00-04:00,49.363987774252244,49.582444819953565,49.13309324429243,49.427188873291016,32728000
2017-05-30 00:00:00-04:00,49.38887741356188,49.64365984662512,49.33214941709596,49.571502685546875,30324000
2017-05-31 00:00:00-04:00,49.573494793468086,49.742186736455,48.85045013841508,49.11966323852539,34482000
2017-06-01 00:00:00-04:00,49.31224244317443,49.420724956610236,48.83104159168539,49.179378509521484,26128000
2017-06-02 00:00:00-04:00,49.194303979352085,49.586927589204144,49.11866539171495,49.56901168823242,34710000
2017-06-05 00:00:00-04:00,49.6570952295227,50.13033093737802,49.535674083676135,49.955169677734375,27578000
2017-06-06 00:00:00-04:00,49.92680170113388,50.190540163002645,49.5033273602321,49.59687805175781,31042000
2017-06-07 00:00:00-04:00,49.71680567255514,49.95666007435565,49.556572438498584,49.836734771728516,27482000
2017-06-08 00:00:00-04:00,49.972584233661024,50.040758816462045,49.593897718013174,49.975074768066406,33758000
2017-06-09 00:00:00-04:00,50.0352863117907,50.03578365934579,47.44168335326146,48.27519989013672,72958000
2017-06-12 00:00:00-04:00,47.70791514961824,48.16970807633945,46.61712939078015,47.86167907714844,84042000
2017-06-13 00:00:00-04:00,48.37074644891303,48.66284893485774,47.87162967566141,48.29411315917969,40108000
2017-06-14 00:00:00-04:00,48.54291869578735,48.751918555650754,47.74721959261802,48.16621780395508,30110000
2017-06-15 00:00:00-04:00,47.175458424361636,47.805445918580425,46.79477873239831,47.78056335449219,48552000
2017-06-16 00:00:00-04:00,47.66760360660371,47.769119454284144,47.20929594422145,47.70293426513672,51184000
2017-06-19 00:00:00-04:00,48.25180963640218,48.73201578796598,48.17965627505127,48.528987884521484,29376000
2017-06-20 00:00:00-04:00,48.53346192536246,48.80616023718747,48.17965420308707,48.21896743774414,25946000
2017-06-21 00:00:00-04:00,48.30853829973042,48.74445391460337,48.241855765832476,48.69668197631836,23232000
2017-06-22 00:00:00-04:00,48.61109318648134,48.79173286116289,48.43394253788286,48.598655700683594,20190000
2017-06-23 00:00:00-04:00,48.54292091461438,49.09627511928635,48.49116639654198,49.06990051269531,31280000
2017-06-26 00:00:00-04:00,49.26446919634596,49.46302096849482,48.28564745663032,48.37322998046875,30358000
2017-06-27 00:00:00-04:00,47.851228431273455,48.13088962053102,47.12917848774571,47.17893981933594,48872000
2017-06-28 00:00:00-04:00,47.30683319806636,47.93283815343792,46.58528055752767,47.821868896484375,54912000
2017-06-29 00:00:00-04:00,47.34116429129793,47.356589658043006,46.25883734017331,46.66788101196289,64134000
2017-06-30 00:00:00-04:00,46.97491658718593,47.02517526565586,46.25933596810688,46.262821197509766,45754000
2017-07-03 00:00:00-04:00,46.43897951053063,46.4897393356842,45.54774024689556,45.75425338745117,33896000
2017-07-05 00:00:00-04:00,45.9901225114291,46.59174599526201,45.712948065906474,46.391204833984375,41882000
2017-07-06 00:00:00-04:00,46.029933032156634,46.584281922451495,45.77365857359319,46.16379165649414,40298000
2017-07-07 00:00:00-04:00,46.328008423422496,47.00825839140288,46.26829254771167,46.816673278808594,33266000
2017-07-10 00:00:00-04:00,46.87339943098436,47.42974149767488,46.87339943098436,47.32374572753906,29030000
2017-07-11 00:00:00-04:00,47.299860847826594,47.517319410743966,47.031145117097026,47.449642181396484,29224000
2017-07-12 00:00:00-04:00,47.81440008329572,48.25081305690123,47.62431081687159,48.15278244018555,32042000
2017-07-13 00:00:00-04:00,48.30904154623033,48.702162542624485,48.01046974290019,48.212005615234375,30492000
2017-07-14 00:00:00-04:00,48.46827882910553,48.6444347837493,48.27669371004717,48.61308670043945,21592000
2017-07-17 00:00:00-04:00,48.58372705915848,48.933552223751065,48.309039342146846,48.56581115722656,33210000
2017-07-18 00:00:00-04:00,48.43642641728307,49.30676563078745,48.37074237299491,49.112693786621094,28266000
2017-07-19 00:00:00-04:00,49.26496936991681,49.543138527974186,49.11568157244268,49.402313232421875,28242000
2017-07-20 00:00:00-04:00,49.6128006642316,49.69640060835615,48.996746525573215,49.37344741821289,28368000
2017-07-21 00:00:00-04:00,49.21470967485501,49.51875608689976,48.97435792042248,49.45555877685547,29266000
2017-07-24 00:00:00-04:00,49.468496555529676,50.07012005433784,49.277906136994034,49.67799377441406,79690000
2017-07-25 00:00:00-04:00,48.30406131010219,48.60412513778093,47.96070166923897,48.2209587097168,118672000
2017-07-26 00:00:00-04:00,48.407566533111606,48.46578656949827,47.78305366154828,48.03584289550781,44432000
2017-07-27 00:00:00-04:00,48.228421575789994,48.24534278192702,46.63006426205731,47.398887634277344,74358000
2017-07-28 00:00:00-04:00,47.17396496141067,47.86068042894375,47.04059988893956,47.68850326538086,36276000
2017-07-31 00:00:00-04:00,47.771605226171395,47.83082375192424,46.862450132985806,47.05005645751953,45670000
2017-08-01 00:00:00-04:00,47.1650087078518,47.497419126190216,47.02318871633743,47.102806091308594,28052000
2017-08-02 00:00:00-04:00,47.19287290064014,47.229202051439785,46.40414421953704,47.15654754638672,40788000
2017-08-03 00:00:00-04:00,47.22919908312733,47.27398313954903,46.74849561687678,46.791290283203125,22478000
2017-08-04 00:00:00-04:00,46.97292235828424,47.15156883531503,46.76641302937949,47.06448745727539,25092000
2017-08-07 00:00:00-04:00,47.15057605855185,47.22223586922327,46.95053223952732,47.062496185302734,28916000
2017-08-08 00:00:00-04:00,46.98984818307909,47.397897202144065,46.899778914400585,46.98487091064453,30102000
2017-08-09 00:00:00-04:00,46.699228901862014,46.96346469029814,46.47380520074299,46.78034210205078,28018000
2017-08-10 00:00:00-04:00,46.52755508385775,46.59224443539951,45.86970093941841,45.95977020263672,54148000
2017-08-11 00:00:00-04:00,45.965743619619225,46.44594599056053,45.84183573577295,46.283226013183594,32334000
2017-08-14 00:00:00-04:00,46.73008830583129,46.828118932126614,46.50217782493842,46.723121643066406,23012000
2017-08-15 00:00:00-04:00,46.827613891924955,46.929129731199424,46.60916064416503,46.680816650390625,22130000
2017-08-16 00:00:00-04:00,46.83856335386002,47.26900433386663,46.778350136515186,46.98884582519531,26906000
2017-08-17 00:00:00-04:00,46.9231621364417,46.96595680516212,46.16130541475995,46.16230010986328,33914000
2017-08-18 00:00:00-04:00,46.12846033216391,46.32949883781465,45.95280173719388,46.08864974975586,26748000
2017-08-21 00:00:00-04:00,46.068254101000285,46.19166084054602,45.71145847030445,45.82441711425781,26024000
2017-08-22 00:00:00-04:00,46.12746887332953,46.87390026139174,46.08815563570246,46.79627227783203,35502000
2017-08-23 00:00:00-04:00,46.62707903487638,47.046574627730806,46.53950030357906,46.904754638671875,22690000
2017-08-24 00:00:00-04:00,46.960981970611755,47.09036066813219,46.31556533943704,46.621604919433594,25892000
2017-08-25 00:00:00-04:00,46.73705212194473,46.81269071257735,46.28372172225197,46.303627014160156,23746000
2017-08-28 00:00:00-04:00,46.37229967697666,46.52009163113949,46.08517067724945,46.185691833496094,20988000
2017-08-29 00:00:00-04:00,45.77863087939163,46.68629005296311,45.74678165715136,46.56486892700195,23172000
2017-08-30 00:00:00-04:00,46.56089567833374,47.067969981134574,46.48027981644434,46.957000732421875,22406000
2017-08-31 00:00:00-04:00,47.08986495870487,47.63227372034157,47.087378220932,47.53474044799805,33866000
2017-09-01 00:00:00-04:00,47.645707034541715,47.68850170112063,47.2879167423963,47.373008728027344,20858000
2017-09-05 00:00:00-04:00,47.11772714597753,47.34315085287743,46.55740633234516,46.85000991821289,29148000
2017-09-06 00:00:00-04:00,46.96894310951603,47.0002911904029,46.41210369766229,46.87688446044922,27830000
2017-09-07 00:00:00-04:00,46.987856835573055,47.29886991021533,46.65345323904515,47.26851272583008,22332000
2017-09-08 00:00:00-04:00,47.25905599728511,47.308817326414186,46.77686047951946,46.846527099609375,19998000
2017-09-11 00:00:00-04:00,47.13464791224806,47.407342409095705,46.82612161592044,46.94007873535156,26748000
2017-09-12 00:00:00-04:00,47.120720523259045,47.17894056079079,46.65196095142696,47.10728454589844,25696000
2017-09-13 00:00:00-04:00,47.05006059497248,47.41581228337223,47.01223939959954,47.29588317871094,21908000
2017-09-14 00:00:00-04:00,47.074939398801845,47.175957905852165,46.69475703719962,46.7828369140625,28548000
2017-09-15 00:00:00-04:00,46.780840424956615,46.86344566935192,46.340942251521795,46.5419807434082,39886000
2017-09-18 00:00:00-04:00,46.52805310451135,46.62011175929605,46.04984013203193,46.26630401611328,29474000
2017-09-19 00:00:00-04:00,46.448437339530614,46.67385728414532,46.11254169018591,46.620113372802734,24854000
2017-09-20 00:00:00-04:00,46.66340566606513,47.27398520048478,46.65195907942577,47.15156936645508,40080000
2017-09-21 00:00:00-04:00,47.18093423362366,47.41332083512536,46.74551592692497,47.152069091796875,27414000
2017-09-22 00:00:00-04:00,46.91420958192986,47.273989309011846,46.81816834565072,46.93859100341797,21496000
2017-09-25 00:00:00-04:00,46.7489950752753,46.76392309475659,46.00554781411949,46.49172592163086,37468000
2017-09-26 00:00:00-04:00,46.611649132768605,46.979390169950406,46.53352380949295,46.64847183227539,33454000
2017-09-27 00:00:00-04:00,46.91271291209465,48.04181331667597,46.87339967718217,47.76662826538086,46692000
2017-09-28 00:00:00-04:00,47.584998552501915,48.07913422301119,47.550165241371076,48.010963439941406,28018000
2017-09-29 00:00:00-04:00,48.07017319937668,48.55834064881889,48.07017319937668,48.45433807373047,40622000
2017-10-02 00:00:00-04:00,48.55038006096799,48.65438263770298,47.868638121064144,48.14332580566406,30782000
2017-10-03 00:00:00-04:00,48.14780388771841,48.390646155672165,47.90646125543225,48.37273025512695,21666000
2017-10-04 00:00:00-04:00,48.35680928240225,48.488181168159414,48.05076969881455,48.10899353027344,21156000
2017-10-05 00:00:00-04:00,48.40806329784711,49.09079999412335,48.282663377488525,49.02511215209961,35618000
2017-10-06 00:00:00-04:00,48.766852060045586,49.476460764880436,48.6927055074161,49.44560623168945,31060000
2017-10-09 00:00:00-04:00,49.513283684978,49.78498353454593,49.33911711474215,49.379425048828125,25910000
2017-10-10 00:00:00-04:00,49.52820681924849,49.63619198041398,48.82208341066533,49.154991149902344,23268000
2017-10-11 00:00:00-04:00,49.21669360402336,50.13878728229303,49.16195500525406,50.043243408203125,36300000
2017-10-12 00:00:00-04:00,49.95317415329932,50.33634054813855,49.816825003888816,50.043243408203125,30614000
2017-10-13 00:00:00-04:00,50.21542612304092,50.49657936071871,50.11341292344059,50.15372085571289,26552000
2017-10-16 00:00:00-04:00,50.241296910675715,50.359232819258786,49.83772785496904,50.22736358642578,21420000
2017-10-17 00:00:00-04:00,50.13232049326274,50.48662556402554,50.063151220047914,50.309471130371094,20260000
2017-10-18 00:00:00-04:00,50.31195983951597,50.57370510710814,50.026820255765486,50.39605712890625,25596000
2017-10-19 00:00:00-04:00,49.9984608230286,50.12635128164839,49.62773567004797,49.85365295410156,34284000
2017-10-20 00:00:00-04:00,50.112913188774534,50.19253055784463,49.87504818356027,50.01438522338867,32120000
2017-10-23 00:00:00-04:00,50.01985983829979,50.05021702352441,48.92111272670606,49.04253387451172,32786000
2017-10-24 00:00:00-04:00,49.09030192740181,49.22764578003375,48.621542377300486,49.189327239990234,28902000
2017-10-25 00:00:00-04:00,49.07885622293614,49.4849158210749,48.65339247720178,49.33712387084961,30574000
2017-10-26 00:00:00-04:00,49.68595241823708,50.086040033805716,49.28785419279728,49.33512878417969,47396000
2017-10-27 00:00:00-04:00,51.30421882565096,52.9279561331386,51.0982030355107,51.43758010864258,103682000
2017-10-30 00:00:00-04:00,51.21315230606268,51.744114470194454,50.87327790234592,51.410709381103516,46804000
2017-10-31 00:00:00-04:00,51.40424153627843,51.80233598646421,51.07083264110819,51.40623092651367,30326000
2017-11-01 00:00:00-04:00,51.569452891157106,52.14370709681046,51.45400371432752,51.8819580078125,43262000
2017-11-02 00:00:00-04:00,51.752074629793725,52.027259677429946,51.18826855803597,51.90036392211914,26694000
2017-11-03 00:00:00-04:00,51.88941779463051,52.2830360912252,51.6356300839063,52.24969482421875,27770000
2017-11-06 00:00:00-05:00,52.20541231243067,52.379081526797215,51.85209811980694,51.88593673706055,18294000
2017-11-07 00:00:00-05:00,52.232772401506125,52.41988137040327,51.90185786642348,52.36912155151367,26104000
2017-11-08 00:00:00-05:00,52.25267758236828,52.88167032559425,52.10339360073925,52.6627197265625,24276000
2017-11-09 00:00:00-05:00,52.15067114775701,52.29398317080051,51.546059788062536,52.13673782348633,35892000
2017-11-10 00:00:00-05:00,51.945157860872875,52.08250172701316,51.81328861478384,51.95909118652344,19442000
2017-11-13 00:00:00-05:00,51.79238489978943,52.18749526203657,51.71575161422517,51.81229019165039,18814000
2017-11-14 00:00:00-05:00,51.63911620221777,51.86702665930322,51.22161003097812,51.83418273925781,21012000
2017-11-15 00:00:00-05:00,51.503761051344576,51.73415824301693,51.29276800637225,51.57392501831055,18106000
2017-11-16 00:00:00-05:00,51.690373225050806,52.33777928924258,51.653053174553776,52.1740608215332,23768000
2017-11-17 00:00:00-05:00,52.2402438190105,52.299955897297,51.44056590791441,51.54804992675781,26712000
2017-11-20 00:00:00-05:00,51.55352184616147,51.68788160836117,51.38831135133576,51.48684310913086,17526000
2017-11-21 00:00:00-05:00,51.75456571838664,52.26960519937861,51.709781657368055,52.2651252746582,22206000
2017-11-22 00:00:00-05:00,52.30791626496642,52.52040135743263,52.1133470735749,52.34573745727539,14538000
2017-11-24 00:00:00-05:00,52.46865401508051,52.751303094328826,52.3457408269831,52.57464599609375,16492000
2017-11-27 00:00:00-05:00,52.676659376980034,53.396716156828674,52.487560995706595,53.345458984375,35430000
2017-11-28 00:00:00-05:00,53.44398370868513,53.743052812509085,52.47611128906243,52.911529541015625,36424000
2017-11-29 00:00:00-05:00,52.55772211894088,52.68660726789993,51.23753393736538,51.622196197509766,55866000
2017-11-30 00:00:00-05:00,51.749587523095265,51.9585873818807,51.258435956676465,51.561981201171875,45092000
2017-12-01 00:00:00-05:00,51.27535615989926,51.615230571847505,50.60307134589855,51.00962829589844,37762000
2017-12-04 00:00:00-05:00,51.14547537564575,51.321635117667846,50.22089489516895,50.35276412963867,38778000
2017-12-05 00:00:00-05:00,50.30897513043409,51.58736335030744,49.87753941774896,50.7374267578125,38998000
2017-12-06 00:00:00-05:00,50.584157381438764,51.73167099732118,50.52394416217836,51.39030456542969,28710000
2017-12-07 00:00:00-05:00,51.557007297549035,52.196448149923405,51.52167664051545,51.979984283447266,30866000
2017-12-08 00:00:00-05:00,52.34026126792866,52.569663762963096,52.04417623908672,52.21934127807617,31170000
2017-12-11 00:00:00-05:00,52.3054299718209,52.54876580001344,51.95759421116979,52.34822463989258,23254000
2017-12-12 00:00:00-05:00,52.25019183151301,52.8722179247453,51.994912079871526,52.18898391723633,33882000
2017-12-13 00:00:00-05:00,52.353698603225894,52.5228878832155,52.080005595541415,52.31936264038086,27680000
2017-12-14 00:00:00-05:00,52.523389759088644,53.10013067686704,52.429337921471316,52.621917724609375,30962000
2017-12-15 00:00:00-05:00,52.93591557551533,53.50668833036331,52.75229561882901,53.3449592590332,63760000
2017-12-18 00:00:00-05:00,53.566394287591066,54.06600832002612,53.26384375939679,53.996341705322266,30292000
2017-12-19 00:00:00-05:00,53.89334079603094,53.990376721671836,53.35839603956241,53.73210906982422,26350000
2017-12-20 00:00:00-05:00,53.78884118563149,53.804266553144394,53.17577109669433,53.42259216308594,28728000
2017-12-21 00:00:00-05:00,53.51365223338847,53.619644204575266,53.195672523282084,53.2877311706543,25640000
2017-12-22 00:00:00-05:00,53.2454334342011,53.33102276652074,53.12799487774956,53.18870544433594,17788000
2017-12-26 00:00:00-05:00,53.17776107313758,53.18871031271366,52.68014015437336,53.03892517089844,18376000
2017-12-27 00:00:00-05:00,53.0762514336584,53.15935403975758,52.6672039218334,52.75777053833008,22324000
2017-12-28 00:00:00-05:00,52.85978354709967,52.98866870683408,52.41839325736587,52.54628372192383,19884000
2017-12-29 00:00:00-05:00,52.52339038553208,52.650779696356416,52.38455069140185,52.41938400268555,23606000
2018-01-02 00:00:00-05:00,52.40047901642612,53.54301546262479,52.40047901642612,53.405174255371094,31766000
2018-01-03 00:00:00-05:00,53.44100198310784,54.544228982927415,53.41612321520075,54.31631851196289,31318000
2018-01-04 00:00:00-05:00,54.593490792046104,54.94132655368835,54.45266550573435,54.527305603027344,26052000
2018-01-05 00:00:00-05:00,54.90997919575,55.414069413897295,54.82787129109952,55.25035095214844,30250000
2018-01-08 00:00:00-05:00,55.285679617799445,55.69173920189661,55.2359182885604,55.44541549682617,24644000
2018-01-09 00:00:00-05:00,55.65591288308646,55.65591288308646,55.14634804825195,55.374755859375,26808000
2018-01-10 00:00:00-05:00,55.08663114150458,55.37425747451425,54.936352456980806,55.24288558959961,20734000
2018-01-11 00:00:00-05:00,55.35087121590882,55.47726582994094,55.060758142760186,55.33793258666992,22424000
2018-01-12 00:00:00-05:00,55.240896749478004,56.29585061961878,55.13689416440777,56.26350784301758,38586000
2018-01-16 00:00:00-05:00,56.74420798172111,57.170670216908654,56.064956516079036,56.265995025634766,36462000
2018-01-17 00:00:00-05:00,56.54764894969218,56.6949435504435,55.90720958064976,56.683998107910156,27830000
2018-01-18 00:00:00-05:00,56.696438614793244,56.75814388256141,55.95548185055023,56.52824401855469,27498000
2018-01-19 00:00:00-05:00,56.63075310702795,56.91688361159748,56.35556804529305,56.902950286865234,30552000
2018-01-22 00:00:00-05:00,56.91887489216395,58.06638855045566,56.8193484355909,57.931034088134766,29550000
2018-01-23 00:00:00-05:00,58.2524953313163,58.645118945615685,58.08479809232796,58.5286750793457,39138000
2018-01-24 00:00:00-05:00,58.967083753801106,59.07009164771198,58.09226457517757,58.28583908081055,37128000
2018-01-25 00:00:00-05:00,58.754601217493956,58.96808102464448,58.31321093011841,58.82575988769531,29984000
2018-01-26 00:00:00-05:00,59.093974571107005,59.09546661376953,58.123615323995246,59.09546661376953,42170000
2018-01-29 00:00:00-05:00,59.11736374721337,59.614984641393455,58.92129871548926,59.041725158691406,31494000
2018-01-30 00:00:00-05:00,58.60581271962589,59.113881736414754,58.44607303256384,58.58839416503906,37338000
2018-01-31 00:00:00-05:00,58.908854820057535,59.03376118214948,58.326141963349826,58.829734802246094,36022000
2018-02-01 00:00:00-05:00,58.51971913386568,59.08999453214025,58.1897954782561,58.79838562011719,73514000
2018-02-02 00:00:00-05:00,56.10277307587572,56.29585022522512,55.29413912522629,55.693729400634766,117842000
2018-02-05 00:00:00-05:00,54.76865529193944,55.484235945695914,52.58559556805165,52.86674880981445,83550000
2018-02-06 00:00:00-05:00,51.45300457177228,54.11029822360921,51.25544750490933,53.9635009765625,76630000
2018-02-07 00:00:00-05:00,53.99037724245561,54.06800522440786,52.48009594287449,52.5194091796875,51942000
2018-02-08 00:00:00-05:00,52.74134419342171,52.94337739077581,49.99597063702811,50.145755767822266,66792000
2018-02-09 00:00:00-05:00,51.04993305207871,52.33578531167807,49.612803609403386,52.06458282470703,98360000
2018-02-12 00:00:00-05:00,52.582105278137234,53.02498755628525,52.025767019052644,52.477108001708984,56240000
2018-02-13 00:00:00-05:00,52.250195305375534,52.80852678383553,52.09692873400524,52.45621109008789,31586000
2018-02-14 00:00:00-05:00,52.46516908789304,53.51763628360486,52.24024649460781,53.37979507446289,41304000
2018-02-15 00:00:00-05:00,53.91473891081594,54.44470640281711,53.107596962624385,54.30835723876953,37396000
2018-02-16 00:00:00-05:00,54.40887534908016,55.15182530256867,54.31781138811938,54.514373779296875,39948000
2018-02-20 00:00:00-05:00,54.37802287617981,55.54892329436583,54.24067901949363,54.91694641113281,33754000
2018-02-21 00:00:00-05:00,55.191135418845924,56.53968759193702,55.11201160065814,55.42252731323242,41486000
2018-02-22 00:00:00-05:00,55.692241158089544,56.00524362755445,54.99457640630313,55.2309455871582,28010000
2018-02-23 00:00:00-05:00,55.66686289990078,56.181405049054106,55.158296514921666,56.1361198425293,25292000
2018-02-26 00:00:00-05:00,56.32371684041158,56.93778159872423,56.19831692222614,56.91290283203125,30912000
2018-02-27 00:00:00-05:00,56.91290521123392,56.940274513322635,55.57380639222705,55.60963439941406,42964000
2018-02-28 00:00:00-05:00,55.83306277612974,56.11421979607381,54.88758611497072,54.93336486816406,49292000
2018-03-01 00:00:00-05:00,55.21303164057638,55.29911832679363,53.110580258288024,53.31560134887695,55338000
2018-03-02 00:00:00-05:00,52.647298760047164,54.08592412474127,52.25567359908263,53.94907760620117,50162000
2018-03-05 00:00:00-05:00,53.650005897914696,54.79701847144335,53.35839697179209,54.47754669189453,28648000
2018-03-06 00:00:00-05:00,54.842796927259705,55.018459315716925,54.464603994061115,54.7830810546875,23382000
2018-03-07 00:00:00-05:00,54.38100731239525,55.544447524731325,54.236199444871914,55.48672103881836,30748000
2018-03-08 00:00:00-05:00,55.594206356143076,56.30281649788023,55.594206356143076,56.20030975341797,33862000
2018-03-09 00:00:00-05:00,56.703902790394935,57.77378853666673,56.444644232734824,57.76582717895508,42662000
2018-03-12 00:00:00-04:00,57.975318475545,58.627701748724206,57.684210720257624,58.01911163330078,44306000
2018-03-13 00:00:00-04:00,58.312710822877946,58.619745113235965,56.45857633233357,56.72430419921875,43140000
2018-03-14 00:00:00-04:00,57.017405359792974,57.71208221339779,56.84572553664672,57.17116928100586,41870000
2018-03-15 00:00:00-04:00,57.205005108928034,57.8484285562726,56.512815026891,57.25675582885742,33382000
2018-03-16 00:00:00-04:00,57.49263253831835,57.565283245930274,56.29883896584192,56.45111083984375,58656000
2018-03-19 00:00:00-04:00,55.622073099576276,55.70218781532969,54.18693311609719,54.741783142089844,63656000
2018-03-20 00:00:00-04:00,54.65867557012891,55.014476473098476,53.863477617466295,54.529296875,54598000
2018-03-21 00:00:00-04:00,54.36856911754372,55.17123112122752,54.101842763390096,54.439727783203125,44898000
2018-03-22 00:00:00-04:00,53.74355638443713,53.938125585912246,52.23228038384407,52.40694808959961,69312000
2018-03-23 00:00:00-04:00,52.318371086257336,53.085205104802824,50.99967489137062,51.083274841308594,49880000
2018-03-26 00:00:00-04:00,52.28005088348734,52.711490393439945,50.288572575271616,52.45372009277344,65984000
2018-03-27 00:00:00-04:00,52.941889278418174,52.97373850548619,49.6436586467339,50.10744094848633,60816000
2018-03-28 00:00:00-04:00,49.857131731264424,51.00563998964936,48.965892602973284,50.01985168457031,77698000
2018-03-29 00:00:00-04:00,50.319924031398315,52.15315848214298,49.963128419241535,51.610252380371094,69338000
2018-04-02 00:00:00-04:00,51.136520876400525,51.72918832646703,49.47596088881355,50.390586853027344,65068000
2018-04-03 00:00:00-04:00,50.56574549655701,51.006141045691734,49.625242321486965,50.69164276123047,51322000
2018-04-04 00:00:00-04:00,49.67400492741533,51.39129647807398,49.58841559945113,51.240516662597656,50724000
2018-04-05 00:00:00-04:00,52.07055459031195,52.086477305348915,50.95638215781339,51.38632583618164,35836000
2018-04-06 00:00:00-04:00,50.911593949854264,51.55352537760799,50.073103933661166,50.257225036621094,40134000
2018-04-09 00:00:00-04:00,50.75932358302468,51.98098386128568,50.71752360768842,50.76181411743164,33220000
2018-04-10 00:00:00-04:00,51.26788777944989,51.81278323466745,50.52892049039402,51.57840347290039,36620000
2018-04-11 00:00:00-04:00,51.35447377125556,51.54705356992285,50.71751964642542,51.009124755859375,34060000
2018-04-12 00:00:00-04:00,51.328105804130786,51.98396676462921,51.05839536086663,51.61771774291992,32896000
2018-04-13 00:00:00-04:00,52.09543346697468,52.39848136151801,51.26241432712323,51.555511474609375,25410000
2018-04-16 00:00:00-04:00,52.0287525252446,52.32135233415916,51.450018425445606,52.056121826171875,29776000
2018-04-17 00:00:00-04:00,52.80752788737833,53.99186418665157,52.60300416160682,53.711204528808594,54584000
2018-04-18 00:00:00-04:00,53.69379131796408,53.84257795722582,53.27131167476308,53.51365280151367,31126000
2018-04-19 00:00:00-04:00,53.19667108040654,54.61439257628583,53.19667108040654,54.21331024169922,39884000
2018-04-20 00:00:00-04:00,53.955541805060236,54.47704677228794,53.34993574777169,53.60969543457031,42434000
2018-04-23 00:00:00-04:00,53.891346349102676,54.14115529006075,53.08022565108493,53.435028076171875,69590000
2018-04-24 00:00:00-04:00,52.70800347589493,52.9712445912018,50.40203074412265,50.888702392578125,128220000
2018-04-25 00:00:00-04:00,51.242509464589226,51.557007744486,50.60853942949854,50.90612030029297,57860000
2018-04-26 00:00:00-04:00,51.41518510279543,52.350714809511025,50.779723011127885,51.91728591918945,50926000
2018-04-27 00:00:00-04:00,52.02825255849607,52.33478567621316,51.13502401331685,51.32710266113281,40746000
2018-04-30 00:00:00-04:00,51.47490356093241,51.6714621526534,50.67273888576307,50.68667221069336,34492000
2018-05-01 00:00:00-04:00,50.573211144673714,51.83866074002587,50.290064728595986,51.789894104003906,35326000
2018-05-02 00:00:00-04:00,51.453999255663064,51.95062543582179,50.91457840917341,51.05839157104492,34698000
2018-05-03 00:00:00-04:00,51.024555197797376,51.28928836088491,50.15471332302845,51.070831298828125,39282000
2018-05-04 00:00:00-04:00,50.73792525751444,52.343750436707,50.660297275768805,52.299957275390625,36892000
2018-05-07 00:00:00-04:00,52.44377279908554,52.99662968941035,52.263634263214115,52.720947265625,34400000
2018-05-08 00:00:00-04:00,52.977718105849746,53.00807529068426,52.331807874098786,52.67765426635742,26030000
2018-05-09 00:00:00-04:00,52.9518387833074,54.43972412675218,52.85280967855392,54.18842315673828,47160000
2018-05-10 00:00:00-04:00,54.48949040471466,55.20656308756585,54.43375710499656,55.010498046875,36414000
2018-05-11 00:00:00-04:00,54.758702189712736,55.186656471739354,54.59996099952718,54.906494140625,30504000
2018-05-14 00:00:00-04:00,55.01547714064006,55.641485884610894,54.97716239408842,55.066734313964844,39338000
2018-05-15 00:00:00-04:00,54.584040585389445,54.69451249170123,53.682349432568984,53.98540115356445,35738000
2018-05-16 00:00:00-04:00,53.996344103530156,54.45863431512672,53.824166949101865,53.94657897949219,25628000
2018-05-17 00:00:00-04:00,53.81571397441745,54.290441721020834,53.564910327096015,53.80575942993164,25738000
2018-05-18 00:00:00-04:00,53.04638677248913,53.43104903124097,52.98070272765385,53.22751998901367,35482000
2018-05-21 00:00:00-04:00,53.6932962655529,54.40489430966617,53.64353493449491,53.942604064941406,25180000
2018-05-22 00:00:00-04:00,54.230725467889755,54.33024812581274,53.357895736480884,53.50967025756836,22226000
2018-05-23 00:00:00-04:00,53.24543148590038,54.14115054353386,53.094154320764694,54.039634704589844,23740000
2018-05-24 00:00:00-04:00,54.08641649448929,54.097361937037235,53.35989044066083,54.014259338378906,20604000
2018-05-25 00:00:00-04:00,54.06899624657445,54.219278724632744,53.8724376689544,53.946083068847656,22224000
2018-05-29 00:00:00-04:00,53.544007997633116,53.8097396535144,52.90108188694753,53.14939498901367,36076000
2018-05-30 00:00:00-04:00,53.41860902215624,53.692799387745666,53.07375733805349,53.61716079711914,28686000
2018-05-31 00:00:00-04:00,53.84258491548562,55.235925084894355,53.643539574038535,54.738304138183594,79368000
2018-06-01 00:00:00-04:00,55.37873904985408,56.6372219872182,55.33594058432241,56.47997283935547,63202000
2018-06-04 00:00:00-04:00,56.65413974577223,57.617536134158755,56.57949585009265,57.377681732177734,44754000
2018-06-05 00:00:00-04:00,57.45829766253381,57.7787641312642,57.10001000008831,57.27716064453125,32964000
2018-06-06 00:00:00-04:00,57.36424647452255,57.460785053595174,56.54566173920774,57.07463073730469,34934000
2018-06-07 00:00:00-04:00,56.95669309747191,57.020885100205106,56.03808458142499,56.45111083984375,36108000
2018-06-08 00:00:00-04:00,56.29137630649201,56.6680734235956,55.894272753206245,56.36602020263672,27284000
2018-06-11 00:00:00-04:00,56.377462144054576,57.113942753553516,56.30082885882033,56.77356719970703,24796000
2018-06-12 00:00:00-04:00,56.77953406672613,57.164196297551904,56.77953406672613,57.136329650878906,26092000
2018-06-13 00:00:00-04:00,57.3398588058398,57.50706249386623,56.896976513815666,56.939273834228516,34302000
2018-06-14 00:00:00-04:00,57.33637884487952,58.022099634496165,57.25626032988215,57.72949981689453,35422000
2018-06-15 00:00:00-04:00,57.72004114072407,57.91859291013744,57.41002657353245,57.68769836425781,44438000
2018-06-18 00:00:00-04:00,57.360261957953256,58.92478446241497,57.27616466391788,58.89741516113281,33038000
2018-06-19 00:00:00-04:00,58.22711985510232,58.85909672692217,57.80414284987995,58.65407943725586,47282000
2018-06-20 00:00:00-04:00,58.88348396080525,59.78865652941114,58.82028665111221,58.92179870605469,51686000
2018-06-21 00:00:00-04:00,58.993456906457425,59.23330750889277,57.89719659946725,58.19377899169922,44966000
2018-06-22 00:00:00-04:00,58.29579465456799,58.470458566220096,57.70660862558722,58.186317443847656,34220000
2018-06-25 00:00:00-04:00,57.47521051183334,57.52447449202845,55.728560194285016,56.69295120239258,57682000
2018-06-26 00:00:00-04:00,56.93479741300433,57.0706454258591,56.18139941359295,56.36153793334961,34688000
2018-06-27 00:00:00-04:00,56.52972897485123,57.03780172596859,55.56932056254107,55.58126449584961,34538000
2018-06-28 00:00:00-04:00,55.35484872593333,56.4302090052547,55.04035424070261,56.070926666259766,29726000
2018-06-29 00:00:00-04:00,56.346112872848174,56.79645917468823,56.08287175389113,56.190853118896484,31562000
2018-07-02 00:00:00-04:00,55.50215116468095,56.87757535793546,55.06673285944451,56.83378219604492,23216000
2018-07-03 00:00:00-04:00,57.197540881180636,57.22192230016084,55.456365117536414,55.548423767089844,16448000
2018-07-05 00:00:00-04:00,55.962443950220276,56.93479633845013,55.88879475365127,56.792972564697266,28594000
2018-07-06 00:00:00-04:00,56.81686437786432,57.53493175550187,56.591440644725864,57.47919845581055,21820000
2018-07-09 00:00:00-04:00,57.724025822084144,58.11863884103737,57.586184616781715,58.0862922668457,21584000
2018-07-10 00:00:00-04:00,58.22114659046584,58.395810489619315,57.851412356955876,58.079322814941406,21334000
2018-07-11 00:00:00-04:00,57.5060611925959,58.741157315182,57.49362370808801,58.29429626464844,33252000
2018-07-12 00:00:00-04:00,58.46349131330988,59.81353559076268,58.37590878630872,59.7772102355957,44148000
2018-07-13 00:00:00-04:00,59.85384001180289,60.23402234120028,59.4801269969512,59.93445587158203,32612000
2018-07-16 00:00:00-04:00,59.90409745016856,60.1479344146171,59.38607393241647,59.540836334228516,26784000
2018-07-17 00:00:00-04:00,58.85561450446528,60.64804365422087,58.8187880071211,60.365394592285156,40162000
2018-07-18 00:00:00-04:00,60.13897769032311,60.78887047117127,59.941424408097184,60.356937408447266,38948000
2018-07-19 00:00:00-04:00,60.04542208205835,60.53458424238248,59.60154512126503,59.66971969604492,38338000
2018-07-20 00:00:00-04:00,59.67668983496973,60.250446664535346,59.5448168053457,59.609012603759766,37938000
2018-07-23 00:00:00-04:00,59.49853788296508,60.46591297571832,59.31690353190505,60.26188659667969,65446000
2018-07-24 00:00:00-04:00,63.24761423858294,63.44666335351102,61.911006018848376,62.60817337036133,107600000
2018-07-25 00:00:00-04:00,62.332990222262495,63.60789321730792,62.155338435673926,63.49344253540039,51104000
2018-07-26 00:00:00-04:00,63.05752398310212,64.06371498433226,62.84951881921228,63.96916580200195,54686000
2018-07-27 00:00:00-04:00,64.14930512489425,64.26475049802556,61.92842058308019,62.3464241027832,48362000
2018-07-30 00:00:00-04:00,61.95628689000204,62.346423759345505,60.917255758267416,61.20935821533203,43896000
2018-07-31 00:00:00-04:00,61.2924651241243,61.76520727583094,60.520160281276056,61.069034576416016,39382000
2018-08-01 00:00:00-04:00,61.660706782073866,61.99858801221492,60.95557803624124,61.356163024902344,36994000
2018-08-02 00:00:00-04:00,60.63510648884614,61.924443953998974,60.61321180685533,61.76122283935547,34704000
2018-08-03 00:00:00-04:00,61.96275782812584,62.0294403648149,61.17850908516734,61.61343002319336,21264000
2018-08-06 00:00:00-04:00,61.785107689899256,61.827405009154276,61.23374290390439,61.58904266357422,22114000
2018-08-07 00:00:00-04:00,62.30263467658957,63.0027899496458,62.292186581157694,62.49322509765625,42506000
2018-08-08 00:00:00-04:00,62.53701215500587,63.283443503431286,62.308106997074276,62.76641845703125,34344000
2018-08-09 00:00:00-04:00,62.836085861022205,63.2953882252433,62.70521131999087,62.92217254638672,27326000
2018-08-10 00:00:00-04:00,62.659423860350174,62.75994500653893,62.061285644549855,62.327510833740234,26602000
2018-08-13 00:00:00-04:00,62.26232657483515,62.99731131687583,62.05481875665104,62.13493347167969,27500000
2018-08-14 00:00:00-04:00,62.327017783606784,62.72959215054188,61.68210228112277,62.6076774597168,28080000
2018-08-15 00:00:00-04:00,61.91797199957864,62.301138409448306,61.02026350040279,61.317840576171875,37052000
2018-08-16 00:00:00-04:00,61.80401906603425,61.88911485492131,60.691338664515015,60.91178512573242,32176000
2018-08-17 00:00:00-04:00,60.81126766540466,61.05559819902554,59.913559106811945,60.503238677978516,33092000
2018-08-20 00:00:00-04:00,60.74259358094934,61.003845312156464,60.147439411134165,60.806785583496094,22218000
2018-08-21 00:00:00-04:00,60.860031582620834,61.344713847679486,60.46243069613132,60.58086395263672,23082000
2018-08-22 00:00:00-04:00,60.42212532726712,61.034698071207345,60.37236399504013,60.796836853027344,22296000
2018-08-23 00:00:00-04:00,60.70377665956165,61.46463866685933,60.67740205380694,60.76747131347656,24666000
2018-08-24 00:00:00-04:00,61.00831776967819,61.5756052565177,60.78040732059799,61.54326248168945,24454000
2018-08-27 00:00:00-04:00,61.9110088442972,62.594242902842495,61.73883167473314,62.51462173461914,28580000
2018-08-28 00:00:00-04:00,62.49620758483991,62.52905150608616,61.852784119676315,61.99659729003906,27330000
2018-08-29 00:00:00-04:00,62.45142680510762,63.057032905292864,62.34194959290224,62.9316291809082,36926000
2018-08-30 00:00:00-04:00,62.86942367106514,63.17247538099979,62.063777577750145,62.42355728149414,30104000
2018-08-31 00:00:00-04:00,62.31258812109412,62.32950553113142,60.995881344409966,61.29694366455078,42308000
2018-09-04 00:00:00-04:00,60.83514733283695,61.10137632623189,60.04094407350658,60.277313232421875,41458000
2018-09-05 00:00:00-04:00,60.173308730800386,60.4544657341918,58.4873689985703,59.66971969604492,53988000
2018-09-06 00:00:00-04:00,59.64335136481448,59.664251352208616,57.90366754580559,58.91781997680664,46854000
2018-09-07 00:00:00-04:00,58.32116940122112,59.14473520015218,58.185321382701574,58.599342346191406,32658000
2018-09-10 00:00:00-04:00,58.92826448224603,59.05068031375956,58.25199712025586,58.47343826293945,27670000
2018-09-11 00:00:00-04:00,58.276382869333666,59.26366329450166,58.02010841410176,59.21638870239258,29254000
2018-09-12 00:00:00-04:00,58.81878810493645,59.251222301583034,58.030556791707795,58.301265716552734,35716000
2018-09-13 00:00:00-04:00,58.704342535525996,59.11040216159365,58.182833728315885,58.82575988769531,40068000
2018-09-14 00:00:00-04:00,59.117363278341664,59.117363278341664,58.39680540465346,58.618743896484375,24176000
2018-09-17 00:00:00-04:00,58.6082959696008,58.809831823275566,57.64739014929557,57.7155647277832,34096000
2018-09-18 00:00:00-04:00,57.856393923114005,58.78545437744791,57.79518600260021,58.07783508300781,32314000
2018-09-19 00:00:00-04:00,58.169892002221395,58.533650464589925,57.65534991872183,58.43412780761719,25962000
2018-09-20 00:00:00-04:00,58.75260845992363,59.41593722193419,58.53265935021993,59.295013427734375,29244000
2018-09-21 00:00:00-04:00,59.461711980867406,59.54431722834481,58.32415290826631,58.3271369934082,91222000
2018-09-24 00:00:00-04:00,57.69466661106008,58.97753097265769,57.30104829076782,58.69737243652344,31150000
2018-09-25 00:00:00-04:00,58.93076021247241,59.55825719896167,58.42517412761828,59.410465240478516,33152000
2018-09-26 00:00:00-04:00,59.400509157750946,60.07478333195077,58.98798025889633,59.41891860961914,37650000
2018-09-27 00:00:00-04:00,59.71450812755855,60.55349547850465,59.61747220371312,60.08075714111328,36274000
2018-09-28 00:00:00-04:00,59.918035420233394,60.13500044880192,59.606524998887494,60.06682586669922,35612000
2018-10-01 00:00:00-04:00,60.361416691071966,60.91874966930507,59.873249191023135,60.13897705078125,33164000
2018-10-02 00:00:00-04:00,60.046419129026155,60.93467422946381,59.6975886812508,60.094688415527344,40180000
2018-10-03 00:00:00-04:00,60.31165195284955,60.42013446390372,59.821495059444366,60.288265228271484,26246000
2018-10-04 00:00:00-04:00,59.964810287048586,60.00810230291196,57.91560931096144,58.573463439941406,46576000
2018-10-05 00:00:00-04:00,58.5202158399013,58.818787614261524,57.44137411604414,58.1136589050293,31852000
2018-10-08 00:00:00-04:00,57.72402399201366,58.513250004898644,56.49987704225132,57.52099609375,46190000
2018-10-09 00:00:00-04:00,57.29159191889398,57.80115676846242,56.93629213461122,56.986053466796875,33690000
2018-10-10 00:00:00-04:00,56.54964033738684,56.58049486898954,54.31582084514357,54.348167419433594,58980000
2018-10-11 00:00:00-04:00,53.69528084393947,55.53747499547399,53.53852905843499,54.277496337890625,67696000
2018-10-12 00:00:00-04:00,55.71562245559773,56.02365141929927,54.490978203332645,55.76041030883789,49370000
2018-10-15 00:00:00-04:00,55.63401629601968,55.823110865000245,54.64971997123661,54.859718322753906,30074000
2018-10-16 00:00:00-04:00,55.40908964575526,56.548144571317,55.32300296456605,56.38442611694336,38378000
2018-10-17 00:00:00-04:00,56.728782774682955,57.0771158871371,55.4349691900082,56.111236572265625,35652000
2018-10-18 00:00:00-04:00,56.23116170319278,56.348102918423116,54.05855019005367,54.63429641723633,46152000
2018-10-19 00:00:00-04:00,54.92291898994757,55.78081695968578,54.590508583879455,54.99606704711914,41286000
2018-10-22 00:00:00-04:00,55.360824216629375,55.81763985275241,54.7383007244688,55.30409622192383,27116000
2018-10-23 00:00:00-04:00,54.30487470452948,55.634022853086236,53.69379776690958,55.480255126953125,37686000
2018-10-24 00:00:00-04:00,55.484730601434784,55.565346463239614,52.501989273210235,52.60449981689453,49286000
2018-10-25 00:00:00-04:00,53.757986130863586,55.625059232611754,53.52161695866587,54.91694641113281,72956000
2018-10-26 00:00:00-04:00,52.167087799023825,55.58424864090376,51.86353877016758,53.92966079711914,106438000
2018-10-29 00:00:00-04:00,54.56612051475289,55.17769852989274,50.12037644322232,51.490325927734375,81290000
2018-10-30 00:00:00-04:00,50.7578271124184,52.2949764618957,50.4572659535839,52.225807189941406,59768000
2018-10-31 00:00:00-04:00,53.15586383311135,55.13639666498645,53.15586383311135,54.26953887939453,70916000
2018-11-01 00:00:00-04:00,54.31034459130592,54.73332159597667,53.634574560309204,54.04063415527344,40132000
2018-11-02 00:00:00-04:00,54.190917832465395,54.63877741056106,53.12899347464755,53.319583892822266,43438000
2018-11-05 00:00:00-05:00,53.371331137168035,53.41213641357824,51.453999476144645,52.53532791137695,45358000
2018-11-06 00:00:00-05:00,52.49999787416244,53.73409933501392,52.42983390670423,53.224037170410156,28660000
2018-11-07 00:00:00-05:00,53.91672359914845,55.232431793072706,53.7724130900813,55.14833450317383,43388000
2018-11-08 00:00:00-05:00,55.101565611015374,55.14734436616926,53.96002007281097,54.47107696533203,33694000
2018-11-09 00:00:00-05:00,53.94310163958851,54.1585708235936,52.95980376245299,53.59476852416992,34860000
2018-11-12 00:00:00-05:00,53.40119377956784,53.44946306795269,51.76999251861896,52.218345642089844,34002000
2018-11-13 00:00:00-05:00,52.489549272405434,53.07972614595041,51.772476645077155,52.149173736572266,25750000
2018-11-14 00:00:00-05:00,52.74781406756519,53.03593774590945,51.80780824158255,52.47810363769531,34666000
2018-11-15 00:00:00-05:00,52.3228446363317,53.68682207298596,51.81676127715847,53.29768371582031,41584000
2018-11-16 00:00:00-05:00,53.00807416513113,53.366859179825994,52.494029389625005,53.15935134887695,35366000
2018-11-19 00:00:00-05:00,52.91651038163833,53.14591669735077,50.90015320342032,51.12656784057617,45684000
2018-11-20 00:00:00-05:00,50.12485282606759,51.620703379337066,49.872063600506124,51.27734375,54458000
2018-11-21 00:00:00-05:00,52.016806609612225,52.48457144526045,51.72569885440964,51.923255920410156,29698000
2018-11-23 00:00:00-05:00,51.4291189396004,51.90186106962256,51.18130318622086,51.25992965698242,14178000
2018-11-26 00:00:00-05:00,51.95162450012574,52.59852941437288,51.74112878688918,52.54578399658203,31558000
2018-11-27 00:00:00-05:00,52.31687782607675,53.08420917433325,52.026267398327704,52.363651275634766,33048000
2018-11-28 00:00:00-05:00,52.62142195619585,54.383000436995395,51.89937200964613,54.32975387573242,46042000
2018-11-29 00:00:00-05:00,53.91872078161146,54.74576806948832,53.84258483761957,54.46859359741211,31004000
2018-11-30 00:00:00-05:00,54.520841117991836,55.218502044677734,53.901301722897976,55.218502044677734,59668000
2018-12-03 00:00:00-05:00,56.33864822621692,56.479970857730756,55.32200531870011,55.552406311035156,57532000
2018-12-04 00:00:00-05:00,55.38471324425481,55.44691586001538,52.78663405507127,52.870731353759766,45630000
2018-12-06 00:00:00-05:00,52.00138134517901,53.714193062080255,51.875981431604266,53.64751052856445,47436000
2018-12-07 00:00:00-05:00,53.35640444270344,53.99335857406022,51.721220650188876,52.08000564575195,42682000
2018-12-10 00:00:00-05:00,51.89887478937684,52.72791141149935,51.40424175899101,52.40843963623047,33652000
2018-12-11 00:00:00-05:00,53.09316667024003,53.26534384301371,52.255173980763075,52.829925537109375,33852000
2018-12-12 00:00:00-05:00,53.597751892540394,54.326764687395524,53.34346682341319,53.43104934692383,28960000
2018-12-13 00:00:00-05:00,53.527588485934636,54.162055898284514,52.99612896525274,53.421592712402344,24986000
2018-12-14 00:00:00-05:00,52.74880878219486,53.3310243095326,52.218841321990816,52.33528518676758,36358000
2018-12-17 00:00:00-05:00,52.101401667460195,52.86624623129311,50.58963223690885,51.03848648071289,49932000
2018-12-18 00:00:00-05:00,51.454001890034,52.73239010538066,51.278836842458944,51.922264099121094,43640000
2018-12-19 00:00:00-05:00,52.115338155019025,53.52957820126,50.7289685546474,51.52665328979492,58264000
2018-12-20 00:00:00-05:00,51.05590085207782,52.122802404075905,50.1532188960205,50.93547821044922,53674000
2018-12-21 00:00:00-05:00,51.35646445967649,51.63662296912455,48.826062840205225,49.32666778564453,104656000
2018-12-24 00:00:00-05:00,48.98182232058882,50.36520787972234,48.65040660348305,48.99924087524414,36360000
2018-12-26 00:00:00-05:00,49.662066092360355,52.17305977211295,49.39633445692807,52.14320373535156,46318000
2018-12-27 00:00:00-05:00,51.065857667195196,52.416399228703206,50.11042266238101,52.39450454711914,45996000
2018-12-28 00:00:00-05:00,52.722936524659076,52.95831101421832,51.85209988873897,52.08498764038086,34398000
2018-12-31 00:00:00-05:00,52.63982902578966,52.89660462375159,51.40622869579323,51.999393463134766,33110000
2019-01-02 00:00:00-05:00,51.11562276391236,52.78713205227603,51.02007887673615,52.48308563232422,31868000
2019-01-03 00:00:00-05:00,52.283536380272444,53.05932643090667,50.87526830562293,51.0295295715332,41960000
2019-01-04 00:00:00-05:00,51.879961601336355,53.743055844037556,51.59631784735466,53.64701461791992,46022000
2019-01-07 00:00:00-05:00,53.79132863085945,53.87741531876371,52.87918939370664,53.54003143310547,47446000
2019-01-08 00:00:00-05:00,54.0416286907139,54.40738035397504,53.16332811065038,54.01028060913086,35414000
2019-01-09 00:00:00-05:00,54.14065778009399,54.3222883445178,53.46289456461974,53.825164794921875,26998000
2019-01-10 00:00:00-05:00,53.491259040000806,53.73360015890019,52.98069954523974,53.68483352661133,26598000
2019-01-11 00:00:00-05:00,53.24046078386582,53.41313530260546,52.57016534871438,52.970252990722656,30864000
2019-01-14 00:00:00-05:00,52.41639659271393,52.670681647229245,52.17803804845112,52.32533264160156,28490000
2019-01-15 00:00:00-05:00,52.64879016437061,54.15459149596521,52.47113837902906,54.06700897216797,37518000
2019-01-16 00:00:00-05:00,54.24067855123359,54.855738019122704,54.141653236576936,54.21629333496094,38280000
2019-01-17 00:00:00-05:00,54.14065985020875,54.77313409082747,53.90528157292125,54.69451141357422,24896000
2019-01-18 00:00:00-05:00,55.16575450103173,55.634016697344215,54.70246957662322,55.1015625,44892000
2019-01-22 00:00:00-05:00,54.53924821537352,54.68704395683312,53.289721383945334,53.67488098144531,39632000
2019-01-23 00:00:00-05:00,54.08442384642857,54.387475552708985,53.12451649816028,53.96250915527344,25194000
2019-01-24 00:00:00-05:00,53.867961605014024,54.14115728037731,53.246432806419705,53.942108154296875,29114000
2019-01-25 00:00:00-05:00,54.45116819521487,54.90549706406526,54.33024820363071,54.813438415527344,23260000
2019-01-28 00:00:00-05:00,54.24416441555758,54.408376430470625,53.474839876729064,53.73609161376953,29334000
2019-01-29 00:00:00-05:00,53.79480825431202,53.978432007658085,53.04738220458203,53.24842071533203,19704000
2019-01-30 00:00:00-05:00,53.61168528344578,54.71441489809525,53.57585727722987,54.63827896118164,29452000
2019-01-31 00:00:00-05:00,55.347386564691384,56.11521524988086,54.99955080042458,56.02663803100586,40232000
2019-02-01 00:00:00-05:00,55.847492656859124,56.45011461843598,55.44740883516976,55.66486740112305,33116000
2019-02-04 00:00:00-05:00,55.68427522267019,56.84522484025042,55.60963133049794,56.799442291259766,78408000
2019-02-05 00:00:00-05:00,56.212749589752015,57.36424586392377,55.912685760336885,57.3194580078125,82296000
2019-02-06 00:00:00-05:00,57.190077838324605,57.425452310150845,55.651929943852764,55.87735366821289,48256000
2019-02-07 00:00:00-05:00,55.32648626408455,55.334944968920766,54.419324339315466,55.03239440917969,38298000
2019-02-08 00:00:00-05:00,54.483515745530745,54.99208587687791,54.45167031672024,54.85673141479492,21766000
2019-02-11 00:00:00-05:00,54.924908988532025,55.406607192746876,54.738301143723874,54.84379577636719,18498000
2019-02-12 00:00:00-05:00,55.286176405630854,56.373480611053914,55.286176405630854,56.11073684692383,35036000
2019-02-13 00:00:00-05:00,56.38243851238834,56.870606009244774,56.03211221654268,56.162986755371094,28042000
2019-02-14 00:00:00-05:00,55.98234917047562,56.53620069527193,55.58873087096278,56.191349029541016,21106000
2019-02-15 00:00:00-05:00,56.69395163052513,56.69395163052513,55.57032198217962,55.71512985229492,27826000
2019-02-19 00:00:00-05:00,55.56633972758992,56.21324460593688,55.56633972758992,56.057491302490234,21980000
2019-02-20 00:00:00-05:00,56.17543023019896,56.27744342918969,55.32300687639954,55.762901306152344,24090000
2019-02-21 00:00:00-05:00,55.672829879116854,55.691243127940275,54.637777502472005,54.94779586791992,33272000
2019-02-22 00:00:00-05:00,55.22099240381193,55.59669482011608,54.76318208264405,55.56235885620117,29436000
2019-02-25 00:00:00-05:00,55.82957882079961,56.00225332392317,55.44044045350796,55.60067367553711,26208000
2019-02-26 00:00:00-05:00,55.45337481673667,56.05400356791729,55.0717004620194,55.83355712890625,35026000
2019-02-27 00:00:00-05:00,55.43546606841291,56.018676302199374,55.164263590544046,55.87735366821289,22092000
2019-02-28 00:00:00-05:00,55.683780157079084,56.4297141687437,55.65442146515991,56.05948257446289,27422000
2019-03-01 00:00:00-05:00,56.2809206887878,57.226401118754694,56.2809206887878,57.15275192260742,34086000
2019-03-04 00:00:00-05:00,57.453322997821616,57.99871587372205,56.64170110079668,57.3965950012207,35490000
2019-03-05 00:00:00-05:00,57.5249733822901,58.544600364710845,57.3766840902089,58.18133544921875,40094000
2019-03-06 00:00:00-05:00,58.30922951632071,58.45751881760033,57.875800606433444,57.969852447509766,23602000
2019-03-07 00:00:00-05:00,57.74890193216421,57.90216848781852,56.81386963938934,57.26869583129883,30086000
2019-03-08 00:00:00-05:00,56.425232836085556,57.39808259449472,56.24111173864962,57.224910736083984,23694000
2019-03-11 00:00:00-04:00,57.32592814197028,58.71478830408908,57.304530806999445,58.68244552612305,30032000
2019-03-12 00:00:00-04:00,58.83371881477667,59.998647209100994,58.83371881477667,59.577659606933594,42220000
2019-03-13 00:00:00-04:00,60.00959984052186,60.06881457265653,59.610506896879045,59.66773223876953,25888000
2019-03-14 00:00:00-04:00,59.66573804569165,59.948387096011004,59.278091720249286,59.34278106689453,27302000
2019-03-15 00:00:00-04:00,59.61498939798914,59.800101408901796,59.06810068106152,59.23181915283203,51886000
2019-03-18 00:00:00-04:00,59.20146142157516,59.4632104995566,58.79291509003676,59.14473342895508,24442000
2019-03-19 00:00:00-04:00,59.30247809378082,59.88420010085999,59.19001679989932,59.8369255065918,29788000
2019-03-20 00:00:00-04:00,59.7841685116645,61.20686709642378,59.69409925946006,61.02971267700195,41508000
2019-03-21 00:00:00-04:00,60.70975101348873,61.52783839231196,60.53956323478559,61.512413024902344,28150000
2019-03-22 00:00:00-04:00,61.15014582363237,61.388007036274416,60.01308023616044,60.09518814086914,34422000
2019-03-25 00:00:00-04:00,59.6926118411618,60.18426076186596,59.2168856347136,59.584129333496094,27576000
2019-03-26 00:00:00-04:00,59.97276941614115,60.09518524597854,58.80684633715307,59.20892333984375,30752000
2019-03-27 00:00:00-04:00,59.312433193151165,59.312433193151165,57.93451847024229,58.620243072509766,29428000
2019-03-28 00:00:00-04:00,58.49533672692745,58.58241810413766,57.89470795245112,58.33460235595703,22402000
2019-03-29 00:00:00-04:00,58.728225017242615,58.91682605036249,58.04150950966989,58.564510345458984,30890000
2019-04-01 00:00:00-04:00,59.09446900755577,59.724456465812786,59.03575162668591,59.66374969482422,27706000
2019-04-02 00:00:00-04:00,59.71699673810893,60.003628390686735,59.27859435063153,59.99019241333008,18288000
2019-04-03 00:00:00-04:00,60.346485634540244,60.739606606089886,59.96730178416802,60.252437591552734,22180000
2019-04-04 00:00:00-04:00,60.27632107913745,60.73711927915346,60.16435713561894,60.68238067626953,21022000
2019-04-05 00:00:00-04:00,60.674916915917784,60.72915817147458,60.21362136645517,60.28428268432617,20012000
2019-04-08 00:00:00-04:00,60.26736642858195,60.40868906703029,59.948392000403516,60.12654113769531,21750000
2019-04-09 00:00:00-04:00,59.80855899762605,60.07030427675848,59.633891300295716,59.848365783691406,19668000
2019-04-10 00:00:00-04:00,59.96779943314292,60.15938074951181,59.747352975710406,60.03547286987305,15510000
2019-04-11 00:00:00-04:00,60.15739072073914,60.3484784840685,59.94042949505799,60.19172668457031,16998000
2019-04-12 00:00:00-04:00,60.49179240180631,60.8615266581311,60.37584967378406,60.845603942871094,24312000
2019-04-15 00:00:00-04:00,60.91327734204586,61.17253969342763,60.43904694515252,61.034698486328125,23796000
2019-04-16 00:00:00-04:00,61.207367412091905,61.504944481700214,60.96054636554522,61.30241394042969,22622000
2019-04-17 00:00:00-04:00,61.55570157899058,61.95877707502396,61.35167899159371,61.71195602416992,30366000
2019-04-18 00:00:00-04:00,61.95380343869998,62.000580685147206,61.67563429090824,61.77814483642578,24750000
2019-04-22 00:00:00-04:00,61.53928317413184,62.41857844578897,61.37506736749527,62.38971710205078,19084000
2019-04-23 00:00:00-04:00,62.53303153539711,63.41829875449602,62.30064115492105,63.227210998535156,31868000
2019-04-24 00:00:00-04:00,63.22721734672802,63.3969077861692,62.69078431825027,62.70272445678711,23396000
2019-04-25 00:00:00-04:00,63.212781507945415,63.33718673134814,62.60070993486984,63.065486907958984,31344000
2019-04-26 00:00:00-04:00,63.36604676335189,63.64123181038707,62.949041738777176,63.56708526611328,27228000
2019-04-29 00:00:00-04:00,63.72085766957881,64.53994740192832,63.28295260066263,64.50162506103516,72368000
2019-04-30 00:00:00-04:00,59.24824335678213,59.7632790521396,58.8685583390442,59.66276168823242,133178000
2019-05-01 00:00:00-04:00,59.590099163206304,59.67718433404649,58.305241712813896,58.3868522644043,74340000
2019-05-02 00:00:00-04:00,58.35102915976225,58.68841683640609,57.64092314696262,58.047977447509766,45098000
2019-05-03 00:00:00-04:00,58.59038212356581,59.28655480807638,58.39830345951256,59.194496154785156,41588000
2019-05-06 00:00:00-04:00,58.32116472918997,59.487091587423684,58.279364758140765,59.389060974121094,31774000
2019-05-07 00:00:00-04:00,59.00838682256858,59.45425322207631,57.97283705250618,58.662540435791016,36604000
2019-05-08 00:00:00-04:00,58.58440395214314,58.93174613455077,58.103704300539746,58.26045608520508,25520000
2019-05-09 00:00:00-04:00,57.85340844737934,58.424177417791746,57.45729958834071,58.120628356933594,29556000
2019-05-10 00:00:00-04:00,58.16392577790937,58.53415359122304,57.045770734693015,58.104209899902344,31650000
2019-05-13 00:00:00-04:00,56.98953829727228,57.3244354394631,56.0072351039984,56.5590934753418,45626000
2019-05-14 00:00:00-04:00,56.84423093047899,56.971122891342574,55.90919857008982,55.97538375854492,40392000
2019-05-15 00:00:00-04:00,55.860432429772885,58.634671208664024,55.80320708964692,58.26145553588867,59302000
2019-05-16 00:00:00-04:00,58.313207847261616,59.42389884351859,58.144515907556034,58.94319534301758,35308000
2019-05-17 00:00:00-04:00,58.51175809221284,59.032268366567536,58.04349588603903,58.16093444824219,25362000
2019-05-20 00:00:00-04:00,57.375689924386556,57.375689924386556,56.63622525419657,56.96067428588867,30602000
2019-05-21 00:00:00-04:00,57.44933893861237,57.62450399279884,56.893497981304314,57.447349548339844,20562000
2019-05-22 00:00:00-04:00,57.28860430923996,57.91212245725965,57.276163027822335,57.51750946044922,18826000
2019-05-23 00:00:00-04:00,57.03083980108679,57.22889042941582,56.38841103480094,56.994510650634766,25214000
2019-05-24 00:00:00-04:00,57.32592355409507,57.44336211152612,56.56506156669651,56.659610748291016,18554000
2019-05-28 00:00:00-04:00,56.802430169755226,57.549358845877215,56.66259578511911,56.706886291503906,20948000
2019-05-29 00:00:00-04:00,56.365513585106626,56.479968054287134,55.332951811102554,55.730552673339844,36230000
2019-05-30 00:00:00-04:00,55.741003349699156,56.071921695116636,55.529512954120456,55.80370330810547,18088000
2019-05-31 00:00:00-04:00,55.018957651669425,55.405108152292975,54.905000523859094,55.06175231933594,31582000
2019-06-03 00:00:00-04:00,53.092666155911346,53.09614758869158,51.107159862447844,51.68987274169922,96890000
2019-06-04 00:00:00-04:00,51.97600428173729,52.670187565211755,51.555016665083755,52.47362518310547,60512000
2019-06-05 00:00:00-04:00,52.499003893062564,52.589073152659765,51.4042394537214,51.98346710205078,46988000
2019-06-06 00:00:00-04:00,52.06159846164433,52.25019569364751,51.52914423834235,52.138729095458984,29020000
2019-06-07 00:00:00-04:00,52.46317576788188,53.41612022560861,52.30741866807551,53.16432189941406,43828000
2019-06-10 00:00:00-04:00,53.59376617098486,54.48152389860257,53.508176839233506,53.88039779663086,28510000
2019-06-11 00:00:00-04:00,54.588513369846964,54.937844969710824,53.72165937962693,53.79480743408203,33508000
2019-06-12 00:00:00-04:00,53.74057002564894,53.86845668245068,53.22553057599115,53.698272705078125,23670000
2019-06-13 00:00:00-04:00,53.9774357234007,54.56860730391138,53.87094640226667,54.29093551635742,20814000
2019-06-14 00:00:00-04:00,54.227735344335954,54.47754047042509,53.816702304182144,54.05655288696289,24582000
2019-06-17 00:00:00-04:00,54.19589512945586,54.801994755428645,54.14115652563316,54.43425369262695,19770000
2019-06-18 00:00:00-04:00,55.31056053205645,55.672826946526534,54.777609004803445,54.99905014038086,34526000
2019-06-19 00:00:00-04:00,55.09857458643435,55.20755444144689,54.5407404789025,54.96272277832031,26714000
2019-06-20 00:00:00-04:00,55.818130010185314,55.86888982758018,55.08662675092027,55.3951530456543,24018000
2019-06-21 00:00:00-04:00,55.22895169977907,56.06047501600074,55.22198503774544,56.000762939453125,50774000
2019-06-24 00:00:00-04:00,55.73354030010638,55.91119208359062,55.4006325588121,55.5693244934082,24236000
2019-06-25 00:00:00-04:00,55.48871196795118,55.51956270162058,53.97196142564332,54.12025451660156,31644000
2019-06-26 00:00:00-04:00,54.290439312244594,54.49546039823681,53.42905993564106,53.75897979736328,34698000
2019-06-27 00:00:00-04:00,54.07895220583652,54.16404419423812,53.536543456853906,53.57535934448242,24078000
2019-06-28 00:00:00-04:00,53.60521842429651,53.88239288330078,53.43453329372117,53.88239288330078,33672000
2019-07-01 00:00:00-04:00,54.790054863926805,55.16576110848321,54.505913728568174,54.738304138183594,29196000
2019-07-02 00:00:00-04:00,54.97865138315708,55.37973371172219,54.721879572852245,55.36530303955078,20630000
2019-07-03 00:00:00-04:00,55.658897510338235,56.13114230084747,55.477266942898034,55.88233184814453,20154000
2019-07-05 00:00:00-04:00,55.7021884138301,56.46255308135263,55.609135067975956,56.3640251159668,29794000
2019-07-08 00:00:00-04:00,56.02564512740581,56.09232766660552,55.32350426173324,55.57380676269531,29888000
2019-07-09 00:00:00-04:00,55.251843496614924,56.12467327228846,55.09409700060475,55.947021484375,29472000
2019-07-10 00:00:00-04:00,56.34661378745819,56.84522940834955,56.2640085315507,56.774070739746094,30710000
2019-07-11 00:00:00-04:00,57.03531752794234,57.387633227316094,56.70539765514652,56.93181228637695,26004000
2019-07-12 00:00:00-04:00,56.874585349717364,57.10199846624745,56.65712677728647,56.994510650634766,21878000
2019-07-15 00:00:00-04:00,56.994508520954916,57.260240168208966,56.72878067024691,57.25178146362305,21164000
2019-07-16 00:00:00-04:00,57.063677724573616,57.65336105195514,57.063677724573616,57.39857864379883,25352000
2019-07-17 00:00:00-04:00,57.272187458339516,57.64639783763684,57.05821031421704,57.06418228149414,19538000
2019-07-18 00:00:00-04:00,56.8283035459738,57.135337818816325,56.373481124712285,57.08905792236328,25450000
2019-07-19 00:00:00-04:00,57.192564941715595,57.3050262325686,56.29336436934833,56.308292388916016,23184000
2019-07-22 00:00:00-04:00,56.503354094883306,56.72977249640196,55.99279840525879,56.6894645690918,28914000
2019-07-23 00:00:00-04:00,56.90046266894494,57.1696757592667,56.372985727512926,57.12936782836914,20648000
2019-07-24 00:00:00-04:00,56.3615357640153,57.00047926330069,56.15701203647571,56.7153434753418,27192000
2019-07-25 00:00:00-04:00,56.67652617008633,56.90742449664428,55.91815474345394,56.5267448425293,54762000
2019-07-26 00:00:00-04:00,61.10784517221858,63.117732825431005,61.10784517221858,61.96474838256836,121216000
2019-07-29 00:00:00-04:00,61.829398487256135,62.15235549269925,61.21732309332044,61.79655456542969,41382000
2019-07-30 00:00:00-04:00,61.05808399297526,61.55122877377284,60.9744840447628,61.10784912109375,28616000
2019-07-31 00:00:00-04:00,60.95208743809784,61.45169769962661,60.1215588414705,60.620174407958984,39960000
2019-08-01 00:00:00-04:00,60.59181272135604,61.520869314006525,60.0628399532582,60.30070495605469,35426000
2019-08-02 00:00:00-04:00,59.863793900652404,60.187244438214584,59.21688523243594,59.5313835144043,34910000
2019-08-05 00:00:00-04:00,58.369440820792306,58.56401382406852,56.86563258616395,57.46277618408203,47840000
2019-08-06 00:00:00-04:00,57.99871351936014,58.78893425214037,57.800161742770406,58.275390625,36014000
2019-08-07 00:00:00-04:00,57.61454570600148,58.71279536839512,57.268201993762915,58.51573944091797,30686000
2019-08-08 00:00:00-04:00,59.039235564994726,60.027013359402346,58.420694666761676,60.02253723144531,30116000
2019-08-09 00:00:00-04:00,59.71400966805008,59.93644550811867,58.962601058404324,59.162147521972656,20418000
2019-08-12 00:00:00-04:00,58.71926490700583,58.99842873751256,58.15794936421993,58.44557189941406,22064000
2019-08-13 00:00:00-04:00,58.43810570889914,59.98471222475015,58.370432277379436,59.551780700683594,28434000
2019-08-14 00:00:00-04:00,58.523703882181366,58.858103678090515,57.77727251213022,57.935516357421875,35430000
2019-08-15 00:00:00-04:00,58.14351465402606,58.54111171217849,57.87330689451243,58.187801361083984,28506000
2019-08-16 00:00:00-04:00,58.75858100214962,58.91035553255784,58.37093464481088,58.679954528808594,24916000
2019-08-19 00:00:00-04:00,59.30794899387651,60.18177342032458,59.23679033142895,59.73640060424805,24450000
2019-08-20 00:00:00-04:00,59.483119315781856,59.61498855767877,58.871043905251,58.894927978515625,20206000
2019-08-21 00:00:00-04:00,59.506502390396136,59.74237420930258,59.113381426703334,59.295509338378906,14152000
2019-08-22 00:00:00-04:00,59.40597841002066,59.65379415130223,58.66502172032861,59.29252243041992,17352000
2019-08-23 00:00:00-04:00,58.97653909638914,59.49904259315562,57.22640713048581,57.40455627441406,36254000
2019-08-26 00:00:00-04:00,57.69664982967018,58.31419597379044,57.467744692159776,58.280357360839844,21166000
2019-08-27 00:00:00-04:00,58.86855458840032,58.96807725079584,57.95094075865251,58.262451171875,23460000
2019-08-28 00:00:00-04:00,57.96636890291104,58.64462571268449,57.73646903604306,58.40825653076172,16810000
2019-08-29 00:00:00-04:00,59.038740942388,59.67420307631609,58.982012946611036,59.42788314819336,19636000
2019-08-30 00:00:00-04:00,59.7319242587331,59.7319242587331,59.003902389099586,59.24325942993164,18064000
2019-09-03 00:00:00-04:00,58.81132466122821,59.17110435815699,57.90864265985034,58.19925308227539,25908000
2019-09-04 00:00:00-04:00,58.6919016632161,58.962109469382995,58.297785969539106,58.83222961425781,21312000
2019-09-05 00:00:00-04:00,59.39901601134772,60.41117903465285,59.350746722491714,60.321109771728516,26394000
2019-09-06 00:00:00-04:00,60.169334899214945,60.35892682411084,59.87673128586137,60.02900695800781,18972000
2019-09-09 00:00:00-04:00,60.066826314909605,60.737121757264916,59.37463618981664,59.97675704956055,31854000
2019-09-10 00:00:00-04:00,59.51993693092172,60.21212700394999,59.51595435411156,59.99814987182617,27922000
2019-09-11 00:00:00-04:00,59.9080838113267,60.83266431419536,59.82796529568178,60.70975112915039,23522000
2019-09-12 00:00:00-04:00,60.88242423232836,61.82541416609786,60.837139029635715,61.454689025878906,31644000
2019-09-13 00:00:00-04:00,61.312366282826474,61.75724175452217,61.06206379711294,61.70648193359375,23676000
2019-09-16 00:00:00-04:00,61.229264140008674,61.65622371397598,60.9680124134978,61.288482666015625,28218000
2019-09-17 00:00:00-04:00,61.288489755959674,61.456187012969934,60.876458153577794,61.2014045715332,20806000
2019-09-18 00:00:00-04:00,61.219311917940146,61.51788368538318,60.534088515746376,61.339237213134766,17440000
2019-09-19 00:00:00-04:00,61.32281502900273,61.92095323823774,61.32231768149334,61.642784118652344,16554000
2019-09-20 00:00:00-04:00,61.388500234062036,61.844321133342945,60.88789527881074,61.199405670166016,37692000
2019-09-23 00:00:00-04:00,61.03668374316007,61.68906703175776,60.89784785032778,61.44075393676758,20798000
2019-09-24 00:00:00-04:00,61.70498847916527,62.058796192233984,60.24397507890461,60.626644134521484,35804000
2019-09-25 00:00:00-04:00,60.51120227694757,62.104088894266226,60.17232254174309,62.00058364868164,26798000
2019-09-26 00:00:00-04:00,61.81147901413591,61.93738007443879,61.29793541535028,61.81894302368164,23166000
2019-09-27 00:00:00-04:00,61.84582242092327,61.953310245793546,60.470895508221176,61.00584030151367,34122000
2019-09-30 00:00:00-04:00,60.739603724612536,61.07848342422584,60.382314573246774,60.766475677490234,24470000
2019-10-01 00:00:00-04:00,60.833658504845005,61.34969266080306,59.990688567290356,60.01308059692383,24504000
2019-10-02 00:00:00-04:00,59.54034128334951,59.65280257378493,58.35251968193036,58.615760803222656,33030000
2019-10-03 00:00:00-04:00,58.88547443277298,59.26665148474027,57.880281833455065,59.18852615356445,28368000
2019-10-04 00:00:00-04:00,59.430365213638524,60.33454303160639,59.26515471503386,60.2598991394043,24282000
2019-10-07 00:00:00-04:00,60.06283935099302,60.65550676706592,59.93146746761579,60.12504196166992,17040000
2019-10-08 00:00:00-04:00,59.65329799245355,60.05636969243587,59.1910077673382,59.22335433959961,20086000
2019-10-09 00:00:00-04:00,59.7806958327471,60.135498274495816,59.62095614545092,59.83393859863281,15948000
2019-10-10 00:00:00-04:00,59.6448437458614,60.49179248596752,59.608021043066536,60.18575668334961,12842000
2019-10-11 00:00:00-04:00,60.91029401479073,61.14517115210755,60.39326514484028,60.496273040771484,22330000
2019-10-14 00:00:00-04:00,60.4057044302206,61.00235065423196,60.3056844195841,60.59878158569336,13296000
2019-10-15 00:00:00-04:00,60.78439513005125,62.059795491927765,60.75553378536166,61.81645965576172,27584000
2019-10-16 00:00:00-04:00,61.79506384907935,62.41111803673407,61.6318427281142,61.85428237915039,22986000
2019-10-17 00:00:00-04:00,62.272279026024734,62.88684114029852,62.19614308918715,62.34194564819336,20958000
2019-10-18 00:00:00-04:00,62.43600035310934,62.60618433941539,61.7119610003135,61.92444610595703,31624000
2019-10-21 00:00:00-04:00,62.13792166543536,62.377274913200615,61.7044927784836,61.917972564697266,18094000
2019-10-22 00:00:00-04:00,61.92792679446339,62.139417202422926,61.69752958595026,61.76470947265625,22862000
2019-10-23 00:00:00-04:00,61.7154442698136,62.60270091820008,61.7154442698136,62.582298278808594,21282000
2019-10-24 00:00:00-04:00,62.655948638916016,62.84454587248038,62.3195556547794,62.655948638916016,20224000
2019-10-25 00:00:00-04:00,62.302135888568934,63.098332375099034,62.160315904617626,62.91421127319336,27104000
2019-10-28 00:00:00-04:00,63.44667002822979,64.6529011856017,63.31281139212287,64.14234161376953,65428000
2019-10-29 00:00:00-04:00,63.49643063209082,63.735290351692505,62.48178081532424,62.73308181762695,52654000
2019-10-30 00:00:00-04:00,62.45888571435024,63.09932507551944,62.234957832433814,62.73506546020508,29204000
2019-10-31 00:00:00-04:00,62.70023406386545,63.024683106707286,62.176735899606875,62.64051818847656,31904000
2019-11-01 00:00:00-04:00,62.98885445767771,63.34714211326449,62.68580275238478,63.309818267822266,28812000
2019-11-04 00:00:00-05:00,63.50190331257212,64.31750397085139,63.50190331257212,64.17369079589844,30632000
2019-11-05 00:00:00-05:00,64.25280368620336,64.55336863262207,64.16224088012171,64.2647476196289,25148000
2019-11-06 00:00:00-05:00,64.19757604359447,64.3418827636768,63.80843765382867,64.24335479736328,24626000
2019-11-07 00:00:00-05:00,64.40607288727122,65.81782613405997,64.37970207831445,65.03606414794922,45140000
2019-11-08 00:00:00-05:00,64.7663592992229,65.54215322723944,64.7663592992229,65.13858032226562,30392000
2019-11-11 00:00:00-05:00,64.8897600770849,64.93455172728495,64.48520013088067,64.6051254272461,17234000
2019-11-12 00:00:00-05:00,64.6195494802019,65.1559862262841,64.40408031556065,64.55187225341797,28852000
2019-11-13 00:00:00-05:00,64.3513378178511,64.81611860553971,64.30008444318155,64.50062561035156,20538000
2019-11-14 00:00:00-05:00,64.44191158258879,65.47298526589213,64.38916236594035,65.14604187011719,28948000
2019-11-15 00:00:00-05:00,65.43964815188482,66.35974884033203,65.28239518712496,66.35974884033203,39286000
2019-11-18 00:00:00-05:00,66.30001219897768,66.37863866124253,65.49486355782093,65.67798614501953,27984000
2019-11-19 00:00:00-05:00,66.01587820331358,66.01587820331358,65.2764173172302,65.31722259521484,21864000
2019-11-20 00:00:00-05:00,65.2560100894013,65.34806873389266,64.15378170341853,64.78327178955078,28892000
2019-11-21 00:00:00-05:00,64.65339473556163,65.24406896202287,64.2304139478195,64.69768524169922,25546000
2019-11-22 00:00:00-05:00,64.84001210577657,65.03408397495377,64.16125791126116,64.375732421875,27776000
2019-11-25 00:00:00-05:00,64.50461192728618,65.20874217751695,64.47226535307868,64.97137451171875,23590000
2019-11-26 00:00:00-05:00,65.18386349945233,65.38788990808449,64.89176480523311,65.33763122558594,21910000
2019-11-27 00:00:00-05:00,65.45804903163751,65.56852092694777,65.16196400271949,65.29432678222656,18808000
2019-11-29 00:00:00-05:00,65.01914770034297,65.18584644736278,64.85144666514758,64.89424133300781,12802000
2019-12-02 00:00:00-05:00,64.81811370826631,64.96143334265837,63.71438927194339,64.1363754272461,26538000
2019-12-03 00:00:00-05:00,63.628795049278835,64.55288201555861,63.54868032892964,64.42897033691406,25270000
2019-12-04 00:00:00-05:00,64.99426569726276,65.89844353580985,64.84248737518483,65.63320922851562,35506000
2019-12-05 00:00:00-05:00,66.0342998762745,66.08307031429666,65.40332141929129,66.03231048583984,24408000
2019-12-06 00:00:00-05:00,66.32042735748699,66.80411496911279,66.24479255898454,66.65084838867188,32968000
2019-12-09 00:00:00-05:00,66.62447193689093,67.55452702974324,66.48563224473745,66.82998657226562,30842000
2019-12-10 00:00:00-05:00,66.67821495613366,67.07929727066904,66.38262347109809,66.82501220703125,17606000
2019-12-11 00:00:00-05:00,67.09422842768504,67.17334845178318,66.73594076385635,66.89269256591797,20480000
2019-12-12 00:00:00-05:00,66.84093968464185,67.40673139482124,66.5916356717004,67.10368347167969,29114000
2019-12-13 00:00:00-05:00,67.07432466766997,67.24600450327216,66.76381271733312,67.0230712890625,33170000
2019-12-16 00:00:00-05:00,67.42763325956065,67.85210231614137,67.20917998851799,67.7112808227539,28128000
2019-12-17 00:00:00-05:00,67.79636765745734,67.89191153838878,67.21713620128835,67.42215728759766,32948000
2019-12-18 00:00:00-05:00,67.52715512249516,67.6480751190235,67.20171518207414,67.27386474609375,23330000
2019-12-19 00:00:00-05:00,67.27386673237294,67.55353552004196,67.11662137714275,67.4992904663086,28922000
2019-12-20 00:00:00-05:00,67.8307002019316,67.8754842583036,67.21514342302943,67.2395248413086,50090000
2019-12-23 00:00:00-05:00,67.61324628174226,67.76850224367584,67.07930001856579,67.21017456054688,19936000
2019-12-24 00:00:00-05:00,67.18926817770937,67.27884388622779,66.88871080971033,66.90164184570312,13468000
2019-12-26 00:00:00-05:00,67.00713687688335,67.83567986809916,66.9553823631631,67.79934692382812,23662000
2019-12-27 00:00:00-05:00,67.87548926268654,68.02726758903803,67.32811081612331,67.40972137451172,23212000
2019-12-30 00:00:00-05:00,67.51769834955634,67.52715174912666,66.57370996290571,66.66676330566406,19994000
2019-12-31 00:00:00-05:00,66.4717045475848,66.71404570098348,66.28957662098308,66.65084838867188,19514000
2020-01-02 00:00:00-05:00,67.09970156760528,68.1083755493164,67.00415768648521,68.1083755493164,27278000
2020-01-03 00:00:00-05:00,67.07930441454083,68.36067681993559,67.04546199914073,67.75208282470703,23408000
2020-01-06 00:00:00-05:00,67.25992638011208,69.58332136437583,67.22858209701914,69.55794525146484,46768000
2020-01-07 00:00:00-05:00,69.68982062314994,69.84109780511007,69.24693831666055,69.42359161376953,34330000
2020-01-08 00:00:00-05:00,69.40915447916457,70.25660431481994,69.30017841973043,69.917724609375,35314000
2020-01-09 00:00:00-05:00,70.75820366435225,71.09409928302898,70.17499344034695,70.65171813964844,33200000
2020-01-10 00:00:00-05:00,71.1334235656956,71.40562076183926,70.64227194118779,71.10803985595703,26258000
2020-01-13 00:00:00-05:00,71.42103622672836,71.73105459235768,70.92939109321708,71.65890502929688,30730000
2020-01-14 00:00:00-05:00,71.65740633981173,71.78828087353631,71.04881242286127,71.18914794921875,26076000
2020-01-15 00:00:00-05:00,71.31007924880507,71.69623359683659,71.24240200906924,71.61760711669922,21550000
2020-01-16 00:00:00-05:00,71.92861841895987,72.18987397034176,71.65741591572775,72.16300201416016,26080000
2020-01-17 00:00:00-05:00,72.77904128791559,73.67525391932409,72.48096687413458,73.6240005493164,52424000
2020-01-21 00:00:00-05:00,73.59813193167503,74.13954981671559,73.16072423104607,73.7598648071289,48930000
2020-01-22 00:00:00-05:00,74.13208973203312,74.67200421330017,73.78027135418839,73.8404769897461,28458000
2020-01-23 00:00:00-05:00,74.02359627922354,74.31968130965106,73.66381279979728,73.88127136230469,26650000
2020-01-24 00:00:00-05:00,74.28584264769104,74.35451457543209,72.810892040463,72.95968627929688,29786000
2020-01-27 00:00:00-05:00,71.23643435523881,71.4872342256204,70.63729373845622,71.24588775634766,34132000
2020-01-28 00:00:00-05:00,71.74399693020122,72.39388973398827,71.17770407698895,72.17991638183594,29724000
2020-01-29 00:00:00-05:00,72.57601256289253,72.8586654186404,71.92562625371633,72.48843383789062,21566000
2020-01-30 00:00:00-05:00,71.56285567943894,72.41627364413384,71.40859442553979,72.36651611328125,27110000
2020-01-31 00:00:00-05:00,73.04378594209612,73.13385521184509,71.01349157096435,71.29813385009766,43822000
2020-02-03 00:00:00-05:00,72.73475112590975,73.96139234126558,72.48395130082353,73.77726745605469,71636000
2020-02-04 00:00:00-05:00,72.37846261578684,73.01789968192739,70.76318413051645,71.92662048339844,95880000
2020-02-05 00:00:00-05:00,72.83227848355087,72.88054776477253,71.14385592884095,71.95845794677734,36376000
2020-02-06 00:00:00-05:00,72.25356352243467,73.72553013530305,72.17892341944845,73.44735717773438,37822000
2020-02-07 00:00:00-05:00,73.02038176738384,73.90913031714187,72.92185381552126,73.60359191894531,28360000
2020-02-10 00:00:00-05:00,73.51005621420106,75.0850230307296,73.40903771305075,75.0740737915039,38302000
2020-02-11 00:00:00-05:00,75.30347367199528,76.13002730831754,74.91433529369846,75.14373779296875,34852000
2020-02-12 00:00:00-05:00,75.4323606906229,75.65330449075212,75.07457418082535,75.57020568847656,31042000
2020-02-13 00:00:00-05:00,75.14076012943136,75.93446611705389,74.84218453538855,75.30945587158203,22914000
2020-02-14 00:00:00-05:00,75.36617257703398,75.64086026005992,74.91930394806882,75.5751724243164,23198000
2020-02-18 00:00:00-05:00,75.35672784883174,76.16386598952577,75.19101619789893,75.61051177978516,25642000
2020-02-19 00:00:00-05:00,75.99666093125346,76.17282066551604,75.6871437222989,75.8807144165039,22746000
2020-02-20 00:00:00-05:00,75.58911140978356,75.99019372622803,74.85511755870975,75.48859405517578,25962000
2020-02-21 00:00:00-05:00,74.8710434826863,75.18803231655097,73.57275374256885,73.820068359375,42520000
2020-02-24 00:00:00-05:00,70.81393833170006,71.47727087720753,70.00481082046124,70.65519714355469,49560000
2020-02-25 00:00:00-05:00,71.20955452359632,71.50065850081133,68.692588654975,68.9861831665039,51580000
2020-02-26 00:00:00-05:00,69.41711700631495,70.34717205695928,68.50000058431121,69.19268798828125,49776000
2020-02-27 00:00:00-05:00,67.63364403136153,68.14420353278719,65.39932357908593,65.43465423583984,62290000
2020-02-28 00:00:00-05:00,63.412330880062434,66.8031174963142,63.10878181731662,66.64388275146484,80198000
2020-03-02 00:00:00-05:00,67.24799522889303,69.04340471098438,65.94472443894038,68.9861831665039,55430000
2020-03-03 00:00:00-05:00,69.55147725951427,70.074474248836,66.14575530731636,66.56774139404297,56602000
2020-03-04 00:00:00-05:00,67.6246871548153,68.81002200894605,66.53191209538853,68.75130462646484,47598000
2020-03-05 00:00:00-05:00,66.95737348484228,67.35945807850705,64.77232458674723,65.42520141601562,54380000
2020-03-06 00:00:00-05:00,63.195363838055194,64.827555889874,62.56139381615548,64.47872924804688,64640000
2020-03-09 00:00:00-04:00,59.961324470750895,62.338459540726845,59.61697016611344,60.500247955322266,69252000
2020-03-10 00:00:00-04:00,62.421070002563646,63.48896251764609,60.436554559183975,63.45512390136719,54872000
2020-03-11 00:00:00-04:00,62.11652506586974,62.54746342368469,59.273614377572834,60.25691223144531,54732000
2020-03-12 00:00:00-04:00,55.863916764377194,59.15468318742386,55.1597827507668,55.31304931640625,94326000
2020-03-13 00:00:00-04:00,58.46995836028194,60.431083267311,55.34987319346634,60.42461395263672,79400000
2020-03-16 00:00:00-04:00,54.22126801964199,57.0009775285844,53.100128996168905,53.39472198486328,96520000
2020-03-17 00:00:00-04:00,54.27252988977044,56.03211522774084,52.20541290761247,55.63700485229492,83194000
2020-03-18 00:00:00-04:00,52.744834644266916,54.986615573524475,51.60328906887955,54.29990005493164,93044000
2020-03-19 00:00:00-04:00,54.15210150102109,57.35628400103994,52.526374852540556,55.31902313232422,74064000
2020-03-20 00:00:00-04:00,56.27594862476808,56.653146895914205,52.85231802516064,53.15636444091797,82878000
2020-03-23 00:00:00-04:00,52.5671779570536,53.09167079517627,50.20347875276499,52.455711364746094,83672000
2020-03-24 00:00:00-04:00,54.93635331479006,56.39686943848624,54.06302620724,56.231658935546875,72468000
2020-03-25 00:00:00-04:00,55.961448858891174,57.03581063497772,53.892840020620554,54.818912506103516,90324000
2020-03-26 00:00:00-04:00,55.47079870126762,58.29529626026029,54.3416982421875,57.86933135986328,76562000
2020-03-27 00:00:00-04:00,56.10526532209489,57.27865627332936,54.93734899052884,55.24885940551758,62794000
2020-03-30 00:00:00-04:00,56.362531875234545,57.27616309094643,54.66315609776698,57.04277801513672,58736000
2020-03-31 00:00:00-04:00,57.16320227975935,58.39083058698721,56.565557615189896,57.8210563659668,65228000
2020-04-01 00:00:00-04:00,55.932587259759686,56.20229768361806,54.41434472078375,54.842796325683594,51970000
2020-04-02 00:00:00-04:00,54.73830070289628,55.87138374005283,54.3964368955584,55.585750579833984,56410000
2020-04-03 00:00:00-04:00,55.47029994298398,55.6733278436525,53.49822958250269,54.37503433227539,51374000
2020-04-06 00:00:00-04:00,56.3804517940451,59.25420957181764,55.98235353914818,58.87800979614258,63320000
2020-04-07 00:00:00-04:00,60.56095675968012,60.74856308077166,58.58241717885874,58.84665298461914,61620000
2020-04-08 00:00:00-04:00,59.868771468332326,60.45596430381323,58.915826954161616,60.062843322753906,40334000
2020-04-09 00:00:00-04:00,60.61917842486261,60.80877033274802,59.337305082673424,60.041439056396484,54028000
2020-04-13 00:00:00-04:00,59.78915284931368,60.43705624337838,58.83521365989364,60.2325325012207,38702000
2020-04-14 00:00:00-04:00,61.703500286214066,63.48398554877324,61.13471691802692,62.96049118041992,63358000
2020-04-15 00:00:00-04:00,62.028941883647406,63.45213792906103,61.40641842523156,62.56587600708008,42236000
2020-04-16 00:00:00-04:00,63.05553213901334,63.365053153788786,61.61541867517127,62.57234191894531,57896000
2020-04-17 00:00:00-04:00,63.78006595578862,64.19309218879452,62.99880134225195,63.64570999145508,51050000
2020-04-20 00:00:00-04:00,63.19237482499092,63.53722647703482,62.52307415846969,62.75745391845703,35292000
2020-04-21 00:00:00-04:00,61.83984635367317,62.202610123197196,59.9633161587621,60.31961441040039,49648000
2020-04-22 00:00:00-04:00,61.760223241371214,63.68949878936644,61.565654060120984,62.62110900878906,46296000
2020-04-23 00:00:00-04:00,62.9858614211265,64.10103222735762,62.72660289717478,63.25606918334961,34202000
2020-04-24 00:00:00-04:00,62.451424092845535,63.5815230301406,61.904041852137816,63.52628707885742,37402000
2020-04-27 00:00:00-04:00,64.29261999002367,64.39712372198137,62.95202913831528,63.24065017700195,44186000
2020-04-28 00:00:00-04:00,63.854715732055425,63.93233991292163,61.22627956997814,61.33625411987305,80700000
2020-04-29 00:00:00-04:00,66.93000841508254,67.6839037451793,66.02085713189535,66.78968048095703,108358000
2020-04-30 00:00:00-04:00,66.2512539359075,67.17881846187733,65.76059592377868,67.01460266113281,55842000
2020-05-01 00:00:00-04:00,65.88947971557204,67.24997954035189,65.171416205784,65.5525894165039,48872000
2020-05-04 00:00:00-04:00,65.09528031161895,65.90839414561984,64.49216102586087,65.83026123046875,30806000
2020-05-05 00:00:00-04:00,66.55679496980919,68.2243215628969,66.43388558474965,67.13005065917969,39666000
2020-05-06 00:00:00-04:00,67.57691974063604,68.1088766042414,66.93648036667742,66.95140838623047,31732000
2020-05-07 00:00:00-04:00,67.74161939808462,68.47262907285855,67.30520647797584,68.13822174072266,30652000
2020-05-08 00:00:00-04:00,68.76224962511807,69.49972107273517,68.2740821604466,68.88764953613281,33326000
2020-05-11 00:00:00-04:00,68.51194548372064,70.43972524742269,68.44775348367992,69.84556579589844,32718000
2020-05-12 00:00:00-04:00,70.07597118487982,70.38001377865767,68.39849009246208,68.43183135986328,33918000
2020-05-13 00:00:00-04:00,68.48059978522438,68.93692187825766,66.0845538197152,67.09571838378906,40368000
2020-05-14 00:00:00-04:00,66.35874795285368,67.545571123171,65.85017778912353,67.52019500732422,36660000
2020-05-15 00:00:00-04:00,67.09223444201076,68.40196688173432,66.63143246758034,68.32633209228516,41544000
2020-05-18 00:00:00-04:00,67.75506542085085,69.30664542495049,67.38781793513687,68.92945098876953,47094000
2020-05-19 00:00:00-04:00,68.9443854610412,69.29321213831301,68.36117519922374,68.39302062988281,31586000
2020-05-20 00:00:00-04:00,69.12749997341068,70.26556016251162,69.04091594784161,70.12274169921875,38262000
2020-05-21 00:00:00-04:00,70.21381213676726,70.48600931605345,69.38775960567644,70.00282287597656,30894000
2020-05-22 00:00:00-04:00,69.86100197282914,70.51288417543044,69.46539424513811,70.3257827758789,28544000
2020-05-26 00:00:00-04:00,71.75495108507815,71.91170290141652,70.6323198462769,70.7303466796875,44590000
2020-05-27 00:00:00-04:00,70.66216836000463,70.92839736595668,69.39821460494831,70.67610168457031,31684000
2020-05-28 00:00:00-04:00,69.66692194094234,71.87934390822512,69.6211431898544,70.5745849609375,35170000
2020-05-29 00:00:00-04:00,70.68355713928611,71.4946815443302,70.46211981224069,71.33494567871094,37044000
2020-06-01 00:00:00-04:00,70.94580806681581,71.73602869916792,70.77561651245831,71.4021224975586,25162000
2020-06-02 00:00:00-04:00,71.4085918879412,71.80669008607417,70.74227532304845,71.77235412597656,23442000
2020-06-03 00:00:00-04:00,71.7917588332799,72.10575593499136,71.24039410656898,71.62007904052734,27732000
2020-06-04 00:00:00-04:00,71.497177182306,71.72310206654205,69.96599963959787,70.37852478027344,26982000
2020-06-05 00:00:00-04:00,70.44520752119047,71.97091804138051,70.04611456061043,71.65840911865234,42642000
2020-06-08 00:00:00-04:00,70.9746746217983,72.10526325973755,70.88509891401527,72.0574951171875,33878000
2020-06-09 00:00:00-04:00,71.91816171630913,73.04079279119881,71.77484210279437,72.25852966308594,33624000
2020-06-10 00:00:00-04:00,72.72778683921254,73.28810385800969,72.37198974644225,72.88652801513672,31762000
2020-06-11 00:00:00-04:00,71.70867022307195,72.2346589692547,69.5878130130695,69.76148223876953,47144000
2020-06-12 00:00:00-04:00,70.95376958003494,71.38421437179544,68.96030198853704,70.30985260009766,36676000
2020-06-15 00:00:00-04:00,69.14392465309821,70.91097380700297,69.02996753030666,70.69898986816406,30468000
2020-06-16 00:00:00-04:00,72.10526358516627,72.51182051857924,71.10952825884952,71.9793701171875,30648000
2020-06-17 00:00:00-04:00,72.30133456430534,72.76212896872691,71.415068821233,72.28142547607422,30610000
2020-06-18 00:00:00-04:00,72.14757151661824,72.30282748663723,70.9726846629474,71.36481475830078,34862000
2020-06-19 00:00:00-04:00,71.65740986390969,71.88133775111594,70.61240293282405,70.89306640625,52784000
2020-06-22 00:00:00-04:00,70.91147505867174,72.20230067860511,70.62185934811,72.1878662109375,29442000
2020-06-23 00:00:00-04:00,72.25455152562985,73.40903563217812,71.90621842213413,72.85070037841797,37752000
2020-06-24 00:00:00-04:00,72.8158676184772,73.43838725263467,71.15978391672346,71.29414367675781,31592000
2020-06-25 00:00:00-04:00,71.22049025097112,71.77284971319233,70.63926944685834,71.71214294433594,23958000
2020-06-26 00:00:00-04:00,71.29066762558381,71.5091209058233,67.42763609824557,67.80284118652344,97640000
2020-06-29 00:00:00-04:00,67.69336296671155,69.56740658298106,67.2609287443365,69.5261001586914,45074000
2020-06-30 00:00:00-04:00,69.51167404146442,70.86121720110151,69.0165360541645,70.56513214111328,40286000
2020-07-01 00:00:00-04:00,70.62087929232952,72.07940624191117,70.37256235703924,71.75694274902344,42182000
2020-07-02 00:00:00-04:00,72.24659051474603,74.07186348298605,72.20826818037254,73.14678192138672,57218000
2020-07-06 00:00:00-04:00,74.05345615982517,75.14075662187608,73.49761142237459,74.62571716308594,44712000
2020-07-07 00:00:00-04:00,74.45055656016098,75.70406216918913,74.13058365914364,74.14153289794922,42364000
2020-07-08 00:00:00-04:00,74.68294763540767,75.19898179852746,74.25996682154751,74.82228088378906,31766000
2020-07-09 00:00:00-04:00,75.13727741838821,76.0932098651604,74.42369372179377,75.57170104980469,41836000
2020-07-10 00:00:00-04:00,75.30248471212418,76.70030474090636,74.67897031172721,76.58435821533203,35918000
2020-07-13 00:00:00-04:00,77.12825841563946,78.44297203416643,74.96958014308842,75.2517318725586,42954000
2020-07-14 00:00:00-04:00,74.28434999897787,75.77770617369718,73.94297977071558,75.68116760253906,38108000
2020-07-15 00:00:00-04:00,75.79910266825213,76.45098479184617,74.53514900176111,75.48311614990234,31026000
2020-07-16 00:00:00-04:00,74.71777710977885,75.43485358407806,74.05942561326644,75.38558959960938,26484000
2020-07-17 00:00:00-04:00,75.48461250339587,75.80906535403365,74.5485891882386,75.48162841796875,34264000
2020-07-20 00:00:00-04:00,75.38956453557115,78.07721543774436,74.77749296936797,77.8199462890625,30166000
2020-07-21 00:00:00-04:00,78.87440678042151,78.97492413472274,77.26161122175375,77.42582702636719,27486000
2020-07-22 00:00:00-04:00,77.41538249759988,77.97620071888103,76.79435105254424,77.87020874023438,24482000
2020-07-23 00:00:00-04:00,77.92394547961592,78.14389457073787,75.0705830583031,75.47664642333984,33910000
2020-07-24 00:00:00-04:00,74.6028386333552,75.41097153590187,74.02559650691151,75.05168914794922,29902000
2020-07-27 00:00:00-04:00,75.30298030118446,76.51219541111449,75.2567004045739,76.10762786865234,27124000
2020-07-28 00:00:00-04:00,75.88718593599701,75.93744461336621,74.6690109658058,74.82476806640625,30910000
2020-07-29 00:00:00-04:00,74.89194642181988,76.30170274438422,74.79291731015581,75.81304168701172,22676000
2020-07-30 00:00:00-04:00,74.5421203310874,76.67791304910183,74.40278707937269,76.5525131225586,36042000
2020-07-31 00:00:00-04:00,74.49633966059952,74.89294207022046,72.35407768262465,74.04350280761719,91468000
2020-08-03 00:00:00-04:00,74.1952823635518,74.53017571563687,73.23586473268551,73.78524017333984,45482000
2020-08-04 00:00:00-04:00,73.98180262852239,74.3002797145422,72.85319570585015,73.31449127197266,37212000
2020-08-05 00:00:00-04:00,73.4896528857235,74.14551382781045,73.21097880454894,73.60260772705078,29134000
2020-08-06 00:00:00-04:00,73.45630713721422,74.9551379108816,73.24481674977106,74.88945007324219,33306000
2020-08-07 00:00:00-04:00,75.09298915592936,75.64285813461413,73.95990233635366,74.56202697753906,27718000
2020-08-10 00:00:00-04:00,74.18531593243594,74.99892327445139,73.5229781582979,74.4848861694336,20546000
2020-08-11 00:00:00-04:00,74.34456852083929,75.16266357651878,73.55783294038726,73.67477416992188,31098000
2020-08-12 00:00:00-04:00,74.00220039154834,75.22386058442733,73.8967019688904,75.00341033935547,22512000
2020-08-13 00:00:00-04:00,75.05168292534601,76.48284418729223,75.05168292534601,75.47167205810547,22388000
2020-08-14 00:00:00-04:00,75.32040392648128,75.62793939616182,74.59338041774163,74.87354278564453,21942000
2020-08-17 00:00:00-04:00,75.43783887619192,75.82648373152185,74.891948664715,75.4512710571289,19990000
2020-08-18 00:00:00-04:00,75.9429161837234,77.4979814068608,75.72147884435643,77.41886138916016,28378000
2020-08-19 00:00:00-04:00,77.25514432932671,78.06975406339483,76.63361934240044,76.86302185058594,30472000
2020-08-20 00:00:00-04:00,76.6321208147601,78.63255890802547,76.357934257102,78.43749237060547,26382000
2020-08-21 00:00:00-04:00,78.21605349977197,79.21528172540805,77.74381628283706,78.4036636352539,34838000
2020-08-24 00:00:00-04:00,79.2446345587043,80.05626022081937,78.37728319040286,78.88037872314453,25638000
2020-08-25 00:00:00-04:00,78.62907393281236,80.06122982776336,78.51860203471604,79.91045379638672,25150000
2020-08-26 00:00:00-04:00,79.93284358851191,82.2462840692637,79.66811043713714,81.81533813476562,52188000
2020-08-27 00:00:00-04:00,81.93875040400734,82.00742232920561,80.55536494935534,81.03855895996094,31350000
2020-08-28 00:00:00-04:00,81.08583513332398,81.67700292551035,80.89375267803553,81.58145904541016,22418000
2020-08-31 00:00:00-04:00,81.78747703645925,81.8337569351286,80.87982154060386,81.08882141113281,26422000
2020-09-01 00:00:00-04:00,81.21969391487622,82.56625290159603,81.08881937616468,82.36023712158203,22652000
2020-09-02 00:00:00-04:00,83.00366085589854,85.89434350737906,82.61452246781315,85.4609146118164,49522000
2020-09-03 00:00:00-04:00,84.57166166881079,84.59554953635386,80.00300449445753,81.08782196044922,63726000
2020-09-04 00:00:00-04:00,80.06720294777561,81.36051923220332,76.53260313427657,78.68431854248047,55850000
2020-09-08 00:00:00-04:00,75.88719439983616,77.40742274788263,75.46421355774739,75.8175277709961,54032000
2020-09-09 00:00:00-04:00,77.07649937472567,77.56516041610428,75.89564445564935,76.99340057373047,39242000
2020-09-10 00:00:00-04:00,77.14019418699958,78.30860397286067,75.63837173852811,75.9394302368164,33024000
2020-09-11 00:00:00-04:00,76.04393489459162,76.56892127073058,74.29579252540272,75.42738342285156,30706000
2020-09-14 00:00:00-04:00,76.21809682607592,77.47956754747086,74.89741517443528,75.08252716064453,42660000
2020-09-15 00:00:00-04:00,76.03100168037477,77.18050476355,75.7428817865187,76.39077758789062,23042000
2020-09-16 00:00:00-04:00,76.75702925240749,77.34869819515173,75.21987604229885,75.24475860595703,22128000
2020-09-17 00:00:00-04:00,73.93700680508756,74.5764514754621,72.77506627110589,73.99821472167969,40008000
2020-09-18 00:00:00-04:00,74.06092595393991,74.40428561995024,71.24041080982535,72.20927429199219,63056000
2020-09-21 00:00:00-04:00,71.2404087126211,71.66039786094642,69.80029514123461,71.16676330566406,56908000
2020-09-22 00:00:00-04:00,72.17096125693553,72.85021659464078,71.1349140632164,72.6436996459961,33950000
2020-09-23 00:00:00-04:00,72.25903690168364,72.30830088742725,69.80029475994638,70.13419342041016,37726000
2020-09-24 00:00:00-04:00,69.80028750186223,71.5573821324961,69.7739091004015,70.80448150634766,34552000
2020-09-25 00:00:00-04:00,70.91347406076004,71.95299885267112,70.04910673612386,71.61064147949219,30326000
2020-09-28 00:00:00-04:00,73.2493005572153,73.29905809078035,71.96991766342995,72.58596801757812,30784000
2020-09-29 00:00:00-04:00,72.84722744607932,73.24979803297072,72.35407885679199,72.95222473144531,31816000
2020-09-30 00:00:00-04:00,72.69942714285969,73.95641806188155,72.4416644288499,72.93132019042969,40924000
2020-10-01 00:00:00-04:00,73.8300187453481,74.39780739351073,73.48864851059548,74.04100799560547,32884000
2020-10-02 00:00:00-04:00,72.63423408285196,73.59961978967594,72.02315723124129,72.4336929321289,31222000
2020-10-05 00:00:00-04:00,72.78451757055439,73.88177252003113,72.65712826562542,73.7887191772461,21602000
2020-10-06 00:00:00-04:00,73.42396260503759,73.87281305634009,71.90671854148451,72.2057876586914,26096000
2020-10-07 00:00:00-04:00,72.61832198688667,73.09902552050082,71.32052571219367,72.60986328125,36108000
2020-10-08 00:00:00-04:00,72.9238561559873,74.04748199645591,72.9238561559873,73.8185806274414,26076000
2020-10-09 00:00:00-04:00,74.28783048431298,75.23281359404584,73.99622536956137,75.16314697265625,32966000
2020-10-12 00:00:00-04:00,76.53409699657146,79.04309772139084,76.10116164428408,77.85726928710938,55344000
2020-10-13 00:00:00-04:00,78.4753115330063,78.88087376061287,77.56068564132751,77.98067474365234,39072000
2020-10-14 00:00:00-04:00,78.35539239500633,78.81568566560401,76.92721520969711,77.80004119873047,33174000
2020-10-15 00:00:00-04:00,76.85754457892119,78.1961459815944,76.6898511386174,77.40343475341797,31210000
2020-10-16 00:00:00-04:00,77.71992528911265,78.51014601215543,77.51242125898598,78.01203155517578,34194000
2020-10-19 00:00:00-04:00,78.42157124529685,78.8196694818718,75.78368541921667,76.13350677490234,29734000
2020-10-20 00:00:00-04:00,75.79313062853842,78.31756019656119,75.663250798659,77.18497467041016,41670000
2020-10-21 00:00:00-04:00,78.11901324505759,80.37274164690493,77.98415993197221,78.92217254638672,60322000
2020-10-22 00:00:00-04:00,78.87291283355273,80.28714906559912,78.49870246258452,79.95075988769531,30512000
2020-10-23 00:00:00-04:00,80.36826415682147,81.31722603857406,80.21200591278787,81.260498046875,30548000
2020-10-26 00:00:00-04:00,80.36577109765061,81.0912986260321,78.01600527143772,78.83757781982422,35826000
2020-10-27 00:00:00-04:00,79.0684835060431,79.7188698570278,78.47432400613587,79.56361389160156,25902000
2020-10-28 00:00:00-04:00,77.13173899969712,77.32082977436303,75.06511950680083,75.1805648803711,45174000
2020-10-29 00:00:00-04:00,75.49008904960587,79.05902493913851,75.46670232352432,77.4736099243164,55406000
2020-10-30 00:00:00-04:00,82.9752907916767,83.66598875896581,79.69745953197871,80.4209976196289,99878000
2020-11-02 00:00:00-05:00,80.79074343910868,82.51748852460163,80.32795206574907,80.82955932617188,44228000
2020-11-03 00:00:00-05:00,81.15002919883526,82.55530560123552,80.22196347188766,81.8914794921875,31432000
2020-11-04 00:00:00-05:00,84.87322058577031,88.0803907719347,84.74483658674652,86.87714385986328,71342000
2020-11-05 00:00:00-05:00,88.10128853896713,89.16470868146271,86.63728722934314,87.70568084716797,39758000
2020-11-06 00:00:00-05:00,87.15034201344257,88.00426119806104,86.42082805664543,87.5678482055664,28622000
2020-11-09 00:00:00-05:00,89.37171387138581,90.41223318661586,87.45935577208806,87.65193176269531,53440000
2020-11-10 00:00:00-05:00,86.07697225473657,87.55042699948584,85.39771699789287,86.47257995605469,43022000
2020-11-11 00:00:00-05:00,87.00403991084542,87.72558872689356,86.73831204017266,86.9458236694336,31838000
2020-11-12 00:00:00-05:00,86.68555885766379,87.82909374585917,86.4850176966425,86.72636413574219,26474000
2020-11-13 00:00:00-05:00,86.98413472311488,88.43370160863206,86.38599646743025,88.19136047363281,29744000
2020-11-16 00:00:00-05:00,87.78730313229319,89.29012052958568,87.64746872938828,88.27944946289062,25468000
2020-11-17 00:00:00-05:00,87.97240190775933,88.43419857564439,87.55589803351981,87.66387939453125,21314000
2020-11-18 00:00:00-05:00,87.41407824980085,87.83008859204216,86.51487388443644,86.61788177490234,20108000
2020-11-19 00:00:00-05:00,86.24914690819902,87.75494824854572,86.0894110233465,87.51011657714844,20106000
2020-11-20 00:00:00-05:00,87.68080204637623,87.99728973201321,86.33722711990116,86.40589904785156,27694000
2020-11-23 00:00:00-05:00,86.59698652310462,86.88411171935121,85.10213442110361,85.96699523925781,22530000
2020-11-24 00:00:00-05:00,85.96401265971706,87.90373648667953,85.6271223299394,87.77535247802734,27984000
2020-11-25 00:00:00-05:00,87.96992677839849,88.09780964483882,87.00205044426856,87.78679656982422,19600000
2020-11-27 00:00:00-05:00,87.80719756064533,89.42297727421509,87.80719756064533,88.92584991455078,14790000
2020-11-30 00:00:00-05:00,88.36005672195728,88.59343800936252,86.97617007706756,87.3026123046875,32418000
2020-12-01 00:00:00-05:00,87.91269649674737,90.65259560668585,87.73205682491009,89.34086608886719,37350000
2020-12-02 00:00:00-05:00,89.34086108236198,91.20097123321783,88.83378679699169,90.81431579589844,29424000
2020-12-03 00:00:00-05:00,90.5938761888373,91.75283265847874,90.41771644555975,90.6585693359375,24728000
2020-12-04 00:00:00-05:00,90.57795250226489,91.03974159674597,90.24802504868616,90.75411224365234,20544000
2020-12-07 00:00:00-05:00,90.3455593451508,91.02929453535916,89.72303966576968,90.4192123413086,22288000
2020-12-08 00:00:00-05:00,89.99573991211881,90.36646506277663,89.13784194345742,90.13556671142578,19936000
2020-12-09 00:00:00-05:00,90.08729974843936,90.98352007834363,87.680805678261,88.47003173828125,31728000
2020-12-10 00:00:00-05:00,87.71064363437053,88.32719504513048,86.26406105431275,87.96194458007812,28688000
2020-12-11 00:00:00-05:00,87.58127983483229,88.44266302397321,87.22000808817418,88.31775665283203,18628000
2020-12-14 00:00:00-05:00,88.11473355341082,89.06418903296934,87.040364108191,87.19612121582031,33050000
2020-12-15 00:00:00-05:00,87.5743106561317,87.78032644405529,86.6691456825734,87.63502502441406,21352000
2020-12-16 00:00:00-05:00,88.03460918058066,88.03460918058066,87.03688443498345,87.44144439697266,24676000
2020-12-17 00:00:00-05:00,87.77684541122197,87.91518395961303,86.14564417431515,86.61141204833984,34880000
2020-12-18 00:00:00-05:00,86.89306549896011,87.00204155356143,85.34197906294155,85.90030670166016,85256000
2020-12-21 00:00:00-05:00,85.04988087959532,86.43675164906524,84.29698019019894,86.3153305053711,33974000
2020-12-22 00:00:00-05:00,86.05506833630993,86.21828943782286,84.88317332587998,85.60173797607422,20370000
2020-12-23 00:00:00-05:00,85.78636235138065,86.7905564056755,85.65050674333652,86.00033569335938,22974000
2020-12-24 00:00:00-05:00,86.03864981343406,86.70596113529743,85.80725791931836,86.29542541503906,9312000
2020-12-28 00:00:00-05:00,86.83036709367283,88.92485327877053,86.67660697371885,88.27595520019531,27650000
2020-12-29 00:00:00-05:00,88.93630235401565,88.99800382149073,87.33794125305134,87.46981048583984,19726000
2020-12-30 00:00:00-05:00,87.83008941804188,87.96743327328805,85.9888935947524,86.39942932128906,21026000
2020-12-31 00:00:00-05:00,86.45018987451368,87.45687447969729,86.39146489743216,87.21503448486328,21070000
2021-01-04 00:00:00-05:00,87.58128228878026,87.705186375187,84.9508603421397,85.89584350585938,37324000
2021-01-05 00:00:00-05:00,85.84408949685165,86.92591538334669,85.4365378377414,86.58853149414062,20360000
2021-01-06 00:00:00-05:00,84.6084852313309,86.7835871141567,84.40147477035065,85.73410034179688,46588000
2021-01-07 00:00:00-05:00,85.92717542695797,88.46802888665995,85.92717542695797,88.29486083984375,41936000
2021-01-08 00:00:00-05:00,88.43520016542561,89.53991920335396,87.64198775015869,89.46378326416016,35484000
2021-01-11 00:00:00-05:00,88.42822700365895,88.79447981255163,87.19015051877497,87.39665985107422,34796000
2021-01-12 00:00:00-05:00,86.85275814625061,87.97439454842011,85.4106552853316,86.45814514160156,29528000
2021-01-13 00:00:00-05:00,85.95505131902136,87.40164172592644,85.95505131902136,86.94681549072266,23432000
2021-01-14 00:00:00-05:00,87.02742201402309,87.95698355407666,85.89284698308188,86.13419342041016,29212000
2021-01-15 00:00:00-05:00,86.03965259011923,86.96522784661244,85.17827693487668,85.96998596191406,31444000
2021-01-19 00:00:00-05:00,86.73532241988458,89.76284772453106,86.22924282649801,88.79895782470703,41660000
2021-01-20 00:00:00-05:00,90.88398401260814,94.53403661408476,90.54262136383335,93.55621337890625,64152000
2021-01-21 00:00:00-05:00,94.23198512960039,96.14433582290614,93.52336737446421,93.75923919677734,58634000
2021-01-22 00:00:00-05:00,94.12300340016309,94.76642687711758,93.37856141985232,94.17774200439453,32744000
2021-01-25 00:00:00-05:00,95.18194086238829,95.63378300769853,92.51568723527677,94.2633285522461,50586000
2021-01-26 00:00:00-05:00,93.85080553412007,95.33172432985599,93.36015508295559,94.9435806274414,31462000
2021-01-27 00:00:00-05:00,93.29944372261227,93.576120836045,89.4364122301707,90.5142593383789,82512000
2021-01-28 00:00:00-05:00,91.11438957910407,93.95032603866761,91.11438957910407,92.21910858154297,55278000
2021-01-29 00:00:00-05:00,91.26465847682226,91.9374443781488,89.64938764556791,90.93324279785156,44530000
2021-02-01 00:00:00-05:00,91.79064781065239,95.32126848819406,91.79064781065239,94.20311737060547,40252000
2021-02-02 00:00:00-05:00,95.20134574308125,97.00472029972896,94.864948984388,95.49942016601562,66332000
2021-02-03 00:00:00-05:00,102.78906349760909,104.82980558653188,100.19844489817106,102.45416259765625,97882000
2021-02-04 00:00:00-05:00,102.540764123293,102.97269721505859,101.27083451563523,102.19293212890625,48596000
2021-02-05 00:00:00-05:00,102.48801214016696,104.29835730952522,102.01228969427049,103.94454956054688,29866000
2021-02-08 00:00:00-05:00,104.50038357058834,105.24681488180683,102.67660640780495,103.73006439208984,28828000
2021-02-09 00:00:00-05:00,103.24637908993188,104.4262393016287,103.00752319120647,103.27574157714844,21892000
2021-02-10 00:00:00-05:00,103.66139338058449,104.44465119466045,102.12374668828687,103.82759857177734,25102000
2021-02-11 00:00:00-05:00,104.05253475798568,104.20181495570792,102.9507998216224,103.94056701660156,20480000
2021-02-12 00:00:00-05:00,103.49369709094493,104.4754990480609,103.18516699146085,104.25306701660156,18990000
2021-02-16 00:00:00-05:00,104.0898583949124,106.74665875822036,104.0898583949124,105.03285217285156,31004000
2021-02-17 00:00:00-05:00,104.20081606295832,105.6170492387835,103.92066133491758,105.42695617675781,20294000
2021-02-18 00:00:00-05:00,104.7492008701628,105.59466134200437,104.16847356656038,104.78950500488281,22546000
2021-02-19 00:00:00-05:00,104.88803968550147,105.42497002735199,103.67583285853799,103.94355010986328,37938000
2021-02-22 00:00:00-05:00,102.19142592861978,103.52156862841372,101.9127594460567,102.2242660522461,29466000
2021-02-23 00:00:00-05:00,100.22034834099647,103.13192706841954,99.03799761049386,102.515869140625,34658000
2021-02-24 00:00:00-05:00,101.01903323255493,103.91916932842446,100.89413445514002,103.69474029541016,22608000
2021-02-25 00:00:00-05:00,102.30736748486517,103.6544275286867,99.84712981083716,100.31787872314453,41548000
2021-02-26 00:00:00-05:00,101.01455143205975,102.33672899960698,99.57443795504803,100.61446380615234,40042000
2021-03-01 00:00:00-05:00,101.912753621212,103.31753633672605,101.2369836430742,102.9906005859375,26060000
2021-03-02 00:00:00-05:00,102.75074596632483,104.23863512234783,102.34419663463926,102.73283386230469,25564000
2021-03-03 00:00:00-05:00,102.10932019598754,103.30559666179923,99.22560051221559,100.09196472167969,33892000
2021-03-04 00:00:00-05:00,100.26414756335588,103.23593980274953,99.79439328636663,101.21261596679688,49216000
2021-03-05 00:00:00-05:00,102.56713188273565,104.80890881591917,100.90656818815047,104.35458374023438,53100000
2021-03-08 00:00:00-05:00,103.70718858970949,105.18412104446631,99.78244807245036,99.89739990234375,36868000
2021-03-09 00:00:00-05:00,101.99984883286976,102.70497377307522,101.29571099468689,101.53257751464844,33920000
2021-03-10 00:00:00-05:00,102.57957360663178,102.57957360663178,100.4860820835291,101.3250732421875,27100000
2021-03-11 00:00:00-05:00,102.42133087333761,105.06120607468662,102.3332510030716,104.52725982666016,27702000
2021-03-12 00:00:00-05:00,103.3265033264315,103.3862154039543,101.13746797988055,102.01228332519531,33818000
2021-03-15 00:00:00-04:00,101.76248922835384,102.26060372768563,100.90708173400584,102.23323822021484,26168000
2021-03-16 00:00:00-04:00,102.80797719904601,105.18112981321325,102.47457211575943,103.69872283935547,31900000
2021-03-17 00:00:00-04:00,102.93138712872644,104.45062059070729,101.71968149019554,103.61561584472656,26382000
2021-03-18 00:00:00-04:00,101.92171511759707,102.94532472087755,100.47861753034802,100.58610534667969,31700000
2021-03-19 00:00:00-04:00,101.00360579522776,101.3673604601499,99.66997789719977,100.86576080322266,46072000
2021-03-22 00:00:00-04:00,100.8991044723601,101.92967690737808,100.22084392102161,101.05137634277344,33536000
2021-03-23 00:00:00-04:00,101.51217676416674,102.71442908460335,100.91752371540939,101.58084869384766,28510000
2021-03-24 00:00:00-04:00,102.0998561026989,102.88808737106272,100.96727052737164,101.14293670654297,25218000
2021-03-25 00:00:00-04:00,100.96977489287427,101.79532632060398,99.32961368422106,101.13946533203125,35616000
2021-03-26 00:00:00-04:00,101.1061237377147,101.48431291240783,99.7157676953971,100.75480651855469,27978000
2021-03-29 00:00:00-04:00,100.62691385736701,101.97297935978399,99.79538668638868,101.80278778076172,26492000
2021-03-30 00:00:00-04:00,102.16057583177923,102.64276755981645,101.32308053971381,101.83662414550781,27312000
2021-03-31 00:00:00-04:00,102.23123329560889,103.816655704226,101.86299111632219,102.63529968261719,42570000
2021-04-01 00:00:00-04:00,104.11472573543978,106.27937188450623,104.07392046113148,105.98229217529297,39880000
2021-04-05 00:00:00-04:00,106.8466666341186,110.91919881705677,106.75012806081834,110.42008209228516,48510000
2021-04-06 00:00:00-04:00,110.0199908055745,110.86993113753334,109.56566574641188,109.93738555908203,35240000
2021-04-07 00:00:00-04:00,110.12849096775533,111.69102044331642,110.12849096775533,111.4188232421875,24134000
2021-04-08 00:00:00-04:00,112.66137580353075,113.04902597144466,111.61686995474146,111.9861068725586,28664000
2021-04-09 00:00:00-04:00,111.7377910863765,113.15750194180373,111.33073299675657,112.9932861328125,26146000
2021-04-12 00:00:00-04:00,112.1697216656889,112.30755906868903,110.86097629130978,111.69698333740234,25024000
2021-04-13 00:00:00-04:00,112.01397146501857,112.6350029225419,111.61885729411927,112.18515014648438,25682000
2021-04-14 00:00:00-04:00,112.83205568913267,112.83205568913267,111.26903279031623,111.56212615966797,21002000
2021-04-15 00:00:00-04:00,112.5593610414897,114.25375956725094,112.02292426332264,113.71881103515625,29174000
2021-04-16 00:00:00-04:00,113.91737077070839,114.16618123351545,113.00572887051489,113.59441375732422,26282000
2021-04-19 00:00:00-04:00,112.96890689363877,114.656335032915,112.96890689363877,113.94324493408203,30290000
2021-04-20 00:00:00-04:00,114.32790173001689,114.40304297259718,112.3190124548569,113.4083023071289,22288000
2021-04-21 00:00:00-04:00,113.0619617843849,113.45756950372018,111.70693643834593,113.3754653930664,23204000
2021-04-22 00:00:00-04:00,113.22864927487409,113.89944579072058,111.48299745194407,112.09009552001953,24146000
2021-04-23 00:00:00-04:00,112.81066776817248,114.75736219886252,112.52453724073946,114.44933319091797,29066000
2021-04-26 00:00:00-04:00,114.67773209539389,115.67347506131698,114.31944443209228,114.94694519042969,32038000
2021-04-27 00:00:00-04:00,115.33010833149295,115.37091360814864,113.76409384172325,114.00395202636719,44386000
2021-04-28 00:00:00-04:00,119.05579837072018,120.99054864114056,117.10114660558713,117.39076232910156,81106000
2021-04-29 00:00:00-04:00,118.89307462546185,119.6360207102655,118.1277289193166,119.06873321533203,41234000
2021-04-30 00:00:00-04:00,117.83762526818644,118.52583278569314,116.76973276121194,117.11508178710938,44856000
2021-05-03 00:00:00-04:00,117.68286337787097,118.51090528759072,116.21936316034822,116.5965576171875,28242000
2021-05-04 00:00:00-04:00,115.12708626405683,115.69636320160089,112.29711784271197,114.79268646240234,44818000
2021-05-05 00:00:00-04:00,115.87750091536309,116.19448215391392,114.86484054405638,115.18779754638672,26636000
2021-05-06 00:00:00-04:00,114.76780169468033,116.3114242553711,114.10646611417098,116.3114242553711,25190000
2021-05-07 00:00:00-04:00,117.63211092314187,117.9983561400744,116.74982396318221,117.03694915771484,28898000
2021-05-10 00:00:00-04:00,115.85311315407462,115.99543808100397,113.6834856654911,114.04227447509766,30914000
2021-05-11 00:00:00-04:00,111.61985500008853,113.47149891287674,111.1645276228982,112.96292877197266,34186000
2021-05-12 00:00:00-04:00,110.7798698646749,111.86418624163223,109.15911669437793,109.4890365600586,46376000
2021-05-13 00:00:00-04:00,110.77638288716878,111.43921428648419,109.8109971320314,110.92169189453125,33204000
2021-05-14 00:00:00-04:00,112.38967644589917,113.69244612252074,111.96470623927483,113.376953125,31996000
2021-05-17 00:00:00-04:00,112.63996511842838,113.94423051813176,112.23888281684411,113.90143585205078,21598000
2021-05-18 00:00:00-04:00,114.56975107464842,114.83498539001295,112.5713022709001,112.58523559570312,22204000
2021-05-19 00:00:00-04:00,110.89133502717809,113.20825325301088,110.74254838311828,113.03458404541016,23684000
2021-05-20 00:00:00-04:00,114.0049543138836,115.04995367632121,113.63273332390318,114.79866027832031,32352000
2021-05-21 00:00:00-04:00,115.31916082166767,115.39281381561896,113.92034619778136,114.16069793701172,40632000
2021-05-24 00:00:00-04:00,115.19376457687339,117.71470921979483,115.04796201657045,117.49028778076172,31832000
2021-05-25 00:00:00-04:00,118.03567732658347,118.63282089487157,117.18972330541762,117.58135223388672,22440000
2021-05-26 00:00:00-04:00,117.76298535487912,118.88114420700485,117.76000126939165,118.44921112060547,21572000
2021-05-27 00:00:00-04:00,118.88412246880004,118.88412246880004,117.25242764141713,117.5718994140625,35224000
2021-05-28 00:00:00-04:00,118.15609820149749,118.23820230611524,117.08273111254248,117.28177642822266,21482000
2021-06-01 00:00:00-04:00,118.1570905828654,118.71790875952479,117.15388368433689,118.49248504638672,23354000
2021-06-02 00:00:00-04:00,118.88909332605556,119.11252766020083,117.05834561985145,117.96551513671875,21158000
2021-06-03 00:00:00-04:00,116.7284216987851,117.29023457883467,115.92177715899341,116.82048034667969,18696000
2021-06-04 00:00:00-04:00,117.89982420271934,119.38074292143739,117.55845396785828,119.10903930664062,24458000
2021-06-07 00:00:00-04:00,118.90353403016783,119.6534506447416,118.48354488660895,119.54347229003906,24120000
2021-06-08 00:00:00-04:00,120.02666352139211,120.40037275616211,119.16925910663717,119.35138702392578,24240000
2021-06-09 00:00:00-04:00,119.9977964011233,120.06994596281687,119.27475179338707,119.82412719726562,17942000
2021-06-10 00:00:00-04:00,119.77336645278285,121.22045035217171,119.61711580354225,121.17715454101562,25904000
2021-06-11 00:00:00-04:00,121.41949770819923,121.50508704379196,120.37250140708053,120.93183135986328,21958000
2021-06-14 00:00:00-04:00,121.0343414607894,121.86337807249288,120.32473660004977,121.86288452148438,22098000
2021-06-15 00:00:00-04:00,121.86735007353872,122.19130175131006,120.47998585892422,120.84175872802734,21562000
2021-06-16 00:00:00-04:00,120.99353315247284,121.30604205013579,118.9015375278692,120.19783782958984,26472000
2021-06-17 00:00:00-04:00,120.12320213876866,121.93951542973383,119.92663975252745,121.16422271728516,25842000
2021-06-18 00:00:00-04:00,120.78950247680184,121.02437959098219,119.44393824032993,119.53948211669922,46116000
2021-06-21 00:00:00-04:00,119.9271411452903,121.41950273978642,119.32800058512855,121.23289489746094,27414000
2021-06-22 00:00:00-04:00,121.17068511721547,121.81759378430363,120.48795224163028,121.74842071533203,22390000
2021-06-23 00:00:00-04:00,121.51255716784965,122.50978839268653,121.25479445301924,121.5458984375,19148000
2021-06-24 00:00:00-04:00,122.11616721223488,122.46997494722375,121.71807656217918,121.91712188720703,21362000
2021-06-25 00:00:00-04:00,121.41950326559025,122.04949456348052,120.98657549930995,121.92558288574219,34594000
2021-06-28 00:00:00-04:00,122.09476570644414,122.20076527318163,120.82782790498153,121.95294952392578,28526000
2021-06-29 00:00:00-04:00,122.08681320150404,122.43564746347714,121.1119740224828,121.69070434570312,23108000
2021-06-30 00:00:00-04:00,121.41402625256768,121.67528178366047,120.7770721013412,121.50857543945312,24474000
2021-07-01 00:00:00-04:00,121.14580333015576,122.00370125273878,120.95322732724782,121.86188507080078,18110000
2021-07-02 00:00:00-04:00,122.56402125859373,124.80729394384096,122.47395200301078,124.66149139404297,25982000
2021-07-06 00:00:00-04:00,125.0506341559567,125.82642797114575,123.9897045454052,125.58956146240234,26404000
2021-07-07 00:00:00-04:00,126.55693750796647,126.67835105188155,125.55273588133367,125.87220764160156,24060000
2021-07-08 00:00:00-04:00,123.43585129730475,124.99787935955246,123.43187251721065,124.44900512695312,23790000
2021-07-09 00:00:00-04:00,124.43010544209602,125.1362250527908,123.95885535984911,124.92125701904297,18632000
2021-07-12 00:00:00-04:00,125.57762429893366,126.46488475430863,125.01332084819249,126.37133026123047,17668000
2021-07-13 00:00:00-04:00,126.43402078790348,127.44816936734279,126.07175435939051,126.73558044433594,19240000
2021-07-14 00:00:00-04:00,127.34915162866419,128.71114739493328,127.30585581569756,127.62682342529297,23742000
2021-07-15 00:00:00-04:00,128.03686284017635,128.0876150688026,125.92794221134592,126.40068054199219,24218000
2021-07-16 00:00:00-04:00,127.05555571192009,127.20334766110668,125.5532396143855,126.36585235595703,20424000
2021-07-19 00:00:00-04:00,125.489534904897,125.60448672400716,122.91732944651262,123.9852294921875,27968000
2021-07-20 00:00:00-04:00,124.9302089444466,126.43850077838984,123.75881501817668,125.60897064208984,26312000
2021-07-21 00:00:00-04:00,125.5333313160581,126.9888739739733,125.4238541100995,126.94210052490234,20746000
2021-07-22 00:00:00-04:00,127.23569611694488,127.87165557477799,126.89233647652684,127.81044006347656,14302000
2021-07-23 00:00:00-04:00,129.80988959225203,132.7642708837393,129.18289754735918,132.38209533691406,41506000
2021-07-26 00:00:00-04:00,132.6940965511764,133.5982667591998,131.67197525217534,133.39723205566406,30572000
2021-07-27 00:00:00-04:00,133.6117255746799,133.75951753824316,129.4849554207035,131.27239990234375,54710000
2021-07-28 00:00:00-04:00,135.66340668703342,137.6389624126458,134.63382884778994,135.44644165039062,95130000
2021-07-29 00:00:00-04:00,135.502164347923,136.01073448465564,134.89805792374722,135.13143920898438,31716000
2021-07-30 00:00:00-04:00,134.39248350863042,134.66070190945484,133.61619609988043,134.08544921875,25576000
2021-08-02 00:00:00-04:00,134.47407749953126,134.69253074494515,133.15737467086495,134.21282958984375,21634000
2021-08-03 00:00:00-04:00,134.4919946425515,135.08615411628443,132.68514239501812,134.98464965820312,20762000
2021-08-04 00:00:00-04:00,134.70549241168933,135.00406801076176,133.84709325917578,134.48255920410156,19676000
2021-08-05 00:00:00-04:00,135.0348977292048,135.70122193743754,134.20436531020974,135.60317993164062,17870000
2021-08-06 00:00:00-04:00,135.39468924235564,135.8231370611958,134.56664735492504,135.09262084960938,20488000
2021-08-09 00:00:00-04:00,135.29566392097962,136.5312574721782,134.69552108517198,136.26153564453125,17760000
2021-08-10 00:00:00-04:00,136.68849445684972,137.11695747144506,135.7156522799874,136.1560516357422,19414000
2021-08-11 00:00:00-04:00,136.5287562128905,137.02736417817783,135.6230825969003,135.63055419921875,15352000
2021-08-12 00:00:00-04:00,135.3284756870086,136.64668188106796,134.78110492725747,136.5411834716797,16506000
2021-08-13 00:00:00-04:00,136.59693753421325,137.2005580055058,136.3809748009373,137.07215881347656,15948000
2021-08-16 00:00:00-04:00,136.87063034656046,137.7041545137353,134.65522403759903,137.65139770507812,22384000
2021-08-17 00:00:00-04:00,137.0945367133648,137.60758669753824,135.43447437705368,136.01121520996094,21716000
2021-08-18 00:00:00-04:00,135.85051374450165,136.45214485908588,134.67762388651653,134.8045196533203,19258000
2021-08-19 00:00:00-04:00,133.79583845464464,135.70370932909012,133.61121999580743,135.03440856933594,21782000
2021-08-20 00:00:00-04:00,135.35290154531467,136.89950834428095,134.60647010296915,136.77560424804688,31194000
2021-08-23 00:00:00-04:00,137.31302050167736,140.20419691127913,136.95274343167395,139.3751678466797,28454000
2021-08-24 00:00:00-04:00,139.94243918319472,141.4039576066751,139.67074315124864,140.58935546875,19268000
2021-08-25 00:00:00-04:00,140.9511195496134,141.51293245081183,140.70331138846305,141.4029541015625,15848000
2021-08-26 00:00:00-04:00,141.07552321093658,141.73984285117388,140.68438784337567,140.7675018310547,20610000
2021-08-27 00:00:00-04:00,140.9784742560107,143.82486618585608,140.82371186007694,143.31878662109375,28780000
2021-08-30 00:00:00-04:00,143.7129120778502,145.2759501615927,143.47704025354426,143.9025115966797,24434000
2021-08-31 00:00:00-04:00,144.4563572184306,144.48073104359895,143.5944805370566,144.0089874267578,22448000
2021-09-01 00:00:00-04:00,144.31006164544272,145.55809268141408,144.19411512479778,144.5245361328125,21936000
2021-09-02 00:00:00-04:00,144.52503156593625,144.8270847688829,142.50368970947488,142.60520935058594,32342000
2021-09-03 00:00:00-04:00,142.3996963220879,143.4690770503106,141.72292401737542,143.05555725097656,19850000
2021-09-07 00:00:00-04:00,143.15011712566266,143.87714056862364,142.93564262833766,143.593994140625,20124000
2021-09-08 00:00:00-04:00,143.41435941010917,143.71291982188708,142.31958727963766,143.00729370117188,18344000
2021-09-09 00:00:00-04:00,143.15607613822618,143.6238409930003,142.49623642197608,142.85800170898438,15314000
2021-09-10 00:00:00-04:00,143.5262995648744,144.0299038130707,140.0683446245425,140.2056884765625,36840000
2021-09-13 00:00:00-04:00,141.2740697555955,142.26981270269945,140.5779046748235,141.65525817871094,22094000
2021-09-14 00:00:00-04:00,142.31509952248697,142.68085878606388,141.075527179142,141.86624145507812,19674000
2021-09-15 00:00:00-04:00,142.09217850390087,143.7631905037513,140.67495804802732,143.74229431152344,27408000
2021-09-16 00:00:00-04:00,143.2655612442223,143.6134008192354,141.72393564031694,142.9266815185547,26190000
2021-09-17 00:00:00-04:00,142.34993679970833,142.7674353957721,139.80161903772358,140.1300506591797,53384000
2021-09-20 00:00:00-04:00,137.50410463134253,138.33861588686366,135.6733644328631,138.0594482421875,46518000
2021-09-21 00:00:00-04:00,139.08452712246012,139.34528907490864,137.62003235533393,138.37144470214844,25332000
2021-09-22 00:00:00-04:00,138.64118089062606,140.21664143476931,137.89225891810773,139.6160125732422,25056000
2021-09-23 00:00:00-04:00,140.31666950445637,141.02229564251655,139.73345921270854,140.54408264160156,20952000
2021-09-24 00:00:00-04:00,139.869793451718,141.65327424223068,139.57370839647646,141.53831481933594,22984000
2021-09-27 00:00:00-04:00,140.13452783317547,141.26313470256505,139.40103511550925,140.4007568359375,21882000
2021-09-28 00:00:00-04:00,137.99524013807448,138.4346371727659,134.7159204771809,135.18368530273438,45772000
2021-09-29 00:00:00-04:00,136.32823164044288,136.49842322992845,133.22806283131058,133.7142333984375,30848000
2021-09-30 00:00:00-04:00,133.622656505888,134.89755184426153,132.92050809949572,133.03993225097656,37996000
2021-10-01 00:00:00-04:00,133.80776143606408,136.25905453272804,133.43504691909288,135.89329528808594,35360000
2021-10-04 00:00:00-04:00,135.31357546219573,135.31357546219573,130.4264483437035,133.02352905273438,51202000
2021-10-05 00:00:00-04:00,133.40319914581136,136.57155342877454,133.40319914581136,135.37576293945312,32404000
2021-10-06 00:00:00-04:00,134.1088529037897,137.0945787569353,133.90980755081742,136.91046142578125,24364000
2021-10-07 00:00:00-04:00,138.23113770370094,139.37567501225084,137.99128707608887,138.56256103515625,25110000
2021-10-08 00:00:00-04:00,138.91287261391636,139.66328280927024,138.55508607158956,139.12039184570312,26526000
2021-10-11 00:00:00-04:00,138.62922859464507,140.04247013215831,138.19827504426897,138.25302124023438,17954000
2021-10-12 00:00:00-04:00,138.81631197535404,138.84319152031614,135.1140115321381,135.79974365234375,36332000
2021-10-13 00:00:00-04:00,136.74868739639234,137.34334792793805,135.86939224758427,136.92733764648438,19654000
2021-10-14 00:00:00-04:00,138.81036282552063,140.66499093729985,138.16444879019394,140.47938537597656,31894000
2021-10-15 00:00:00-04:00,140.9406758382608,141.04368373195877,140.08526840258062,140.69534301757812,30274000
2021-10-18 00:00:00-04:00,140.40522147605944,142.1165372496245,140.3982510180727,142.09861755371094,20396000
2021-10-19 00:00:00-04:00,142.7052317803547,142.97893238940557,141.92148796786472,142.55545043945312,20164000
2021-10-20 00:00:00-04:00,142.65595589699134,142.8629739512192,140.70378718712195,141.09442138671875,23288000
2021-10-21 00:00:00-04:00,141.0944440494257,141.47961128480844,139.83148489117926,141.2108917236328,26292000
2021-10-22 00:00:00-04:00,138.48788774197112,139.91406787765993,135.4086155032677,136.91192626953125,50588000
2021-10-25 00:00:00-04:00,136.89550600929624,137.34336176040858,134.77961499839506,136.79299926757812,34412000
2021-10-26 00:00:00-04:00,138.6008458288704,139.41643497807848,137.6464094076404,138.6456298828125,49236000
2021-10-27 00:00:00-04:00,138.7416746268211,147.9426797249673,138.7416746268211,145.52175903320312,85782000
2021-10-28 00:00:00-04:00,146.43440448452932,146.4577912079441,143.93882848959854,145.15501403808594,36206000
2021-10-29 00:00:00-04:00,144.38768811776507,147.53663452924428,143.96122969299242,147.34156799316406,43320000
2021-11-01 00:00:00-04:00,147.34157518450897,147.34157518450897,142.54400119567305,142.814208984375,46924000
2021-11-02 00:00:00-04:00,143.89157087310116,145.9114095190237,143.6487285755413,144.74050903320312,33482000
2021-11-03 00:00:00-04:00,145.20627603308367,145.97112823745937,143.90301282793487,145.9004669189453,27494000
2021-11-04 00:00:00-04:00,146.42446016537954,149.02105497248002,145.61184735875466,147.56202697753906,38412000
2021-11-05 00:00:00-04:00,148.45973203004758,149.61222689434263,147.49187081875615,148.1437530517578,38354000
2021-11-08 00:00:00-05:00,149.11209726310418,149.8983467767936,147.7242318662626,148.32188415527344,23052000
2021-11-09 00:00:00-05:00,148.5229328971828,149.1215723447412,146.54438548306328,148.20993041992188,19530000
2021-11-10 00:00:00-05:00,146.79815722294808,147.3654523063304,143.8497596311641,145.1992950439453,29970000
2021-11-11 00:00:00-05:00,145.79248880737023,146.8335170484895,144.9077112347004,145.0729217529297,16518000
2021-11-12 00:00:00-05:00,145.91787942176632,148.14175966941576,144.71911228012596,147.97056579589844,22360000
2021-11-15 00:00:00-05:00,148.19200352635517,148.83791753921437,146.8728099950018,147.74563598632812,23508000
2021-11-16 00:00:00-05:00,147.4445757053599,148.05465028259903,146.61155275810987,147.17237854003906,18904000
2021-11-17 00:00:00-05:00,147.3231366136416,147.85260288798642,146.5393928891999,147.34254455566406,19594000
2021-11-18 00:00:00-05:00,147.5361328386937,149.8640078202777,147.18083687440966,149.1255340576172,35608000
2021-11-19 00:00:00-05:00,149.26186954927837,150.2481666109135,148.19049948751575,148.21786499023438,33682000
2021-11-22 00:00:00-05:00,148.62194801430306,149.11657722814311,145.45210536092236,145.60586547851562,30594000
2021-11-23 00:00:00-05:00,145.45757001266105,145.962161355265,143.42927287777465,145.0883331298828,27218000
2021-11-24 00:00:00-05:00,144.7813049279646,145.5536135443126,143.6860469047569,145.4247283935547,18040000
2021-11-26 00:00:00-05:00,143.66166278037056,143.86966796123565,141.1675900002718,141.5064697265625,30470000
2021-11-29 00:00:00-05:00,143.31480818794302,145.6013766551945,143.208808626935,144.83802795410156,32596000
2021-11-30 00:00:00-05:00,144.31854124376352,145.30532448616282,140.927754233404,141.22235107421875,42068000
2021-12-01 00:00:00-05:00,143.31481246492976,145.2560319905602,140.24150848223852,140.38034057617188,34020000
2021-12-02 00:00:00-05:00,140.57789783145594,143.17995934258195,139.54731782673127,142.28573608398438,29194000
2021-12-03 00:00:00-05:00,142.99734930425885,143.7129223894223,139.6334268670618,141.32583618164062,41230000
2021-12-06 00:00:00-05:00,142.3598740528149,143.1680068287507,139.4831248653476,142.4738311767578,30618000
2021-12-07 00:00:00-05:00,144.90371251975077,146.82901692453825,144.53646503259998,146.56875610351562,32240000
2021-12-08 00:00:00-05:00,146.8942104886106,147.6869293703325,145.7093842979604,147.4813995361328,24270000
2021-12-09 00:00:00-05:00,146.88874530148956,148.39056794652467,146.41501223970755,146.93601989746094,23270000
2021-12-10 00:00:00-05:00,147.9924650222129,148.26864100016783,146.00596003616434,147.2972869873047,24458000
2021-12-13 00:00:00-05:00,147.07831366274226,147.26592378004827,144.82509398206858,145.13262939453125,27070000
2021-12-14 00:00:00-05:00,143.28298915319172,143.7925464490647,140.543082230658,143.22227478027344,38446000
2021-12-15 00:00:00-05:00,142.7266307700602,146.02286815487585,141.00386438529304,145.74420166015625,36370000
2021-12-16 00:00:00-05:00,146.47021601496812,146.9743061642129,142.92366527464372,143.7576904296875,33650000
2021-12-17 00:00:00-05:00,141.82196554942942,143.15011897500315,140.62767835046085,141.0506591796875,50416000
2021-12-20 00:00:00-05:00,139.33386391642733,141.0999262300845,138.65809382600625,140.93321228027344,27192000
2021-12-21 00:00:00-05:00,141.37757108055172,143.18443842835646,139.83395623082816,142.78982543945312,28756000
2021-12-22 00:00:00-05:00,142.38676234044013,145.80292498957579,142.38676234044013,145.71832275390625,26322000
2021-12-23 00:00:00-05:00,145.80293088513884,147.53813480597037,145.75515514574224,146.2174530029297,26384000
2021-12-27 00:00:00-05:00,146.55534121117975,147.6381618712238,146.46925071959046,147.20274353027344,15976000
2021-12-28 00:00:00-05:00,147.53065445426495,147.59335821023151,145.35954639528723,145.98902893066406,18200000
2021-12-29 00:00:00-05:00,145.9467357429029,146.7155667093918,144.95448562894353,145.95718383789062,17788000
2021-12-30 00:00:00-05:00,145.99600389046415,146.5991232280735,145.29983879730824,145.50485229492188,15688000
2021-12-31 00:00:00-05:00,145.35506319669503,146.0004760251165,144.1627655029297,144.1627655029297,18136000
2022-01-03 00:00:00-05:00,144.36479494039722,145.15701265332763,143.02918515577247,144.30160522460938,28646000
2022-01-04 00:00:00-05:00,144.7041819007758,145.78800478376272,143.03268400586742,143.71243286132812,28400000
2022-01-05 00:00:00-05:00,143.73283243513856,143.81195246481798,137.03286935371747,137.11944580078125,54618000
2022-01-06 00:00:00-05:00,136.34664244900424,139.2741441048197,135.9087336140623,137.09207153320312,37348000
2022-01-07 00:00:00-05:00,137.48817599061857,137.7897432622947,135.12049780917903,136.36505126953125,29760000
2022-01-10 00:00:00-05:00,134.43527149606194,138.15896945033379,132.53087842354833,138.00967407226562,44408000
2022-01-11 00:00:00-05:00,137.3503290474821,139.54881766216988,136.0420848882387,139.0710906982422,28730000
2022-01-12 00:00:00-05:00,140.47838544463346,141.9294558826235,140.02506260843495,140.75755310058594,26108000
2022-01-13 00:00:00-05:00,140.86651857043935,142.1702980929826,137.75041975538085,137.92758178710938,31436000
2022-01-14 00:00:00-05:00,136.426740644181,140.07232082607686,136.3466335227671,138.8168182373047,29662000
2022-01-18 00:00:00-05:00,135.52705085012096,136.47899680734477,134.79405929684148,135.35089111328125,34872000
2022-01-19 00:00:00-05:00,135.87388991456638,137.30306172956688,134.37306968151069,134.4735870361328,28648000
2022-01-20 00:00:00-05:00,135.60170661619608,136.97116649417453,132.33183224033456,132.67320251464844,29908000
2022-01-21 00:00:00-05:00,131.96259868346377,134.22377601264574,129.46752373899022,129.73126220703125,55652000
2022-01-24 00:00:00-05:00,125.37856914011597,130.5787136535352,123.90760490884027,130.18161010742188,76622000
2022-01-25 00:00:00-05:00,128.12743590180497,128.78329685194453,125.8985899276899,126.33101654052734,46960000
2022-01-26 00:00:00-05:00,130.49511541961544,132.3671620019992,126.53703372214112,128.6180877685547,49130000
2022-01-27 00:00:00-05:00,130.6792312241268,132.02131030726912,128.31900956615908,128.39117431640625,31950000
2022-01-28 00:00:00-05:00,129.04205751284695,132.72197391207828,127.87364760924652,132.71649169921875,34362000
2022-01-31 00:00:00-05:00,133.5236351765011,134.82840181492318,131.58042613665086,134.65969848632812,39986000
2022-02-01 00:00:00-05:00,136.93981071842938,137.13736781698725,133.72916238112396,136.98907470703125,68644000
2022-02-02 00:00:00-05:00,150.53034318459999,150.82542598039552,144.83010166427562,147.29580688476562,123200000
2022-02-03 00:00:00-05:00,145.01221315480836,148.96282327293622,141.98666950094375,142.40914916992188,71518000
2022-02-04 00:00:00-05:00,142.7619744324609,144.18566414382084,139.84640903651453,142.61119079589844,57998000
2022-02-07 00:00:00-05:00,143.56362208702555,143.56362208702555,138.23907266305054,138.5386505126953,54974000
2022-02-08 00:00:00-05:00,138.36500783997346,139.3338713718658,136.36208647624022,138.73573303222656,54284000
2022-02-09 00:00:00-05:00,140.2927701568597,141.8463472422032,139.51996039462585,140.91827392578125,40144000
2022-02-10 00:00:00-05:00,139.03875915293037,140.81127531538016,137.30056376539412,137.9604034423828,39330000
2022-02-11 00:00:00-05:00,137.94051590489158,138.49435604596948,132.76524653286933,133.6435546875,39958000
2022-02-14 00:00:00-05:00,132.62244716175653,135.65146855696324,132.62244716175653,134.8811492919922,34302000
2022-02-15 00:00:00-05:00,136.91589375154157,137.45134338316527,135.1752230667243,135.95848083496094,26680000
2022-02-16 00:00:00-05:00,135.99631295565902,137.42896248282813,134.28200525127366,137.08262634277344,25022000
2022-02-17 00:00:00-05:00,135.59471046784896,136.4610670268482,131.84812723815682,131.90834045410156,38950000
2022-02-18 00:00:00-05:00,132.83193274174764,133.43207557532537,129.5770018418038,129.7825164794922,45620000
2022-02-22 00:00:00-05:00,129.22018986412897,131.55154234178266,127.61337018854968,129.19581604003906,44990000
2022-02-23 00:00:00-05:00,131.02209177354695,131.42267296291416,126.92069803114178,126.98091125488281,32786000
2022-02-24 00:00:00-05:00,124.35893767700955,132.3671514967105,124.35893767700955,132.0596160888672,54456000
2022-02-25 00:00:00-05:00,132.91654941840557,134.62786557319473,131.12460980022797,133.81973266601562,36406000
2022-02-28 00:00:00-05:00,132.4169288111751,135.10556696702054,131.96160142081268,134.4143829345703,38864000
2022-03-01 00:00:00-05:00,134.23671311624648,135.6071599580106,132.58462329799266,133.42359924316406,26496000
2022-03-02 00:00:00-05:00,133.98743256772605,134.61890456353234,132.43833526898584,133.9311981201172,23520000
2022-03-03 00:00:00-05:00,135.3628369812351,135.79029772447288,132.39254063011379,133.26239013671875,24604000
2022-03-04 00:00:00-05:00,132.29500752871238,133.2146069267177,129.71731977017836,131.2788543701172,30430000
2022-03-07 00:00:00-05:00,130.8623688892495,131.1081876768891,125.69406950217386,125.77717590332031,45112000
2022-03-08 00:00:00-05:00,125.64927615455635,130.62548511117242,125.07651401769192,126.49971008300781,40428000
2022-03-09 00:00:00-05:00,130.62549842385695,133.09917627893765,129.28241693830725,132.78517150878906,37026000
2022-03-10 00:00:00-05:00,130.6414308049341,132.63788279324265,130.28961242579786,131.7993927001953,27102000
2022-03-11 00:00:00-05:00,132.85332926637238,133.15887530088736,129.01468700810108,129.25254821777344,31526000
2022-03-14 00:00:00-04:00,129.63024802938145,129.78848807824545,124.67892145628271,125.35169982910156,38812000
2022-03-15 00:00:00-04:00,126.37180948996587,129.23662223260322,125.12228273153698,128.58323669433594,30920000
2022-03-16 00:00:00-04:00,130.1109526032966,132.69857226432342,128.12195717811286,132.64633178710938,35576000
2022-03-17 00:00:00-04:00,132.51544446609907,133.44251542685555,131.55602693390728,133.20216369628906,28264000
2022-03-18 00:00:00-04:00,132.7896462062571,135.59573437858364,131.62919384052108,135.47779846191406,44566000
2022-03-21 00:00:00-04:00,135.51560466660072,136.39789162419223,133.4544597507842,135.4539031982422,26832000
2022-03-22 00:00:00-04:00,135.45391090476724,140.37886680791058,135.45391090476724,139.20248413085938,35496000
2022-03-23 00:00:00-04:00,138.0425238994977,138.9243097056279,137.17915893523153,137.6175537109375,25154000
2022-03-24 00:00:00-04:00,138.53765371288432,140.94514991308523,137.09505730306245,140.89837646484375,26396000
2022-03-25 00:00:00-04:00,141.2407413681991,141.35917842740724,139.07260969193993,140.9989013671875,24126000
2022-03-28 00:00:00-04:00,140.23007305677257,141.32683456688196,139.1462501767931,140.78244018554688,35050000
2022-03-29 00:00:00-04:00,141.96876091620584,143.10930412787826,141.36264991460445,141.82742309570312,34318000
2022-03-30 00:00:00-04:00,141.78215606095287,142.041414610686,140.92624749010545,141.2631378173828,19884000
2022-03-31 00:00:00-04:00,141.3770755393763,141.43182173454176,138.36299756837354,138.40579223632812,37524000
2022-04-01 00:00:00-04:00,138.83622510765764,139.80259792884758,137.6493944528036,139.48362731933594,25942000
2022-04-04 00:00:00-04:00,139.69065571151913,143.02819955507672,139.6428799730055,142.2912139892578,25942000
2022-04-05 00:00:00-04:00,142.1892190441835,142.31013145949348,139.71455405588372,139.92205810546875,21418000
2022-04-06 00:00:00-04:00,138.08980328110664,138.69740254618586,134.87218475857597,135.89828491210938,32468000
2022-04-07 00:00:00-04:00,135.36282523850036,136.5118422894148,133.58880560045588,135.24191284179688,26234000
2022-04-08 00:00:00-04:00,134.93835487299648,135.0244453490223,132.33281575795365,132.65328979492188,25142000
2022-04-11 00:00:00-04:00,131.19625072432203,131.46396795737343,128.0562642583226,128.2105255126953,36884000
2022-04-12 00:00:00-04:00,130.97382925450697,130.97382925450697,126.1857162540227,127.1068115234375,32710000
2022-04-13 00:00:00-04:00,127.39093966649723,129.7138334675101,127.13316938924753,129.2759246826172,27928000
2022-04-14 00:00:00-04:00,129.8586621668281,129.8586621668281,125.99860730059869,126.12699890136719,31598000
2022-04-18 00:00:00-04:00,126.39570550350903,127.60243008197236,125.58159694137179,127.06898498535156,20808000
2022-04-19 00:00:00-04:00,127.08393333342498,129.71285968020723,126.3952245781442,129.39041137695312,26490000
2022-04-20 00:00:00-04:00,130.2691902594668,130.77378162705162,126.89333171577131,127.43075561523438,31696000
2022-04-21 00:00:00-04:00,128.63499994743174,129.47945810187937,123.93397230591673,124.2206039428711,36446000
2022-04-22 00:00:00-04:00,124.40523047709615,124.80531812352369,118.35913931314636,119.06625366210938,56884000
2022-04-25 00:00:00-04:00,118.53430015780602,122.69092625776436,117.94711109788153,122.48839569091797,46128000
2022-04-26 00:00:00-04:00,121.71260107377317,121.92707556109316,117.94710303931359,118.08544158935547,73054000
2022-04-27 00:00:00-04:00,113.92483415386953,116.68414126004245,112.20008592742334,113.75067138671875,91820000
2022-04-28 00:00:00-04:00,115.86107166046905,119.08017825241917,113.57201255036027,117.95854187011719,48884000
2022-04-29 00:00:00-04:00,116.17905335741958,117.35891362880432,113.27294906445184,113.56654357910156,42676000
2022-05-02 00:00:00-04:00,112.86539470993021,116.18999980943521,112.06422476007553,116.02827453613281,35534000
2022-05-03 00:00:00-04:00,115.87649904343223,117.87843306840782,115.48238717008276,116.77570343017578,24968000
2022-05-04 00:00:00-04:00,116.47464340177527,122.26993450529203,114.56825328439439,121.67926025390625,49916000
2022-05-05 00:00:00-04:00,119.63205251164236,120.46307853692151,114.45828622672609,115.9511489868164,45840000
2022-05-06 00:00:00-04:00,114.63642503497805,117.01206812575884,113.47298870444129,115.19574737548828,39710000
2022-05-09 00:00:00-04:00,112.71112905218551,114.52943920583498,111.46757799921504,111.97564697265625,40802000
2022-05-10 00:00:00-04:00,114.95788698251471,115.6968542910652,112.36328947356759,113.85067749023438,39900000
2022-05-11 00:00:00-04:00,112.6977024843236,115.81081721712015,112.6977024843236,113.06195831298828,37534000
2022-05-12 00:00:00-04:00,110.84754643399383,113.7511601444871,109.30193451554294,112.30706787109375,53836000
2022-05-13 00:00:00-04:00,113.98803256594428,117.31413370158947,113.06445432012579,115.4983139038086,35038000
2022-05-16 00:00:00-04:00,114.4085130103672,115.61723456489342,113.34759099386139,113.90044403076172,25990000
2022-05-17 00:00:00-04:00,116.2845443739888,116.34376289863141,114.32342334704686,115.91879272460938,23054000
2022-05-18 00:00:00-04:00,114.45281484671837,114.85091311262987,111.02470046541804,111.3670654296875,35126000
2022-05-19 00:00:00-04:00,110.90128865895407,112.4722766682842,109.47659675819857,109.85877227783203,34144000
2022-05-20 00:00:00-04:00,111.418305686061,111.6497051639263,105.29309506741203,108.38978576660156,48962000
2022-05-23 00:00:00-04:00,109.06605749514745,111.61387396167295,108.22358115699089,110.95751190185547,37184000
2022-05-24 00:00:00-04:00,105.26871860398441,105.951952644931,101.39971155887439,105.46577453613281,76780000
2022-05-25 00:00:00-04:00,104.48595502313039,105.99325219877339,103.36232921245352,105.30155944824219,40258000
2022-05-26 00:00:00-04:00,105.1741741646191,108.13252659391175,104.72432138922662,107.27960968017578,37948000
2022-05-27 00:00:00-04:00,108.96206020855854,111.7835698138087,108.61919412203534,111.78207397460938,37914000
2022-05-31 00:00:00-04:00,112.21002456042172,115.18430708649075,111.54520378568205,113.22069549560547,50012000
2022-06-01 00:00:00-04:00,114.30850533505887,116.54431425454679,112.71113883445743,113.35008239746094,36606000
2022-06-02 00:00:00-04:00,113.45757440998959,117.33851811955124,112.40908976134669,117.06283569335938,37992000
2022-06-03 00:00:00-04:00,115.51025464447159,115.76802495065249,112.97836071006883,113.9959945678711,26136000
2022-06-06 00:00:00-04:00,116.14919546785866,118.77912375848886,115.61127043127397,116.2646484375,33542000
2022-06-07 00:00:00-04:00,114.93102936741137,117.13101415848703,114.50457089395813,116.59208679199219,31590000
2022-06-08 00:00:00-04:00,116.20592298566977,118.00632111258021,116.04519240682265,116.63636779785156,26108000
2022-06-09 00:00:00-04:00,115.77399830108254,117.7361218438542,114.22988211545837,114.28910064697266,25798000
2022-06-10 00:00:00-04:00,111.90996185455049,112.73999313613125,109.84085182107376,110.632568359375,41452000
2022-06-13 00:00:00-04:00,106.27839110394777,108.27384824703032,105.61407143207575,105.88626861572266,47252000
2022-06-14 00:00:00-04:00,106.02808814729501,107.41097248913957,105.29658482140374,106.20772552490234,33706000
2022-06-15 00:00:00-04:00,108.02851540213744,110.89332070160148,107.1571853080472,109.24221801757812,39698000
2022-06-16 00:00:00-04:00,106.71082612689229,108.13153172918454,104.6377371893725,105.52897644042969,51684000
2022-06-17 00:00:00-04:00,105.52897843764345,108.18229360105146,104.54617406358982,106.63369750976562,51376000
2022-06-21 00:00:00-04:00,108.41119057692619,111.95425661827566,108.08326009819567,111.01325225830078,47416000
2022-06-22 00:00:00-04:00,110.03044617871146,112.80716393802025,109.85727053284596,110.95701599121094,30774000
2022-06-23 00:00:00-04:00,111.69747579437303,112.20604591984649,109.97471708378085,111.70792388916016,28362000
2022-06-24 00:00:00-04:00,112.45735057227827,117.51715954815482,112.41504945457397,117.41365051269531,41164000
2022-06-27 00:00:00-04:00,117.71023220229814,118.01526949121953,114.6314459624472,115.28234100341797,36420000
2022-06-28 00:00:00-04:00,115.2514813531098,116.75131444596565,111.31579952883644,111.47454071044922,35792000
2022-06-29 00:00:00-04:00,111.02121152936431,112.62205554244028,110.3449403751085,111.16999816894531,24716000
2022-06-30 00:00:00-04:00,109.47660264341167,110.3603778852546,106.24206665621995,108.44453430175781,43170000
2022-07-01 00:00:00-04:00,107.41943163222562,108.73016641639377,106.22265397774427,108.22010803222656,35476000
2022-07-05 00:00:00-04:00,106.59089908908788,112.83753130607606,105.22840975036895,112.72407531738281,39342000
2022-07-06 00:00:00-04:00,112.76287894118538,115.03949284975673,110.94556355714842,114.0268325805664,37432000
2022-07-07 00:00:00-04:00,114.53242824450783,118.62237150865167,114.28710302372731,118.21780395507812,40936000
2022-07-08 00:00:00-04:00,116.69209965966292,119.11551098399944,116.34525479851375,118.78559112548828,38238000
2022-07-11 00:00:00-04:00,117.4365476052986,117.4365476052986,114.78173665895066,115.12609100341797,31196000
2022-07-12 00:00:00-04:00,115.66201280608395,116.41740394407732,113.14903353840538,113.47795867919922,29960000
2022-07-13 00:00:00-04:00,111.169489086317,113.65261985102296,110.67236938242495,110.82364654541016,43722000
2022-07-14 00:00:00-04:00,109.68610316058955,110.56440377859388,107.85734476528513,109.84235382080078,37004000
2022-07-15 00:00:00-04:00,111.46758971888954,112.60216483443524,110.37232404487976,111.24564361572266,46770000
2022-07-18 00:00:00-04:00,112.10403881377384,113.13909122528293,107.85435955238535,108.51121520996094,43164600
2022-07-19 00:00:00-04:00,110.32255584496407,113.47747063825159,109.03869296718022,113.26847076416016,36530900
2022-07-20 00:00:00-04:00,112.63150243769348,114.85089479075843,111.94479082146569,113.3580322265625,35600400
2022-07-21 00:00:00-04:00,113.73623213542243,114.00495167460863,110.58131743938425,113.79594421386719,32676200
2022-07-22 00:00:00-04:00,110.47184488302739,111.80546531170556,105.99325657695871,107.3865966796875,48901200
2022-07-25 00:00:00-04:00,107.89417039822348,109.3472225583573,105.79420953019157,106.99845123291016,34690900
2022-07-26 00:00:00-04:00,106.0927781113769,106.68992169386529,103.57481748327089,104.52029418945312,47991000
2022-07-27 00:00:00-04:00,108.74011946731692,113.3679952824466,107.49606723707197,112.52203369140625,59858500
2022-07-28 00:00:00-04:00,111.83532546250933,113.79594545946627,110.92965176635761,113.67652130126953,32816600
2022-07-29 00:00:00-04:00,112.54194397943671,116.15466896108313,112.52203489140882,115.76652526855469,37223400
2022-08-01 00:00:00-04:00,114.75137773642173,116.16461921046162,113.79593896680589,114.31346893310547,26034300
2022-08-02 00:00:00-04:00,113.4575633556852,115.79638002904798,113.17889687110984,114.58218383789062,20236000
2022-08-03 00:00:00-04:00,115.1594320713057,118.05558946224379,114.93053070088145,117.51815795898438,28499000
2022-08-04 00:00:00-04:00,116.92101136605847,118.21482116526452,116.33381474881479,117.62763214111328,21602900
2022-08-05 00:00:00-04:00,115.67695880145602,117.54801066886964,115.44804984442452,116.91105651855469,19159500
2022-08-08 00:00:00-04:00,117.82667699099878,119.57830469839134,116.32385973549923,116.74186706542969,19138300
2022-08-09 00:00:00-04:00,116.58262580661216,116.7617696373508,115.15942970493639,116.0750503540039,19086500
2022-08-10 00:00:00-04:00,118.21481912974991,120.34463596242325,117.84658452538288,119.13043975830078,30930400
2022-08-11 00:00:00-04:00,120.70292085614055,120.91192071702521,117.99586202223843,118.27452850341797,24293700
2022-08-12 00:00:00-04:00,119.6877792993413,121.10102081298828,118.89158283337814,121.10102081298828,19096300
2022-08-15 00:00:00-04:00,120.55363833935155,121.71807703386351,120.03611593641816,121.4991226196289,19494800
2022-08-16 00:00:00-04:00,120.9417744547049,121.84744809440268,120.06596444578726,121.12091827392578,19041200
2022-08-17 00:00:00-04:00,119.54845056051758,120.71288167155528,118.81196614417375,118.98116302490234,22847000
2022-08-18 00:00:00-04:00,118.86172117631767,120.24510658589205,118.15510045289486,119.59819793701172,17987700
2022-08-19 00:00:00-04:00,118.49349390349892,118.5830696196713,116.20444217204935,116.65229797363281,21809500
2022-08-22 00:00:00-04:00,114.65184995934078,115.07980422824266,113.30827507565557,113.69641876220703,21456600
2022-08-23 00:00:00-04:00,112.94003292848389,114.46275153442912,112.89026780559885,113.31822204589844,15870400
2022-08-24 00:00:00-04:00,112.95994947111635,114.23385781853895,112.3329498419266,113.1490478515625,17734600
2022-08-25 00:00:00-04:00,113.69641910388675,116.1646220653855,113.56704040567818,116.09495544433594,16956800
2022-08-26 00:00:00-04:00,114.17414361532893,114.57224186477183,109.66569935363755,109.81497955322266,37245700
2022-08-29 00:00:00-04:00,109.46664053448025,110.42207172581055,108.2823079873906,108.89935302734375,21191200
2022-08-30 00:00:00-04:00,109.64578930257257,109.97422092496217,107.28707105272045,108.42164611816406,27513300
2022-08-31 00:00:00-04:00,110.12351621186505,110.32256155184113,107.61550240684566,107.705078125,28627000
2022-09-01 00:00:00-04:00,107.76478233631381,109.92445524897461,106.84916169035981,109.21783447265625,28360900
2022-09-02 00:00:00-04:00,110.06378281149561,110.2130705944094,106.74963351488796,107.33682250976562,24160700
2022-09-06 00:00:00-04:00,106.78944701500801,107.51596926896929,105.27667524334035,106.30177307128906,25068300
2022-09-07 00:00:00-04:00,106.55058712829103,109.45669902186589,106.39135238503752,108.92921447753906,23167000
2022-09-08 00:00:00-04:00,107.52593262689165,109.07850751547035,106.65012251414598,107.86431121826172,24238300
2022-09-09 00:00:00-04:00,108.55102080160147,110.46188319968864,108.5012556752909,110.12350463867188,23197700
2022-09-12 00:00:00-04:00,110.46188297027061,111.08889015087576,109.40692911388913,110.33250427246094,22966800
2022-09-13 00:00:00-04:00,107.2870684416698,107.7846893387219,103.59471470362199,103.82362365722656,38172900
2022-09-14 00:00:00-04:00,104.07243482099148,104.77905558849064,103.16676873054044,104.5003890991211,26395100
2022-09-15 00:00:00-04:00,103.53499978150074,104.76909744622156,101.86299330961457,102.42033386230469,34188300
2022-09-16 00:00:00-04:00,101.58432982803475,102.639283702151,100.45970933191258,102.31085968017578,42797200
2022-09-19 00:00:00-04:00,101.26584814817858,102.83833193685109,101.06680283524696,102.5795669555664,23036800
2022-09-20 00:00:00-04:00,101.59428213900198,101.882903164709,100.04169980785068,100.65875244140625,26517100
2022-09-21 00:00:00-04:00,101.18622915681169,102.39047078999764,98.79764738492318,98.80760192871094,31487300
2022-09-22 00:00:00-04:00,98.34979431212098,100.75827764430566,98.31993827303401,99.66351318359375,34298600
2022-09-23 00:00:00-04:00,99.15593670389735,99.18580033576465,97.00621838807963,98.27017211914062,31625400
2022-09-26 00:00:00-04:00,97.63321424053862,99.40474334217092,97.33464627113645,97.702880859375,27072700
2022-09-27 00:00:00-04:00,98.95688868137792,99.52417618189102,96.40907220091097,97.03607177734375,30072800
2022-09-28 00:00:00-04:00,97.18536972439702,100.22085285955642,96.64793820563632,99.5739517211914,32466300
2022-09-29 00:00:00-04:00,98.17064759037245,98.17064759037245,95.50339934291237,96.95645141601562,31047200
2022-09-30 00:00:00-04:00,96.58821763291844,98.4294134043774,95.10530191604596,95.19487762451172,32941500
2022-10-03 00:00:00-04:00,96.29960237487207,98.8175630102199,96.06073886671564,98.170654296875,27982000
2022-10-04 00:00:00-04:00,99.96208499329005,101.35541738545221,99.90236532427448,101.1563720703125,28850800
2022-10-05 00:00:00-04:00,99.35499464162503,101.4450009855778,98.3298967620206,100.94738006591797,22176900
2022-10-06 00:00:00-04:00,100.20094688426994,102.4402409824645,100.11137117193405,100.93742370605469,22324000
2022-10-07 00:00:00-04:00,99.37489560091394,100.0516603517211,97.83227531415282,98.21046447753906,27502800
2022-10-10 00:00:00-04:00,98.52893845076046,98.62846111239529,96.54840938978579,97.39436340332031,18225100
2022-10-11 00:00:00-04:00,96.96640076120471,98.77774038186384,95.8517273049946,96.71759033203125,26507100
2022-10-12 00:00:00-04:00,96.837022039716,98.28011949121102,96.27968151524828,97.09577941894531,21876400
2022-10-13 00:00:00-04:00,94.69726194514989,99.30522889923341,93.93092148147386,98.58865356445312,34574500
2022-10-14 00:00:00-04:00,99.51422753973247,100.21090137017602,95.91145700787062,96.10054779052734,25410700
2022-10-17 00:00:00-04:00,98.38961227226265,100.44976264774354,98.35975623093717,99.49433135986328,28419200
2022-10-18 00:00:00-04:00,102.63928332260754,102.977669480451,99.49432320685048,100.29051208496094,24060700
2022-10-19 00:00:00-04:00,99.53414159458751,100.53933041676378,98.4493240073362,99.15594482421875,23811100
2022-10-20 00:00:00-04:00,99.52418740118877,101.83314824517264,98.91708925059409,99.49433135986328,25323200
2022-10-21 00:00:00-04:00,97.38441171770614,100.82794754437543,97.25503301309253,100.6488037109375,32458700
2022-10-24 00:00:00-04:00,101.31562068072593,102.26109737591833,99.50428086547959,102.03218841552734,27176400
2022-10-25 00:00:00-04:00,102.41038054718946,104.3212429399577,102.23123672329918,103.98286437988281,40611400
2022-10-26 00:00:00-04:00,95.97117241436078,97.8422243688905,94.23945371213154,94.47830963134766,88114100
2022-10-27 00:00:00-04:00,94.07025591284439,94.97592963709896,91.36320447078887,91.78120422363281,60710900
2022-10-28 00:00:00-04:00,91.8309566371646,96.09059787724979,91.6916233939895,95.83183288574219,43697300
2022-10-31 00:00:00-04:00,94.9659688055794,95.57306689870097,93.53282580597906,94.060302734375,31675000
2022-11-01 00:00:00-04:00,94.99582786175144,95.57306993471083,89.940005230544,90.0395278930664,47161400
2022-11-02 00:00:00-04:00,90.50729412723294,90.74615003951523,86.46660714853941,86.55618286132812,57038300
2022-11-03 00:00:00-04:00,85.90927598104008,86.10832131332283,82.94345193423364,83.03302764892578,61288000
2022-11-04 00:00:00-04:00,84.99365177935555,86.22774949314112,83.3116906968652,86.16803741455078,51124900
2022-11-07 00:00:00-05:00,86.86469761800363,88.47699196596784,86.43674336723429,88.06893920898438,34078900
2022-11-08 00:00:00-05:00,88.47699737548828,89.89023890654045,87.17322545658932,88.47699737548828,30429000
2022-11-09 00:00:00-05:00,88.02913095745633,89.01442577049444,86.8646999163299,86.90451049804688,31769100
2022-11-10 00:00:00-05:00,91.81105799655386,93.94087488626228,91.1741038384967,93.4930191040039,51620100
2022-11-11 00:00:00-05:00,94.23944635528495,96.46878581115081,93.47310593436431,95.95126342773438,33090500
2022-11-14 00:00:00-05:00,94.63753085381283,96.3294463219346,94.06029643096562,95.24462890625,30179500
2022-11-15 00:00:00-05:00,97.79245956917397,99.66351138474529,96.2498317707238,97.97160339355469,41640800
2022-11-16 00:00:00-05:00,97.43417722407897,99.16589589196096,97.17541222075646,98.37965393066406,29105200
2022-11-17 00:00:00-05:00,96.50859755213386,98.80760365631383,96.32945372628268,97.89198303222656,26052600
2022-11-18 00:00:00-05:00,98.30003586236528,98.42942216465437,95.91146145604598,96.96641540527344,28342300
2022-11-21 00:00:00-05:00,96.82707209430102,97.93179105937274,94.90625518678002,95.14511108398438,21647400
2022-11-22 00:00:00-05:00,95.4934541891789,96.75741561356259,93.60250071461526,96.58822631835938,23438500
2022-11-23 00:00:00-05:00,96.62802445978609,98.2900840665078,96.62802445978609,97.99150848388672,18868100
2022-11-25 00:00:00-05:00,97.77254895921286,98.17064718420455,96.93654952051315,96.99626159667969,9701400
2022-11-28 00:00:00-05:00,96.5782667025875,97.11569819421372,95.1550706024734,95.59297943115234,26237500
2022-11-29 00:00:00-05:00,95.2745073253337,95.6626510462463,93.66221276632477,94.73707580566406,20061700
2022-11-30 00:00:00-05:00,94.36883510796933,100.5592408394296,93.97073683587386,100.50947570800781,43647500
2022-12-01 00:00:00-05:00,100.5393317496237,101.763482607526,99.77299884014163,100.50947570800781,28687100
2022-12-02 00:00:00-05:00,98.57870403410195,100.29051356417902,98.429416244413,99.96208953857422,21480700
2022-12-05 00:00:00-05:00,98.92703166952748,100.89760608639799,98.5289334501006,99.00665283203125,24405100
2022-12-06 00:00:00-05:00,98.82750758572617,99.30521936766596,95.96120652171987,96.51854705810547,24910700
2022-12-07 00:00:00-05:00,95.95125726651678,96.41901449377833,94.26929634050404,94.48825073242188,31045400
2022-12-08 00:00:00-05:00,94.92615870890563,95.12521162173816,93.00534176035212,93.26410675048828,32213300
2022-12-09 00:00:00-05:00,93.32382786918778,93.8115018580551,92.30868449121564,92.3883056640625,28225400
2022-12-12 00:00:00-05:00,92.2688614145164,93.11481538049334,91.17409701189375,92.86600494384766,29420000
2022-12-13 00:00:00-05:00,97.2948424708287,99.05641715165841,94.57782896066584,95.17497253417969,40593700
2022-12-14 00:00:00-05:00,94.74702397460736,96.4090836855868,93.15463848462352,94.61764526367188,28733600
2022-12-15 00:00:00-05:00,92.68686895444695,93.19444441414178,89.58171930241409,90.42767333984375,40107000
2022-12-16 00:00:00-05:00,90.32814916628604,90.89543669655227,89.09404384987789,89.83052825927734,58011800
2022-12-19 00:00:00-05:00,89.83052771403993,90.1290957005775,87.7902789704508,88.0191879272461,29493000
2022-12-20 00:00:00-05:00,87.69076176428035,88.75567026134895,87.02395153379007,88.59642791748047,23453800
2022-12-21 00:00:00-05:00,88.65613432749684,89.79070928196998,87.89974849348417,89.15375518798828,24745600
2022-12-22 00:00:00-05:00,87.74052072393032,88.11870987437933,85.909271863705,87.34242248535156,27658300
2022-12-23 00:00:00-05:00,86.69551223985816,89.12390461779462,86.655701657406,88.80542755126953,23003000
2022-12-27 00:00:00-05:00,88.37747674118715,88.51680998867842,86.59599297044319,86.97418212890625,20097300
2022-12-28 00:00:00-05:00,86.56614139398224,87.62109534883498,85.5310889356147,85.61070251464844,19523200
2022-12-29 00:00:00-05:00,86.2078424115069,88.42722724367383,86.1978878680228,88.02912902832031,23333500
2022-12-30 00:00:00-05:00,86.56612850885591,87.87984728103041,86.1580757572641,87.8101806640625,23986300
2023-01-03 00:00:00-05:00,89.16371064442977,90.61677037760805,88.09880220510901,88.69595336914062,28131200
2023-01-04 00:00:00-05:00,89.92009958818068,90.21867518028262,86.8547528692259,87.66090393066406,34854800
2023-01-05 00:00:00-05:00,87.05380204485257,87.1533247069017,85.4912727120948,85.78984069824219,27194400
2023-01-06 00:00:00-05:00,86.37702957023193,87.2727486345716,84.45621275179472,86.92440795898438,41381500
2023-01-09 00:00:00-05:00,87.93956719506664,89.62152828865293,87.44194628861791,87.60118103027344,29003900
2023-01-10 00:00:00-05:00,85.57089787842811,88.24809330021212,85.42161008183072,87.99928283691406,30467800
2023-01-11 00:00:00-05:00,88.75566389809731,91.1641472282376,88.58647461468658,91.08452606201172,26862000
2023-01-12 00:00:00-05:00,91.0447213124675,91.432864998952,89.32294969329632,90.69638061523438,30258100
2023-01-13 00:00:00-05:00,90.41771741423032,91.75134539532985,89.70114209221775,91.68167877197266,26329200
2023-01-17 00:00:00-05:00,91.62195415344863,91.81105251796343,89.6215236794331,90.85562133789062,32602400
2023-01-18 00:00:00-05:00,91.70158285357975,92.35844611498095,90.2087200883145,90.68643951416016,29116700
2023-01-19 00:00:00-05:00,90.28833877439054,93.16458701556465,90.19876306253057,92.60725402832031,37000400
2023-01-20 00:00:00-05:00,94.64749230458399,97.83227057478473,94.56787113938321,97.55359649658203,63191100
2023-01-23 00:00:00-05:00,97.48393658664499,99.56399601043773,97.03608078946915,99.315185546875,40005100
2023-01-24 00:00:00-05:00,97.63321326625847,99.13603042112301,96.73749418080635,97.23511505126953,33078500
2023-01-25 00:00:00-05:00,95.1152550959037,95.70245168515892,93.31386993258523,94.76692199707031,42330000
2023-01-26 00:00:00-05:00,96.0408260243726,97.10573436154094,94.92615256394458,97.05596923828125,30114000
2023-01-27 00:00:00-05:00,96.84698288610231,99.84266300827183,96.84698288610231,98.89718627929688,33879800
2023-01-30 00:00:00-05:00,97.01616832917084,97.82231171021904,95.94130542571196,96.4787368774414,27226200
2023-01-31 00:00:00-05:00,96.40907756904596,98.40950815466127,96.35931244094722,98.36969757080078,29870700
2023-02-01 00:00:00-05:00,98.24031608663826,100.70851906446003,97.11569559851715,99.95213317871094,35531100
2023-02-02 00:00:00-05:00,105.29658441835562,107.33682553198318,105.10748604846768,107.22734832763672,69883800
2023-02-03 00:00:00-05:00,102.44023732028235,107.29701450167059,102.09190421385664,104.28143310546875,65309300
2023-02-06 00:00:00-05:00,101.9127642202071,103.86343728262108,101.39523421998128,102.41038513183594,31999600
2023-02-07 00:00:00-05:00,102.72885610117324,107.66525433974004,102.62933344338565,107.12782287597656,49010200
2023-02-08 00:00:00-05:00,101.56443476559781,102.64924474740924,97.57351278425769,98.89718627929688,94743500
2023-02-09 00:00:00-05:00,99.52418468225432,99.55404072276416,93.18449138448133,94.55792999267578,119455000
2023-02-10 00:00:00-05:00,94.99582806779736,96.28964546267231,93.80154092875313,94.1200180053711,54980700
2023-02-13 00:00:00-05:00,94.28920688773186,94.74701720884225,93.39348774073657,94.15982818603516,50076100
2023-02-14 00:00:00-05:00,93.98068174209502,94.39868146803326,91.82100889832186,94.2294921875,54726100
2023-02-15 00:00:00-05:00,94.04039005423793,96.65788069468455,93.70201150671859,96.4787368774414,50169000
2023-02-16 00:00:00-05:00,94.9162087541605,97.21521477469815,94.28920158994696,95.0555419921875,42462600
2023-02-17 00:00:00-05:00,94.39868291013072,95.10530367470463,92.76648697078687,93.90106201171875,34284100
2023-02-21 00:00:00-05:00,92.55749030076139,92.65701296526197,91.28358197173173,91.3532485961914,33629300
2023-02-22 00:00:00-05:00,91.26367049827103,91.67172328308142,90.1788605753032,91.21391296386719,30884000
2023-02-23 00:00:00-05:00,91.48262500616492,91.50253409442122,89.33290665311979,90.45752716064453,41206400
2023-02-24 00:00:00-05:00,89.01443223203913,89.46228802095382,88.15852364572393,88.70590209960938,36585100
2023-02-27 00:00:00-05:00,89.4423828125,89.73100384409955,88.91489828317458,89.4423828125,27502300
2023-02-28 00:00:00-05:00,88.90495506752045,90.79591607528975,88.89500052309056,89.63147735595703,30142000
2023-03-01 00:00:00-05:00,89.55186454339591,90.59686392466584,89.24333440817962,89.9300537109375,31111200
2023-03-02 00:00:00-05:00,89.23338599577193,91.84091472708995,89.16371177840199,91.56224822998047,32204400
2023-03-03 00:00:00-05:00,92.03996045341758,93.28401264189694,92.01009682269682,93.20439147949219,35160100
2023-03-06 00:00:00-05:00,93.5726338624318,95.51335999397993,93.55273236671877,94.67735290527344,32639300
2023-03-07 00:00:00-05:00,94.52807232544816,95.21478402463518,93.08496711653402,93.41339874267578,27835500
2023-03-08 00:00:00-05:00,93.67215786383373,95.503399070826,93.55272611825472,93.8015365600586,34103300
2023-03-09 00:00:00-05:00,93.60249368912125,95.07544729094798,91.46272231509023,91.88072204589844,28813500
2023-03-10 00:00:00-05:00,91.73142650002876,92.3484790931476,89.96985201598534,90.1987533569336,35941000
2023-03-13 00:00:00-04:00,89.66133224210813,92.1295353055602,88.99452204264824,90.67648315429688,37335600
2023-03-14 00:00:00-04:00,92.11957834566286,93.91101661837747,92.00015418954344,93.52287292480469,36050200
2023-03-15 00:00:00-04:00,92.77643896638652,96.46878502000881,92.1991969177425,95.6526870727539,50622100
2023-03-16 00:00:00-04:00,95.74225996804023,100.70852211278338,95.04559373185006,99.84265899658203,65492000
2023-03-17 00:00:00-04:00,99.78293762449931,102.3506555081078,99.62369530357599,101.13646697998047,61028500
2023-03-20 00:00:00-04:00,99.64361592487353,101.26585739333697,99.39480546444764,100.7383804321289,32960400
2023-03-21 00:00:00-04:00,100.76823312250937,104.59991256706779,100.73837708314564,104.42076873779297,42110300
2023-03-22 00:00:00-04:00,103.773854818731,106.08281539474726,102.8383327290355,102.87814331054688,43427400
2023-03-23 00:00:00-04:00,104.56010268824097,105.79420800627038,103.96295911766454,105.0975341796875,40797800
2023-03-24 00:00:00-04:00,104.49043770663731,104.98805862211833,103.34590808241246,104.93830108642578,30393300
2023-03-27 00:00:00-04:00,104.12219906093443,104.2615323044318,101.44499620942092,101.97247314453125,31120900
2023-03-28 00:00:00-04:00,101.95258058369826,101.9625275354681,99.26542295271996,100.54928588867188,32057900
2023-03-29 00:00:00-04:00,101.793334518348,102.00233439427095,100.1710930472741,100.9075698852539,28779600
2023-03-30 00:00:00-04:00,100.42985934560198,100.6786698096316,99.3052311886087,100.40995025634766,33086200
2023-03-31 00:00:00-04:00,100.81799706625952,103.39566967562425,100.55923207299183,103.23643493652344,36863400
2023-04-03 00:00:00-04:00,101.90280629620425,104.0326231198909,101.44499598386052,103.86343383789062,25035400
2023-04-04 00:00:00-04:00,103.83358175831708,105.07763404356551,103.54496071696833,104.22172546386719,24420100
2023-04-05 00:00:00-04:00,105.27667229755957,105.59514935745837,103.1667646231396,103.97290802001953,28290500
2023-04-06 00:00:00-04:00,104.75916104758119,108.65055279918359,103.8335858075378,107.90412139892578,48711500
2023-04-10 00:00:00-04:00,106.47097183107455,107.07806234756984,104.61982146300264,105.93354034423828,27067400
2023-04-11 00:00:00-04:00,106.04301139046436,106.22215520900343,104.18190658636902,104.84871673583984,26311800
2023-04-12 00:00:00-04:00,106.07287669400085,106.24206598376391,103.84352951452797,104.14210510253906,24370300
2023-04-13 00:00:00-04:00,105.33639240206342,106.97854295202298,105.33639240206342,106.91883087158203,24843600
2023-04-14 00:00:00-04:00,106.38139243712666,108.42164110764425,106.33162731127321,108.35197448730469,26578000
2023-04-17 00:00:00-04:00,104.16201021070087,105.65487290751938,104.02266937335287,105.46577453613281,37571200
2023-04-18 00:00:00-04:00,105.98329855224205,106.03306368013463,103.57481518685294,104.00276947021484,26596400
2023-04-19 00:00:00-04:00,103.0871444808148,104.48048447908047,102.57956905144894,103.68428802490234,20905700
2023-04-20 00:00:00-04:00,103.41557815605778,105.74444030250633,103.37576757324341,104.78900909423828,27820800
2023-04-21 00:00:00-04:00,104.9681517132192,105.49562864153211,104.2814324554801,104.90843963623047,25800100
2023-04-24 00:00:00-04:00,104.98805513219027,106.12263017432495,104.20181320069477,105.46577453613281,23542800
2023-04-25 00:00:00-04:00,105.32643992429568,106.1823484668057,103.34590330520571,103.3558578491211,46664100
2023-04-26 00:00:00-04:00,104.42076383754022,105.84395986079909,102.14165929158905,103.21652221679688,53347600
2023-04-27 00:00:00-04:00,103.95300525177885,107.85435896406044,103.04733914233148,107.07806396484375,50089200
2023-04-28 00:00:00-04:00,106.53068615790889,106.83920869473445,104.5899600378611,106.82925415039062,36139800
2023-05-01 00:00:00-04:00,106.33163086061985,107.47616045562452,106.31172936546945,106.6899185180664,26681700
2023-05-02 00:00:00-04:00,106.63020263275621,106.68991470916808,103.21652305785557,104.81886291503906,30997200
2023-05-03 00:00:00-04:00,105.02786379020792,106.97853676712556,104.46057627953847,104.90843963623047,21795400
2023-05-04 00:00:00-04:00,104.98805287903261,105.09753008189718,103.47528871968271,104.19186401367188,23419500
2023-05-05 00:00:00-04:00,104.32124140643722,105.37619524656543,103.61462066511625,105.06767272949219,26625100
2023-05-08 00:00:00-04:00,104.67952961034783,107.44630051441501,104.65962811592014,107.2572021484375,26511400
2023-05-09 00:00:00-04:00,107.87426293991619,109.62589071265951,106.67997576350962,106.8392105102539,36360100
2023-05-10 00:00:00-04:00,107.45626399131446,112.40261721138486,107.41645340605741,111.21827697753906,63153400
2023-05-11 00:00:00-04:00,114.85090401178836,117.35890998003737,113.86561676637899,116.01533508300781,78900000
2023-05-12 00:00:00-04:00,116.12481417824908,117.46838909715726,115.55752665279486,116.95086669921875,41073800
2023-05-15 00:00:00-04:00,115.55752919181069,117.91625505636303,115.45800652768493,115.95562744140625,36266800
2023-05-16 00:00:00-04:00,115.93571827523857,120.1754505833764,115.87600619542154,118.94135284423828,45035600
2023-05-17 00:00:00-04:00,119.04087904664145,121.09107484095293,118.32430369516756,120.26502227783203,33323600
2023-05-18 00:00:00-04:00,120.37448510760484,122.72325621543935,120.25506095868938,122.24554443359375,35234200
2023-05-19 00:00:00-04:00,122.96213001121694,125.37061339548771,121.56878994331822,122.17588806152344,41330300
2023-05-22 00:00:00-04:00,122.35502582680218,125.82841748352126,122.15597291663258,124.45498657226562,35253000
2023-05-23 00:00:00-04:00,123.56923017246825,124.03698745783406,121.62850403374236,121.97683715820312,34046300
2023-05-24 00:00:00-04:00,120.54369196410875,121.32993391302894,119.28968514492404,120.32473754882812,34182600
2023-05-25 00:00:00-04:00,123.92750849840978,124.72370499429998,121.37969186050914,122.89246368408203,42317000
2023-05-26 00:00:00-04:00,122.58393158206252,124.66399090771507,121.86735626591603,124.01708221435547,35635900
2023-05-30 00:00:00-04:00,125.04217814334058,125.06208723131287,121.41949862779474,123.08155059814453,35076700
2023-05-31 00:00:00-04:00,122.16592287264116,123.4696871146494,121.91711243909198,122.28535461425781,37325800
2023-06-01 00:00:00-04:00,122.23559042304707,123.82797569129428,122.03654511192563,123.13130950927734,30772700
2023-06-02 00:00:00-04:00,123.40002514747484,125.54975101903904,123.17112379211459,124.07678985595703,26963100
2023-06-05 00:00:00-04:00,123.41993964810082,126.82366483426891,123.2507427687404,125.4104232788086,32305500
2023-06-06 00:00:00-04:00,125.41042147669415,127.67956397510677,124.76351278739155,126.70423126220703,26638300
2023-06-07 00:00:00-04:00,126.36585399872072,128.42599665134557,121.53893273241714,121.91712188720703,52539000
2023-06-08 00:00:00-04:00,121.64841360475143,122.64365544606527,120.66311871482401,121.558837890625,29389200
2023-06-09 00:00:00-04:00,121.66830847720398,123.17112570184304,121.3299299142625,121.64840698242188,23762500
2023-06-12 00:00:00-04:00,122.20573518054296,123.45974190942171,121.08111473851741,123.05168914794922,28306400
2023-06-13 00:00:00-04:00,124.38532088531461,124.56446470926541,122.59388264580667,123.24079132080078,22278300
2023-06-14 00:00:00-04:00,122.5142630804105,123.45974733869542,120.87211260494071,123.08155059814453,30592300
2023-06-15 00:00:00-04:00,122.55407071303016,124.86303131123523,121.81759393072211,124.49478912353516,35246300
2023-06-16 00:00:00-04:00,125.33079673890096,125.5099405617093,122.69340452264717,122.94221496582031,45514000
2023-06-20 00:00:00-04:00,122.34507768010195,123.97727366337496,121.55883572827894,122.51426696777344,26097500
2023-06-21 00:00:00-04:00,121.8175903515394,122.07635532970119,119.52853131499121,119.97639465332031,30306300
2023-06-22 00:00:00-04:00,119.4290127749455,122.65359399380323,118.2645817227319,122.56402587890625,26952200
2023-06-23 00:00:00-04:00,120.80244992420262,122.20574454143095,120.48397284408658,121.75788116455078,34885300
2023-06-26 00:00:00-04:00,120.1854075438775,121.41950530782552,117.70724987835497,117.77691650390625,33969900
2023-06-27 00:00:00-04:00,116.52291548374876,118.51339914725075,115.54757514767203,117.7669677734375,39535900
2023-06-28 00:00:00-04:00,116.53286076190481,119.81716179676539,116.2940048517799,119.60816192626953,27091400
2023-06-29 00:00:00-04:00,118.67262791972016,119.48872587696212,117.73710580825735,118.53329467773438,24090900
2023-06-30 00:00:00-04:00,119.59820461658656,120.50387829421939,119.12049280738276,119.13043975830078,29519700
2023-07-03 00:00:00-04:00,118.67262744367262,119.61811168831736,118.25462771939205,119.3294906616211,14467900
2023-07-05 00:00:00-04:00,118.67263333187572,122.02660102256166,118.66268638063181,121.17069244384766,27584800
2023-07-06 00:00:00-04:00,119.22996016500689,119.7275810211328,117.83662024923598,119.53848266601562,24745200
2023-07-07 00:00:00-04:00,119.52853643899117,120.47402068726721,118.83187022918119,118.91149139404297,21692600
2023-07-10 00:00:00-04:00,117.73710794498514,117.74705489595593,115.58738201288969,115.89590454101562,35315200
2023-07-11 00:00:00-04:00,115.73666473923052,117.14990621068708,114.80113505861661,116.5826187133789,23078800
2023-07-12 00:00:00-04:00,118.2347265266947,119.75744523552781,117.8465828398585,118.36410522460938,30404400
2023-07-13 00:00:00-04:00,120.3545946051284,124.23603925428093,119.87687518656348,123.94741821289062,44297900
2023-07-14 00:00:00-04:00,124.20618186143912,126.17675640796054,122.90240991720911,124.82322692871094,33266800
2023-07-17 00:00:00-04:00,125.34075523343135,126.49523177773591,123.60902902733594,124.05689239501953,25716200
2023-07-18 00:00:00-04:00,124.0071191056456,124.08674026707224,122.37492326185865,123.1711196899414,26226400
2023-07-19 00:00:00-04:00,124.00712721064436,124.5843692790778,121.22045471640399,121.44935607910156,37224000
2023-07-20 00:00:00-04:00,120.84225815158732,123.49955194883329,117.65748741253887,118.63282012939453,37906800
2023-07-21 00:00:00-04:00,120.04607237662714,120.41430699448074,118.16506592367423,119.44892120361328,72937900
2023-07-24 00:00:00-04:00,121.08112274560483,122.41474313178708,120.40435800830701,120.95173645019531,29686100
2023-07-25 00:00:00-04:00,120.78254786384007,122.56403163253377,120.44416169668466,121.62850189208984,52509600
2023-07-26 00:00:00-04:00,129.45110367587904,130.35676214061976,127.70943058695467,128.6549072265625,61682100
2023-07-27 00:00:00-04:00,131.04348970124676,132.60602666094323,128.1771883763532,128.78428649902344,44952100
2023-07-28 00:00:00-04:00,130.15771946410177,133.1036418304535,129.94872719345616,131.94915771484375,36591200
2023-07-31 00:00:00-04:00,132.0984479281434,132.89464445399818,131.15297119764708,132.0885009765625,28055500
2023-08-01 00:00:00-04:00,130.15771659691958,131.99891993360347,130.05818634611023,130.92405700683594,23166800
2023-08-02 00:00:00-04:00,128.83405063143312,129.47100478913018,126.95304419806331,127.76914978027344,26273300
2023-08-03 00:00:00-04:00,127.3610791387822,128.77432050353036,126.81369317696847,127.83879089355469,20089500
2023-08-04 00:00:00-04:00,128.6648583264697,130.88424328208276,127.30138192389168,127.50042724609375,26130000
2023-08-07 00:00:00-04:00,128.54542623298215,130.9837654483107,128.4060929974258,130.90414428710938,22746300
2023-08-08 00:00:00-04:00,129.998477634037,130.88424221889798,128.92361467945548,130.77476501464844,23535200
2023-08-09 00:00:00-04:00,131.0335439778547,131.41172554952155,128.3861970452602,129.04306030273438,24912900
2023-08-10 00:00:00-04:00,130.6951554251583,131.4216776590085,128.83404300432582,129.07290649414062,20857800
2023-08-11 00:00:00-04:00,128.04781566195854,129.3117618339363,127.56014170520349,128.9435272216797,19569200
2023-08-14 00:00:00-04:00,128.77432206928793,130.74489636959453,128.3463754306011,130.70509338378906,24695600
2023-08-15 00:00:00-04:00,130.47621742457744,130.7946869315138,128.66486990136232,129.16249084472656,19770700
2023-08-16 00:00:00-04:00,128.08761596679688,129.66009982508598,127.26157104777742,128.08761596679688,25216100
2023-08-17 00:00:00-04:00,129.18237944098485,131.36196125693914,128.6747964401177,129.3018035888672,33446300
2023-08-18 00:00:00-04:00,127.89852262427131,128.6350070484808,125.77866025129904,126.85352325439453,30491300
2023-08-21 00:00:00-04:00,126.5748380877057,128.11745814708254,125.95778550810007,127.75917053222656,25248700
2023-08-22 00:00:00-04:00,127.89852516645765,129.66010749983826,127.70944197062904,128.4658203125,22067500
2023-08-23 00:00:00-04:00,129.56056100573272,132.77520272479933,129.25203849949906,131.74014282226562,27819700
2023-08-24 00:00:00-04:00,133.31264769004198,133.61122329329774,128.95349855277775,129.16249084472656,28500700
2023-08-25 00:00:00-04:00,128.92359969772878,130.1377957542412,126.64450294743214,129.26199340820312,26762900
2023-08-28 00:00:00-04:00,130.6851874909537,131.90933055130816,129.52075650385797,130.38661193847656,20543300
2023-08-29 00:00:00-04:00,131.6107874308828,135.92018645455218,131.6107874308828,133.92970275878906,43075600
2023-08-30 00:00:00-04:00,134.1386874276615,135.6315501147355,133.43207426004315,135.23345947265625,28315800
2023-08-31 00:00:00-04:00,135.36282188790307,137.34335839261985,135.1438674929622,135.52206420898438,30053800
2023-09-01 00:00:00-04:00,136.80594945032874,136.80594945032874,134.20836765107612,135.01451110839844,21524600
2023-09-05 00:00:00-04:00,134.7955460588322,135.77087872900177,133.93963753997775,135.1239776611328,19403100
2023-09-06 00:00:00-04:00,135.37279574679286,135.88036360473524,133.03397141020704,133.82022094726562,18684500
2023-09-07 00:00:00-04:00,132.95435720820575,134.93489398818454,132.31740302153798,134.6164093017578,18844300
2023-09-08 00:00:00-04:00,134.2680724669895,136.00974558565406,134.2083603898534,135.7310791015625,23558300
2023-09-11 00:00:00-04:00,135.8903121579024,136.825841903566,135.143880788854,136.2685089111328,20763400
2023-09-12 00:00:00-04:00,135.61165035177623,136.21874849371267,134.54674945858747,134.69602966308594,18405500
2023-09-13 00:00:00-04:00,134.4472223587194,136.2486077375473,133.5116925587083,136.0595245361328,20749500
2023-09-14 00:00:00-04:00,136.94526549707902,138.04002226738112,135.59173616278034,137.44288635253906,24751000
2023-09-15 00:00:00-04:00,137.32345788063844,137.86089695130053,135.83059519619755,136.7462158203125,38908400
2023-09-18 00:00:00-04:00,135.95999038082445,138.497860147599,135.95999038082445,137.55238342285156,21861300
2023-09-19 00:00:00-04:00,136.7661336216356,137.75142852316634,135.96993710197103,137.3831787109375,20353700
2023-09-20 00:00:00-04:00,137.42299901850853,137.42299901850853,132.98421360328075,133.10365295410156,29927500
2023-09-21 00:00:00-04:00,130.81457768472256,131.60081198310746,129.4511013506065,129.8193359375,31488700
2023-09-22 00:00:00-04:00,130.1378168923183,131.4017782750434,128.9833479050883,129.6302490234375,26397300
2023-09-25 00:00:00-04:00,129.21223680839083,130.54585709408724,128.34638135496135,130.48614501953125,20094600
2023-09-26 00:00:00-04:00,129.15252373476866,129.7397127116054,126.61465428248435,127.95823669433594,25718700
2023-09-27 00:00:00-04:00,127.95825647590418,130.27715670469198,127.95825647590418,129.9188690185547,22746500
2023-09-28 00:00:00-04:00,129.2222017860651,132.66574536563317,129.1724366549313,131.68045043945312,22513100
2023-09-29 00:00:00-04:00,132.6458339437757,133.412174428442,129.7397295336501,130.2373504638672,30848100
2023-10-02 00:00:00-04:00,130.58569349746125,133.78041142165446,130.5458753180762,133.53160095214844,22288000
2023-10-03 00:00:00-04:00,133.302706008986,133.62117552851467,131.21269188974273,131.7998809814453,22989400
2023-10-04 00:00:00-04:00,132.15815718510046,134.9249434701971,131.8993997738575,134.5965118408203,26752300
2023-10-05 00:00:00-04:00,134.42730712890625,134.8453068312004,132.81500520727624,134.42730712890625,19832600
2023-10-06 00:00:00-04:00,133.37233386900715,137.50259600843535,133.37233386900715,136.92535400390625,27583200
2023-10-09 00:00:00-04:00,136.28841418957376,138.27889778472175,134.96474077645817,137.76136779785156,19278100
2023-10-10 00:00:00-04:00,137.8409849799401,139.05518115278088,136.67655393277659,137.403076171875,27786600
2023-10-11 00:00:00-04:00,137.920628289257,140.43858915374793,137.920628289257,139.88125610351562,25884300
2023-10-12 00:00:00-04:00,140.37886647431526,140.5480557670691,137.6021331987685,138.3087615966797,24765500
2023-10-13 00:00:00-04:00,138.71681368426044,139.33385877066547,135.96993646362293,136.7064208984375,23420500
2023-10-16 00:00:00-04:00,137.51254293878173,138.96560249289772,137.3334067233584,138.43812561035156,28501900
2023-10-17 00:00:00-04:00,137.97038107958892,139.23432728179327,136.5272682632598,139.05519104003906,23515800
2023-10-18 00:00:00-04:00,138.78645883619868,140.050420109336,136.72631631294968,137.30355834960938,23375000
2023-10-19 00:00:00-04:00,137.8410054118577,138.99548967948655,136.72633932514654,137.09457397460938,26066000
2023-10-20 00:00:00-04:00,136.6765521940106,137.213976060409,134.43725824267983,134.9547882080078,26315200
2023-10-23 00:00:00-04:00,134.39743479587233,137.00497842129087,133.31262496891244,135.85049438476562,26317900
2023-10-24 00:00:00-04:00,137.1741880982919,138.69690693710234,136.7661352888889,138.14952087402344,44814300
2023-10-25 00:00:00-04:00,127.55019106624778,127.69947125982357,124.4748899960184,125.01232147216797,84366200
2023-10-26 00:00:00-04:00,122.68346083906891,123.73842237481327,120.69297711748168,121.69817352294922,57061100
2023-10-27 00:00:00-04:00,122.29531249468846,122.72326678236502,119.63801864923039,121.58869171142578,44566500
2023-10-30 00:00:00-04:00,122.6237455580271,124.80332760609076,122.16593522517718,123.8677978515625,28940100
2023-10-31 00:00:00-04:00,124.46494151125496,124.77347164354663,122.10622322082405,123.48960876464844,26292300
2023-11-01 00:00:00-04:00,123.47964730512324,125.88813058968375,123.13131420084254,125.84832000732422,30082400
2023-11-02 00:00:00-04:00,127.80895226837836,128.36628525589762,126.32604408767605,126.88337707519531,27124600
2023-11-03 00:00:00-04:00,127.41086997739491,128.91367975208917,127.25162763160075,128.48573303222656,26380100
2023-11-06 00:00:00-05:00,128.43596185853923,129.7198171439132,128.0577651016171,129.6302490234375,19052700
2023-11-07 00:00:00-05:00,130.08805962107587,131.28234671869467,129.26200712212525,130.34681701660156,29757300
2023-11-08 00:00:00-05:00,130.34682148408558,131.580926799427,130.15772310979614,131.21267700195312,26425800
2023-11-09 00:00:00-05:00,131.33210198045876,131.9192909413078,129.45109576679184,129.6202850341797,23747800
2023-11-10 00:00:00-05:00,129.4809790579356,132.16812918791848,128.79425970763396,131.95912170410156,26913300
2023-11-13 00:00:00-05:00,131.15294906263765,131.95909240401852,130.6254721803469,131.4614715576172,18324800
2023-11-14 00:00:00-05:00,133.55150228019363,135.0543119616439,132.68564675621332,132.9842071533203,32395200
2023-11-15 00:00:00-05:00,134.22827214854598,134.38751449955015,132.93446980864985,133.97946166992188,23861500
2023-11-16 00:00:00-05:00,134.54673149706534,136.56707098789275,133.68087605419174,136.2784423828125,28013200
2023-11-17 00:00:00-05:00,135.35288749837048,135.41259957777135,133.01406314727024,134.66616821289062,37240600
2023-11-20 00:00:00-05:00,133.0538681927624,136.0097373208595,132.98419398288115,135.6016845703125,27815500
2023-11-21 00:00:00-05:00,135.64148033201138,136.52724480962092,135.3130639452131,136.31825256347656,22635300
2023-11-22 00:00:00-05:00,136.81588856208788,138.75660699373168,136.81588856208788,137.83103942871094,17813900
2023-11-24 00:00:00-05:00,137.3732168512701,137.4727471002464,135.3429303733346,136.0395965576172,12514300
2023-11-27 00:00:00-05:00,135.38272858362578,137.76135566285393,135.35287254722326,135.76092529296875,23436500
2023-11-28 00:00:00-05:00,135.43251415198907,136.59694530602604,134.7756508796034,136.54718017578125,18730000
2023-11-29 00:00:00-05:00,136.91541225652824,137.63197233173457,134.19839139618142,134.34768676757812,23967200
2023-11-30 00:00:00-05:00,134.40739692400365,134.90501778252556,130.6553313986171,131.89938354492188,38988300
2023-12-01 00:00:00-05:00,131.2325897216797,131.48140018185381,130.04824950146127,131.2325897216797,31431200
2023-12-04 00:00:00-05:00,129.26200531072064,129.41128550101195,127.29142327486284,128.6549072265625,36669900
2023-12-05 00:00:00-05:00,128.33642794624606,131.51125173964408,127.63976171874135,130.36672973632812,27384800
2023-12-06 00:00:00-05:00,130.8145935589201,131.21268423164344,129.26201867463922,129.40135192871094,23576200
2023-12-07 00:00:00-05:00,134.39743612631167,137.90069125733066,134.05905758383045,136.2784423828125,56767100
2023-12-08 00:00:00-05:00,133.56143729563297,135.7509660671318,133.39224802366363,134.34768676757812,32233900
2023-12-11 00:00:00-05:00,131.75010329817715,132.70552684181484,130.73495249515162,132.65576171875,31138000
2023-12-12 00:00:00-05:00,131.18282170000637,132.3671618941117,130.63543566245536,131.8894500732422,29032800
2023-12-13 00:00:00-05:00,132.74535238978922,132.86477654283303,130.94396721251857,131.939208984375,30104800
2023-12-14 00:00:00-05:00,132.74536075457883,133.0837393336483,129.0729159552244,131.3122100830078,38722400
2023-12-15 00:00:00-05:00,130.99372252410018,132.87472894259986,130.5558136967356,131.9690704345703,50815200
2023-12-18 00:00:00-05:00,131.99892443621175,136.4974064259798,131.79986392780293,135.15383911132812,32258000
2023-12-19 00:00:00-05:00,136.1888694694067,136.81587659485692,135.43249125061917,135.99977111816406,25476800
2023-12-20 00:00:00-05:00,138.30873930396123,141.02574487397254,137.4130278546512,137.68173217773438,49107200
2023-12-21 00:00:00-05:00,138.82627876474274,140.02056584118617,138.51774106231403,139.75184631347656,27488300
2023-12-22 00:00:00-05:00,140.10018194492363,141.3143780648777,140.0404698711855,140.81675720214844,26514600
2023-12-26 00:00:00-05:00,140.91627767898768,142.00108755674717,140.51818704797742,140.84661865234375,16780300
2023-12-27 00:00:00-05:00,140.91628362015615,141.40395757196106,139.2243755877538,139.70208740234375,19628600
2023-12-28 00:00:00-05:00,140.11014545033115,140.46843312127822,139.08504756687975,139.56275939941406,16045700
2023-12-29 00:00:00-05:00,138.9656175115826,139.6921397740678,138.11965590639036,139.02532958984375,18727200
2024-01-02 00:00:00-05:00,137.89075472780192,138.78646627528045,135.83059690794266,137.51255798339844,23711200
2024-01-03 00:00:00-05:00,136.59693546241698,138.96561577846637,136.42774618072553,138.2589874267578,24212100
2024-01-04 00:00:00-05:00,137.7613829471732,138.49786742539402,135.70124009646156,135.7410430908203,27137700
2024-01-05 00:00:00-05:00,136.09931838527314,136.50737117465926,134.50692540464604,135.08416748046875,22506000
2024-01-08 00:00:00-05:00,135.6414974529206,138.3485563481057,135.61164141398862,138.1793670654297,21404000
2024-01-09 00:00:00-05:00,137.84100303562764,140.81678178118554,137.49266229644218,140.2793426513672,24759600
2024-01-10 00:00:00-05:00,140.32908858441377,142.31957211043382,140.23952047042707,141.60299682617188,21320200
2024-01-11 00:00:00-05:00,142.80725580814243,144.5290199237723,139.97081051510136,141.40396118164062,24008700
2024-01-12 00:00:00-05:00,141.9911462708172,142.51862321173218,141.14519984962567,141.9712371826172,18768600
2024-01-16 00:00:00-05:00,141.3243377622621,143.66316210251998,140.77695172665017,141.81201171875,22670500
2024-01-17 00:00:00-05:00,140.67745082972024,141.16510964915355,138.23909598780784,140.796875,20968600
2024-01-18 00:00:00-05:00,141.37411363155687,143.5238397604635,141.31440154789604,142.79730224609375,25746400
2024-01-19 00:00:00-05:00,144.05130622298188,145.75316122771846,143.69301856100813,145.68350219726562,33300700
2024-01-22 00:00:00-05:00,146.40006807538688,147.68392325601644,145.1460537462961,145.29534912109375,32200400
2024-01-23 00:00:00-05:00,145.19582529685954,146.479680534306,144.80768160310274,146.34034729003906,21636100
2024-01-24 00:00:00-05:00,147.83320457288815,149.1369840368619,147.39531095421805,147.99244689941406,25233500
2024-01-25 00:00:00-05:00,149.35593119114108,152.32174724438246,148.82843911184986,151.14735412597656,29149100
2024-01-26 00:00:00-05:00,150.38104092093948,151.8141763457417,150.29145761811435,151.46585083007812,26115500
2024-01-29 00:00:00-05:00,151.33645876754892,153.04827580027492,150.70945160260163,152.77955627441406,27784300
2024-01-30 00:00:00-05:00,152.0729545126579,152.88904491564426,150.470614560476,150.7393341064453,36331800
2024-01-31 00:00:00-05:00,142.93662027544656,143.314817013255,139.20446358239303,139.43338012695312,71910000
2024-02-01 00:00:00-05:00,141.44376595073413,142.37929571349378,140.12009247642374,140.48834228515625,40466500
2024-02-02 00:00:00-05:00,138.5973652180094,141.94137821596175,135.8505033642639,141.70252990722656,62470600
2024-02-05 00:00:00-05:00,142.14045966873405,144.77784470758604,142.10064148728722,142.99635314941406,38505400
2024-02-06 00:00:00-05:00,143.96170795232408,144.6683362516594,142.50866355317078,143.41433715820312,29128200
2024-02-07 00:00:00-05:00,144.07120099538642,144.9271095715937,143.24514845900856,144.8474884033203,25208900
2024-02-08 00:00:00-05:00,145.13610759667097,145.6337284763745,144.40958536443537,145.21572875976562,22563800
2024-02-09 00:00:00-05:00,145.9820775978342,148.72895501735275,145.48445663762422,148.29104614257812,26829500
2024-02-12 00:00:00-05:00,147.71378276281595,148.62940337557924,146.66877585942618,146.82801818847656,21564100
2024-02-13 00:00:00-05:00,144.23043219737744,145.97210525516456,143.00628910032142,144.4493865966797,27837700
2024-02-14 00:00:00-05:00,145.38492345402256,145.82283227426896,143.40438681197526,145.24559020996094,22704200
2024-02-15 00:00:00-05:00,142.4589176078183,142.83711436988335,139.7916767428146,142.09068298339844,37590700
2024-02-16 00:00:00-05:00,142.30962780983683,142.5086731289085,139.47318265796596,139.85137939453125,31451100
2024-02-20 00:00:00-05:00,138.99547233345777,141.40395564806843,138.82628305113792,140.44851684570312,25144700
2024-02-21 00:00:00-05:00,140.776962464413,142.01106787645267,140.01062195610365,141.87173461914062,23315700
2024-02-22 00:00:00-05:00,144.2403879015234,144.31006211743158,142.1205331777144,143.40438842773438,27191900
2024-02-23 00:00:00-05:00,142.98639577127176,143.99158457980388,142.7475322585676,143.2750244140625,19493800
2024-02-26 00:00:00-05:00,141.4636518564305,141.762227397812,136.73625387413543,136.9154052734375,53641800
2024-02-27 00:00:00-05:00,137.36328390942444,138.5874271285175,136.43770109534037,138.2191925048828,33099200
2024-02-28 00:00:00-05:00,137.24383567629263,137.35331287977036,134.76569335803654,135.7310791015625,37328600
2024-02-29 00:00:00-05:00,136.62678482870294,138.19926859997335,135.75096723807542,137.80117797851562,42133000
2024-03-01 00:00:00-05:00,137.7713124913028,138.20922130484942,136.26850286861733,136.48745727539062,31119500
2024-03-04 00:00:00-05:00,135.01450600221577,135.01450600221577,131.28234925858652,132.7154998779297,55999400
2024-03-05 00:00:00-05:00,131.2525076403091,132.60603724215898,130.048258250132,132.0387420654297,40194800
2024-03-06 00:00:00-05:00,132.4865821068133,132.94440001172532,130.22739417958527,130.77476501464844,35318600
2024-03-07 00:00:00-05:00,132.1581545511722,134.29793357515936,130.98377649333827,133.7406005859375,37738200
2024-03-08 00:00:00-05:00,133.57141412234174,137.43294213765384,133.36240665387308,134.7657012939453,39343100
2024-03-11 00:00:00-04:00,135.48228773494432,138.4381574589102,135.48228773494432,137.01495361328125,32437800
2024-03-12 00:00:00-04:00,136.37798151039325,138.7168057955102,136.37798151039325,137.8409881591797,27563400
2024-03-13 00:00:00-04:00,138.33861305579995,140.4186648160553,138.3286661046211,139.12484741210938,23347200
2024-03-14 00:00:00-04:00,140.5181825478973,142.90675662983335,139.7916603357875,142.41909790039062,42753400
2024-03-15 00:00:00-04:00,141.8219663022628,142.49872348366935,139.36371767146207,140.50823974609375,49460600
2024-03-18 00:00:00-04:00,147.9028930046686,151.4260424972047,146.46974230052322,146.97731018066406,69273700
2024-03-19 00:00:00-04:00,147.45502663716707,148.08201863565114,145.38492190024363,146.3303985595703,24070400
2024-03-20 00:00:00-04:00,147.29577274930563,148.15168122543136,146.04177366454698,148.03225708007812,21311500
2024-03-21 00:00:00-04:00,148.75880250267042,149.6545141050477,146.20102362495862,146.897705078125,24755600
2024-03-22 00:00:00-04:00,148.41045420254932,150.85875574292584,148.2711209562635,150.0526123046875,29175700
2024-03-25 00:00:00-04:00,149.22655548099812,149.6644642956251,147.11664775908744,149.35594177246094,19229300
2024-03-26 00:00:00-04:00,149.505223453737,151.53551003081748,149.26635995623974,149.9530792236328,22149100
2024-03-27 00:00:00-04:00,150.46063737451573,150.91845525200065,148.19148744617945,150.15211486816406,22879200
2024-03-28 00:00:00-04:00,150.13223178829975,150.70945866916398,149.45545946665504,150.2118377685547,24485400
2024-04-01 00:00:00-04:00,149.972988921802,154.99896303730998,149.89336775564567,154.75015258789062,31730800
2024-04-02 00:00:00-04:00,152.7696006730611,153.96388767365946,151.42601830602345,153.82455444335938,24586000
2024-04-03 00:00:00-04:00,152.8691348903896,154.3420883898699,152.0032642638509,154.18284606933594,24705000
2024-04-04 00:00:00-04:00,152.7696206660751,154.03358204033015,149.73413005208545,149.81375122070312,34724700
2024-04-05 00:00:00-04:00,149.31611992588236,152.6899888823038,148.8881732587718,151.7743682861328,23449300
2024-04-08 00:00:00-04:00,152.05306211326507,154.5312200065727,151.8838728061024,154.11322021484375,20702000
2024-04-09 00:00:00-04:00,155.3472906145229,157.80553910227465,154.4515790592109,155.85487365722656,31113000
2024-04-10 00:00:00-04:00,155.4667384289104,155.8648291004754,153.94400440401932,155.39706420898438,22838600
2024-04-11 00:00:00-04:00,156.16341494930214,158.92022416255378,155.71555911784355,158.65151977539062,27166400
2024-04-12 00:00:00-04:00,157.20840874623565,159.4576498521726,156.39230314278245,156.9794921875,25329200
2024-04-15 00:00:00-04:00,158.1041210913814,158.48231785442226,153.85443413456358,154.12315368652344,27136500
2024-04-16 00:00:00-04:00,153.456321466177,154.9093658563506,152.699928048546,153.66531372070312,20779500
2024-04-17 00:00:00-04:00,154.8795200598381,156.33257973226392,153.84447529646815,154.73023986816406,21763100
2024-04-18 00:00:00-04:00,154.6008594858019,156.19325246003623,153.88428416601494,155.26766967773438,19883000
2024-04-19 00:00:00-04:00,155.45677241386718,155.6160147529958,151.57533531126506,153.3568115234375,32239100
2024-04-22 00:00:00-04:00,153.57574952252133,156.88990631862524,153.3269390890557,155.536376953125,26446200
2024-04-23 00:00:00-04:00,156.21315584791824,158.21358635071638,155.53638354340058,157.5069580078125,21151600
2024-04-24 00:00:00-04:00,156.74065240111614,158.81075737682,156.4221677035373,158.3728485107422,22779100
2024-04-25 00:00:00-04:00,150.60994355919925,155.74539489675468,150.15212564884374,155.25772094726562,57109700
2024-04-26 00:00:00-04:00,173.5403194325108,173.87871320868138,168.84277660691075,171.1318359375,64665300
2024-04-29 00:00:00-04:00,168.25557809024173,168.74325204452023,164.4239062306873,165.3594207763672,45610000
2024-04-30 00:00:00-04:00,164.8219988264117,167.3001564313842,161.82632640780892,162.00546264648438,33562900
2024-05-01 00:00:00-04:00,163.51823108824746,166.3248050727695,162.31398182603573,163.080322265625,33493200
2024-05-02 00:00:00-04:00,164.00588469256783,165.9366561572897,163.1101731735162,165.82717895507812,24294500
2024-05-03 00:00:00-04:00,166.7627138644963,167.16081969689057,162.27417880581723,166.44424438476562,34662400
2024-05-06 00:00:00-04:00,166.66320148373052,167.3399586304374,165.2399977875199,167.30015563964844,21871300
2024-05-07 00:00:00-04:00,167.69823532661383,170.94271797332505,167.58875812637166,170.43515014648438,28039700
2024-05-08 00:00:00-04:00,168.19586940682248,169.34039143777946,167.93711199783866,168.57406616210938,19569100
2024-05-09 00:00:00-04:00,168.5839958188216,169.87781310338192,167.3797466451611,169.1512908935547,15346700
2024-05-10 00:00:00-04:00,167.2304738812949,169.0418211972959,165.39923266388908,167.84751892089844,29799900
2024-05-13 00:00:00-04:00,163.47842001430308,168.474538328996,163.2196626015956,168.335205078125,31327600
2024-05-14 00:00:00-04:00,168.9622152743634,170.43516897895464,167.99682945269723,169.5294952392578,25127100
2024-05-15 00:00:00-04:00,169.81811888787405,171.82849645723252,169.69867954126346,171.6891632080078,26948400
2024-05-16 00:00:00-04:00,172.46544694250113,174.28674128104558,171.86831096693263,173.35121154785156,27867900
2024-05-17 00:00:00-04:00,173.3512152736709,175.43128224723478,172.86355649440316,175.22227478027344,24479300
2024-05-20 00:00:00-04:00,175.35166373779703,177.91938952957375,175.24218652700162,176.07818603515625,22554400
2024-05-21 00:00:00-04:00,176.05826183810862,177.3023140421263,174.9734519608894,177.00375366210938,16989400
2024-05-22 00:00:00-04:00,175.79949834923147,176.3070661638398,174.3763099665658,175.54074096679688,17880000
2024-05-23 00:00:00-04:00,176.22748350592448,177.40186161179759,172.12707671457434,172.72422790527344,21024900
2024-05-24 00:00:00-04:00,174.1474170125974,174.93366658897898,172.82374351187994,174.15737915039062,16572500
2024-05-28 00:00:00-04:00,173.61993514476987,176.42652440990983,173.54031397559726,175.56065368652344,20572200
2024-05-29 00:00:00-04:00,174.59525395863238,175.99854847921964,173.88864081616407,175.06301879882812,23388700
2024-05-30 00:00:00-04:00,174.36637035439955,174.38627944367667,170.97259197646454,171.29107666015625,22958700
2024-05-31 00:00:00-04:00,171.0422451160524,172.23653216033742,168.63376194065896,171.67919921875,37638900
2024-06-03 00:00:00-04:00,171.71901635552842,173.69955303760383,170.3455929752159,172.3460235595703,27459100
2024-06-04 00:00:00-04:00,172.45550585604707,173.0228009976231,171.07212029758608,172.96307373046875,26879600
2024-06-05 00:00:00-04:00,174.36635570479385,175.80945323933747,173.10239440013726,174.5753631591797,22068500
2024-06-06 00:00:00-04:00,175.06301613629049,176.30706831231922,174.91373594964054,175.88906860351562,23251000
2024-06-07 00:00:00-04:00,176.20757079195172,177.0236612038553,173.47065573222022,173.62989807128906,19661400
2024-06-10 00:00:00-04:00,174.3373180757214,176.41975708694557,172.13530264029285,174.37716674804688,23779200
2024-06-11 00:00:00-04:00,175.58279097950916,176.20054419886765,173.14165320239113,175.98133850097656,21540600
2024-06-12 00:00:00-04:00,177.60545332869307,179.75764648213246,175.47319211286342,177.14710998535156,27864700
2024-06-13 00:00:00-04:00,175.4731883543162,176.10091514486052,174.24764028080844,174.52662658691406,20913300
2024-06-14 00:00:00-04:00,173.59001222516176,176.41973898190378,173.5202580512332,176.1507110595703,18063600
2024-06-17 00:00:00-04:00,174.82554352922475,177.715051051079,174.17788480631722,176.59910583496094,19618500
2024-06-18 00:00:00-04:00,176.49946899358264,176.74856500464978,173.47046818859647,174.45687866210938,21869900
2024-06-20 00:00:00-04:00,174.73586105725994,176.64891655489416,174.35724546739127,175.66250610351562,20160100
2024-06-21 00:00:00-04:00,176.35998891289265,180.19607384922364,175.97139971495798,178.98048400878906,58582700
2024-06-24 00:00:00-04:00,179.50854860133447,180.23590467855502,178.02393093898397,178.5719451904297,18298000
2024-06-25 00:00:00-04:00,178.97049060645827,183.6236020982057,178.77121684563144,183.3645477294922,23235600
2024-06-26 00:00:00-04:00,181.96962309255457,183.84281475961373,181.82015636356306,183.21510314941406,19839000
2024-06-27 00:00:00-04:00,183.51399970907897,185.37724814669312,183.35458982218609,184.73956298828125,18848900
2024-06-28 00:00:00-04:00,183.65351502999962,184.46058367632295,181.30204806851228,181.49134826660156,29156600
2024-07-01 00:00:00-04:00,182.3681720367947,183.21510456344126,180.64443188180954,182.3283233642578,16006100
2024-07-02 00:00:00-04:00,181.39170782072514,184.89898371094532,180.90347419393802,184.57017517089844,17372500
2024-07-03 00:00:00-04:00,184.18159282875,185.4170992875996,183.33466032731423,185.14808654785156,10242100
2024-07-05 00:00:00-04:00,185.1879463493014,190.16986676631305,185.1281657368756,189.9108123779297,20967500
2024-07-08 00:00:00-04:00,189.2133152781957,189.48234321486567,187.10098606603526,188.34646606445312,21035900
2024-07-09 00:00:00-04:00,189.62185404323878,190.6680603801606,188.03760698643373,188.29666137695312,15121400
2024-07-10 00:00:00-04:00,188.46603485485895,191.05663943714717,188.3464736353611,190.4886932373047,15952500
2024-07-11 00:00:00-04:00,189.16350913484757,190.16985150502285,184.41075318141904,184.89898681640625,25625800
2024-07-12 00:00:00-04:00,184.4107609794594,186.4334193756876,183.8228980414375,184.4008026123047,22898400
2024-07-15 00:00:00-04:00,184.25133560725024,187.55933793133792,184.25133560725024,185.8555145263672,16474000
2024-07-16 00:00:00-04:00,186.6825227917543,187.99774187820162,182.70694481891954,183.2549591064453,18290700
2024-07-17 00:00:00-04:00,182.308393887249,182.88629847032706,179.24948750496557,180.36544799804688,20734100
2024-07-18 00:00:00-04:00,181.27214401888858,181.84009022857012,175.83189558689608,177.0474853515625,25315700
2024-07-19 00:00:00-04:00,178.23318313703982,179.63807308812588,176.48951105533254,177.01759338378906,18881900
2024-07-22 00:00:00-04:00,179.9369802536856,182.0393510707807,179.5782814108386,181.01307678222656,24100300
2024-07-23 00:00:00-04:00,181.39171422932947,182.94607087092996,180.88354864784296,181.1326446533203,36352700
2024-07-24 00:00:00-04:00,172.97227682395808,175.5529078595556,171.1987144347076,172.0057830810547,49585200
2024-07-25 00:00:00-04:00,171.89616735748663,172.79290685215108,166.58543895453738,166.67510986328125,44852000
2024-07-26 00:00:00-04:00,166.54556967378286,167.4821730109969,163.46674694464414,166.3961181640625,41336900
2024-07-29 00:00:00-04:00,168.2195263708959,169.8137317797604,167.38256739097093,168.9169921875,20293800
2024-07-30 00:00:00-04:00,169.6244330706624,170.61084359012222,167.8309386667155,169.6742401123047,18959700
2024-07-31 00:00:00-04:00,172.6135732503379,173.61991563812455,169.39524191629772,170.91970825195312,25729100
2024-08-01 00:00:00-04:00,169.63438196406787,173.42064433790932,168.2693407012315,170.1425323486328,24531400
2024-08-02 00:00:00-04:00,165.83816733480066,167.90067445744558,164.0745632707895,166.057373046875,29130100
2024-08-05 00:00:00-04:00,154.93772354006205,163.83542602504582,154.36977732002595,158.67416381835938,53630700
2024-08-06 00:00:00-04:00,158.7538687510913,159.98939041713092,155.8444292184306,157.71762084960938,49004600
2024-08-07 00:00:00-04:00,160.6669093473954,162.39064929609555,157.8969632273386,158.36526489257812,25138600
2024-08-08 00:00:00-04:00,159.92959903655023,163.09810823419537,159.6306959832372,161.44410705566406,25578800
2024-08-09 00:00:00-04:00,159.43140161323996,163.1977319936456,158.48483983468753,163.0781707763672,28602300
2024-08-12 00:00:00-04:00,163.75571936475353,164.30371841151174,161.25478575040617,161.70315551757812,15895300
2024-08-13 00:00:00-04:00,162.81911822642027,164.13433724204145,162.3807068200086,163.56640625,18551700
2024-08-14 00:00:00-04:00,161.81275843785846,162.6298006303333,157.13973016458638,159.79010009765625,40591100
2024-08-15 00:00:00-04:00,159.9196408139774,161.05551802843678,159.03285961324696,160.7167510986328,31524300
2024-08-16 00:00:00-04:00,160.88612516941268,164.46314006883134,160.54735825938926,162.37074279785156,24208600
2024-08-19 00:00:00-04:00,164.68234860612503,166.08725371463413,163.66603265490428,166.06732177734375,22416200
2024-08-20 00:00:00-04:00,166.2964988999767,168.03021269363555,166.21680155178487,166.5754852294922,18341500
2024-08-21 00:00:00-04:00,164.5528089649255,166.2466739015297,164.07454890935912,165.2502899169922,22902000
2024-08-22 00:00:00-04:00,166.65518277106005,166.98399131629145,162.71946900223335,163.20770263671875,22493300
2024-08-23 00:00:00-04:00,164.12436344274187,165.5790754778364,163.23758234628738,165.02110290527344,13955700
2024-08-26 00:00:00-04:00,165.77837928622512,166.9441467734434,163.8653237787171,165.55917358398438,14190400
2024-08-27 00:00:00-04:00,165.2403275821356,165.83816409495242,163.86532792843937,164.0845184326172,11821900
2024-08-28 00:00:00-04:00,164.44322254791618,165.0012104060404,160.94591988607655,162.2611541748047,16407400
2024-08-29 00:00:00-04:00,163.71585770644296,165.36985884682494,159.67054097302747,161.19500732421875,19699800
2024-08-30 00:00:00-04:00,162.03196874119254,163.06821666334946,161.10533887588517,162.7892303466797,22123800
2024-09-03 00:00:00-04:00,161.13523558890284,161.26477038522722,155.91417750545756,156.79100036621094,38945300
2024-09-04 00:00:00-04:00,156.09353995742268,158.425075150391,155.3960741138358,155.88429260253906,19353800
2024-09-05 00:00:00-04:00,155.73482906151818,158.87343271753585,155.41597886981896,156.6714324951172,18688700
2024-09-06 00:00:00-04:00,156.73120219936595,157.25928448946016,150.00561037278717,150.374267578125,37912100
2024-09-09 00:00:00-04:00,152.16016788537544,153.04812579911544,146.88230875795676,148.368896484375,39260500
2024-09-10 00:00:00-04:00,150.10488755816476,150.92301391041104,147.9997269680091,148.31900024414062,31118800
2024-09-11 00:00:00-04:00,149.57611698577008,151.15249466457212,147.18162811030237,150.8132781982422,29607700
2024-09-12 00:00:00-04:00,153.4472166512295,154.46488123819847,152.29984538660895,154.33517456054688,29695000
2024-09-13 00:00:00-04:00,155.0734584425326,158.0167037423396,154.85397709703722,157.09881591796875,29591200
2024-09-16 00:00:00-04:00,156.949153850456,157.88700007819574,156.2407910010188,157.6974334716797,18379800
2024-09-17 00:00:00-04:00,158.65524442097214,160.18173369132347,158.01671306098063,158.95455932617188,20715600
2024-09-18 00:00:00-04:00,159.493308763357,160.13184010247764,158.23620447115354,159.44342041015625,23677300
2024-09-19 00:00:00-04:00,163.3344876968325,163.41429079540828,160.96991366518583,161.76808166503906,26587700
2024-09-20 00:00:00-04:00,163.12496229374892,163.35443045510996,161.68826294232812,163.21475219726562,40896400
2024-09-23 00:00:00-04:00,163.97300985155823,165.1103942398001,161.29914948564644,161.47874450683594,24150900
2024-09-24 00:00:00-04:00,162.65603264196153,162.84559924653018,160.32140390143587,161.917724609375,23332100
2024-09-25 00:00:00-04:00,161.09960948590057,162.43653204188453,160.93000127122684,161.11956787109375,18869200
2024-09-26 00:00:00-04:00,163.26463623457852,163.70362938299246,161.90775524120266,162.35671997070312,20319300
2024-09-27 00:00:00-04:00,162.4365443712631,165.31991468714682,162.25696456225583,163.5739288330078,21101300
2024-09-30 00:00:00-04:00,162.9453785886578,165.76887364583845,162.88550343062403,165.46957397460938,20413900
2024-10-01 00:00:00-04:00,167.30535540779766,168.7719847422779,164.2024885113937,166.60696411132812,28338100
2024-10-02 00:00:00-04:00,166.03826626655388,167.13574919120185,164.3521403294987,165.47955322265625,17760200
2024-10-03 00:00:00-04:00,164.0328822574666,166.25776285148348,163.54400073216186,165.47955322265625,15073100
2024-10-04 00:00:00-04:00,167.6744944881404,167.84410270815644,165.10041077348518,166.67678833007812,19047400
2024-10-07 00:00:00-04:00,167.3352883566198,168.09353960289477,162.37668722767793,162.6061553955078,22463100
2024-10-08 00:00:00-04:00,163.5639517960843,164.35213297119705,162.49639888774195,164.00294494628906,23072700
2024-10-09 00:00:00-04:00,163.07507293573457,164.46188392429227,159.37359151374716,161.4887237548828,31181800
2024-10-10 00:00:00-04:00,160.50099024469034,162.69595604624766,160.0320671165202,161.70822143554688,14144100
2024-10-11 00:00:00-04:00,161.75810039177787,163.52402928799188,160.87014254138842,162.8655548095703,15344300
2024-10-14 00:00:00-04:00,163.26463978878337,165.84869515872447,163.02518482340258,164.5816192626953,19016100
2024-10-15 00:00:00-04:00,165.40970450318616,167.29536861569628,164.25237687914083,165.08047485351562,20247200
2024-10-16 00:00:00-04:00,164.1525834736406,165.41967448375283,163.36440235282572,164.78114318847656,16406000
2024-10-17 00:00:00-04:00,165.3498394792033,165.9883708197769,162.3866509330354,162.55625915527344,21453400
2024-10-18 00:00:00-04:00,162.81568258592537,164.3322003226238,162.7059342913527,163.04515075683594,19757700
2024-10-21 00:00:00-04:00,162.57622324771475,164.12267091200812,162.24697837282997,163.69366455078125,20946500
2024-10-22 00:00:00-04:00,162.60615092256947,165.38975972379467,162.60615092256947,164.76119995117188,16568100
2024-10-23 00:00:00-04:00,164.38207025094962,165.43965162521155,161.5585598399715,162.4066162109375,18280500
2024-10-24 00:00:00-04:00,162.45648900457678,162.95534206352698,160.64065656258018,162.34674072265625,22412500
2024-10-25 00:00:00-04:00,163.29456372883286,165.21015770980458,163.04513719135548,164.89089965820312,19828900
2024-10-28 00:00:00-04:00,168.3629124526984,168.3629124526984,163.5739198981752,166.3375701904297,32138600
2024-10-29 00:00:00-04:00,167.3452626285711,169.9891932870904,166.7067312467614,169.29078674316406,42169000
2024-10-30 00:00:00-04:00,180.26553244445503,181.6024702004282,173.660722875302,174.059814453125,68890800
2024-10-31 00:00:00-04:00,172.73288489023227,176.41442332366287,170.60776574356834,170.71751403808594,44769000
2024-11-01 00:00:00-04:00,169.67989197256162,171.924730806551,168.49261922011235,170.89707946777344,31796500
2024-11-04 00:00:00-05:00,169.540211146429,170.33837916949005,167.62461702535575,168.851806640625,21492700
2024-11-05 00:00:00-05:00,169.04134527892143,170.13882813078655,168.45270230555178,169.35064697265625,18242100
2024-11-06 00:00:00-05:00,173.40134249175,176.53413938489027,173.1020275837351,176.10511779785156,33695500
2024-11-07 00:00:00-05:00,177.00305326727127,180.66463304281666,176.783556694456,180.33538818359375,25352900
2024-11-08 00:00:00-05:00,180.23561473741785,180.48504128160124,177.6715177795822,177.94090270996094,22006200
2024-11-11 00:00:00-05:00,178.1703656704888,180.13584799922145,178.06061738529806,179.93630981445312,17450400
2024-11-12 00:00:00-05:00,179.40754063277615,182.07141442586757,178.97851903978543,181.20339965820312,25134900
2024-11-13 00:00:00-05:00,180.04605832824305,180.54491140269107,178.13044912542955,178.4696807861328,23184000
2024-11-14 00:00:00-05:00,177.87106512358804,178.40983501207117,173.92015698572658,175.17726135253906,31007500
2024-11-15 00:00:00-05:00,173.3314910172349,173.7405542062273,170.8272539769183,172.09434509277344,32504600
2024-11-18 00:00:00-05:00,173.02221087683125,175.03758170425652,172.50339937967658,174.8979034423828,20206600
2024-11-19 00:00:00-05:00,173.32150965187077,178.4596901179334,173.16187301779436,177.71141052246094,23434900
2024-11-20 00:00:00-05:00,176.93322081601997,177.27243728365775,173.38138904007343,175.5763397216797,18997100
2024-11-21 00:00:00-05:00,173.50108987072463,173.73057324168968,163.32449039222482,167.2454833984375,59734400
2024-11-22 00:00:00-05:00,165.4695761261647,166.0781775052239,163.52403689515066,164.38206481933594,38604600
2024-11-25 00:00:00-05:00,165.7090226252667,168.24320495243438,165.23012790175193,167.26544189453125,33135300
2024-11-26 00:00:00-05:00,167.24549839943876,169.43047745533647,167.19561004372002,168.73207092285156,20486700
2024-11-27 00:00:00-05:00,168.61234397565445,169.09123867813173,167.6345961844918,168.84181213378906,19266500
2024-11-29 00:00:00-05:00,168.1134894922982,169.0413489221372,166.7765668794217,168.5624542236328,14257200
2024-12-02 00:00:00-05:00,168.38287195306333,171.6852768885628,168.18333376692627,171.0966339111328,23789100
2024-12-03 00:00:00-05:00,171.0966407714524,172.28389835489799,170.45810941593857,170.9469757080078,22248700
2024-12-04 00:00:00-05:00,170.75740145903967,174.50878632573773,170.6676115592613,173.9700164794922,31615100
2024-12-05 00:00:00-05:00,174.95776546503646,175.65615678272883,171.93471679976247,172.24400329589844,21356200
2024-12-06 00:00:00-05:00,171.6354044780067,174.6784115765489,171.4657962428472,174.30926513671875,21462400
2024-12-09 00:00:00-05:00,173.75989224042516,176.05723424799297,173.45023604553785,175.1682586669922,25389600
2024-12-10 00:00:00-05:00,182.6396622409938,186.14561898038454,180.8417298459591,184.9569854736328,54813000
2024-12-11 00:00:00-05:00,185.0968273042346,195.3849818086967,184.637364997593,195.1752166748047,67894100
2024-12-12 00:00:00-05:00,194.77567768503926,194.9554633024938,191.48946911126617,191.7391815185547,34817500
2024-12-13 00:00:00-05:00,190.7902570178538,192.50827955283287,189.42183794011777,189.6016387939453,25143500
2024-12-16 00:00:00-05:00,192.648128127054,198.77108139081074,192.39841571324646,196.43377685546875,44934900
2024-12-17 00:00:00-05:00,197.02308705872431,201.18828813489583,194.7556941593745,195.1951904296875,43504000
2024-12-18 00:00:00-05:00,194.99541962680925,196.77337069091053,187.52402890568504,188.18325805664062,34166100
2024-12-19 00:00:00-05:00,191.40955777871685,192.8079411518366,188.16329650997008,188.2931365966797,32265200
2024-12-20 00:00:00-05:00,185.56627599656574,192.66809720587494,185.00692266360085,191.18980407714844,63462900
2024-12-23 00:00:00-05:00,192.3984151157297,194.87557322669755,189.93125525567427,194.40611267089844,25675000
2024-12-24 00:00:00-05:00,194.61585613024195,195.8843994140625,193.55707797257898,195.8843994140625,10403300
2024-12-26 00:00:00-05:00,194.92550545907343,196.52367101490134,194.1564021929594,195.375,12046600
2024-12-27 00:00:00-05:00,194.72573696465102,195.09532170060632,190.43068040496257,192.5382537841797,18891400
2024-12-30 00:00:00-05:00,189.58165840021294,192.32849481864238,188.90243274221342,191.02000427246094,14264700
2024-12-31 00:00:00-05:00,190.8601960597075,191.73918864322025,188.29314510160168,189.08224487304688,17466900
2025-01-02 00:00:00-05:00,190.43067970164262,191.7791328258186,187.2843094002135,189.2120819091797,20370800
2025-01-03 00:00:00-05:00,191.14985143368122,192.9877463613902,189.76145103861666,191.56936645507812,18596200
2025-01-06 00:00:00-05:00,193.75684931380115,197.99197728329852,193.6270092243641,196.64352416992188,29563600
2025-01-07 00:00:00-05:00,196.8832529983184,200.7687774852745,194.37614589069548,195.26512145996094,26487200
2025-01-08 00:00:00-05:00,192.3484808074723,196.06418741382137,192.1586969389352,193.7268829345703,24864800
2025-01-10 00:00:00-05:00,194.07648645979594,196.29393386115163,190.09107094303815,191.81907653808594,26665200
2025-01-13 00:00:00-05:00,189.8513620671916,190.96007055747594,187.14447278422705,190.79026794433594,21823700
2025-01-14 00:00:00-05:00,191.02000242961614,191.75914137705388,188.0933651847724,189.4418182373047,17174900
2025-01-15 00:00:00-05:00,192.8678659974796,196.1341084636535,191.6392852545324,195.32504272460938,21776000
2025-01-16 00:00:00-05:00,193.91666057341888,195.2551153784116,192.58818877757312,192.68807983398438,17815400
2025-01-17 00:00:00-05:00,196.3039099407615,197.00310160992169,193.52710928235737,195.77452087402344,27735100
2025-01-21 00:00:00-05:00,198.84100497169504,202.05728678766425,197.6423732117847,197.82217407226562,29971300
2025-01-22 00:00:00-05:00,198.83100862292844,200.24937329507208,197.30276987978317,198.1417999267578,26200600
2025-01-23 00:00:00-05:00,197.91206263871854,200.06958147081755,194.97544232412307,197.7522430419922,26951400
2025-01-24 00:00:00-05:00,197.87211722888603,200.66888399183227,197.77222616967978,199.9796905517578,23877500
2025-01-27 00:00:00-05:00,192.18865606918456,196.65351502081776,190.5105808080997,191.58934020996094,41728900
2025-01-28 00:00:00-05:00,192.52826307792662,195.2551182563093,190.4606370613745,195.07533264160156,24157900
2025-01-29 00:00:00-05:00,195.33503253066368,196.5636133163606,193.20747792712066,195.18521118164062,18218300
2025-01-30 00:00:00-05:00,197.7722225159478,201.16830508891937,197.44260031613962,200.638916015625,24354700
2025-01-31 00:00:00-05:00,201.76762828746982,205.24362078448016,201.56786140671954,203.78530883789062,32042000
2025-02-03 00:00:00-05:00,200.45913255035472,203.5156099470352,199.8698149328218,200.99850463867188,27838300
2025-02-04 00:00:00-05:00,203.15602747619252,206.81182081300247,202.57669285659674,206.14259338378906,43856400
2025-02-05 00:00:00-05:00,190.85021363044225,192.52827375908595,187.81370210065404,191.1099090576172,70373900
2025-02-06 00:00:00-05:00,189.28200260132084,191.87901770448227,188.50290111861952,191.3795928955078,29297400
2025-02-07 00:00:00-05:00,190.83022332592188,190.9600634127379,183.02921021692137,185.1267852783203,49315000
2025-02-10 00:00:00-05:00,187.1344857224474,187.98349876976383,185.64619427540677,186.2554931640625,23105600
2025-02-11 00:00:00-05:00,184.81715184499055,186.72495835838524,184.06801459806726,185.10682678222656,21239500
2025-02-12 00:00:00-05:00,183.0092376906385,184.8970629566076,181.62083725948915,183.39878845214844,22072600
2025-02-13 00:00:00-05:00,184.10797436946572,186.06571114375504,182.9293238598035,185.92587280273438,21402500
2025-02-14 00:00:00-05:00,184.8471041355986,186.1855589387927,184.1079651875959,185.01690673828125,20448400
2025-02-18 00:00:00-05:00,185.386490331916,185.74607679460826,181.5309302979739,183.55859375,29916700
2025-02-19 00:00:00-05:00,183.8582530360721,185.246653369277,183.3787942547783,185.05686950683594,19549400
2025-02-20 00:00:00-05:00,184.58741616756504,185.09682399614678,182.5098070913863,184.34768676757812,20441500
2025-02-21 00:00:00-05:00,184.93699793129608,185.12678179449694,178.87398876546825,179.4533233642578,35199200
2025-02-24 00:00:00-05:00,181.78064614487357,182.90933584096624,178.68420625509464,179.04379272460938,29854200
2025-02-25 00:00:00-05:00,177.8351818432405,178.53438877889693,174.48904471950055,175.21820068359375,41913400
2025-02-26 00:00:00-05:00,174.8686155406987,175.87744820035027,171.38262477536554,172.5312957763672,35431300
2025-02-27 00:00:00-05:00,173.78985771928288,174.3591940996765,167.746814231894,168.30616760253906,39991000
2025-02-28 00:00:00-05:00,168.48594100971005,170.41372863795183,166.5781498819881,170.0841064453125,48130600
2025-03-03 00:00:00-05:00,171.7322094406985,173.17055534541237,165.73911166521458,166.81787109375,40770500
2025-03-04 00:00:00-05:00,166.04876455679425,173.09064211021553,165.60926829005186,170.72337341308594,45388000
2025-03-05 00:00:00-05:00,170.32384453302183,173.58008886593674,168.86551735545183,172.8209686279297,30954900
2025-03-06 00:00:00-05:00,170.33381982392953,174.60889486138916,170.30385555544734,172.1517333984375,28302000
2025-03-07 00:00:00-05:00,171.06298843219486,174.76872740179581,170.07413701655315,173.66000366210938,27385800
2025-03-10 00:00:00-04:00,168.25999450683594,168.4600067138672,163.69000244140625,165.8699951171875,43604000
2025-03-11 00:00:00-04:00,164.91000366210938,166.75,161.3699951171875,164.0399932861328,39587400
2025-03-12 00:00:00-04:00,166.5800018310547,167.63999938964844,163.52999877929688,167.11000061035156,28372400
2025-03-13 00:00:00-04:00,166.0399932861328,166.1300048828125,162.11000061035156,162.75999450683594,31756200
2025-03-14 00:00:00-04:00,163.27000427246094,166.49000549316406,162.4499969482422,165.49000549316406,31995900
2025-03-17 00:00:00-04:00,165.02999877929688,166.3000030517578,163.6699981689453,164.2899932861328,31184300
2025-03-18 00:00:00-04:00,163.67999267578125,164.25,156.72000122070312,160.6699981689453,42074800
2025-03-19 00:00:00-04:00,161.75999450683594,165.8699951171875,161.0,163.88999938964844,34275600
2025-03-20 00:00:00-04:00,161.57000732421875,164.88999938964844,160.9600067138672,162.8000030517578,28138500
2025-03-21 00:00:00-04:00,161.2100067138672,164.24000549316406,160.88999938964844,163.99000549316406,36625800
2025-03-24 00:00:00-04:00,167.07000732421875,168.32000732421875,165.13999938964844,167.67999267578125,30879100
2025-03-25 00:00:00-04:00,168.97999572753906,170.6300048828125,168.32000732421875,170.55999755859375,24174400
2025-03-26 00:00:00-04:00,169.0,169.61000061035156,164.83999633789062,165.05999755859375,28901600
2025-03-27 00:00:00-04:00,164.6300048828125,165.4199981689453,162.0,162.24000549316406,24508300
2025-03-28 00:00:00-04:00,160.49000549316406,161.82000732421875,153.6300048828125,154.3300018310547,48669300
2025-03-31 00:00:00-04:00,153.11000061035156,155.5399932861328,150.66000366210938,154.63999938964844,54603500
2025-04-01 00:00:00-04:00,153.6199951171875,158.10000610351562,153.6199951171875,157.07000732421875,30672900
2025-04-02 00:00:00-04:00,155.14999389648438,158.41000366210938,154.6999969482422,157.0399932861328,25041700
2025-04-03 00:00:00-04:00,151.11000061035156,152.77999877929688,150.38999938964844,150.72000122070312,46883400
2025-04-04 00:00:00-04:00,148.00999450683594,151.07000732421875,145.3800048828125,145.60000610351562,62259500
2025-04-07 00:00:00-04:00,141.5500030517578,152.85000610351562,140.52999877929688,146.75,76794100
2025-04-08 00:00:00-04:00,151.22000122070312,152.24000549316406,143.02999877929688,144.6999969482422,52200200
2025-04-09 00:00:00-04:00,144.4199981689453,159.5500030517578,143.91000366210938,158.7100067138672,70406200
2025-04-10 00:00:00-04:00,156.5399932861328,157.72000122070312,149.92999267578125,152.82000732421875,48022000
2025-04-11 00:00:00-04:00,152.89999389648438,157.6699981689453,152.82000732421875,157.13999938964844,33636200
2025-04-14 00:00:00-04:00,160.0,161.72000122070312,157.55999755859375,159.07000732421875,30333000
2025-04-15 00:00:00-04:00,159.1300048828125,159.64999389648438,155.2100067138672,156.30999755859375,27551500
2025-04-16 00:00:00-04:00,153.10000610351562,155.88999938964844,151.50999450683594,153.3300018310547,28187400
2025-04-17 00:00:00-04:00,154.2899932861328,154.67999267578125,148.5,151.16000366210938,32938500
2025-04-21 00:00:00-04:00,148.8800048828125,148.9499969482422,146.10000610351562,147.6699981689453,26049100
2025-04-22 00:00:00-04:00,148.88999938964844,152.19000244140625,148.5399932861328,151.47000122070312,26971800
