date,Open,High,Low,Close,Volume
2010-01-04 00:00:00-05:00,23.006110125055717,23.36675421473569,22.983569332048635,23.254053115844727,38409100
2010-01-05 00:00:00-05:00,23.178923251905932,23.36675893233779,23.021140535145463,23.26156997680664,49749600
2010-01-06 00:00:00-05:00,23.20145544569562,23.351724516827602,22.930973123958946,23.11880874633789,58182400
2010-01-07 00:00:00-05:00,23.013626024597613,23.066221216816626,22.683036271941425,22.878385543823242,50559700
2010-01-08 00:00:00-05:00,22.750655664658712,23.201460102390115,22.72060127117136,23.036165237426758,51197400
2010-01-11 00:00:00-05:00,23.07372895620415,23.111296943439314,22.630438171406638,22.743139266967773,68754700
2010-01-12 00:00:00-05:00,22.65298188503547,22.84081755810056,22.47265981086168,22.59287452697754,65912100
2010-01-13 00:00:00-05:00,22.73562840703774,22.930977664965376,22.547792747461823,22.80324935913086,51863500
2010-01-14 00:00:00-05:00,22.77319749429831,23.36675893233779,22.73563093144094,23.26156997680664,63228100
2010-01-15 00:00:00-05:00,23.3517286531809,23.47194335815161,23.073731252265937,23.186433792114258,79913200
2010-01-19 00:00:00-05:00,23.103782456281085,23.47194011857512,23.051188709249384,23.36675262451172,46575700
2010-01-20 00:00:00-05:00,23.148864953893813,23.246540293777805,22.773193656341817,22.983570098876953,54849500
2010-01-21 00:00:00-05:00,22.99859829803575,23.081245012613525,22.54027883644489,22.547792434692383,73086700
2010-01-22 00:00:00-05:00,22.540277592999715,22.690546683515283,21.66872030738284,21.758880615234375,102004600
2010-01-25 00:00:00-05:00,21.96924867614113,22.28481249940812,21.864061212742705,22.029356002807617,63373000
2010-01-26 00:00:00-05:00,21.93920578170021,22.42757821376746,21.856557632263225,22.164608001708984,66639900
2010-01-27 00:00:00-05:00,22.05190610203493,22.40503661622251,21.80396309567507,22.292335510253906,63949500
2010-01-28 00:00:00-05:00,22.420062345492784,22.44260313844052,21.706286332608915,21.909149169921875,117513700
2010-01-29 00:00:00-05:00,22.465137062791044,22.480164254453648,20.78213028951993,21.172828674316406,193888500
2010-02-01 00:00:00-05:00,21.330618706665444,21.398239664033056,20.977488155024265,21.345645904541016,85931100
2010-02-02 00:00:00-05:00,21.31559161577586,21.413265529745658,21.142781717102554,21.383211135864258,54413700
2010-02-03 00:00:00-05:00,21.23294267669791,21.631154782395402,21.12775516816633,21.51093864440918,61397900
2010-02-04 00:00:00-05:00,21.32309782988092,21.41325955328854,20.89483286810666,20.917373657226562,77850000
2010-02-05 00:00:00-05:00,21.037592738188835,21.247969181476744,20.714515191846512,21.05261993408203,80960100
2010-02-08 00:00:00-05:00,21.045109079032443,21.097702838441116,20.714517891656193,20.827219009399414,52820600
2010-02-09 00:00:00-05:00,21.015050590618376,21.293047964445577,20.849755745657887,21.04510498046875,59195800
2010-02-10 00:00:00-05:00,21.060133279365274,21.21791453513406,20.91737778623714,21.030078887939453,48591300
2010-02-11 00:00:00-05:00,20.98499682394178,21.338127292621767,20.812188388188094,21.12775230407715,65993700
2010-02-12 00:00:00-05:00,20.894838861084093,21.082674525074964,20.722030394149865,20.985000610351562,81117200
2010-02-16 00:00:00-05:00,21.23409822703546,21.415264930457376,21.15106504772174,21.40016746520996,51935600
2010-02-17 00:00:00-05:00,21.53603839683436,21.626620294571893,21.4077128418951,21.581329345703125,45882900
2010-02-18 00:00:00-05:00,21.58133089019683,21.91346789847527,21.520942474125604,21.868175506591797,42856500
2010-02-19 00:00:00-05:00,21.732304420146757,21.830435064339255,21.65681853396678,21.717206954956055,44451800
2010-02-22 00:00:00-05:00,21.770050165657263,21.84553606405056,21.626627102687383,21.687015533447266,36707100
2010-02-23 00:00:00-05:00,21.64927069341053,21.762498807459192,21.20390553034867,21.38507080078125,52266200
2010-02-24 00:00:00-05:00,21.528499008969316,21.732310526994876,21.422818162711287,21.61153221130371,43165900
2010-02-25 00:00:00-05:00,21.339783788119224,21.626628492721945,21.151069749893423,21.588886260986328,48735300
2010-02-26 00:00:00-05:00,21.626624259815056,21.777596036756034,21.52094487982051,21.641721725463867,40370600
2010-03-01 00:00:00-05:00,21.7172041501474,21.92856287642581,21.536038910577325,21.90591812133789,43805400
2010-03-02 00:00:00-05:00,21.951215302852383,22.117283126325358,21.317136064466478,21.483203887939453,93123900
2010-03-03 00:00:00-05:00,21.520947556756322,21.59643345461631,21.40017069608984,21.483203887939453,48442100
2010-03-04 00:00:00-05:00,21.483206600669906,21.626629680736848,21.339784960376896,21.61153221130371,42890600
2010-03-05 00:00:00-05:00,21.634169026012238,21.649266488892927,21.45300379076387,21.581329345703125,56001800
2010-03-08 00:00:00-05:00,21.528499008969316,21.837989933478976,21.51340153953618,21.61153221130371,39414500
2010-03-09 00:00:00-05:00,21.558689523823823,21.973861237121824,21.55114079015218,21.73985481262207,50271600
2010-03-10 00:00:00-05:00,21.785142334352244,21.9738563145465,21.73984994246877,21.868175506591797,44891400
2010-03-11 00:00:00-05:00,21.807788239166673,22.03424589119166,21.777594749427433,22.026697158813477,35349700
2010-03-12 00:00:00-05:00,22.132373411864073,22.177664359973587,21.92101469417082,22.09463119506836,31700200
2010-03-15 00:00:00-04:00,22.026695158001704,22.170118180612242,21.898369598776142,22.109729766845703,37512000
2010-03-16 00:00:00-04:00,22.207868193238575,22.26070789385692,22.041800357041783,22.17012596130371,36723500
2010-03-17 00:00:00-04:00,22.26825385156656,22.547551228290015,22.192767957335327,22.366384506225586,50385700
2010-03-18 00:00:00-04:00,22.366383868393676,22.434321027287027,22.268253216533086,22.351287841796875,43845200
2010-03-19 00:00:00-04:00,22.464514848270237,22.57019422808603,22.155024001860927,22.33618927001953,81332100
2010-03-22 00:00:00-04:00,22.268254566601744,22.419226359911924,22.185219936303774,22.343740463256836,37718200
2010-03-23 00:00:00-04:00,22.336186301904796,22.570191228875856,22.200312008897928,22.55509376525879,42026600
2010-03-24 00:00:00-04:00,22.43432086278976,22.53245295370445,22.343738944778572,22.381481170654297,33987700
2010-03-25 00:00:00-04:00,22.517354449239953,23.075947717132728,22.494708250894487,22.653228759765625,73168700
2010-03-26 00:00:00-04:00,22.713620725273667,22.796655359052462,22.336192665950108,22.3890323638916,55595500
2010-03-29 00:00:00-04:00,22.426771184212047,22.509805805366494,22.30599433877298,22.33618927001953,33336000
2010-03-30 00:00:00-04:00,22.366382247414844,22.540000218544872,22.26825160266616,22.472063064575195,34954800
2010-03-31 00:00:00-04:00,22.373928177215962,22.434316590982498,22.01914642630922,22.109729766845703,63760000
2010-04-01 00:00:00-04:00,22.155023535238012,22.29844657609126,21.60397900955651,22.011600494384766,74768100
2010-04-05 00:00:00-04:00,21.988950396448452,22.215408016542582,21.91346596285702,22.09463119506836,34331200
2010-04-06 00:00:00-04:00,22.004048254719077,22.32863650818228,21.8757226996237,22.132373809814453,47366800
2010-04-07 00:00:00-04:00,22.011602428720757,22.31354456249308,21.996504962088725,22.155025482177734,58318800
2010-04-08 00:00:00-04:00,22.132382641569002,22.63058759785625,22.117285172645417,22.585296630859375,63713800
2010-04-09 00:00:00-04:00,22.607938911843963,22.95517199819936,22.5701952460834,22.902332305908203,54752500
2010-04-12 00:00:00-04:00,22.83439023850162,23.015555475885527,22.804195312384305,22.887229919433594,37068800
2010-04-13 00:00:00-04:00,22.758916701353378,23.023116689018245,22.743819230109878,22.985374450683594,41374600
2010-04-14 00:00:00-04:00,23.24201512480674,23.400534181395912,23.143883046160013,23.264659881591797,68941200
2010-04-15 00:00:00-04:00,23.264656932842357,23.362788999051038,23.181622329092438,23.302400588989258,52745400
2010-04-16 00:00:00-04:00,23.242017299638892,23.385438905276157,23.098594254228043,23.15143394470215,88703100
2010-04-19 00:00:00-04:00,23.226917464367787,23.58924796760457,23.219368732245343,23.430728912353516,64970300
2010-04-20 00:00:00-04:00,23.566600461192678,23.732669679107985,23.498663315640663,23.67228126525879,52199500
2010-04-21 00:00:00-04:00,23.649641036987305,23.777966628765242,23.574155140687274,23.649641036987305,55343100
2010-04-22 00:00:00-04:00,23.430732563683627,23.800611856683023,23.32505173727404,23.694931030273438,84847600
2010-04-23 00:00:00-04:00,23.491120545358218,23.83835363188431,23.13633728590267,23.370342254638672,126766600
2010-04-26 00:00:00-04:00,23.400537380599122,23.61189759138756,23.294857995091725,23.483572006225586,63649300
2010-04-27 00:00:00-04:00,23.362795540261832,23.589251781454326,23.21182375295106,23.287309646606445,68730900
2010-04-28 00:00:00-04:00,23.34015218885406,23.400540623193926,23.11369592002301,23.332603454589844,64557900
2010-04-29 00:00:00-04:00,23.34770160392556,23.725129689498818,23.151438826654598,23.400541305541992,52665200
2010-04-30 00:00:00-04:00,23.45337940145172,23.460928135419234,23.038209111654812,23.053306579589844,63214800
2010-05-03 00:00:00-04:00,23.151435875125305,23.445829283613186,23.083498713201376,23.294858932495117,43989500
2010-05-04 00:00:00-04:00,23.03820547282557,23.06085023137765,22.45696600709625,22.743810653686523,82085600
2010-05-05 00:00:00-04:00,22.472063207921916,22.713616894788935,22.411674786205165,22.532451629638672,66833800
2010-05-06 00:00:00-04:00,22.33619127153407,22.555098783593287,21.0680328410124,21.875728607177734,128613000
2010-05-07 00:00:00-04:00,21.837982283165868,21.85307974731004,20.622663775255123,21.294485092163086,173718100
2010-05-10 00:00:00-04:00,21.89837306140087,22.253154868406586,21.671915394138296,21.84553337097168,86653300
2010-05-11 00:00:00-04:00,21.649263551936148,22.381473125037818,21.566228957130196,21.800233840942383,63789400
2010-05-12 00:00:00-04:00,21.87572315602767,22.328636974035614,21.83043220615888,22.222957611083984,47146800
2010-05-13 00:00:00-04:00,22.087088433505052,22.441870262505194,22.026700006446013,22.071990966796875,45188800
2010-05-14 00:00:00-04:00,22.041795548526142,22.049342841447555,21.619075156249966,21.837984085083008,63334000
2010-05-17 00:00:00-04:00,21.98140768337451,22.064440865574564,21.47565409819374,21.84553337097168,46053300
2010-05-18 00:00:00-04:00,21.891027578191483,21.989601015349688,21.534643463709106,21.686296463012695,52690600
2010-05-19 00:00:00-04:00,21.625636366492543,21.75454098687126,21.072105356859918,21.41332244873047,61746700
2010-05-20 00:00:00-04:00,20.965946914408295,21.110017119316783,20.50340801381293,20.556486129760742,87991100
2010-05-21 00:00:00-04:00,20.19252691679827,20.556493965100927,20.048458103246514,20.351762771606445,117596300
2010-05-24 00:00:00-04:00,20.35934394497124,20.366926741859178,19.911969052477296,19.919551849365234,73711700
2010-05-25 00:00:00-04:00,19.449428325570317,19.965046937405607,19.2446971509409,19.767898559570312,98373600
2010-05-26 00:00:00-04:00,19.88921740583405,20.177357855322928,18.622919458261237,18.96413803100586,176684100
2010-05-27 00:00:00-04:00,19.510084020060344,19.987789966050723,19.510084020060344,19.714815139770508,136433600
2010-05-28 00:00:00-04:00,19.593493028570528,19.80580693992452,19.457005617433687,19.563161849975586,67496900
2010-06-01 00:00:00-04:00,19.358431510144662,19.949875009592485,19.35084871575813,19.631404876708984,76152400
2010-06-02 00:00:00-04:00,19.76030559259646,20.078775662687153,19.51007921225876,20.063610076904297,65718800
2010-06-03 00:00:00-04:00,20.13186194951976,20.42000241143312,20.025705698430865,20.366924285888672,67837000
2010-06-04 00:00:00-04:00,19.790640983833615,20.1470236480979,19.426675525061132,19.555580139160156,89832200
2010-06-07 00:00:00-04:00,19.578326801420065,19.585909595821757,19.138534850013027,19.176448822021484,80456200
2010-06-08 00:00:00-04:00,19.146115169216987,19.153697962638383,18.691157687823186,19.039958953857422,87355000
2010-06-09 00:00:00-04:00,19.123374803068657,19.350854362231388,18.76699204053212,18.79732322692871,87794000
2010-06-10 00:00:00-04:00,19.055124024896067,19.070289612479392,18.78973347353807,18.95655059814453,78930900
2010-06-11 00:00:00-04:00,18.986882874920163,19.50249986623869,18.782151769477,19.45700454711914,68057700
2010-06-14 00:00:00-04:00,19.608656711011268,19.684481757584567,19.31293353354918,19.335681915283203,50972400
2010-06-15 00:00:00-04:00,19.525246554232602,20.207682066874114,19.517663760659143,20.154603958129883,81641500
2010-06-16 00:00:00-04:00,20.07120135973332,20.15461067055056,19.88921859217154,19.957462310791016,48698000
2010-06-17 00:00:00-04:00,20.139443455020178,20.222852759114243,19.74514821355359,19.99537467956543,47995500
2010-06-18 00:00:00-04:00,19.995370451701653,20.116692261311194,19.843717466554704,20.04844856262207,52075600
2010-06-21 00:00:00-04:00,20.30626224680853,20.389670105386376,19.631407905007315,19.676904678344727,54625300
2010-06-22 00:00:00-04:00,19.83613463237073,20.056031315760055,19.532830108963083,19.54041290283203,55985400
2010-06-23 00:00:00-04:00,19.54799633579408,19.54799633579408,19.12336854287074,19.191612243652344,61466200
2010-06-24 00:00:00-04:00,19.305350434940774,19.502498734713882,18.903472487872932,18.95655059814453,85243400
2010-06-25 00:00:00-04:00,18.994467282512787,19.03996405523108,18.433353435420297,18.60017204284668,156256700
2010-06-28 00:00:00-04:00,18.585008363539764,18.6608348795992,18.289286541805524,18.4333553314209,73784800
2010-06-29 00:00:00-04:00,18.296863563770202,18.34994312484555,17.523437332470056,17.67508888244629,119882100
2010-06-30 00:00:00-04:00,17.667509971798772,17.95565043875387,17.402119339432858,17.447614669799805,81050500
2010-07-01 00:00:00-04:00,17.508269852354072,17.68266976680969,17.235295067105277,17.56134796142578,92239400
2010-07-02 00:00:00-04:00,17.713005754039067,17.803996409664798,17.477943426753402,17.64476203918457,62485100
2010-07-06 00:00:00-04:00,17.970815069233257,18.266536870198156,17.87982296709846,18.061805725097656,73592000
2010-07-07 00:00:00-04:00,18.06180057891388,18.44093157829081,17.90256625338516,18.425765991210938,79965300
2010-07-08 00:00:00-04:00,18.653256057596863,18.668421653294004,18.17554991703253,18.509185791015625,50758100
2010-07-09 00:00:00-04:00,18.4485180902528,18.509179004528924,18.312030671563956,18.40302276611328,53806100
2010-07-12 00:00:00-04:00,18.52434173100019,18.873141572599597,18.51675893710411,18.827646255493164,49854200
2010-07-13 00:00:00-04:00,19.06271089294651,19.184032727003054,18.880728141861688,19.05512809753418,61928700
2010-07-14 00:00:00-04:00,19.335683155810212,19.419092447916235,19.04754420004328,19.29018783569336,72808100
2010-07-15 00:00:00-04:00,19.335690365616525,19.403934094373295,18.941393587526438,19.343273162841797,56934700
2010-07-16 00:00:00-04:00,19.343261447063572,19.44183485874705,18.865555635101828,18.873138427734375,65064800
2010-07-19 00:00:00-04:00,18.92622360364325,19.184032864427813,18.888311072580372,19.13095474243164,38181800
2010-07-20 00:00:00-04:00,18.850396788600186,19.320518493652344,18.72907496495639,19.320518493652344,45530700
2010-07-21 00:00:00-04:00,19.41150993818269,19.449422464457683,18.941386802513822,19.047544479370117,73297300
2010-07-22 00:00:00-04:00,19.343266076256086,19.70723153210294,19.312934898467102,19.59349250793457,73016400
2010-07-23 00:00:00-04:00,19.59349194347741,19.729979347055536,19.146117207869153,19.570743560791016,108520100
2010-07-26 00:00:00-04:00,19.608664717347175,19.86647403051765,19.563167935302516,19.790647506713867,67249900
2010-07-27 00:00:00-04:00,19.820968369687705,19.896794859525077,19.68448097723443,19.83613395690918,60672100
2010-07-28 00:00:00-04:00,19.767895332478805,19.858887432883257,19.585912577940277,19.676904678344727,69704800
2010-07-29 00:00:00-04:00,19.81338914413626,20.025703064661087,19.411511134285682,19.737564086914062,69446200
2010-07-30 00:00:00-04:00,19.525248241688345,19.59349194347741,19.221943703887014,19.570743560791016,83534800
2010-08-02 00:00:00-04:00,19.707232870621635,20.002954642798912,19.525250130337906,19.965042114257812,55044600
2010-08-03 00:00:00-04:00,19.86646513135213,19.98020414297319,19.692063770845166,19.83613395690918,56877700
2010-08-04 00:00:00-04:00,19.8285523644662,19.896796064826884,19.290187001920916,19.510082244873047,78531900
2010-08-05 00:00:00-04:00,19.32810652925533,19.39635025434312,19.115792557174363,19.23711585998535,64922100
2010-08-06 00:00:00-04:00,19.0930362631982,19.381175169813318,18.97171446606869,19.373592376708984,55982100
2010-08-09 00:00:00-04:00,19.3735954125893,19.51008281731532,19.23710945413341,19.419092178344727,57096500
2010-08-10 00:00:00-04:00,19.206786227041782,19.214369024473026,18.865567573989406,19.0096378326416,87257700
2010-08-11 00:00:00-04:00,18.713909694491516,18.88072684327829,18.622917602072214,18.85039710998535,76746900
2010-08-12 00:00:00-04:00,18.516759457695645,18.71390776572634,18.47126413931013,18.56983757019043,70240500
2010-08-13 00:00:00-04:00,18.46368392123989,18.70632758150956,18.380274620670832,18.501596450805664,45263500
2010-08-16 00:00:00-04:00,18.47126875155515,18.66083431281078,18.42577197553907,18.577425003051758,40909700
2010-08-17 00:00:00-04:00,18.836606979370117,19.027183746643317,18.752754190479944,18.836606979370117,52912600
2010-08-18 00:00:00-04:00,18.813739127826317,19.01956239014184,18.60791586551079,18.920461654663086,46818900
2010-08-19 00:00:00-04:00,18.767998570701685,18.85947459447623,18.45545136984731,18.630783081054688,54064600
2010-08-20 00:00:00-04:00,18.531691470192072,18.600299248746968,18.4478386495029,18.470706939697266,49560100
2010-08-23 00:00:00-04:00,18.630780937674505,18.783241444420636,18.478318976943356,18.508811950683594,51643000
2010-08-24 00:00:00-04:00,18.36397383426162,18.562173808103264,18.295366095086244,18.32585906982422,66522500
2010-08-25 00:00:00-04:00,18.295368205733425,18.46307522418463,18.19626893437254,18.371599197387695,47404800
2010-08-26 00:00:00-04:00,18.36397099762277,18.440201968707424,18.13527953835364,18.15814781188965,49105300
2010-08-27 00:00:00-04:00,18.203891983772984,18.310615961063146,17.921839185328686,18.242008209228516,60939400
2010-08-30 00:00:00-04:00,18.097166041116097,18.15815053633696,17.990443537975846,18.02093505859375,45453100
2010-08-31 00:00:00-04:00,17.990452462464386,18.089551771113896,17.77700589631481,17.8913516998291,66074600
2010-09-01 00:00:00-04:00,18.043812595952264,18.25725914856252,17.944713293588812,18.21914291381836,65235900
2010-09-02 00:00:00-04:00,18.203886702391436,18.25724940254739,18.074294481411076,18.24962615966797,48837100
2010-09-03 00:00:00-04:00,18.478328922222158,18.638414212548366,18.44783738605599,18.51644515991211,64189100
2010-09-07 00:00:00-04:00,18.371601301469,18.52406184825346,18.234385791573203,18.264877319335938,51928700
2010-09-08 00:00:00-04:00,18.34873073253335,18.447831464732406,18.09716946046815,18.242008209228516,65512400
2010-09-09 00:00:00-04:00,18.44021120766616,18.455456246333323,18.287749189109963,18.302995681762695,46028900
2010-09-10 00:00:00-04:00,18.280127669722493,18.318243904955196,18.135290337795325,18.181028366088867,58284300
2010-09-13 00:00:00-04:00,18.44782615862958,19.278740732757,18.36397194073152,19.141525268554688,114680400
2010-09-14 00:00:00-04:00,19.088168670169733,19.324483441624132,18.973821452834613,19.08054542541504,87160400
2010-09-15 00:00:00-04:00,19.13391007822113,19.225386123530708,18.996694556271244,19.14915657043457,56201900
2010-09-16 00:00:00-04:00,19.103426493728456,19.33974287736079,19.09580324387068,19.309249877929688,44548300
2010-09-17 00:00:00-04:00,19.362595421691882,19.4616961352394,19.11865744062884,19.225379943847656,70341600
2010-09-20 00:00:00-04:00,19.271119872304972,19.454073362531226,19.141527634979905,19.385465621948242,49838700
2010-09-21 00:00:00-04:00,19.37784318885647,19.37784318885647,19.118658703362325,19.172019958496094,52675700
2010-09-22 00:00:00-04:00,18.973824866855946,19.034809381881356,18.56980300005716,18.760379791259766,94299400
2010-09-23 00:00:00-04:00,18.684149648462288,18.745134166309338,18.569803859247266,18.623165130615234,46201800
2010-09-24 00:00:00-04:00,18.78324489833978,18.905213907758718,18.737506883304,18.889968872070312,51948800
2010-09-27 00:00:00-04:00,18.94332989992863,19.050052418366764,18.745129898554055,18.851852416992188,43603300
2010-09-28 00:00:00-04:00,18.905217732538357,18.98144874234407,18.562180369391008,18.81374168395996,56041200
2010-09-29 00:00:00-04:00,18.77562440539994,18.798494143262435,18.600294110410648,18.676525115966797,44318900
2010-09-30 00:00:00-04:00,18.760378938855922,18.92808598405942,18.569802156312438,18.668901443481445,61262700
2010-10-01 00:00:00-04:00,18.882347530856624,18.920462304898102,18.524062257330858,18.585046768188477,62672300
2010-10-04 00:00:00-04:00,18.264877545277702,18.287747281871706,18.127663487669928,18.226762771606445,98143400
2010-10-05 00:00:00-04:00,18.341109791966602,18.6384105719337,18.22676400920334,18.562179565429688,78152900
2010-10-06 00:00:00-04:00,18.53931087333094,18.707019387899532,18.394472098199593,18.623165130615234,50489700
2010-10-07 00:00:00-04:00,18.76800198337298,18.867101269479274,18.50881744557443,18.69939422607422,50096100
2010-10-08 00:00:00-04:00,18.767999417249374,18.790867697231914,18.57742266280689,18.729883193969727,41327800
2010-10-11 00:00:00-04:00,18.859476306028412,18.859476306028412,18.67652278789058,18.74513053894043,27587800
2010-10-12 00:00:00-04:00,18.79086792231993,19.004314413286988,18.62316089983634,18.928083419799805,50141500
2010-10-13 00:00:00-04:00,19.072922182738935,19.46932218611454,18.9738214549024,19.31686019897461,75336500
2010-10-14 00:00:00-04:00,19.278744991175593,19.316859760101988,19.057675260243855,19.23300552368164,51949100
2010-10-15 00:00:00-04:00,19.33210670683075,19.476943995367332,19.233005978900174,19.469322204589844,68954800
2010-10-18 00:00:00-04:00,19.507430033444408,19.78186093131684,19.400707552709463,19.68276023864746,48330500
2010-10-19 00:00:00-04:00,19.26349573473058,19.339726715617708,19.019557759079788,19.13390350341797,66150900
2010-10-20 00:00:00-04:00,19.25587441426111,19.362596925770085,19.133905414255093,19.293989181518555,56283600
2010-10-21 00:00:00-04:00,19.362599273814215,19.469323252250454,19.095791508701634,19.377845764160156,50032400
2010-10-22 00:00:00-04:00,19.454076961096376,19.469323451598427,19.263500191776824,19.347352981567383,25837900
2010-10-25 00:00:00-04:00,19.240629418652283,19.324483657907145,19.187268158757476,19.2025146484375,50912400
2010-10-26 00:00:00-04:00,19.149160380498678,19.797120434652115,19.103420894757686,19.743759155273438,69304200
2010-10-27 00:00:00-04:00,19.6598928679132,19.90383080876924,19.53030065508533,19.858091354370117,64805500
2010-10-28 00:00:00-04:00,19.980061677030893,20.10965389862945,19.758993448412713,20.033424377441406,80730300
2010-10-29 00:00:00-04:00,20.696635556014602,20.73475177987319,20.185889788191698,20.33072853088379,114193200
2010-11-01 00:00:00-04:00,20.490813385479502,20.749997905391307,20.353599334336792,20.54417610168457,61912100
2010-11-02 00:00:00-04:00,20.62802970350613,20.902460724576876,20.597538175601272,20.87959098815918,54402100
2010-11-03 00:00:00-04:00,20.932954439879286,20.955824178686765,20.551800850334633,20.60516357421875,110255300
2010-11-04 00:00:00-04:00,20.894833850173693,20.910080338470877,20.589911354155802,20.689010620117188,93599300
2010-11-05 00:00:00-04:00,20.711879268222987,20.72712575572196,20.22400330013639,20.467941284179688,110953700
2010-11-08 00:00:00-05:00,20.33835113798085,22.00780388702706,20.26212014663904,20.437450408935547,71670800
2010-11-09 00:00:00-05:00,20.437452123259778,20.666145116468318,20.3612211255236,20.54417610168457,58538600
2010-11-10 00:00:00-05:00,20.589911778004026,20.643273034157467,20.43744979986404,20.536550521850586,52277300
2010-11-11 00:00:00-05:00,20.33835792541504,20.36884945973644,20.03343531227249,20.33835792541504,62073100
2010-11-12 00:00:00-05:00,20.178272729264656,20.216388964808143,19.896219856171427,20.02581214904785,64962200
2010-11-15 00:00:00-05:00,20.071541890478173,20.201134129847926,19.9495728950696,19.972442626953125,51794600
2010-11-16 00:00:00-05:00,19.972440946060857,19.972440946060857,19.673313542093812,19.796031951904297,65339200
2010-11-17 00:00:00-05:00,19.865062562647775,19.87273264663636,19.596615474723023,19.611955642700195,58299700
2010-11-18 00:00:00-05:00,19.719338276756062,20.00312559575031,19.6426403456564,19.819047927856445,59514000
2010-11-19 00:00:00-05:00,19.788366578174347,19.811376834084953,19.63496926086119,19.703998565673828,52423200
2010-11-22 00:00:00-05:00,19.673320947778375,19.74235026214653,19.512253522865606,19.73468017578125,53350500
2010-11-23 00:00:00-05:00,19.61195638590173,19.634966638739467,19.24380111801187,19.26681137084961,69742500
2010-11-24 00:00:00-05:00,19.328174318835238,19.52759069697237,19.297493975786896,19.45856285095215,56825900
2010-11-26 00:00:00-05:00,19.33584530322898,19.489244111367253,19.305166419352997,19.366525650024414,21356500
2010-11-29 00:00:00-05:00,19.320500443189967,19.496907992356252,19.12108264125109,19.412538528442383,56603600
2010-11-30 00:00:00-05:00,19.213124317850866,19.535260602286513,19.174775352313944,19.37419319152832,75282100
2010-12-01 00:00:00-05:00,19.61195786066459,20.133511927520754,19.604287775808576,19.972444534301758,74123500
2010-12-02 00:00:00-05:00,20.125843878373537,20.69341704885614,20.095164998765444,20.624387741088867,91759200
2010-12-03 00:00:00-05:00,20.563023649234644,20.754771355863255,20.540014860707313,20.724092483520508,52622000
2010-12-06 00:00:00-05:00,20.65506789661987,20.693416861512613,20.524679367897605,20.58603858947754,36264200
2010-12-07 00:00:00-05:00,20.770106640138298,20.808455587280058,20.593699142616497,20.609039306640625,57860500
2010-12-08 00:00:00-05:00,20.57836627878962,20.89283243824866,20.555356024590512,20.885162353515625,41666800
2010-12-09 00:00:00-05:00,20.9235098312088,20.96952887020858,20.716421961331488,20.770111083984375,47148300
2010-12-10 00:00:00-05:00,20.854483666738126,21.015551058836166,20.793124451236146,20.969532012939453,37625800
2010-12-13 00:00:00-05:00,20.91584714599901,21.05390577475191,20.839147745256355,20.9005069732666,47943900
2010-12-14 00:00:00-05:00,20.946523578812844,21.284000024860447,20.90817461438619,21.18429183959961,64070500
2010-12-15 00:00:00-05:00,21.115263710282186,21.46807888401519,21.115263710282186,21.360700607299805,69634200
2010-12-16 00:00:00-05:00,21.291676703666106,21.46808433532715,21.214977288142272,21.46808433532715,57680200
2010-12-17 00:00:00-05:00,21.414388022121273,21.54477654603248,21.283999498210065,21.3990478515625,87456500
2010-12-20 00:00:00-05:00,21.437398730451143,21.46807760929706,21.230310812294125,21.330018997192383,52811000
2010-12-21 00:00:00-05:00,21.360700518530273,21.583127156933404,21.29167120866602,21.529438018798828,38153000
2010-12-22 00:00:00-05:00,21.483414719939237,21.782540694943737,21.460404466893117,21.62147331237793,42252300
2010-12-23 00:00:00-05:00,21.452736020643616,21.721183141670522,21.445065935709234,21.705842971801758,24902500
2010-12-27 00:00:00-05:00,21.56778844812302,21.629147672122432,21.38370931320549,21.529438018798828,21652800
2010-12-28 00:00:00-05:00,21.45273145573135,21.606130195939144,21.445061372429077,21.48341178894043,23042200
2010-12-29 00:00:00-05:00,21.429730919729202,21.567789546488502,21.38371040219652,21.452739715576172,19502500
2010-12-30 00:00:00-05:00,21.414389745657495,21.4757489699119,21.307011468942115,21.360700607299805,20786100
2010-12-31 00:00:00-05:00,21.32234592793802,21.41438547743435,21.191957419520975,21.406715393066406,24752000
2011-01-03 00:00:00-05:00,21.514092567341653,21.613802196195728,21.41438440140651,21.460403442382812,53443800
2011-01-04 00:00:00-05:00,21.42973045833663,21.60613804965565,21.360701146443212,21.54477882385254,54405600
2011-01-05 00:00:00-05:00,21.39905247040133,21.483421963765977,21.299344266086337,21.475751876831055,58998700
2011-01-06 00:00:00-05:00,21.506428954257178,22.127691272320426,21.368370336261062,22.10468101501465,88026300
2011-01-07 00:00:00-05:00,21.96661675374335,22.04331612880575,21.66749080021077,21.935937881469727,73762000
2011-01-10 00:00:00-05:00,21.675163905753863,21.78254216805954,21.506426427427925,21.64448356628418,57573600
2011-01-11 00:00:00-05:00,21.62915085628136,21.66749982833184,21.51410101429089,21.560121536254883,50298900
2011-01-12 00:00:00-05:00,21.56778576358549,21.92827097684761,21.52943533903477,21.89759063720703,52631100
2011-01-13 00:00:00-05:00,21.7288515674218,21.77487061059503,21.483414719939237,21.62147331237793,67077600
2011-01-14 00:00:00-05:00,21.537105492002702,21.7672021883577,21.40671697395644,21.705842971801758,62688400
2011-01-18 00:00:00-05:00,21.59847044757225,22.0433252515367,21.58313027362739,21.981966018676758,53322700
2011-01-19 00:00:00-05:00,21.82856114684575,21.997300087569013,21.6828339235727,21.836231231689453,50005900
2011-01-20 00:00:00-05:00,21.859234712533635,21.897583661949568,21.575447512932328,21.744186401367188,58613600
2011-01-21 00:00:00-05:00,21.782544812943165,21.805555070339384,21.4910888671875,21.4910888671875,58080300
2011-01-24 00:00:00-05:00,21.491086631880194,21.90526098149847,21.468076376877296,21.767202377319336,52047800
2011-01-25 00:00:00-05:00,21.583125981232886,21.820894241333008,21.567787273258052,21.820894241333008,42436600
2011-01-26 00:00:00-05:00,21.866913392978965,22.23506871863618,21.859243307496204,22.07400131225586,74628800
2011-01-27 00:00:00-05:00,22.050983007948826,22.595545712205027,21.851565246935394,22.143022537231445,146938600
2011-01-28 00:00:00-05:00,22.166043733009076,22.189053993942718,21.05390745376736,21.28400421142578,141249400
2011-01-31 00:00:00-05:00,21.299338023073197,21.399046198162896,21.03089091071299,21.268657684326172,65029000
2011-02-01 00:00:00-05:00,21.322355592123834,21.52177348731793,21.17662831184019,21.46808433532715,62810700
2011-02-02 00:00:00-05:00,21.4220612826023,21.5601199122561,21.383710850521023,21.429731369018555,45824000
2011-02-03 00:00:00-05:00,21.452738993744326,21.452738993744326,21.12293407337346,21.20730209350586,60340100
2011-02-04 00:00:00-05:00,21.2456596740446,21.353037988308913,21.09993091688602,21.299348831176758,40412200
2011-02-07 00:00:00-05:00,21.322349008560302,21.736524846754804,21.314680386003413,21.629146575927734,68980900
2011-02-08 00:00:00-05:00,21.552443577121693,21.736521208983838,21.514093156159387,21.690502166748047,34904200
2011-02-09 00:00:00-05:00,21.62147868735726,21.675167828226016,21.40672066096286,21.452739715576172,52905100
2011-02-10 00:00:00-05:00,21.422057161834726,21.429727246775556,20.931183428974524,21.09225082397461,76672400
2011-02-11 00:00:00-05:00,21.29167260042669,21.33002156933832,20.7624483445137,20.9005069732666,83939700
2011-02-14 00:00:00-05:00,20.869822184049557,20.915842692447768,20.67040583266696,20.885162353515625,56766200
2011-02-15 00:00:00-05:00,20.862012495124716,21.08575372024886,20.792575207984186,20.800289154052734,44116500
2011-02-16 00:00:00-05:00,20.86973483275715,20.88516567422977,20.522549729019413,20.846590042114258,70817900
2011-02-17 00:00:00-05:00,20.80800985109199,21.11662074849082,20.761718805108497,20.993175506591797,57207300
2011-02-18 00:00:00-05:00,20.93145359379967,20.99317547888481,20.823440662792127,20.8774471282959,68667800
2011-02-22 00:00:00-05:00,20.661417732111413,20.908305230221465,20.460821272005607,20.514827728271484,60889000
2011-02-23 00:00:00-05:00,20.46853669026724,20.723139606638927,20.39138397921646,20.514827728271484,60234100
2011-02-24 00:00:00-05:00,20.553412309403175,20.8774526598472,20.445399349777237,20.653711318969727,64494200
2011-02-25 00:00:00-05:00,20.761727608285447,20.79258929973732,20.44540262873598,20.483978271484375,53006300
2011-02-28 00:00:00-05:00,20.591986378889505,20.72314558403782,20.453111753254113,20.507118225097656,51379900
2011-03-01 00:00:00-05:00,20.52254604479725,20.66142064998789,20.175359531820643,20.183074951171875,60055000
2011-03-02 00:00:00-05:00,20.144497498018776,20.345093968250875,20.090491039026606,20.12135124206543,48658200
2011-03-03 00:00:00-05:00,20.26023262996382,20.368245584175856,20.19851073161892,20.21394157409668,68271500
2011-03-04 00:00:00-05:00,20.229367581455502,20.244798421367562,19.90532730113169,20.02105712890625,70437200
2011-03-07 00:00:00-05:00,20.159935709209364,20.267950146152195,19.712451532064165,19.843610763549805,64980400
2011-03-08 00:00:00-05:00,19.882179493480503,20.07506054839227,19.789595939633962,19.990192413330078,50549800
2011-03-09 00:00:00-05:00,19.913040082985262,20.044199261729872,19.797311742108413,19.974761962890625,39789100
2011-03-10 00:00:00-05:00,19.766457780034756,19.835893629235617,19.55814581773369,19.60443687438965,66549500
2011-03-11 00:00:00-05:00,19.60443222769854,19.943903329701016,19.56585660155622,19.812744140625,49905800
2011-03-14 00:00:00-04:00,19.666157704655898,19.8744696556323,19.558144754475283,19.820463180541992,54473400
2011-03-15 00:00:00-04:00,19.34983235888323,19.650726411224554,19.28811046426024,19.589004516601562,76067300
2011-03-16 00:00:00-04:00,19.45784914747181,19.504141681251518,19.041226644418767,19.126094818115234,100725400
2011-03-17 00:00:00-04:00,19.334399746460825,19.457843524400353,19.09522761064873,19.11837387084961,62497000
2011-03-18 00:00:00-04:00,19.334398912329434,19.426982477572764,19.13380241394043,19.13380241394043,85486700
2011-03-21 00:00:00-04:00,19.426992382791646,19.73560197167675,19.403846111787786,19.542720794677734,46878100
2011-03-22 00:00:00-04:00,19.519567489624023,19.643011280693997,19.465561014976668,19.519567489624023,30895600
2011-03-23 00:00:00-04:00,19.46555928335553,19.758739364740496,19.42698365391506,19.70473289489746,43969000
2011-03-24 00:00:00-04:00,19.75101699392296,19.95932885135236,19.673864290627026,19.913036346435547,38696700
2011-03-25 00:00:00-04:00,20.005632626845095,20.021063471645697,19.743314151500268,19.766460418701172,57029800
2011-03-28 00:00:00-04:00,19.79731799395001,19.84360905060597,19.58129061027859,19.60443687438965,48973200
2011-03-29 00:00:00-04:00,19.550426507049924,19.689301120956596,19.519564827708056,19.666154861450195,40763500
2011-03-30 00:00:00-04:00,19.7510240511926,19.843606150976047,19.673871320329102,19.758739471435547,41999300
2011-03-31 00:00:00-04:00,19.751025409715695,19.812747304338686,19.55042888429946,19.589004516601562,63233700
2011-04-01 00:00:00-04:00,19.697014824698158,19.697014824698158,19.527278546237817,19.658437728881836,63114200
2011-04-04 00:00:00-04:00,19.63528925670556,19.797308614020018,19.604427585846352,19.712440490722656,35433700
2011-04-05 00:00:00-04:00,19.920758508999146,20.19850774628296,19.859036619776735,19.8898983001709,73651100
2011-04-06 00:00:00-04:00,20.0442005388507,20.298803493628128,19.95161844887661,20.17535972595215,65581400
2011-04-07 00:00:00-04:00,20.2062261528578,20.26023262996382,20.036489828734734,20.21394157409668,46134700
2011-04-08 00:00:00-04:00,20.190796391192876,20.2756645577974,20.02877547963571,20.113643646240234,39887600
2011-04-11 00:00:00-04:00,20.206215996618653,20.252507029218556,19.905320605805795,20.0441951751709,34286300
2011-04-12 00:00:00-04:00,19.928473273665308,19.943904113354883,19.71244593270888,19.781883239746094,36920400
2011-04-13 00:00:00-04:00,19.789604580878933,19.95934092511967,19.720167253065238,19.774173736572266,38144700
2011-04-14 00:00:00-04:00,19.612154006958008,19.627584851045086,19.357550965786377,19.612154006958008,55239900
2011-04-15 00:00:00-04:00,19.643013734389466,19.720166481337206,19.426987808815294,19.573577880859375,65080400
2011-04-18 00:00:00-04:00,19.36526337647758,19.50413800853331,19.072083270678576,19.34983253479004,58045100
2011-04-19 00:00:00-04:00,19.28810126133005,19.419260408769706,19.187803782259884,19.40382957458496,38892400
2011-04-20 00:00:00-04:00,19.70472734575498,20.05962774567313,19.68158109166946,19.874462127685547,61608600
2011-04-21 00:00:00-04:00,19.897618234377195,19.974769509733832,19.565862452705154,19.689306259155273,46892300
2011-04-25 00:00:00-04:00,19.720162370220827,19.766454891678492,19.55042753957388,19.758739471435547,33525100
2011-04-26 00:00:00-04:00,19.859032249284983,20.399099764799757,19.805025792046624,20.206218719482422,69200000
2011-04-27 00:00:00-04:00,20.291097530147727,20.360534865769992,20.15993828192417,20.352819442749023,52689000
2011-04-28 00:00:00-04:00,20.41452938319892,20.730855655282507,20.368238343787066,20.607410430908203,80200000
2011-04-29 00:00:00-04:00,20.483971152149348,20.553408462216236,19.56585822404883,19.99791145324707,319317900
2011-05-02 00:00:00-04:00,20.013342955056025,20.05963400610857,19.658440972810563,19.79731559753418,89825600
2011-05-03 00:00:00-04:00,19.75101699392296,19.94389801638009,19.66614887314089,19.913036346435547,71892900
2011-05-04 00:00:00-04:00,19.943903303510666,20.252512726941376,19.897612257887513,20.10592269897461,73292300
2011-05-05 00:00:00-04:00,20.098216266033603,20.12136253497756,19.812752973557107,19.897621154785156,55600000
2011-05-06 00:00:00-04:00,20.113641234332924,20.229369602101325,19.866753657342727,19.95933723449707,55993000
2011-05-09 00:00:00-04:00,19.90533388079639,20.02877769776518,19.805036331346646,19.92848014831543,38696400
2011-05-10 00:00:00-04:00,19.581288047001056,19.943905446108648,19.48099052544817,19.805030822753906,120798700
2011-05-11 00:00:00-04:00,19.789600146994317,19.797315567419002,19.45012900613809,19.565858840942383,78600000
2011-05-12 00:00:00-04:00,19.558132744611235,19.5889929378988,19.36525175397713,19.53498649597168,77400000
2011-05-13 00:00:00-04:00,19.50413751015892,19.53499772117939,19.24953451508444,19.311256408691406,66812300
2011-05-16 00:00:00-04:00,19.25725012187384,19.342118284726325,18.902349570974643,18.956356048583984,91350900
2011-05-17 00:00:00-04:00,18.948590031571122,19.18156539154181,18.84763507909875,19.041780471801758,82882100
2011-05-18 00:00:00-04:00,19.049542791204694,19.212624178640347,18.832099460078975,19.173795700073242,53931100
2011-05-19 00:00:00-04:00,19.29805422189699,19.321350723328578,19.026250349236932,19.197097778320312,37783600
2011-05-20 00:00:00-04:00,19.197091760865035,19.313580156356675,18.979649915865124,19.018478393554688,45451500
2011-05-23 00:00:00-04:00,18.801034332229,18.83209829813524,18.661250929285178,18.76997184753418,52692500
2011-05-24 00:00:00-04:00,18.79327408851264,18.863166546457617,18.669021159101955,18.754444122314453,47691800
2011-05-25 00:00:00-04:00,18.769977122179228,18.878698070980448,18.762211128520306,18.78550910949707,34904200
2011-05-26 00:00:00-04:00,18.90975645405199,19.437832017013395,18.88645847996438,19.158262252807617,78016600
2011-05-27 00:00:00-04:00,19.166034388548464,19.33688180966154,19.142736406991823,19.228160858154297,50251000
2011-05-31 00:00:00-04:00,19.38347418839449,19.461132637278563,19.181564294992295,19.422304153442383,60196300
2011-06-01 00:00:00-04:00,19.406772843710268,19.492197288580794,18.925293110031493,18.971887588500977,74033500
2011-06-02 00:00:00-04:00,19.01847320619601,19.14272607836595,18.77773345151813,18.808795928955078,51487800
2011-06-03 00:00:00-04:00,18.67678659160018,18.74667905298975,18.513705169165732,18.568065643310547,60697700
2011-06-06 00:00:00-04:00,18.5525291087828,18.83209888581766,18.459340170578827,18.645719528198242,54778700
2011-06-07 00:00:00-04:00,18.707853037656058,18.769979513631018,18.560302101761014,18.684555053710938,41112600
2011-06-08 00:00:00-04:00,18.560292315251797,18.65348272068262,18.52922983424902,18.59135627746582,42205000
2011-06-09 00:00:00-04:00,18.64571777232072,18.669015745283463,18.498166905979325,18.606887817382812,42878700
2011-06-10 00:00:00-04:00,18.65348582569284,18.65348582569284,18.39721401961379,18.412744522094727,49327200
2011-06-13 00:00:00-04:00,18.47486866438367,18.78550086840881,18.404976233326614,18.66901397705078,47572500
2011-06-14 00:00:00-04:00,18.870922365040048,18.98741072875906,18.785499441180136,18.808795928955078,42894500
2011-06-15 00:00:00-04:00,18.637959917879563,18.64572591225745,18.381688028257198,18.43604850769043,49410200
2011-06-16 00:00:00-04:00,18.443801800409954,18.715605491605555,18.36614339132393,18.63794708251953,57184100
2011-06-17 00:00:00-04:00,18.808804572608643,18.870931037244056,18.62242517870241,18.839868545532227,83320400
2011-06-20 00:00:00-04:00,18.769971135673586,19.150495816324923,18.762205144491553,19.002944946289062,54338400
2011-06-21 00:00:00-04:00,19.041781449336792,19.30581931546456,18.948591004322104,19.228160858154297,49708700
2011-06-22 00:00:00-04:00,19.103907946830645,19.26698937432958,19.0961419529671,19.142736434936523,44287300
2011-06-23 00:00:00-04:00,18.979645988617605,19.142727338622922,18.793266668092453,19.127195358276367,59470400
2011-06-24 00:00:00-04:00,19.03400875437816,19.057306727732524,18.785502963443683,18.870925903320312,101387200
2011-06-27 00:00:00-04:00,18.816567886186643,19.771762699381934,18.816567886186643,19.569852828979492,92044200
2011-06-28 00:00:00-04:00,19.647512076968088,20.128993276332103,19.538791136974677,20.035802841186523,81032100
2011-06-29 00:00:00-04:00,19.96591378337099,19.96591378337099,19.694111387126117,19.89602279663086,66051000
2011-06-30 00:00:00-04:00,19.989204991932358,20.191116333007812,19.927078539386947,20.191116333007812,52535400
2011-07-01 00:00:00-04:00,20.136761132447884,20.32314053877145,20.06686866992506,20.206653594970703,52906200
2011-07-05 00:00:00-04:00,20.268773145681095,20.307601619957936,20.11345628615105,20.214412689208984,37805300
2011-07-06 00:00:00-04:00,20.16781604299272,20.478449751276795,20.16005005216449,20.447385787963867,48744200
2011-07-07 00:00:00-04:00,20.571640165563128,20.87450642369667,20.470685239922418,20.78908348083496,51946500
2011-07-08 00:00:00-04:00,20.61046882832418,20.9521635407379,20.58717085561862,20.905569076538086,58320700
2011-07-11 00:00:00-04:00,20.672598190630126,20.812381602948943,20.571641775875317,20.680362701416016,43999800
2011-07-12 00:00:00-04:00,20.61823432817866,20.804615156351236,20.455152955041882,20.610469818115234,47319300
2011-07-13 00:00:00-04:00,20.657066206635307,20.93663451248446,20.587173759870137,20.680362701416016,40861800
2011-07-14 00:00:00-04:00,20.672596866016985,20.975463128451974,20.47068553065652,20.556108474731445,46382300
2011-07-15 00:00:00-04:00,20.556107021281655,20.91333519895688,20.556107021281655,20.79684829711914,49132400
2011-07-18 00:00:00-04:00,20.680358287032355,20.890035582570608,20.39302405051952,20.649295806884766,44501900
2011-07-19 00:00:00-04:00,20.820143272878997,21.46470566274368,20.79684678293442,21.387048721313477,86730600
2011-07-20 00:00:00-04:00,21.185144460878764,21.23950493044409,20.952169115469456,21.01429557800293,49795400
2011-07-21 00:00:00-04:00,20.998758473837434,21.208434293234166,20.69589076811106,21.045352935791016,81737400
2011-07-22 00:00:00-04:00,20.85897809219083,21.394818222909876,20.7191931950601,21.379287719726562,76380600
2011-07-25 00:00:00-04:00,21.169607496278328,21.814169948929447,21.115247039497483,21.67438507080078,108482400
2011-07-26 00:00:00-04:00,21.604494675961984,21.860766483042617,21.573432189667223,21.806406021118164,74636500
2011-07-27 00:00:00-04:00,21.651087661300515,21.7365120848733,21.123013580809953,21.223968505859375,71488700
2011-07-28 00:00:00-04:00,21.19290950716865,21.798642119509285,21.1307815661987,21.526838302612305,83761400
2011-07-29 00:00:00-04:00,21.371524099440812,21.519073523933145,21.16961272353309,21.27833366394043,104394800
2011-08-01 00:00:00-04:00,21.363757081654896,21.503541987594733,20.773554968359836,21.177377700805664,61838400
2011-08-02 00:00:00-04:00,20.952170479183458,21.31716476638425,20.78132306639938,20.81238555908203,63883100
2011-08-03 00:00:00-04:00,20.83567663963271,20.96769552254161,20.563872882913056,20.905569076538086,64581200
2011-08-04 00:00:00-04:00,20.602704852807157,20.866742644453495,20.1367557215953,20.144521713256836,92949500
2011-08-05 00:00:00-04:00,20.16782340036424,20.26877983674961,19.59315320033283,19.942615509033203,112071700
2011-08-08 00:00:00-04:00,19.430064373217828,19.880481465459454,18.940817327465812,19.010709762573242,134257200
2011-08-09 00:00:00-04:00,19.189329304847565,19.896019874944187,18.661255097395507,19.86495590209961,126268900
2011-08-10 00:00:00-04:00,19.37571204926558,19.48443300228977,18.715617374736077,18.793275833129883,127819900
2011-08-11 00:00:00-04:00,19.026248228660734,19.709639350038632,18.948589776383027,19.562089920043945,90690100
2011-08-12 00:00:00-04:00,19.515493535071034,19.678576429424854,19.142734749707657,19.492197036743164,64787100
2011-08-15 00:00:00-04:00,19.6009153077197,19.864953115006564,19.5310228598372,19.810592651367188,56529400
2011-08-16 00:00:00-04:00,19.708991445085505,19.998140674810667,19.57613933800527,19.810585021972656,54251500
2011-08-17 00:00:00-04:00,19.73244285583496,20.08411075047991,19.48236857100314,19.73244285583496,50923700
2011-08-18 00:00:00-04:00,19.20103574870241,19.607407238440977,18.779035732866536,19.279184341430664,105714200
2011-08-19 00:00:00-04:00,19.07599485058894,19.240107012147444,18.685253454238396,18.794660568237305,77397900
2011-08-22 00:00:00-04:00,19.083818439623236,19.1385220212236,18.59148471465916,18.739965438842773,54721000
2011-08-23 00:00:00-04:00,18.779039823123835,19.341707130312887,18.779039823123835,19.318262100219727,59670600
2011-08-24 00:00:00-04:00,19.263554508785713,19.482370272402942,19.08381378718608,19.458925247192383,45329700
2011-08-25 00:00:00-04:00,19.59960073703913,19.662119340244953,19.14634049115664,19.2010440826416,48192000
2011-08-26 00:00:00-04:00,19.154145699521294,19.80277643476395,19.083812120592302,19.73244285583496,71957000
2011-08-29 00:00:00-04:00,19.95126217906813,20.209151517879466,19.82622501422388,20.19352149963379,38863200
2011-08-30 00:00:00-04:00,20.107551533711185,20.654590074902657,20.084108004313908,20.498292922973633,57341400
2011-08-31 00:00:00-04:00,20.545191446385928,20.873412917957523,20.521746416747646,20.787450790405273,59300800
2011-09-01 00:00:00-04:00,20.678032888798743,20.990627181840406,20.482662200927734,20.482662200927734,60510800
2011-09-02 00:00:00-04:00,20.146641058298854,20.31856685663761,20.052862401575148,20.162269592285156,43894400
2011-09-06 00:00:00-04:00,19.693371494331178,19.998149376489195,19.6230379075931,19.935630798339844,54929300
2011-09-07 00:00:00-04:00,20.076296545116396,20.31855583190918,19.982517939276406,20.31855583190918,41961000
2011-09-08 00:00:00-04:00,20.31855472726769,20.83433330494581,20.27948117978552,20.490480422973633,65811900
2011-09-09 00:00:00-04:00,20.318555530929466,20.459222692325557,19.92781407841159,20.11536979675293,64529200
2011-09-12 00:00:00-04:00,19.880923347209446,20.263849749931364,19.748071208260193,20.232589721679688,55046100
2011-09-13 00:00:00-04:00,20.25604056221317,20.4670413418497,20.170076950384814,20.34981918334961,48792300
2011-09-14 00:00:00-04:00,20.451409762283323,20.94374338663068,20.232593990039774,20.709299087524414,66739200
2011-09-15 00:00:00-04:00,20.889038380240958,21.12348415379129,20.560815489718816,21.09222412109375,67808300
2011-09-16 00:00:00-04:00,21.139108278144217,21.311035441062415,20.967182605786107,21.19381332397461,89681500
2011-09-19 00:00:00-04:00,20.943737089425287,21.3422934705194,20.787441433868413,21.264144897460938,52324900
2011-09-20 00:00:00-04:00,21.342300959285016,21.490783151140768,21.04533806613409,21.08441162109375,49211900
2011-09-21 00:00:00-04:00,21.139110938171463,21.14692594570206,20.295109502150723,20.310739517211914,72750700
2011-09-22 00:00:00-04:00,19.77151913368426,20.04503847944332,19.22448193272666,19.58396339416504,96278300
2011-09-23 00:00:00-04:00,19.45892623448556,19.654296982804812,19.294815521366434,19.58396339416504,64768100
2011-09-26 00:00:00-04:00,19.685551622731417,19.943440880209987,19.326068769256977,19.880922317504883,51057600
2011-09-27 00:00:00-04:00,20.052857749549016,20.256043549846027,19.888747001555757,20.060672760009766,55620700
2011-09-28 00:00:00-04:00,20.263856751291204,20.607709728063266,19.935633794045305,19.990337371826172,60736200
2011-09-29 00:00:00-04:00,20.302927472542187,20.451409656171357,19.607408096983196,19.888742446899414,63407300
2011-09-30 00:00:00-04:00,19.69337549836637,19.927819841453267,19.443299644363346,19.451114654541016,54060500
2011-10-03 00:00:00-04:00,19.31825760082921,19.802777675980288,19.161961908293033,19.169776916503906,64592500
2011-10-04 00:00:00-04:00,18.990037082567113,19.8418537067454,18.958778536376663,19.802780151367188,83485400
2011-10-05 00:00:00-04:00,19.865293333083606,20.443590440697946,19.662107621128268,20.232589721679688,94061300
2011-10-06 00:00:00-04:00,20.240404275585416,20.631145676622047,20.084108609506856,20.584257125854492,55111400
2011-10-07 00:00:00-04:00,20.58426295842593,20.717115132044587,20.4748558121143,20.51392936706543,52741600
2011-10-10 00:00:00-04:00,20.771815850227824,21.076593710526215,20.68585225247787,21.053150177001953,41815300
2011-10-11 00:00:00-04:00,20.990637090613344,21.15474783042575,20.88122844017764,21.10004425048828,38826200
2011-10-12 00:00:00-04:00,21.24070426664596,21.342296382089376,21.021888530342874,21.068777084350586,52489800
2011-10-13 00:00:00-04:00,20.912486367782645,21.256339323372902,20.80307921896054,21.24070930480957,43823500
2011-10-14 00:00:00-04:00,21.342299421899813,21.490781603059705,21.115670136449904,21.3110408782959,50947700
2011-10-17 00:00:00-04:00,21.186005248885795,21.428264568868965,20.982819483862286,21.08441162109375,39453300
2011-10-18 00:00:00-04:00,21.053145012335047,21.41262635008414,20.943736417340105,21.34229278564453,52487900
2011-10-19 00:00:00-04:00,21.389190687886305,21.467337796614476,21.10785632667111,21.20163345336914,42880000
2011-10-20 00:00:00-04:00,21.303227610151232,21.36574619302707,20.631151726315487,21.131301879882812,76300200
2011-10-21 00:00:00-04:00,21.217255947155614,21.24851597200972,20.943736691922297,21.22507095336914,76620600
2011-10-24 00:00:00-04:00,21.14693008493512,21.412634430742393,21.131301557375128,21.248523712158203,56897800
2011-10-25 00:00:00-04:00,21.16255598395165,21.27977811591847,20.881221674783042,20.951555252075195,53554600
2011-10-26 00:00:00-04:00,21.123485497096922,21.14692903255052,20.3967060868255,20.779632568359375,63029900
2011-10-27 00:00:00-04:00,21.201627749523283,21.412628463669435,20.826516362525783,21.295406341552734,74512400
2011-10-28 00:00:00-04:00,21.20944878563736,21.2485238311576,20.935930919798576,21.08441162109375,57712100
2011-10-31 00:00:00-04:00,20.91248381545566,21.10003954364301,20.803076679986475,20.810890197753906,46799000
2011-11-01 00:00:00-04:00,20.467036686703278,20.56862880348047,20.209147400434723,20.310739517211914,61182600
2011-11-02 00:00:00-04:00,20.396703818919214,20.474852406383032,20.084110959624276,20.326370239257812,53533100
2011-11-03 00:00:00-04:00,20.506120980832243,20.77964042551057,20.30293515023009,20.732751846313477,65836100
2011-11-04 00:00:00-04:00,20.61552150427472,20.631151522479403,20.318558611188617,20.51392936706543,36549200
2011-11-07 00:00:00-05:00,20.48267328205892,20.95937849534103,20.420154687740023,20.943748474121094,42589700
2011-11-08 00:00:00-05:00,21.107848841286298,21.256330978223247,20.857774604693557,21.22507095336914,47822500
2011-11-09 00:00:00-05:00,20.779631383629116,20.904668534121083,20.36544489102422,20.474853515625,62950900
2011-11-10 00:00:00-05:00,20.68585327732245,20.709298302568627,20.412335435585938,20.537372589111328,32514400
2011-11-11 00:00:00-05:00,20.77182139808525,21.1625629604951,20.76400638796976,21.02971076965332,37903000
2011-11-14 00:00:00-05:00,21.00626991096283,21.100048560411526,20.82652911429398,20.912492752075195,34199200
2011-11-15 00:00:00-05:00,20.9124842463502,21.21168479267348,20.78650554319869,21.054210662841797,43874200
2011-11-16 00:00:00-05:00,20.841619091747784,20.873114515486666,20.503052297261547,20.52667236328125,53262800
2011-11-17 00:00:00-05:00,20.479425682943077,20.503047244926446,20.030626517747738,20.109363555908203,70977500
2011-11-18 00:00:00-05:00,20.062123192644236,20.077870902800154,19.802291982208782,19.92039680480957,47626200
2011-11-21 00:00:00-05:00,19.87315494979077,19.881028804779053,19.605449887326248,19.684186935424805,61882500
2011-11-22 00:00:00-05:00,19.597582082462175,19.65269758261102,19.408614009758384,19.51884651184082,49204500
2011-11-23 00:00:00-05:00,19.377110576057575,19.51883693650505,19.266878128051758,19.266878128051758,49099700
2011-11-25 00:00:00-05:00,19.196019278622423,19.42435657792141,19.13302993774414,19.13302993774414,26164600
2011-11-28 00:00:00-05:00,19.63694455205893,19.660564614331093,19.440102690275054,19.581829071044922,46766700
2011-11-29 00:00:00-05:00,19.542464567059202,19.71568640884662,19.487349072593965,19.558212280273438,40917100
2011-11-30 00:00:00-05:00,19.975515049523516,20.14873536680476,19.794419374883585,20.14086151123047,81350900
2011-12-01 00:00:00-05:00,20.125125159315616,20.180240677660144,19.841673707574433,19.9046630859375,48545400
2011-12-02 00:00:00-05:00,20.14873710515389,20.172358673914736,19.81016879517103,19.857410430908203,52293800
2011-12-05 00:00:00-05:00,20.298335181907213,20.31408139093222,20.07787173592915,20.2353458404541,56818400
2011-12-06 00:00:00-05:00,20.32196229031392,20.36920543911739,20.16448963299032,20.203857421875,46175300
2011-12-07 00:00:00-05:00,20.211718329334293,20.282581505348986,19.951887184541732,20.15660285949707,62667000
2011-12-08 00:00:00-05:00,20.06212340322123,20.2510914217228,19.9755140000232,19.999134063720703,60522200
2011-12-09 00:00:00-05:00,20.09361944673852,20.369198378765006,20.07787173592915,20.2353458404541,53788500
2011-12-12 00:00:00-05:00,20.007013508016357,20.132992222210667,19.91253022326299,20.085750579833984,38945900
2011-12-13 00:00:00-05:00,20.274715102758037,20.550294054997078,20.19597804472053,20.282588958740234,54581100
2011-12-14 00:00:00-05:00,20.251088329579762,20.3613207832125,20.132983523772765,20.148731231689453,47926400
2011-12-15 00:00:00-05:00,20.25110464627858,20.3770834075474,20.109379666190133,20.125125885009766,46213900
2011-12-16 00:00:00-05:00,20.21173201846068,20.605415928830553,20.18023658477432,20.4715633392334,101408100
2011-12-19 00:00:00-05:00,20.48730569376491,20.56604275558737,20.04637874827295,20.10149574279785,52258300
2011-12-20 00:00:00-05:00,20.361325676763038,20.55029371182679,20.321956397509478,20.49517822265625,60767600
2011-12-21 00:00:00-05:00,20.479430852941768,20.62115725705239,20.030631574447785,20.282588958740234,64132500
2011-12-22 00:00:00-05:00,20.329828582376383,20.361324003190507,20.06212351259363,20.32195472717285,35794100
2011-12-23 00:00:00-05:00,20.40069345423215,20.50305207850696,20.258967052488227,20.49517822265625,23205800
2011-12-27 00:00:00-05:00,20.44006281348081,20.58178922619241,20.416442745885252,20.503053665161133,21287200
2011-12-28 00:00:00-05:00,20.558167483055154,20.589661404543918,20.282588536552364,20.329830169677734,29822500
2011-12-29 00:00:00-05:00,20.432193001901588,20.5109285727327,20.361329786725786,20.487308502197266,22616900
2011-12-30 00:00:00-05:00,20.471560813711985,20.566045601329794,20.40069759844482,20.440065383911133,27395700
2012-01-03 00:00:00-05:00,20.904603758044587,21.227424270184,20.7786250948577,21.07782554626465,64731500
2012-01-04 00:00:00-05:00,21.11719287062179,21.62898136676347,21.08569895638038,21.57386589050293,80516100
2012-01-05 00:00:00-05:00,21.558128901381693,21.833707921488788,21.48726718365943,21.794340133666992,56081400
2012-01-06 00:00:00-05:00,21.676234633857387,22.19589722717344,21.676234633857387,22.13290786743164,99455500
2012-01-09 00:00:00-05:00,22.08565914217646,22.125028420685418,21.82582791115501,21.841575622558594,59706800
2012-01-10 00:00:00-05:00,21.991179908689155,22.164400260529614,21.849453483644826,21.920316696166992,60014400
2012-01-11 00:00:00-05:00,21.597496512113842,22.03054815162983,21.550254870043034,21.82583236694336,65582400
2012-01-12 00:00:00-05:00,21.94393802781581,22.06204288013396,21.770716176083496,22.046295166015625,49370800
2012-01-13 00:00:00-05:00,21.991176166291456,22.243133544921875,21.880945188586757,22.243133544921875,60196100
2012-01-17 00:00:00-05:00,22.36123805619434,22.55807994313581,22.180143880636443,22.251007080078125,72395300
2012-01-18 00:00:00-05:00,22.290381559345718,22.361244780095575,22.022676392465115,22.227392196655273,64860600
2012-01-19 00:00:00-05:00,22.172271510984164,22.392734979777,22.069914383699516,22.140777587890625,74053500
2012-01-20 00:00:00-05:00,22.69193397563688,23.416312227195025,22.636818483961452,23.392690658569336,165902900
2012-01-23 00:00:00-05:00,23.266722699387888,23.581671085927418,23.10925000790333,23.408449172973633,76078100
2012-01-24 00:00:00-05:00,23.203728920092633,23.282466001789064,22.975393035136396,23.10137176513672,51703300
2012-01-25 00:00:00-05:00,22.888772030478275,23.345445101368135,22.888772030478275,23.274581909179688,59231700
2012-01-26 00:00:00-05:00,23.313959259599034,23.38482247633461,23.148611253287772,23.22734832763672,49102800
2012-01-27 00:00:00-05:00,23.187979008848377,23.250968363807576,22.96751551559884,23.01475715637207,44187700
2012-01-30 00:00:00-05:00,22.810039017677216,23.321829163285294,22.69980803334786,23.313955307006836,51114800
2012-01-31 00:00:00-05:00,23.353322242760505,23.384817666736275,23.014753943943354,23.250965118408203,50572400
2012-02-01 00:00:00-05:00,23.455680643117883,23.660394889851954,23.43205907536343,23.53441619873047,67409900
2012-02-02 00:00:00-05:00,23.54229384578328,23.754883484454346,23.39269356281645,23.581663131713867,52223300
2012-02-03 00:00:00-05:00,23.731258592186304,23.935974345025425,23.691890813549144,23.809995651245117,41838500
2012-02-06 00:00:00-05:00,23.65251902350819,23.794243903636506,23.59740204026557,23.77849769592285,28039700
2012-02-07 00:00:00-05:00,23.739130433213173,24.006835510218735,23.660393380837824,23.896604537963867,39242400
2012-02-08 00:00:00-05:00,23.825745001103165,24.148565613827696,23.79424957460097,24.14069175720215,49659100
2012-02-09 00:00:00-05:00,24.15643744202597,24.250920710029565,23.998963326307358,24.2273006439209,50481600
2012-02-10 00:00:00-05:00,24.124944277609636,24.250922981269376,23.904482297097392,24.014713287353516,44605300
2012-02-13 00:00:00-05:00,24.117075079979145,24.227307593315206,23.959602420875324,24.077707290649414,33319800
2012-02-14 00:00:00-05:00,24.038074436724525,24.141105413021258,23.65765027731488,23.97467041015625,59644000
2012-02-15 00:00:00-05:00,24.038078906815223,24.08563155766645,23.800314140887565,23.816164016723633,43311300
2012-02-16 00:00:00-05:00,24.02222969208965,25.00499313137673,24.01430399761899,24.798931121826172,94705100
2012-02-17 00:00:00-05:00,24.727602118340553,24.822707431472374,24.529464285698953,24.767229080200195,70036500
2012-02-21 00:00:00-05:00,24.71174316112388,25.052540370768067,24.687966084286646,24.91780662536621,50829900
2012-02-22 00:00:00-05:00,24.92573094778504,25.1080173251721,24.711741803023983,24.783071517944336,49253200
2012-02-23 00:00:00-05:00,24.72759573117097,25.036690186517433,24.56908490133256,24.862329483032227,35034700
2012-02-24 00:00:00-05:00,24.949508666992188,24.965360052048563,24.759296581329515,24.949508666992188,35575400
2012-02-27 00:00:00-05:00,24.759296403033936,24.96535987226909,24.64833973178088,24.846477508544922,34568400
2012-02-28 00:00:00-05:00,24.89403351973988,25.306160513968933,24.870256439109617,25.258607864379883,45230600
2012-02-29 00:00:00-05:00,25.27445525937668,25.36163636812694,25.05254190862522,25.15557289123535,59323600
2012-03-01 00:00:00-05:00,25.30615378076984,25.670726516736632,25.24274976096383,25.591472625732422,77344100
2012-03-02 00:00:00-05:00,25.60733527631791,25.710364775289896,25.36164326874826,25.425048828125,47314200
2012-03-05 00:00:00-05:00,25.369556169634397,25.401258935223893,25.060463275163197,25.203121185302734,45240000
2012-03-06 00:00:00-05:00,24.99706097068438,25.345782346067953,24.95743251097863,25.012910842895508,51932900
2012-03-07 00:00:00-05:00,25.100091397545786,25.298229156758598,24.989134736121375,25.234825134277344,34340400
2012-03-08 00:00:00-05:00,25.393340740515473,25.52807299101301,25.282382546471297,25.36956214904785,36747400
2012-03-09 00:00:00-05:00,25.44088594210323,25.48844009060255,25.29822803161848,25.35370635986328,34628400
2012-03-12 00:00:00-04:00,25.337855501343316,25.520143384353965,25.21897315097714,25.393335342407227,34073600
2012-03-13 00:00:00-04:00,25.551852547961573,25.90849817668053,25.48052281754919,25.89264678955078,48951700
2012-03-14 00:00:00-04:00,25.781683551367035,26.05907822063189,25.74998380850601,25.97189712524414,41986900
2012-03-15 00:00:00-04:00,25.987755791253445,26.10663666281785,25.82132075705746,26.035306930541992,49068300
2012-03-16 00:00:00-04:00,26.08284622024493,26.114548977255147,25.757900519243513,25.837154388427734,65626400
2012-03-19 00:00:00-04:00,25.789616759745964,25.845095101848727,25.4805222756469,25.52014923095703,44789200
2012-03-20 00:00:00-04:00,25.44088594210323,25.480515910857065,25.155568609462655,25.35370635986328,41566800
2012-03-21 00:00:00-04:00,25.32993113226061,25.480517768482386,25.218974467681846,25.29030418395996,37928600
2012-03-22 00:00:00-04:00,25.21105007581366,25.43296492808645,25.195200202678734,25.361635208129883,31749500
2012-03-23 00:00:00-04:00,25.44089187676503,25.448819081701853,25.13972309103694,25.36956214904785,35912200
2012-03-26 00:00:00-04:00,25.51221726163661,25.845090275434043,25.480517517313977,25.829238891601562,36758300
2012-03-27 00:00:00-04:00,25.876794237262285,25.916421187001024,25.6786564652261,25.773761749267578,36274900
2012-03-28 00:00:00-04:00,25.773763712908934,25.916423161511265,25.393339524416955,25.51222038269043,41344800
2012-03-29 00:00:00-04:00,25.409186392792158,25.512215846976776,25.211047129215363,25.456737518310547,37038500
2012-03-30 00:00:00-04:00,25.678657220234808,25.686581401078556,25.39333833637891,25.567697525024414,31749400
2012-04-02 00:00:00-04:00,25.535994297361047,25.726204845108004,25.322005163639112,25.591472625732422,35853600
2012-04-03 00:00:00-04:00,25.488443800897493,25.51221936693704,25.09216824241131,25.314083099365234,42752100
2012-04-04 00:00:00-04:00,25.092160273829457,25.115937343989348,24.60870376227403,24.735511779785156,49455900
2012-04-05 00:00:00-04:00,24.687969910229786,25.068394128553216,24.608714486827868,24.98121452331543,50368600
2012-04-09 00:00:00-04:00,24.743445513434484,24.886104957427914,24.545307732703893,24.648340225219727,31056400
2012-04-10 00:00:00-04:00,24.6166320515499,24.719664521450945,24.014293148936844,24.14902687072754,54131300
2012-04-11 00:00:00-04:00,24.1173362332969,24.196591665409173,23.95882536907235,24.053932189941406,43014000
2012-04-12 00:00:00-04:00,24.156954774856192,24.60078443534233,24.1094021368295,24.55323028564453,38304000
2012-04-13 00:00:00-04:00,24.481897283614956,24.69588639349219,24.34716356758161,24.418493270874023,39749200
2012-04-16 00:00:00-04:00,24.56115472679114,24.71966552770474,24.38679405512301,24.632484436035156,38124800
2012-04-17 00:00:00-04:00,24.78307287996435,25.052540370768067,24.727594545682038,24.91780662536621,34361500
2012-04-18 00:00:00-04:00,24.79099470773913,24.814770269198913,24.600782657705857,24.680036544799805,40552900
2012-04-19 00:00:00-04:00,24.672120228413974,25.108024331416022,24.52153657638145,24.577014923095703,54781200
2012-04-20 00:00:00-04:00,25.48051955106615,26.067005682967235,25.40126262557778,25.69450569152832,106045000
2012-04-23 00:00:00-04:00,25.607324144697873,25.75790774774304,25.385407806690804,25.456737518310547,61398200
2012-04-24 00:00:00-04:00,25.528072082053765,25.773764029518723,25.22690330704917,25.298233032226562,40871100
2012-04-25 00:00:00-04:00,25.29823435087454,25.61525452836992,25.25860739556441,25.52014923095703,62495500
2012-04-26 00:00:00-04:00,25.456736664281046,25.54391775592953,25.298227375076834,25.44881248474121,40308100
2012-04-27 00:00:00-04:00,25.456741817060355,25.53599874521165,25.26652972451125,25.34578514099121,41419100
2012-04-30 00:00:00-04:00,25.34578250730228,25.448814991521488,25.29822986702405,25.377485275268555,35697200
2012-05-01 00:00:00-04:00,25.40126492210945,25.631105491791786,25.322011012798296,25.36956214904785,43832300
2012-05-02 00:00:00-04:00,25.242749642289606,25.306153661797534,25.07631314628688,25.203121185302734,37385300
2012-05-03 00:00:00-04:00,25.266530157792445,25.28238154369453,25.05254249479974,25.171424865722656,31501300
2012-05-04 00:00:00-04:00,24.92573023325508,25.020835509308462,24.50567764761784,24.55323028564453,57927200
2012-05-07 00:00:00-04:00,24.331315467357662,24.458123502060143,24.228282994367508,24.29168701171875,48641400
2012-05-08 00:00:00-04:00,24.15695249704624,24.394718688102436,23.911262126792042,24.17280387878418,46328300
2012-05-09 00:00:00-04:00,23.927116162434647,24.434348340941245,23.855786448373266,24.378870010375977,50309300
2012-05-10 00:00:00-04:00,24.458122908092736,24.584930939715676,24.133177138100077,24.36301612854004,43839200
2012-05-11 00:00:00-04:00,24.323391979908035,24.997060670093166,24.323391979908035,24.695890426635742,43459300
2012-05-14 00:00:00-04:00,24.42642642008103,24.600788642113603,24.28376696993487,24.31546974182129,40528900
2012-05-15 00:00:00-04:00,24.443104325721446,24.570744438002748,24.052206291661193,24.10007095336914,61822800
2012-05-16 00:00:00-04:00,24.179857516667884,24.187835217550674,23.725139217484788,23.852779388427734,60083700
2012-05-17 00:00:00-04:00,23.92456838983505,24.100073180039654,23.70119741190985,23.70917510986328,48484000
2012-05-18 00:00:00-04:00,23.765018456259025,23.78097233021356,23.270411845501993,23.350187301635742,56205300
2012-05-21 00:00:00-04:00,23.21457031933579,23.76501931274748,23.182659527096124,23.733108520507812,38787900
2012-05-22 00:00:00-04:00,23.685244593266198,23.836816296366194,23.533671368575828,23.741086959838867,39504900
2012-05-23 00:00:00-04:00,23.414001946564124,23.453888904610007,22.84759770845509,23.22254180908203,65171000
2012-05-24 00:00:00-04:00,23.262435350574815,23.374120081982856,22.943335031130168,23.190637588500977,52575000
2012-05-25 00:00:00-04:00,23.294351148210506,23.421991303412426,23.142777893311724,23.18266487121582,29507200
2012-05-29 00:00:00-04:00,23.43793981722131,23.709175465343538,23.31029969123324,23.58153533935547,37758800
2012-05-30 00:00:00-04:00,23.41401216901468,23.51771921816595,23.23052964735212,23.406034469604492,41585500
2012-05-31 00:00:00-04:00,23.374113305749766,23.46984413462565,23.08692386230193,23.286361694335938,39134000
2012-06-01 00:00:00-04:00,22.94333990235746,23.102889335159432,22.688059592601768,22.69603729248047,56634300
2012-06-04 00:00:00-04:00,22.831650314332055,22.95929044219159,22.592323933402664,22.775806427001953,47926300
2012-06-05 00:00:00-04:00,22.743896484375,22.935356670511915,22.64816563051139,22.743896484375,45715400
2012-06-06 00:00:00-04:00,23.03906863276081,23.429968308260136,22.98322625671537,23.414012908935547,46860500
2012-06-07 00:00:00-04:00,23.64535150342223,23.693217683967752,23.270408885356073,23.318273544311523,37792800
2012-06-08 00:00:00-04:00,23.302322548315576,23.677266758729747,23.174682419286604,23.65333366394043,42551100
2012-06-11 00:00:00-04:00,23.71715310108132,23.780973163907618,22.99119931583581,23.05501937866211,46361900
2012-06-12 00:00:00-04:00,23.214570956181962,23.374120356986257,23.00715536570505,23.36614418029785,35337900
2012-06-13 00:00:00-04:00,23.31029643879342,23.48580272873171,23.174678633654793,23.23849868774414,32984600
2012-06-14 00:00:00-04:00,23.398056770194305,23.501763819345577,23.039067904688793,23.406034469604492,39458900
2012-06-15 00:00:00-04:00,23.605471941445824,23.996370075572163,23.525696470450733,23.948505401611328,62314400
2012-06-18 00:00:00-04:00,23.92457310951714,23.956483907626023,23.701202087526777,23.80491065979004,58679900
2012-06-19 00:00:00-04:00,24.084128435353804,24.818060187789605,23.972442143258853,24.490982055664062,75725800
2012-06-20 00:00:00-04:00,24.674455642700195,24.770184976445677,24.443106963233014,24.674455642700195,36257100
2012-06-21 00:00:00-04:00,24.69838744736559,24.84198297092312,23.980411351168282,24.044231414794922,48456600
2012-06-22 00:00:00-04:00,24.1718801029252,24.51491363700586,23.956488262894613,24.490982055664062,45098100
2012-06-25 00:00:00-04:00,24.1718663510229,24.18782174390065,23.6293966874896,23.828834533691406,42217200
2012-06-26 00:00:00-04:00,23.9325500030942,24.14794331830378,23.884685329133365,23.948505401611328,38421300
2012-06-27 00:00:00-04:00,24.084118313340245,24.33142085334537,23.956478194525324,24.06816291809082,33781700
2012-06-28 00:00:00-04:00,23.916586831388297,23.972429186458232,23.469846469238743,23.86074447631836,45328400
2012-06-29 00:00:00-04:00,24.291536395272498,24.482996593265977,24.044232308139325,24.403221130371094,55227200
2012-07-02 00:00:00-04:00,24.427155820892185,24.427155820892185,24.100076249504735,24.379289627075195,30589100
2012-07-03 00:00:00-04:00,24.116030445443325,24.53883934020996,24.06816577560252,24.53883934020996,20938100
2012-07-05 00:00:00-04:00,24.403228866501788,24.55480214189366,24.235700189154798,24.490982055664062,28801900
2012-07-06 00:00:00-04:00,24.419169708026345,24.490967452422623,23.892653930180277,24.08411407470703,38294800
2012-07-09 00:00:00-04:00,24.028279386540817,24.116031029776785,23.75704371488682,23.93254852294922,30680800
2012-07-10 00:00:00-04:00,23.99637150784085,24.108056260945762,23.541653274095832,23.725135803222656,37534100
2012-07-11 00:00:00-04:00,23.701196804691204,23.72512989793834,23.22254711247056,23.37411880493164,39184900
2012-07-12 00:00:00-04:00,23.254457485349274,23.278390579732086,22.767830072288092,22.83962631225586,63523600
2012-07-13 00:00:00-04:00,22.943339931295906,23.51772062897068,22.91142913174086,23.4459228515625,39085000
2012-07-16 00:00:00-04:00,23.517714781505035,23.55760327103093,23.1667052032189,23.48580551147461,27900600
2012-07-17 00:00:00-04:00,23.64535670624555,23.820863030349983,23.2943471012175,23.661312103271484,33771300
2012-07-18 00:00:00-04:00,23.613449034850778,24.29153823852539,23.50176276968698,24.29153823852539,41090400
2012-07-19 00:00:00-04:00,24.339406576767274,24.570753797808564,24.23569799503887,24.4670467376709,46663200
2012-07-20 00:00:00-04:00,24.730291222112072,24.770178179963388,23.972426850217836,24.028270721435547,64021700
2012-07-23 00:00:00-04:00,23.58951482358968,23.597492522266784,23.14277434880495,23.35816764831543,55151900
2012-07-24 00:00:00-04:00,23.32625906175227,23.421989933349295,23.055023367416382,23.25446128845215,47723300
2012-07-25 00:00:00-04:00,23.326254023516483,23.39805178130901,22.959289058434887,22.999176025390625,45579500
2012-07-26 00:00:00-04:00,23.318278280140287,23.53367157157025,23.206593546031588,23.262435913085938,45301400
2012-07-27 00:00:00-04:00,23.517715971957816,23.812884723029548,23.278391109049124,23.741086959838867,44242600
2012-07-30 00:00:00-04:00,23.73310838116291,23.78895074566414,23.50175970355461,23.645355224609375,28905000
2012-07-31 00:00:00-04:00,23.51771852864406,23.701201044927053,23.39805608418083,23.509740829467773,37620900
2012-08-01 00:00:00-04:00,23.60547145604765,23.653336129024243,23.302324976818,23.461875915527344,31721800
2012-08-02 00:00:00-04:00,23.302315564490332,23.55759726762938,23.11085542832847,23.286361694335938,39520500
2012-08-03 00:00:00-04:00,23.557603727960608,23.88468174046559,23.517715237661022,23.733108520507812,35859400
2012-08-06 00:00:00-04:00,23.932549021405993,24.020302188060104,23.78097578489175,23.892662048339844,27471800
2012-08-07 00:00:00-04:00,23.98839371354065,24.211764740460556,23.828844284246973,24.13996696472168,28002900
2012-08-08 00:00:00-04:00,24.100077539476988,24.307493159014516,24.020303588693046,24.19580841064453,26257600
2012-08-09 00:00:00-04:00,24.243677248341438,24.451092903494533,24.171879463034948,24.331430435180664,24920800
2012-08-10 00:00:00-04:00,24.33141916080297,24.427150004050052,24.131981298829174,24.26759910583496,27810300
2012-08-13 00:00:00-04:00,24.211764048274727,24.29951569932081,24.060190801426998,24.24367332458496,23049100
2012-08-14 00:00:00-04:00,24.33200039994224,24.404273792810343,24.099120658666315,24.195484161376953,34551400
2012-08-15 00:00:00-04:00,24.17942224709553,24.315938472383703,24.10714886125649,24.25169563293457,24351000
2012-08-16 00:00:00-04:00,24.380187168624552,24.845948249436923,24.299883217104387,24.71746253967285,35787200
2012-08-17 00:00:00-04:00,24.829888612230594,24.829888612230594,24.56488662880731,24.813827514648438,32589900
2012-08-20 00:00:00-04:00,24.749583737621887,24.773675383101164,24.5568551687992,24.685340881347656,23737700
2012-08-21 00:00:00-04:00,24.701396038537236,24.86200237476751,24.580940903446997,24.733516693115234,28822700
2012-08-22 00:00:00-04:00,24.564879976435957,24.70139620557342,24.468514948710038,24.524728775024414,33437400
2012-08-23 00:00:00-04:00,24.40428078327586,24.412311332747095,24.155339876350393,24.29988670349121,28355600
2012-08-24 00:00:00-04:00,24.2918497169029,24.597002857593527,24.2356374171707,24.540790557861328,22943300
2012-08-27 00:00:00-04:00,24.83791785108811,24.86200796452028,24.564885333273285,24.64518928527832,34691100
2012-08-28 00:00:00-04:00,24.65321585892873,24.733518266316512,24.508669074958334,24.597002029418945,23947900
2012-08-29 00:00:00-04:00,24.61306381225586,24.693367753560846,24.444426914018646,24.61306381225586,23346800
2012-08-30 00:00:00-04:00,24.51670671125689,24.580949574745663,24.267764275026053,24.348068237304688,23982100
2012-08-31 00:00:00-04:00,24.57292051034248,24.86201264767704,24.396251476318877,24.749588012695312,36590100
2012-09-04 00:00:00-04:00,24.452457270225025,24.621094167144378,24.211545448192744,24.404273986816406,48556700
2012-09-05 00:00:00-04:00,24.26775774716586,24.51670011643291,24.259727199931092,24.404273986816406,33650000
2012-09-06 00:00:00-04:00,24.49261062120002,25.18322242721101,24.46048842944583,25.17519187927246,48371700
2012-09-07 00:00:00-04:00,24.926248689038836,24.950338798931437,24.677306321233363,24.853975296020508,42649100
2012-09-10 00:00:00-04:00,24.75761551198676,24.813827822551243,24.50064407416592,24.669281005859375,40524000
2012-09-11 00:00:00-04:00,24.64519423134159,24.821861735871817,24.58095136317871,24.72549819946289,25191800
2012-09-12 00:00:00-04:00,24.845948249436923,25.038676814083026,24.67730979807753,24.71746253967285,32775800
2012-09-13 00:00:00-04:00,24.805794525619586,25.038675822639732,24.412306863589038,24.845947265625,45047300
2012-09-14 00:00:00-04:00,24.90216065678871,25.09488922221486,24.74155275309834,25.062767028808594,51422800
2012-09-17 00:00:00-04:00,25.04670746377594,25.102919770566427,24.92625230184341,25.062767028808594,36488500
2012-09-18 00:00:00-04:00,24.97443435966401,25.06276732924917,24.918222052199678,25.038677215576172,34542700
2012-09-19 00:00:00-04:00,24.966406407336624,25.046710368494825,24.926255192592855,24.934284210205078,48871900
2012-09-20 00:00:00-04:00,24.85397687651856,25.279585182835657,24.82185468572538,25.255495071411133,45543000
2012-09-21 00:00:00-04:00,25.239433794332346,25.383980588520433,24.96640130123715,25.04670524597168,102348900
2012-09-24 00:00:00-04:00,24.89413000768083,24.950342314243798,24.605036394876432,24.71746253967285,46825900
2012-09-25 00:00:00-04:00,24.853975441941888,24.894126646445464,24.380183876782368,24.404273986816406,54266400
2012-09-26 00:00:00-04:00,24.31594221928129,24.57291361667512,24.12321367123592,24.22760772705078,54672000
2012-09-27 00:00:00-04:00,24.22761024511727,24.412308264731646,24.00275948319291,24.219579696655273,47129900
2012-09-28 00:00:00-04:00,24.235636523683958,24.29987936839095,23.88230011196038,23.898361206054688,54229300
2012-10-01 00:00:00-04:00,23.938522466398144,24.075038760210944,23.625338658339142,23.681550979614258,54042700
2012-10-02 00:00:00-04:00,23.834121017148618,24.0027579289191,23.68957421753369,23.81805992126465,43338900
2012-10-03 00:00:00-04:00,23.890331815417714,24.083060358867705,23.82608896760105,23.978666305541992,46655900
2012-10-04 00:00:00-04:00,24.066997687778713,24.11518096923828,23.745783469732643,24.11518096923828,43634900
2012-10-05 00:00:00-04:00,24.275795314660183,24.291856413774394,23.882307576386307,23.97064208984375,41133900
2012-10-08 00:00:00-04:00,23.801993061900113,24.026843754818522,23.729719679593128,23.914419174194336,29752000
2012-10-09 00:00:00-04:00,23.83412515802987,23.882306922382355,23.432606881194246,23.512910842895508,45121100
2012-10-10 00:00:00-04:00,23.40850988126401,23.5369955779419,23.24790352625181,23.27199363708496,47227100
2012-10-11 00:00:00-04:00,23.464720557340783,23.48881219817609,23.18365907261331,23.247901916503906,41488500
2012-10-12 00:00:00-04:00,23.263966066079202,23.54502913789892,23.127449804433653,23.448665618896484,46464700
2012-10-15 00:00:00-04:00,23.58518242176572,23.86624396836461,23.488817368881417,23.697607040405273,42440200
2012-10-16 00:00:00-04:00,23.649430309601712,23.88231014512303,23.545034685801458,23.681550979614258,47739400
2012-10-17 00:00:00-04:00,23.528963368932157,23.80199583800994,23.360326478327167,23.761844635009766,44206100
2012-10-18 00:00:00-04:00,23.810030356073216,23.874273210590296,23.49684663176126,23.6895751953125,59238500
2012-10-19 00:00:00-04:00,23.328209144139503,23.35230078995412,22.88653969256523,22.998964309692383,90470800
2012-10-22 00:00:00-04:00,23.071231986699527,23.151535921137633,22.348499640096897,22.485015869140625,83374000
2012-10-23 00:00:00-04:00,22.30032961270302,22.645635640103606,22.2922990618715,22.525178909301758,64414800
2012-10-24 00:00:00-04:00,22.613498450544007,22.64562063258234,22.380618757445884,22.404708862304688,53320400
2012-10-25 00:00:00-04:00,22.63759324467598,22.645623791305702,22.372591332575748,22.38865089416504,54084300
2012-10-26 00:00:00-04:00,22.37259449247283,22.758051595120413,22.356533396944922,22.653656005859375,57790000
2012-10-31 00:00:00-04:00,22.92669585826898,23.19169789281333,22.88654463823866,22.91866683959961,69464100
2012-11-01 00:00:00-04:00,23.159570069697747,23.737755730569575,23.143508973978154,23.70563507080078,72047900
2012-11-02 00:00:00-04:00,23.761848598103022,23.90639540368407,23.5530589380049,23.6895751953125,57131600
2012-11-05 00:00:00-05:00,23.785935371027875,23.882298867230844,23.55305411380875,23.793964385986328,38070800
2012-11-06 00:00:00-05:00,23.946544115798506,24.25169879168039,23.77790721465613,23.978666305541992,43401500
2012-11-07 00:00:00-05:00,23.71367154425581,23.954581913567054,23.32821280901873,23.352304458618164,57871800
2012-11-08 00:00:00-05:00,23.384425223664103,23.585184362999,23.12745223871206,23.135482788085938,49841800
2012-11-09 00:00:00-05:00,23.191697697964468,23.440640161407675,23.135485377725953,23.151546478271484,43291200
2012-11-12 00:00:00-05:00,23.239875069693763,23.296087375589096,22.653657302728465,22.66168785095215,61112300
2012-11-13 00:00:00-05:00,21.876335904012304,22.10303269323652,21.657734105040905,21.93301010131836,131689200
2012-11-14 00:00:00-05:00,22.05445787256207,22.094940550323376,21.698218029543884,21.73060417175293,76086100
2012-11-15 00:00:00-05:00,21.762992378379035,21.835859666175757,21.560583588778478,21.58487319946289,50955600
2012-11-16 00:00:00-05:00,21.592972077686703,21.617261691004842,21.32579250821391,21.471527099609375,64083300
2012-11-19 00:00:00-05:00,21.698218548004768,21.698218548004768,21.431039045421162,21.641544342041016,57179300
2012-11-20 00:00:00-05:00,21.665833630280993,21.698218228530767,21.42294219425447,21.625350952148438,47070400
2012-11-21 00:00:00-05:00,21.625346460602465,21.997779300786988,21.592961869078913,21.819660186767578,66360300
2012-11-23 00:00:00-05:00,22.046365618034315,22.483569357216286,22.022077550917466,22.426895141601562,57845700
2012-11-26 00:00:00-05:00,22.297351729888963,22.329736331361673,21.997786058920166,22.175905227661133,85198700
2012-11-27 00:00:00-05:00,22.151617519403935,22.167809048272865,21.89253452642366,21.92491912841797,45018600
2012-11-28 00:00:00-05:00,21.868244453505174,22.175905115088028,21.67393221288604,22.1516170501709,53018400
2012-11-29 00:00:00-05:00,21.949201641373683,22.15161035722772,21.74679292551965,21.819660186767578,69551400
2012-11-30 00:00:00-05:00,21.90062626729994,21.96539700592896,21.447231096896807,21.5524845123291,83690200
2012-12-03 00:00:00-05:00,21.682031383535488,21.71441598877837,21.374369140316794,21.398658752441406,53173800
2012-12-04 00:00:00-05:00,21.455326634347102,21.5605785006278,21.325785163114176,21.350074768066406,49777500
2012-12-05 00:00:00-05:00,21.35817118229332,21.803471370559404,21.261015844521403,21.592966079711914,68283800
2012-12-06 00:00:00-05:00,21.70631508375049,21.84395310291515,21.544389001604955,21.641544342041016,39182300
2012-12-07 00:00:00-05:00,21.714416099892052,21.714416099892052,21.35008118169815,21.42294692993164,46162100
2012-12-10 00:00:00-05:00,21.50390890298924,21.835859187110856,21.471524300377034,21.81157112121582,47031100
2012-12-11 00:00:00-05:00,21.900620872866902,22.256860619707723,21.900620872866902,22.11922264099121,52282800
2012-12-12 00:00:00-05:00,22.289261234966787,22.362128538351616,21.92492471804264,22.054466247558594,43966300
2012-12-13 00:00:00-05:00,22.11923377410789,22.28116143442539,21.819669610054117,21.94921112060547,45080100
2012-12-14 00:00:00-05:00,21.949215158820646,21.96540669242602,21.61726478392852,21.706323623657227,42077500
2012-12-17 00:00:00-05:00,21.690120401678556,22.038262122569428,21.601060065685786,21.94110679626465,42046100
2012-12-18 00:00:00-05:00,22.062560638427524,22.370221355013385,21.97350026645889,22.313547134399414,50486900
2012-12-19 00:00:00-05:00,22.4187938363596,22.451178433713235,22.062553999932256,22.11113166809082,53519900
2012-12-20 00:00:00-05:00,22.151622514998028,22.41070556640625,21.981598297350885,22.41070556640625,52607300
2012-12-21 00:00:00-05:00,22.2244873046875,22.2568719103254,21.86015083965723,22.2244873046875,98776500
2012-12-24 00:00:00-05:00,22.02207762172448,22.062558763220427,21.860149967227578,21.908727645874023,20842400
2012-12-26 00:00:00-05:00,21.884435579539073,22.022073597432637,21.617256079422894,21.746797561645508,31631100
2012-12-27 00:00:00-05:00,21.771086488720787,21.933014120055773,21.512003513989885,21.827760696411133,39394000
2012-12-28 00:00:00-05:00,21.625352955917077,21.779184058561977,21.495811462402344,21.495811462402344,28239900
2012-12-31 00:00:00-05:00,21.528195613142845,21.673930165907503,21.35007646212841,21.625350952148438,42749500
2013-01-02 00:00:00-05:00,22.062561568445467,22.45118613554325,21.98159773090257,22.36212730407715,52899300
2013-01-03 00:00:00-05:00,22.370214021488607,22.386407091857443,21.989686133358155,22.06255340576172,48294400
2013-01-04 00:00:00-05:00,22.07875205943472,22.1354262758013,21.64154831445269,21.64964485168457,52521100
2013-01-07 00:00:00-05:00,21.673934036624892,21.762992855908863,21.568680598939455,21.609163284301758,37110400
2013-01-08 00:00:00-05:00,21.657739101423967,21.690125246930858,21.422944179268253,21.495811462402344,44703100
2013-01-09 00:00:00-05:00,21.63344005659114,21.65772965512709,21.50389861957757,21.61724853515625,49047900
2013-01-10 00:00:00-05:00,21.576778052328148,21.843957610039656,21.28531042662435,21.42294692993164,71431300
2013-01-11 00:00:00-05:00,21.447235213430652,21.803475116394246,21.277212570991797,21.722511291503906,55512100
2013-01-14 00:00:00-05:00,21.779186090965286,21.924920670833213,21.665837659626483,21.771089553833008,48324400
2013-01-15 00:00:00-05:00,21.72250601917424,22.094938905572988,21.72250601917424,22.030166625976562,48244500
2013-01-16 00:00:00-05:00,21.9815949836657,22.046365736753685,21.868246551825873,21.892536163330078,41077400
2013-01-17 00:00:00-05:00,22.013975738911405,22.24067254705032,21.908722325770178,22.06255340576172,51685900
2013-01-18 00:00:00-05:00,21.941108466507846,22.094939546499383,21.892530799657532,22.06255340576172,52167700
2013-01-22 00:00:00-05:00,22.103035213967207,22.224481701194556,21.86014532802498,21.981590270996094,58650600
2013-01-23 00:00:00-05:00,22.022074630288692,22.37831295098066,22.022074630288692,22.35402488708496,50387700
2013-01-24 00:00:00-05:00,22.42689212186892,22.726456233855817,22.240674881593,22.370216369628906,101739300
2013-01-25 00:00:00-05:00,22.329738086209208,22.856000641614123,22.175906970419405,22.572628021240234,81847700
2013-01-28 00:00:00-05:00,22.67787810584013,22.855997262243324,22.475469341822553,22.596914291381836,56056500
2013-01-29 00:00:00-05:00,22.52405202094438,22.775038511740437,22.34593282493697,22.67788314819336,49242600
2013-01-30 00:00:00-05:00,22.67787942939256,22.823613995071756,22.47547065356177,22.548337936401367,43580500
2013-01-31 00:00:00-05:00,22.499763401764454,22.64549644351994,22.184004617319346,22.2244873046875,50530000
2013-02-01 00:00:00-05:00,22.402608047203124,22.710268771216413,22.305451135050298,22.613113403320312,55565900
2013-02-04 00:00:00-05:00,22.564535934594396,22.685980917751234,22.20019944086713,22.216392517089844,50540000
2013-02-05 00:00:00-05:00,22.362116200990304,22.39450079337403,22.151610945600126,22.26495933532715,35410400
2013-02-06 00:00:00-05:00,22.167808261122698,22.29735129726938,22.062556378057984,22.13542366027832,41889600
2013-02-07 00:00:00-05:00,22.143515781622312,22.17590037600991,21.941107047867547,22.086841583251953,38028300
2013-02-08 00:00:00-05:00,22.143520529585874,22.434988118594415,22.111134383998028,22.30544662475586,33318500
2013-02-11 00:00:00-05:00,22.38641045544096,22.605012305496818,22.264965497939844,22.556434631347656,32247700
2013-02-12 00:00:00-05:00,22.572628021240234,22.66978492180657,22.46737612786187,22.572628021240234,35990900
2013-02-13 00:00:00-05:00,22.613112704503408,22.758847296100626,22.5726300155838,22.694076538085938,41715600
2013-02-14 00:00:00-05:00,22.605010625651598,22.71835903832853,22.56452949091164,22.702167510986328,32663200
2013-02-15 00:00:00-05:00,22.70217276120846,22.799328124755537,22.572629702717922,22.67788314819336,49650900
2013-02-19 00:00:00-05:00,22.759516840681947,22.930948736441916,22.694209822545325,22.89829444885254,38781400
2013-02-20 00:00:00-05:00,22.96359507759026,23.020740064971626,22.718694216979756,22.7513484954834,44110200
2013-02-21 00:00:00-05:00,22.64522379201749,22.64522379201749,22.22889108068727,22.441139221191406,49078500
2013-02-22 00:00:00-05:00,22.596249228203956,22.661556243896484,22.432980910451597,22.661556243896484,31425900
2013-02-25 00:00:00-05:00,22.832983380732813,22.898290387285655,22.343181610107422,22.343181610107422,48011800
2013-02-26 00:00:00-05:00,22.351343623514904,22.530939059316612,22.31869089875941,22.343181610107422,49923300
2013-02-27 00:00:00-05:00,22.384003864908074,22.85748017773664,22.310533268344823,22.702375411987305,36394700
2013-02-28 00:00:00-05:00,22.759511332776366,22.83298190503012,22.645224467955753,22.694204330444336,35840200
2013-03-01 00:00:00-05:00,22.62889901193223,22.841147174565187,22.465632272474327,22.81665802001953,34849700
2013-03-04 00:00:00-05:00,22.735024263709892,22.97992515563965,22.612573817745012,22.97992515563965,38157500
2013-03-05 00:00:00-05:00,23.09421433005697,23.298298932236865,22.988089464979936,23.1431941986084,41432200
2013-03-06 00:00:00-05:00,23.028909919580634,23.04523706439233,22.67788564838256,22.930950164794922,51448500
2013-03-07 00:00:00-05:00,22.947272548397024,23.08605013641774,22.86563839831862,22.97176170349121,29196700
2013-03-08 00:00:00-05:00,23.061556032725743,23.126863031775688,22.824817188018642,22.857471466064453,37667800
2013-03-11 00:00:00-04:00,22.808491925823066,22.8329810776591,22.5880802170486,22.7513484954834,36627500
2013-03-12 00:00:00-04:00,22.7268607735758,22.81665849422114,22.563592473682803,22.78400421142578,39255200
2013-03-13 00:00:00-04:00,22.75135136733422,22.873801813096108,22.653390076499573,22.79216766357422,29093400
2013-03-14 00:00:00-04:00,22.857474827606588,22.988088844915275,22.800331389664276,22.97176170349121,55914800
2013-03-15 00:00:00-04:00,22.881961705314176,22.988084992703236,22.841143858594045,22.890125274658203,92710300
2013-03-18 00:00:00-04:00,22.75951624662512,23.086052885827282,22.70237280187737,22.939111709594727,44809400
2013-03-19 00:00:00-04:00,22.95544135572724,23.03707396738585,22.88197075960068,23.00442123413086,51901600
2013-03-20 00:00:00-04:00,23.13502907558355,23.257479517268088,23.00441506351446,23.118701934814453,35447800
2013-03-21 00:00:00-04:00,22.947269439697266,23.15135400872469,22.89828802206066,22.947269439697266,34233200
2013-03-22 00:00:00-04:00,23.012576002761413,23.13502643044561,22.93910543474256,23.061555862426758,28720900
2013-03-25 00:00:00-04:00,23.102377399324965,23.143195255850777,22.824822203117495,22.98809051513672,44154000
2013-03-26 00:00:00-04:00,23.053397528536003,23.135031684545616,22.94727421565292,22.98809051513672,27824300
2013-03-27 00:00:00-04:00,22.9717620874739,23.22482811265125,22.9227822194249,23.159521102905273,36047400
2013-03-28 00:00:00-04:00,23.118705052515686,23.396260254853004,23.069725180644998,23.355443954467773,55453800
2013-04-01 00:00:00-04:00,23.379933111882092,23.396260254853004,23.151359338457514,23.355443954467773,29201100
2013-04-02 00:00:00-04:00,23.339113517369753,23.55136167490836,23.281970082078942,23.510543823242188,28456500
2013-04-03 00:00:00-04:00,23.469725681721876,23.632993961454886,23.298295389339756,23.314620971679688,35062800
2013-04-04 00:00:00-04:00,23.175842934301915,23.355438349799858,23.077883214068198,23.347274780273438,45263200
2013-04-05 00:00:00-04:00,23.037067618736565,23.494218214661117,22.947271459250032,23.428911209106445,50927300
2013-04-08 00:00:00-04:00,23.45339627129781,23.45339627129781,23.24114815101402,23.339109420776367,34759500
2013-04-09 00:00:00-04:00,23.453402845728828,24.343211863754306,23.412586546827182,24.171781539916992,77733800
2013-04-10 00:00:00-04:00,24.13912790548643,24.751381747757645,24.09831160548516,24.71872901916504,71116700
2013-04-11 00:00:00-04:00,23.755438492454136,23.83707261204469,23.453392717081485,23.62482452392578,130923200
2013-04-12 00:00:00-04:00,23.551375523641656,23.69015318682734,23.396270710188777,23.502395629882812,62886300
2013-04-15 00:00:00-04:00,23.388093475494987,23.65748506939754,23.2738066044581,23.420747756958008,56332900
2013-04-16 00:00:00-04:00,23.59217526632508,23.788096260748457,23.428908549493094,23.64931869506836,52797300
2013-04-17 00:00:00-04:00,23.551368954795333,23.70647372498706,23.34728430450602,23.53504180908203,52840700
2013-04-18 00:00:00-04:00,23.633009717934897,23.657498886292945,23.265656622136692,23.502395629882812,56906600
2013-04-19 00:00:00-04:00,24.179942518974684,24.686071422082012,24.171778948661103,24.302392959594727,99790700
2013-04-22 00:00:00-04:00,24.735058870313374,25.453437707734118,24.71056970890646,25.1677188873291,137904000
2013-04-23 00:00:00-04:00,25.061589825677828,25.224856573555986,24.80036022639726,24.979955673217773,59126900
2013-04-24 00:00:00-04:00,24.996285028258644,26.057524433074338,24.979957884912654,25.926910400390625,90946600
2013-04-25 00:00:00-04:00,25.886093497735803,26.808556889294074,25.747317445297597,26.0738525390625,110700200
2013-04-26 00:00:00-04:00,26.04119118806883,26.106498189108734,25.673839891110017,25.95139503479004,47799300
2013-04-29 00:00:00-04:00,25.95956282655848,26.677941554962736,25.93507366886788,26.620798110961914,59116400
2013-04-30 00:00:00-04:00,26.579979270114446,27.02896476468018,26.351402401869976,27.02079963684082,75165200
2013-05-01 00:00:00-04:00,26.882032176929215,27.004484220898114,26.612638925831572,26.710601806640625,54330900
2013-05-02 00:00:00-04:00,26.637125761865516,27.077946179119778,26.441203154353687,27.06978416442871,46059500
2013-05-03 00:00:00-04:00,27.12692643618092,27.36366533507667,27.004477536606064,27.339176177978516,46784600
2013-05-06 00:00:00-04:00,27.282021386642008,27.682028478319342,27.143245386194298,27.551414489746094,40978300
2013-05-07 00:00:00-04:00,27.46978922818103,27.584076109349784,27.135090598722265,27.19223403930664,43078300
2013-05-08 00:00:00-04:00,26.99630901931524,27.135088158313234,26.65344840664433,26.93100357055664,51595700
2013-05-09 00:00:00-04:00,26.816720484580213,26.93917251437023,26.604473828906585,26.661617279052734,46417800
2013-05-10 00:00:00-04:00,26.669776677491917,26.710596092806167,26.384059454797203,26.68610382080078,36394900
2013-05-13 00:00:00-04:00,26.620789200512412,26.996304025136123,26.57180778744202,26.96364974975586,36027600
2013-05-14 00:00:00-04:00,27.012978395843106,27.563758850097656,26.963653509345068,27.563758850097656,56870100
2013-05-15 00:00:00-04:00,27.497999068961896,27.867927926304432,27.48155743797773,27.82682228088379,46303900
2013-05-16 00:00:00-04:00,27.65419569412209,28.073449532874466,27.580209907043503,28.015905380249023,59382900
2013-05-17 00:00:00-04:00,28.057002396278858,28.665327072143555,28.032338381475338,28.665327072143555,60666700
2013-05-20 00:00:00-04:00,28.55023925691315,28.85440159982553,28.509136746128327,28.837963104248047,54020800
2013-05-21 00:00:00-04:00,28.854401415460256,28.994153714340385,28.5420198267551,28.64888572692871,48702400
2013-05-22 00:00:00-04:00,28.59956303347697,28.640665542655135,28.24607580988795,28.45159149169922,66047500
2013-05-23 00:00:00-04:00,28.139211579877326,28.402271446619192,27.8679324642652,28.073448181152344,51102700
2013-05-24 00:00:00-04:00,27.884361025682615,28.180304054291017,27.8679225337998,28.17208480834961,33174400
2013-05-28 00:00:00-04:00,28.29538826869049,28.920157492213498,28.28716902392387,28.78862762451172,48212100
2013-05-29 00:00:00-04:00,28.55846136862998,28.788637935569234,28.418709070187916,28.67354965209961,38412200
2013-05-30 00:00:00-04:00,28.648886284366785,28.977712646783633,28.61600615686158,28.796857833862305,51131000
2013-05-31 00:00:00-04:00,28.62421876367538,29.00236679757651,28.599557889787878,28.689985275268555,56165700
2013-06-03 00:00:00-04:00,28.70643365857073,29.290100674353674,28.63245101141615,29.257217407226562,51252600
2013-06-04 00:00:00-04:00,29.281870442910154,29.380520217856187,28.5831184512697,28.763973236083984,65529500
2013-06-05 00:00:00-04:00,28.443367577514078,28.68176650820563,28.303618426645404,28.591339111328125,46025100
2013-06-06 00:00:00-04:00,28.6406645723919,28.862621877539244,28.352943881971445,28.73931121826172,37618500
2013-06-07 00:00:00-04:00,28.97771221299936,29.413404471147043,28.8215214179458,29.32297706604004,40757300
2013-06-10 00:00:00-04:00,29.191443737060144,29.306535143870697,28.887281430289857,29.1585636138916,35994500
2013-06-11 00:00:00-04:00,28.81329555263317,28.920164576293566,28.509133247052237,28.640663146972656,39435900
2013-06-12 00:00:00-04:00,28.887280267600936,28.994149287377823,28.64888135268328,28.772192001342773,37372700
2013-06-13 00:00:00-04:00,28.763976203023663,28.78863708134383,28.435149857792744,28.54201889038086,45654900
2013-06-14 00:00:00-04:00,28.40227063404118,28.51735893045799,28.15565240801645,28.278963088989258,53192600
2013-06-17 00:00:00-04:00,28.517351457542514,28.90372189648354,28.468029706814768,28.772192001342773,49670100
2013-06-18 00:00:00-04:00,28.747529502762124,28.91193951046469,28.689985372882244,28.755748748779297,28616500
2013-06-19 00:00:00-04:00,28.73930669730982,28.846175709477528,28.435144424438477,28.435144424438477,30816200
2013-06-20 00:00:00-04:00,28.163865465511254,28.221412736990178,27.43223019690439,27.530879974365234,54493700
2013-06-21 00:00:00-04:00,27.670631043563215,27.728175183118278,27.169172282365857,27.350027084350586,85338500
2013-06-24 00:00:00-04:00,27.078740674900178,28.114541297828556,26.77457839365546,27.719951629638672,56109000
2013-06-25 00:00:00-04:00,28.01590082895166,28.262519033842448,27.506219651467337,27.678852081298828,44073400
2013-06-26 00:00:00-04:00,28.048772370774266,28.344715380422333,27.859698367036813,28.23784637451172,48665900
2013-06-27 00:00:00-04:00,28.37761284735185,28.59134783030638,28.361171212367466,28.45981788635254,28993100
2013-06-28 00:00:00-04:00,28.262520672183452,28.599566303453763,28.229637406712985,28.39405059814453,65545500
2013-07-01 00:00:00-04:00,28.566676696529957,28.763973109634577,28.221411893497,28.24607276916504,31055400
2013-07-02 00:00:00-04:00,28.28717302529759,28.311833899005272,27.645965221539026,27.900802612304688,37630000
2013-07-03 00:00:00-04:00,27.670636106875882,28.254299992547836,27.621311205694216,27.958356857299805,15994400
2013-07-05 00:00:00-04:00,28.024127443442563,28.147438146262324,27.604876698513973,28.122774124145508,26085900
2013-07-08 00:00:00-04:00,28.237860694600567,28.43515717972622,27.933698285289708,28.22142219543457,32396900
2013-07-09 00:00:00-04:00,28.426923514168827,28.44336200499847,28.065213997523564,28.23784637451172,25318500
2013-07-10 00:00:00-04:00,28.22963068355778,28.616001121015994,28.213189054738276,28.52557373046875,29658800
2013-07-11 00:00:00-04:00,28.77219437235401,29.40518302485624,28.689989357086844,29.33941650390625,53638300
2013-07-12 00:00:00-04:00,29.24899442832037,29.372301960440375,29.00237309223925,29.32297706604004,35501200
2013-07-15 00:00:00-04:00,29.314758157529567,29.775114436165445,29.248994766821923,29.7340087890625,34142600
2013-07-16 00:00:00-04:00,29.602483130809684,29.94775117344248,29.561380613713673,29.816221237182617,36378500
2013-07-17 00:00:00-04:00,29.873756192101997,29.914858696545203,29.175004208807245,29.38051986694336,37285100
2013-07-18 00:00:00-04:00,29.364081289527945,29.503830446341745,28.953049930540917,29.133901596069336,49547100
2013-07-19 00:00:00-04:00,26.6348391233546,26.856793345985594,25.500391447173207,25.812774658203125,248428500
2013-07-22 00:00:00-04:00,26.05938304899605,26.314220428466797,25.977176481707513,26.314220428466797,79040700
2013-07-23 00:00:00-04:00,26.23201913518806,26.338888158149533,26.06760597738275,26.15803337097168,65810400
2013-07-24 00:00:00-04:00,26.338889307836467,26.462196829632678,26.215578650119962,26.273122787475586,52803100
2013-07-25 00:00:00-04:00,25.99362195936177,26.01828283562961,25.689458085724358,25.804546356201172,63213000
2013-07-26 00:00:00-04:00,25.697684425692657,25.993627548217773,25.65658034314171,25.993627548217773,38633600
2013-07-29 00:00:00-04:00,25.870310743365927,25.977179764735222,25.81276660937941,25.9278564453125,28870700
2013-07-30 00:00:00-04:00,26.125155061200243,26.404654956904906,25.9360794348667,26.18269920349121,45799500
2013-07-31 00:00:00-04:00,26.281349830572232,26.34711479855769,26.06761329262936,26.174482345581055,43898400
2013-08-01 00:00:00-04:00,26.355332632085307,26.37999351084573,25.977182955502972,26.034727096557617,42557900
2013-08-02 00:00:00-04:00,26.051174067328873,26.223806525876714,25.95252582818684,26.215585708618164,29199900
2013-08-05 00:00:00-04:00,26.223808396793526,26.306015007283424,26.010071836704068,26.059396743774414,30984000
2013-08-06 00:00:00-04:00,25.93607859663735,26.034726814490995,25.796327869321487,25.96074104309082,36331500
2013-08-07 00:00:00-04:00,25.92785468565559,26.38820772630476,25.689455783365187,26.355327606201172,38078600
2013-08-08 00:00:00-04:00,26.50330639460695,27.185616896753388,26.34711245359743,27.03764533996582,59034400
2013-08-09 00:00:00-04:00,26.938996702068803,27.045865737659312,26.692378504177306,26.881452560424805,26800700
2013-08-12 00:00:00-04:00,26.68414706289931,27.10340067933199,26.68414706289931,27.02119255065918,25493700
2013-08-13 00:00:00-04:00,26.91358221678952,26.946697196315032,26.665226186384704,26.68178367614746,39464100
2013-08-14 00:00:00-04:00,26.607273323251263,27.61725797012102,26.243018066716573,26.7811222076416,48519600
2013-08-15 00:00:00-04:00,26.491370912640196,26.640385126665198,25.53105884337769,26.317522048950195,33338000
2013-08-16 00:00:00-04:00,26.317528498151656,26.483098659523947,26.20990639320098,26.3258056640625,32866300
2013-08-19 00:00:00-04:00,26.29268873566698,26.466537618633726,25.978102786952505,25.98638153076172,27902500
2013-08-20 00:00:00-04:00,26.027777899059867,26.408590678991455,25.96982826550585,26.17679214477539,22979600
2013-08-21 00:00:00-04:00,26.16851234436035,26.499652643020923,26.1105627131443,26.16851234436035,37409100
2013-08-22 00:00:00-04:00,26.648663976970386,26.897023121407447,26.57415686524281,26.81423568725586,31169900
2013-08-23 00:00:00-04:00,29.1156745324851,29.140512343327952,28.147085176097402,28.767976760864258,225493800
2013-08-26 00:00:00-04:00,28.478232736122774,28.701750959906356,28.171923902902495,28.271268844604492,72786800
2013-08-27 00:00:00-04:00,27.74971762454876,28.229872187702686,27.44341196401859,27.534473419189453,58522300
2013-08-28 00:00:00-04:00,27.642092445902996,27.815941329181136,27.319229331809918,27.335786819458008,44257400
2013-08-29 00:00:00-04:00,27.261279993778682,27.81594162480413,27.15365790193125,27.77454948425293,45284700
2013-08-30 00:00:00-04:00,27.625529930855418,27.716594517338695,27.39373146200147,27.650367736816406,42790200
2013-09-03 00:00:00-04:00,26.284414002715398,26.549327528998937,25.903601203435105,26.39203453063965,154507000
2013-09-04 00:00:00-04:00,25.986377675725333,26.052606037365262,25.754579199489932,25.829086303710938,142320600
2013-09-05 00:00:00-04:00,25.746307089045487,26.027778093273056,25.62212907635899,25.853927612304688,71644900
2013-09-06 00:00:00-04:00,25.92015933491293,25.986387722156994,25.771145068861465,25.787702560424805,75434900
2013-09-09 00:00:00-04:00,25.845644991958853,26.31752389582243,25.82908908402327,26.209901809692383,49628500
2013-09-10 00:00:00-04:00,26.408586733966192,26.82251600967987,26.31752371441715,26.81423568725586,56881200
2013-09-11 00:00:00-04:00,26.963247784811145,27.261276208223595,26.93013281376144,27.103984832763672,39087500
2013-09-12 00:00:00-04:00,27.087435089175248,27.13710440192848,26.97981298151265,27.062597274780273,32860200
2013-09-13 00:00:00-04:00,27.128823683402494,27.37717968870254,26.913579496262628,27.344064712524414,40899000
2013-09-16 00:00:00-04:00,27.633817527327686,27.733159303273442,27.095710188086773,27.15365982055664,52839700
2013-09-17 00:00:00-04:00,27.666927459423874,27.708322758093242,27.236445407027155,27.261280059814453,84716500
2013-09-18 00:00:00-04:00,27.310957700482298,27.650378370993668,27.178500930478315,27.584148406982422,64099900
2013-09-19 00:00:00-04:00,27.71659950101777,27.882171219120625,27.584142758139063,27.849056243896484,42026600
2013-09-20 00:00:00-04:00,27.65864755364773,27.7165971764208,27.062590681676017,27.14537811279297,102904900
2013-09-23 00:00:00-04:00,26.938413135532592,27.2943911792733,26.905298164482886,27.103984832763672,39826100
2013-09-24 00:00:00-04:00,27.2115987969665,27.2115987969665,26.61554521668837,26.863901138305664,40685000
2013-09-25 00:00:00-04:00,26.89702179810048,27.153654936300043,26.822514690038577,26.913576126098633,28907500
2013-09-26 00:00:00-04:00,27.021198338690485,27.31922677239947,26.97980620245703,27.128820419311523,28504000
2013-09-27 00:00:00-04:00,27.21989007571846,27.940123485773313,27.2116097521214,27.542753219604492,55348000
2013-09-30 00:00:00-04:00,27.319236356725558,27.57587274423607,27.070880294177243,27.551034927368164,39839500
2013-10-01 00:00:00-04:00,27.608977449351908,27.824221630593495,27.567585309272484,27.799386978149414,36718700
2013-10-02 00:00:00-04:00,27.61726115213505,28.171922844721273,27.55931151732808,28.08085823059082,46946800
2013-10-03 00:00:00-04:00,28.047742637581667,28.147084404174944,27.666926742608112,28.031185150146484,38703800
2013-10-04 00:00:00-04:00,27.89044829084708,28.13880744618151,27.832498663407137,28.04774284362793,33008100
2013-10-07 00:00:00-04:00,27.815937138022456,27.90700172735688,27.48479690900873,27.567581176757812,35069300
2013-10-08 00:00:00-04:00,27.57585848176194,27.592415965103978,27.15365055158262,27.327499389648438,41017600
2013-10-09 00:00:00-04:00,27.377178192138672,27.60897669667847,27.286113591635818,27.377178192138672,35878600
2013-10-10 00:00:00-04:00,27.57586428224228,28.05601876809188,27.534468986171323,27.948396682739258,42875100
2013-10-11 00:00:00-04:00,27.882177399666038,28.262990225103557,27.882177399666038,28.25471305847168,30033300
2013-10-14 00:00:00-04:00,28.06430290620674,28.56101494641541,27.9649579717505,28.519622802734375,27757900
2013-10-15 00:00:00-04:00,28.701743525570738,28.966660143472236,28.536174981656426,28.552732467651367,47097800
2013-10-16 00:00:00-04:00,28.643801142078264,28.892160336746862,28.61068931973835,28.676916122436523,35111600
2013-10-17 00:00:00-04:00,28.51962621500553,28.96666899949128,28.453396250777192,28.908716201782227,31359200
2013-10-18 00:00:00-04:00,28.825920909479546,28.96665795077435,28.420273586371327,28.94182014465332,41811700
2013-10-21 00:00:00-04:00,28.958381130866417,29.140510327028483,28.900431506272614,28.96666145324707,27433500
2013-10-22 00:00:00-04:00,28.99149830393463,29.057725097916016,28.577570577992702,28.627243041992188,40438500
2013-10-23 00:00:00-04:00,28.436831491010132,28.552733898784027,27.873889571036322,27.948396682739258,58600500
2013-10-24 00:00:00-04:00,27.998069387301854,28.22986788883506,27.791105537213568,27.915285110473633,53209700
2013-10-25 00:00:00-04:00,29.703468120607724,30.04288888522643,29.36404735598902,29.579288482666016,113494000
2013-10-28 00:00:00-04:00,29.47993619218904,29.579277972432237,29.19846518315143,29.446821212768555,38383600
2013-10-29 00:00:00-04:00,29.496481064089664,29.570988156904477,29.190172372508272,29.40541648864746,31702200
2013-10-30 00:00:00-04:00,29.413699582182943,29.62894374172581,29.33091531036956,29.421979904174805,36997700
2013-10-31 00:00:00-04:00,29.521329277906716,29.546163934254103,29.25641575014009,29.31436538696289,41682300
2013-11-01 00:00:00-04:00,29.529607009017447,29.546164499571955,29.297808457291147,29.413707733154297,40264600
2013-11-04 00:00:00-05:00,29.46337231034111,29.786235394599405,29.430257338104987,29.75312042236328,28060700
2013-11-05 00:00:00-05:00,29.628950400171572,30.390575977669204,29.61239291048446,30.332626342773438,51681900
2013-11-06 00:00:00-05:00,30.829339938212506,31.640637942110455,30.680325696882466,31.60752296447754,88948800
2013-11-07 00:00:00-05:00,31.42539708346555,31.466789230894257,30.98663463628812,31.044584274291992,60437400
2013-11-08 00:00:00-05:00,31.185315926446147,31.27638053894043,30.912125246981486,31.27638053894043,36737800
2013-11-11 00:00:00-05:00,31.2018657656983,31.27637287056059,30.92039483155381,31.119081497192383,26872500
2013-11-12 00:00:00-05:00,30.94523218293688,31.127358202572072,30.796217975406122,30.928674697875977,31651600
2013-11-13 00:00:00-05:00,30.61409554328039,31.590965270996094,30.547868746461695,31.590965270996094,44957600
2013-11-14 00:00:00-05:00,31.350878048783763,31.566122186499374,31.226701653656036,31.47505760192871,46183700
2013-11-15 00:00:00-05:00,31.41710484340618,31.475054453606095,31.226698530175465,31.326040267944336,50601300
2013-11-18 00:00:00-05:00,30.92039910669543,31.110808635016937,30.688600596415824,30.796222686767578,53277500
2013-11-19 00:00:00-05:00,30.737833983693907,31.0548057673849,30.587689622049144,30.646081924438477,44275000
2013-11-20 00:00:00-05:00,30.796215420692125,31.204942343632688,30.746169433942242,30.92967987060547,32229900
2013-11-21 00:00:00-05:00,31.08817690000922,31.30505035625427,31.079833777479262,31.19661521911621,23064700
2013-11-22 00:00:00-05:00,31.305043305161465,31.430164659177333,31.138219075764592,31.338409423828125,27982000
2013-11-25 00:00:00-05:00,31.63869291298796,31.655375969571473,31.338404258420056,31.396793365478516,30646800
2013-11-26 00:00:00-05:00,31.33840623449311,31.405138465035034,31.1548957824707,31.154895782470703,34465300
2013-11-27 00:00:00-05:00,31.33840702709121,31.49689130568477,31.271677976829487,31.36343002319336,26002100
2013-11-29 00:00:00-05:00,31.546945968817298,31.938989946459866,31.546945968817298,31.80552864074707,22090400
2013-12-02 00:00:00-05:00,31.77215246277125,32.3477035648736,31.747129470235173,32.07244110107422,42950400
2013-12-03 00:00:00-05:00,31.813855497469905,32.105804171262314,31.76380951713828,31.955659866333008,52109800
2013-12-04 00:00:00-05:00,31.87225333161692,32.51453677164133,31.797181158575935,32.481170654296875,51983600
2013-12-05 00:00:00-05:00,32.406104684745706,32.43113086852885,31.013102429617568,31.697092056274414,116305000
2013-12-06 00:00:00-05:00,32.047436766247806,32.155875111081855,31.688761961586906,31.997390747070312,36457300
2013-12-09 00:00:00-05:00,32.164207525858565,32.42278702409544,32.005720032649,32.28932571411133,30286000
2013-12-10 00:00:00-05:00,32.20590430407291,32.44780385304787,31.713765268764536,31.788837432861328,37828600
2013-12-11 00:00:00-05:00,31.747133612973478,31.9473239433203,31.18826231165542,31.37177276611328,39853400
2013-12-12 00:00:00-05:00,31.39680734780818,31.39680734780818,31.013106421412097,31.046472549438477,36012800
2013-12-13 00:00:00-05:00,31.21329912373176,31.238325312578667,30.545992423918744,30.604381561279297,40066100
2013-12-16 00:00:00-05:00,30.6377350803306,30.862951595430715,30.479250798727417,30.771196365356445,31734200
2013-12-17 00:00:00-05:00,30.812908757129797,30.95471319148953,30.304089690930716,30.462574005126953,45687700
2013-12-18 00:00:00-05:00,30.32911233751243,30.52930271289314,29.63677959956325,30.512622833251953,63192100
2013-12-19 00:00:00-05:00,30.454233458479425,30.48759958491127,30.095558736228448,30.23736000061035,34160100
2013-12-20 00:00:00-05:00,30.19564599351823,30.804563321922412,30.18730287311964,30.696125030517578,62649100
2013-12-23 00:00:00-05:00,30.704469837437188,30.771198894450574,30.48759324271502,30.545982360839844,25128700
2013-12-24 00:00:00-05:00,30.62939122223569,31.00474885073029,30.562658997279016,30.92967987060547,14243000
2013-12-26 00:00:00-05:00,31.02979006081774,31.271689720540955,31.004763873349333,31.22998046875,17612800
2013-12-27 00:00:00-05:00,31.34674649504381,31.380109425303733,31.004748617663147,31.104846954345703,14563000
2013-12-30 00:00:00-05:00,31.046457848931343,31.17991911587382,30.779535315046395,31.104846954345703,16290500
2013-12-31 00:00:00-05:00,31.196606579692922,31.346750923962748,31.0464622354231,31.204946517944336,17503500
2014-01-02 00:00:00-05:00,31.154906141244943,31.196615390185602,30.946372624417414,30.996421813964844,30632200
2014-01-03 00:00:00-05:00,31.02978721074704,31.046470273537256,30.529304872947115,30.787887573242188,31134800
2014-01-06 00:00:00-05:00,30.73783471592921,30.771200837526983,30.120577376212832,30.13726043701172,43603700
2014-01-07 00:00:00-05:00,30.304078606859946,30.43753987051773,30.20398027264097,30.370807647705078,35802800
2014-01-08 00:00:00-05:00,30.028822087354225,30.145600330801198,29.6784873570133,29.828628540039062,59971700
2014-01-09 00:00:00-05:00,29.928728592203623,29.95375159379075,29.52834465696625,29.63677978515625,36516300
2014-01-10 00:00:00-05:00,29.945416555074203,30.153950087680656,29.82029516272266,30.06219482421875,40548800
2014-01-13 00:00:00-05:00,30.020472478651172,30.045495470767726,29.052877539212474,29.177995681762695,45901900
2014-01-14 00:00:00-05:00,28.969464690014092,29.928719773127348,28.886052587990214,29.845304489135742,41623300
2014-01-15 00:00:00-05:00,29.94541477364108,30.68779359644135,29.903705524025696,30.66276741027832,44812600
2014-01-16 00:00:00-05:00,30.604368963582132,30.862951595430715,30.28740040037577,30.771196365356445,38018700
2014-01-17 00:00:00-05:00,30.72116525481831,30.72116525481831,30.15395372318549,30.34580421447754,46267500
2014-01-21 00:00:00-05:00,30.712816008857207,30.712816008857207,30.07887551972758,30.17062759399414,31567300
2014-01-22 00:00:00-05:00,30.245692898187887,30.295742076181146,29.82028602213395,29.970430374145508,21904300
2014-01-23 00:00:00-05:00,30.103893773078713,30.137259894075385,29.6284376857657,30.07887077331543,43954000
2014-01-24 00:00:00-05:00,31.238314862042785,31.321726978376034,30.470910027510143,30.704469680786133,76395500
2014-01-27 00:00:00-05:00,30.75451512791932,30.771198187281335,30.01213648713473,30.053842544555664,44420800
2014-01-28 00:00:00-05:00,30.12892409329604,30.354140691792,29.82029535401011,30.254045486450195,36205500
2014-01-29 00:00:00-05:00,30.012138195106893,30.76285999927971,29.94540913582953,30.579349517822266,52745900
2014-01-30 00:00:00-05:00,30.68778855183938,30.762860734049756,30.22067239786719,30.746177673339844,35036300
2014-01-31 00:00:00-05:00,30.821237398239692,31.60532184288402,30.495925800801803,31.563615798950195,93162300
2014-02-03 00:00:00-05:00,31.48020953948799,31.688742979733235,30.387493167094508,30.42919921875,64063100
2014-02-04 00:00:00-05:00,30.837922066376176,31.021429305683878,30.237344819997702,30.320756912231445,54697900
2014-02-05 00:00:00-05:00,30.270725201526506,30.42086958391024,29.861998120155487,29.878681182861328,55814400
2014-02-06 00:00:00-05:00,29.86199284340521,30.237353733036564,29.77023760572107,30.178964614868164,35351800
2014-02-07 00:00:00-05:00,30.295743805976848,30.52096034685337,30.037161144533048,30.49593734741211,33260500
2014-02-10 00:00:00-05:00,30.55432380342274,30.696125030517578,30.270718167264942,30.696125030517578,26767000
2014-02-11 00:00:00-05:00,30.762866181330164,31.079834845039787,30.746183117666128,31.004762649536133,32141400
2014-02-12 00:00:00-05:00,31.15489319387614,31.363426624041224,31.11318714423665,31.25499153137207,27051800
2014-02-13 00:00:00-05:00,31.13821632005268,31.58030621637251,31.13821632005268,31.37177276611328,37635500
2014-02-14 00:00:00-05:00,31.18825751673166,31.513569140007352,31.138211532823057,31.380107879638672,31407500
2014-02-18 00:00:00-05:00,31.623824054802707,31.749880421860603,31.438937536124065,31.44734001159668,32834000
2014-02-19 00:00:00-05:00,31.279269441950092,31.724674441354292,31.270863759416855,31.522979736328125,29750400
2014-02-20 00:00:00-05:00,31.573405896827335,31.825521887175775,31.43054134443376,31.72467613220215,27526100
2014-02-21 00:00:00-05:00,31.88435814197616,32.22891751061674,31.817128687666376,31.9179744720459,38021300
2014-02-24 00:00:00-05:00,31.674240112304688,31.917953536711444,31.54818376596944,31.674240112304688,32085100
2014-02-25 00:00:00-05:00,31.607025663920076,31.808717195862293,31.388522764182056,31.548198699951172,30736500
2014-02-26 00:00:00-05:00,31.581809803995213,31.71627187167563,31.25405550855991,31.48936653137207,41041800
2014-02-27 00:00:00-05:00,31.472554668099455,31.84232450924432,31.287668144612926,31.817113876342773,33903400
2014-02-28 00:00:00-05:00,31.917963606590988,32.32134981261877,31.78350153791506,32.19529342651367,41215000
2014-03-03 00:00:00-05:00,31.867541384120646,32.044025466484435,31.50617715371378,31.749887466430664,29717500
2014-03-04 00:00:00-05:00,32.10285034219218,32.33815816230313,31.9935989089284,32.27933120727539,26802400
2014-03-05 00:00:00-05:00,32.14486029860141,32.161668453391506,31.87593623361527,32.02720642089844,20520100
2014-03-06 00:00:00-05:00,32.05243110799664,32.136471918806464,31.842333889715768,32.06083679199219,23582200
2014-03-07 00:00:00-05:00,32.17009361083131,32.237326277397095,31.674263915313595,31.85074806213379,26591600
2014-03-10 00:00:00-04:00,31.926364586893964,31.943169537903323,31.699459278330178,31.783496856689453,19006600
2014-03-11 00:00:00-04:00,31.82551665554384,32.12805707656042,31.699460284005752,31.951576232910156,25216400
2014-03-12 00:00:00-04:00,31.766694570108378,32.29614038792832,31.758292093050983,32.161678314208984,30494100
2014-03-13 00:00:00-04:00,32.28773983620051,32.3129536830371,31.632237523375107,31.842334747314453,32169700
2014-03-14 00:00:00-04:00,31.64062892042947,32.052417498145154,31.52297183525436,31.682647705078125,27195600
2014-03-17 00:00:00-04:00,31.85073309266645,32.27932992018294,31.75828982250073,31.976789474487305,20479600
2014-03-18 00:00:00-04:00,32.15327113002868,33.53151132858523,32.11965801753984,33.23737335205078,64063900
2014-03-19 00:00:00-04:00,33.170153630268125,33.23738308075268,32.69953465355827,33.0020751953125,35597200
2014-03-20 00:00:00-04:00,32.98525810639685,34.16180362691826,32.9768556295458,33.892879486083984,59269800
2014-03-21 00:00:00-04:00,34.22063415732804,34.40551751982313,33.62395565205376,33.75001525878906,80721800
2014-03-24 00:00:00-04:00,33.901277844598994,34.15339379527543,33.49789168235104,34.03573989868164,46098400
2014-03-25 00:00:00-04:00,34.170192035486075,34.44752174482001,33.58191951742431,33.901268005371094,43193100
2014-03-26 00:00:00-04:00,34.018931020737064,34.21222001902312,33.27938813603047,33.439064025878906,41977500
2014-03-27 00:00:00-04:00,33.39706559594713,33.5903547120688,33.06090866001285,33.07771682739258,35369200
2014-03-28 00:00:00-04:00,33.439067506061576,34.15339662649879,33.34662423512366,33.8676643371582,43472700
2014-03-31 00:00:00-04:00,33.97692889948118,34.87614490935232,33.95171825432789,34.447547912597656,46886300
2014-04-01 00:00:00-04:00,34.582008164075475,34.95177816496995,34.51477550618762,34.80891036987305,32605000
2014-04-02 00:00:00-04:00,34.825711415693945,35.01059798126369,34.59880605044805,34.75007629394531,28666700
2014-04-03 00:00:00-04:00,34.69965507372361,34.69965507372361,34.212228020357834,34.4643440246582,30139600
2014-04-04 00:00:00-04:00,34.66603147378876,34.78368537070668,33.31300524757624,33.50629425048828,51409600
2014-04-07 00:00:00-04:00,33.58193752049139,33.84245921687878,33.39705415431459,33.44747543334961,37559600
2014-04-08 00:00:00-04:00,33.405456027806096,33.55672627383229,32.94324281198338,33.46428298950195,35918600
2014-04-09 00:00:00-04:00,33.55672546668468,34.07776563167056,33.51470666731676,34.010536193847656,27398700
2014-04-10 00:00:00-04:00,33.98533542508694,34.195432708588335,32.85081137651145,33.07771682739258,45960800
2014-04-11 00:00:00-04:00,32.77515642594088,33.43906421012152,32.77515642594088,32.951637268066406,34330200
2014-04-14 00:00:00-04:00,32.86759898771568,33.11971492907204,32.69111814934904,32.92642593383789,32006600
2014-04-15 00:00:00-04:00,33.06090857127627,33.58194893532881,32.817194953669556,33.40546798706055,33968700
2014-04-16 00:00:00-04:00,33.6659736365351,33.96851088606738,33.53991404485855,33.95170593261719,30615800
2014-04-17 00:00:00-04:00,33.62394714355469,33.783623032457484,33.203752835205286,33.62394714355469,36688400
2014-04-21 00:00:00-04:00,33.72478892261462,33.74159707607792,33.43905672539338,33.56511306762695,22221200
2014-04-22 00:00:00-04:00,33.58194099823372,33.73321126266238,33.47269274512475,33.607154846191406,27056700
2014-04-23 00:00:00-04:00,33.60715310605799,33.60715310605799,33.17015049876143,33.35503387451172,24602800
2014-04-24 00:00:00-04:00,33.3970485401628,33.590337557572276,33.02727545831119,33.497894287109375,42381600
2014-04-25 00:00:00-04:00,33.859254081833846,34.187005090168455,33.40544351375772,33.5399055480957,56876800
2014-04-28 00:00:00-04:00,33.73321890030196,34.69966767454281,33.69120008529803,34.346702575683594,50610200
2014-04-29 00:00:00-04:00,34.53998086175809,34.615615987387066,33.94330554059007,34.044151306152344,29636200
2014-04-30 00:00:00-04:00,33.95170593261719,34.0357435231825,33.75841370382551,33.95170593261719,35458700
2014-05-01 00:00:00-04:00,33.81724187382133,33.91808761772991,33.573528387366245,33.61554718017578,28787400
2014-05-02 00:00:00-04:00,33.87607729426677,33.90128793508972,33.32982323368877,33.35503387451172,43416600
2014-05-05 00:00:00-04:00,33.21215930597305,33.31300504474177,33.0272727800402,33.13652420043945,22460900
2014-05-06 00:00:00-04:00,33.01886575734468,33.06928701687161,32.73313353199012,32.82557678222656,27112400
2014-05-07 00:00:00-04:00,32.96005284072071,33.203763179056175,32.363374300554,33.12812805175781,41744500
2014-05-08 00:00:00-04:00,33.06089517324543,33.531514050404475,32.74995221814098,33.313011169433594,32120400
2014-05-09 00:00:00-04:00,33.22896194458008,33.48948032695015,33.08609423304333,33.22896194458008,29647600
2014-05-12 00:00:00-04:00,33.39705821662601,33.632366096288955,33.32142308304443,33.59034729003906,22782600
2014-05-13 00:00:00-04:00,33.78499024148002,34.27585590032333,33.72574827968097,34.20814895629883,27004800
2014-05-14 00:00:00-04:00,34.10657835119953,34.23352720708149,33.89499907702529,34.05580139160156,18818700
2014-05-15 00:00:00-04:00,33.928872456417274,34.191232072672506,33.43800670247757,33.51417541503906,37793200
2014-05-16 00:00:00-04:00,33.573425469625995,33.71730117396068,33.23490028776978,33.708839416503906,29867100
2014-05-19 00:00:00-04:00,33.522648379975436,33.700374342116774,33.39569941933381,33.64113235473633,24537400
2014-05-20 00:00:00-04:00,33.58187484741211,33.80191595192607,33.39568398543859,33.58187484741211,21320900
2014-05-21 00:00:00-04:00,33.683429008360136,34.148902893066406,33.63265203488508,34.148902893066406,22398700
2014-05-22 00:00:00-04:00,34.09811155592225,34.14888850800775,33.72573002226569,33.93730926513672,20201800
2014-05-23 00:00:00-04:00,34.165829667944465,34.165829667944465,33.85269316017726,33.95425033569336,18020000
2014-05-27 00:00:00-04:00,34.07274600351915,34.07274600351915,33.69190565679678,34.01350402832031,26160600
2014-05-28 00:00:00-04:00,33.97117479830448,34.013490016236545,33.700353529406286,33.86115264892578,25711500
2014-05-29 00:00:00-04:00,33.97963137070963,34.148892200554336,33.776513855075244,34.14043045043945,19888200
2014-05-30 00:00:00-04:00,34.2335453465535,34.6736308574391,34.06428119183669,34.64823913574219,34567600
2014-06-02 00:00:00-04:00,34.65669283002054,34.77517673119368,34.428186779853405,34.52128219604492,18504300
2014-06-03 00:00:00-04:00,34.36047791563501,34.42818484303593,34.06426817936594,34.098121643066406,18068900
2014-06-04 00:00:00-04:00,34.030428264140006,34.16583894440868,33.734218409941434,34.1235237121582,23209000
2014-06-05 00:00:00-04:00,34.35201609995463,34.91058533619601,34.191216990342895,34.876731872558594,31865200
2014-06-06 00:00:00-04:00,35.105255126953125,35.25759255959198,34.90214070239836,35.105255126953125,24060500
2014-06-09 00:00:00-04:00,35.02908941703855,35.10525813989523,34.71595276904812,34.92753219604492,15019200
2014-06-10 00:00:00-04:00,34.724411112871074,34.834433308061186,34.58053866630715,34.792118072509766,15117700
2014-06-11 00:00:00-04:00,34.63977403814199,34.758257966476734,34.50436337312443,34.58053207397461,18040000
2014-06-12 00:00:00-04:00,34.53822721152663,34.59746919347272,34.09814161103719,34.34357452392578,29818900
2014-06-13 00:00:00-04:00,34.7836317419583,35.1814018146142,34.58051744458254,34.893653869628906,26310000
2014-06-16 00:00:00-04:00,34.7328718391623,35.21527256789135,34.7328718391623,35.12217712402344,24205300
2014-06-17 00:00:00-04:00,34.94443860304107,35.469154372690056,34.14043660262222,35.27450180053711,22518600
2014-06-18 00:00:00-04:00,35.21526914724801,35.325291318263524,34.85135239026539,35.249122619628906,27097000
2014-06-19 00:00:00-04:00,35.181418334969486,35.350682481227395,34.978303942216044,35.130638122558594,19828200
2014-06-20 00:00:00-04:00,35.07984922838416,35.40145067424049,35.02060728157431,35.27450180053711,47764900
2014-06-23 00:00:00-04:00,35.316828508204075,35.545334618162805,35.282975033740925,35.53687286376953,18743900
2014-06-24 00:00:00-04:00,35.40147008657913,35.49456231943876,35.17296392567844,35.333763122558594,26509100
2014-06-25 00:00:00-04:00,35.29143381378825,35.58764359216671,35.08831623115414,35.570716857910156,20049100
2014-06-26 00:00:00-04:00,35.486090756936605,35.49455251087798,35.062932034081115,35.30836486816406,23604400
2014-06-27 00:00:00-04:00,35.215273337379465,35.79076952255158,35.130639646356975,35.75691604614258,74640000
2014-06-30 00:00:00-04:00,35.68920221326637,35.7230556831492,35.29143524169922,35.29143524169922,30793100
2014-07-01 00:00:00-04:00,35.426852423658474,35.67228528288716,35.28297676435556,35.4353141784668,26917000
2014-07-02 00:00:00-04:00,35.316836747051575,35.46071243286133,35.14757256369425,35.46071243286133,20208100
2014-07-03 00:00:00-04:00,35.46918267325744,35.53688965417381,35.17297270286468,35.3760871887207,15969300
2014-07-07 00:00:00-04:00,35.33375524543565,35.64689181310724,35.2999017709725,35.53687286376953,21952400
2014-07-08 00:00:00-04:00,35.43531864952756,35.54534084658891,35.21527748385044,35.35914993286133,31218200
2014-07-09 00:00:00-04:00,35.528396487592445,35.536861467716164,35.1475530931244,35.26603698730469,18445900
2014-07-10 00:00:00-04:00,35.01214155416668,35.545322292518755,34.7413203092611,35.282962799072266,21854700
2014-07-11 00:00:00-04:00,35.291442410016884,35.62150573730469,35.10525151628726,35.62150573730469,24083000
2014-07-14 00:00:00-04:00,35.73153677375691,35.92618947067191,35.5791993190502,35.6638298034668,21881100
2014-07-15 00:00:00-04:00,35.82461317618534,35.94309708268444,35.570715401179484,35.926170349121094,28748700
2014-07-16 00:00:00-04:00,35.97695411282008,37.50032813664882,35.95156562190458,37.3056755065918,63318000
2014-07-17 00:00:00-04:00,38.46513734429428,38.685178509952856,37.44955553164529,37.6865234375,82180300
2014-07-18 00:00:00-04:00,37.78807587216883,37.94887502729374,37.44954759686442,37.82192611694336,43407500
2014-07-21 00:00:00-04:00,37.71191135997926,38.21970060088669,37.424163262546315,37.94887924194336,37604400
2014-07-22 00:00:00-04:00,38.08429450993353,38.211243449678236,37.73730440020307,37.94042205810547,43095800
2014-07-23 00:00:00-04:00,38.46512403333739,38.46512403333739,37.76267908628584,37.97425842285156,52362900
2014-07-24 00:00:00-04:00,38.02504720052952,38.08428916985145,37.50879298634252,37.576499938964844,30725300
2014-07-25 00:00:00-04:00,37.49186105344751,37.79653584114289,37.49186105344751,37.66112518310547,26737700
2014-07-28 00:00:00-04:00,37.54265264115631,37.66959835554719,37.17873578203349,37.212589263916016,29684200
2014-07-29 00:00:00-04:00,37.16180512660944,37.31414255058843,36.93329899064095,37.14487838745117,27763100
2014-07-30 00:00:00-04:00,37.297204826598396,37.32259331363564,36.637078336074524,36.882511138916016,31921400
2014-07-31 00:00:00-04:00,36.71325233679616,36.97560868332028,36.45935774436044,36.527061462402344,31537500
2014-08-01 00:00:00-04:00,36.56936493697319,36.603218399336676,36.053110935483545,36.273155212402344,31170300
2014-08-04 00:00:00-04:00,36.36626693254912,36.78942571657805,36.23085625079767,36.70479202270508,34277400
2014-08-05 00:00:00-04:00,36.65401084632871,36.780956529963966,36.24777884749499,36.45935821533203,26266400
2014-08-06 00:00:00-04:00,36.17161178588867,36.53552534489818,35.72306131039515,36.17161178588867,24634000
2014-08-07 00:00:00-04:00,36.25623663507624,36.772490752668986,36.09543749535251,36.586299896240234,30314900
2014-08-08 00:00:00-04:00,36.58630157536313,36.662470272084775,36.31548026000724,36.5609130859375,28942700
2014-08-11 00:00:00-04:00,36.61169006478877,36.77249244033709,36.40857569249422,36.5609130859375,20351600
2014-08-12 00:00:00-04:00,36.42550551089788,36.890979484280415,36.39165203650223,36.83173751831055,21431100
2014-08-13 00:00:00-04:00,36.96714722830876,37.39030596194009,36.83173656268453,37.3056755065918,22889500
2014-08-14 00:00:00-04:00,37.305677276262124,37.59342212947406,37.24643208057399,37.46647644042969,19313200
2014-08-15 00:00:00-04:00,37.728836899351286,37.99965824968723,37.57649948623167,37.90656280517578,41611300
2014-08-18 00:00:00-04:00,38.033500166603986,38.17737579345703,37.81345907831893,38.17737579345703,26891100
2014-08-19 00:00:00-04:00,38.29660978644597,38.61170216650286,38.17738581824117,38.603187561035156,28139500
2014-08-20 00:00:00-04:00,38.611711713715884,38.66280910498502,38.23700725690638,38.27958679199219,24770500
2014-08-21 00:00:00-04:00,38.18589981133871,38.535057104886114,38.17738520600755,38.5095100402832,22285500
2014-08-22 00:00:00-04:00,38.6201928707535,38.72238756477676,38.381745081914175,38.44987487792969,18294500
2014-08-25 00:00:00-04:00,38.66280589674134,38.69686757281737,38.35622807178693,38.46693420410156,16910000
2014-08-26 00:00:00-04:00,38.586145353704346,38.66278977798942,38.27104980463866,38.33066177368164,14873100
2014-08-27 00:00:00-04:00,38.23699516659719,38.32215420984202,38.11776795800146,38.21144485473633,21287900
2014-08-28 00:00:00-04:00,38.10926132486099,38.305129764183505,37.99003733993511,38.219970703125,17657600
2014-08-29 00:00:00-04:00,38.39880911815369,38.6968690993899,38.20294066639702,38.6883544921875,21607600
2014-09-02 00:00:00-04:00,38.6883375138126,38.71388457281862,38.194406048971366,38.3987922668457,22976800
2014-09-03 00:00:00-04:00,37.921903792570234,38.415835394629845,37.921903792570234,38.28809356689453,33684500
2014-09-04 00:00:00-04:00,38.10073298653538,38.552081694975385,38.08370053074025,38.54356384277344,26475500
2014-09-05 00:00:00-04:00,38.41583619564744,39.11415083831271,38.41583619564744,39.09711837768555,36939400
2014-09-08 00:00:00-04:00,39.19078300446769,39.85503251770333,39.16523594583822,39.574005126953125,45736700
2014-09-09 00:00:00-04:00,39.574013723505445,39.99981545240528,39.53143095172796,39.82097625732422,40302400
2014-09-10 00:00:00-04:00,39.872070478150135,39.97426197538633,39.41220386767358,39.889102935791016,27302400
2014-09-11 00:00:00-04:00,39.80394085751446,40.02535629272461,39.574007569829575,40.02535629272461,29216400
2014-09-12 00:00:00-04:00,39.948698989693824,40.042375845074574,39.684700874403326,39.76986312866211,38244700
2014-09-15 00:00:00-04:00,39.63362752458704,39.77839855972452,39.258919906848554,39.37814712524414,37667600
2014-09-16 00:00:00-04:00,39.50588388754897,39.89762069847057,39.42072484121276,39.82097625732422,27910600
2014-09-17 00:00:00-04:00,39.39516990029232,39.761359604015084,39.3696228391146,39.6165885925293,38311900
2014-09-18 00:00:00-04:00,39.67619752320188,39.88058374276749,39.56548818557848,39.75284194946289,35556600
2014-09-19 00:00:00-04:00,39.863551675665015,40.51076875481562,39.68471251357355,40.46818923950195,202522400
2014-09-22 00:00:00-04:00,40.28084864647613,40.34897849214492,40.00833576102066,40.07646560668945,38686100
2014-09-23 00:00:00-04:00,39.897608669074735,40.00831799481972,39.57400179167926,39.6506462097168,33430300
2014-09-24 00:00:00-04:00,39.7102646333642,40.11903384652066,39.463298885225214,40.09348678588867,26582700
2014-09-25 00:00:00-04:00,39.9231639862582,40.10199990126137,39.1992992253363,39.20781707763672,33077400
2014-09-26 00:00:00-04:00,39.11413808117789,39.70174316242316,38.969363837370175,39.52290725708008,27078800
2014-09-29 00:00:00-04:00,39.15672511796562,39.6506566641298,38.969371324784824,39.5484619140625,26091000
2014-09-30 00:00:00-04:00,39.48884602492317,39.58252291223993,39.18226830228975,39.48033142089844,33033100
2014-10-01 00:00:00-04:00,39.40369252964552,39.62510800011369,39.0460173867546,39.088600158691406,38088400
2014-10-02 00:00:00-04:00,39.02898702488519,39.25891709379173,38.86718029296147,38.9693717956543,25119400
2014-10-03 00:00:00-04:00,39.156727455727,39.42924030829103,38.841635079064105,39.250404357910156,32453200
2014-10-06 00:00:00-04:00,39.27595142264758,39.42924030829103,39.1056300776427,39.250404357910156,20604000
2014-10-07 00:00:00-04:00,39.054540720135904,39.11415271088002,38.67983306561876,38.77350997924805,25723700
2014-10-08 00:00:00-04:00,38.73092132194345,39.93168195746973,38.61169736855361,39.83800506591797,33031000
2014-10-09 00:00:00-04:00,39.599552494812094,39.855032828927854,38.9523354318116,39.0460090637207,34422800
2014-10-10 00:00:00-04:00,38.83312257642026,39.275956835013304,37.42797859586743,37.4961051940918,51978100
2014-10-13 00:00:00-04:00,37.3172601828119,37.947448118991296,37.03623275419518,37.172489166259766,37100200
2014-10-14 00:00:00-04:00,37.35985128024612,37.794170961715956,37.09585622740183,37.24062728881836,38115700
2014-10-15 00:00:00-04:00,36.61894352836009,36.95106831035151,35.85249922483457,36.806297302246094,60218700
2014-10-16 00:00:00-04:00,36.21869422067936,36.687078723943294,35.95469922641358,36.39753341674805,49040400
2014-10-17 00:00:00-04:00,36.789270605165214,37.419455354625136,36.44011331192135,37.155460357666016,40683300
2014-10-20 00:00:00-04:00,36.670037682589026,37.58976751756095,36.457136866790776,37.538673400878906,34527900
2014-10-21 00:00:00-04:00,37.777136438678895,38.305129764183505,37.632362136547506,38.219970703125,36433800
2014-10-22 00:00:00-04:00,38.32214825384772,38.38176022457612,37.666413327226614,37.79415512084961,33570900
2014-10-23 00:00:00-04:00,37.998541162593675,38.70537351349771,37.92189672994877,38.33918380737305,45451900
2014-10-24 00:00:00-04:00,39.880592692679656,39.94020467663746,38.47544564542415,39.28446960449219,61076700
2014-10-27 00:00:00-04:00,38.9267970200236,39.25892188072907,38.9267970200236,39.09711837768555,30371300
2014-10-28 00:00:00-04:00,39.05453430249401,39.599559984655876,38.97788986290192,39.59104537963867,29049800
2014-10-29 00:00:00-04:00,39.54846662891529,39.769885365182084,39.46330757564939,39.70175552368164,30276100
2014-10-30 00:00:00-04:00,39.446260926680175,39.446260926680175,38.9778798049724,39.21632766723633,30073900
2014-10-31 00:00:00-04:00,39.97425878939958,39.999809098129084,39.58252204070837,39.9827766418457,35849700
2014-11-03 00:00:00-05:00,39.93168512937761,40.41709883451379,39.79542870773604,40.40006637573242,23130400
2014-11-04 00:00:00-05:00,40.280835608587054,40.64702528900584,40.2382560931309,40.51076889038086,21530800
2014-11-05 00:00:00-05:00,40.7066350264489,40.791797301296434,40.24676848809806,40.75773239135742,22449600
2014-11-06 00:00:00-05:00,40.75773280840067,41.60933607393814,40.69812083970174,41.473079681396484,33037800
2014-11-07 00:00:00-05:00,41.66043385528878,41.66043385528878,41.1239260898062,41.456050872802734,28000600
2014-11-10 00:00:00-05:00,41.43051609631855,41.85631789279208,41.3453537878579,41.6348991394043,36370100
2014-11-11 00:00:00-05:00,41.60082261507908,41.685984899791094,41.43050454287304,41.617855072021484,23445200
2014-11-12 00:00:00-05:00,41.353867242497635,41.660441774503326,41.31980232273826,41.54121780395508,22722100
2014-11-13 00:00:00-05:00,41.56676102442848,42.282107974248696,41.48159873956357,42.248043060302734,26210400
2014-11-14 00:00:00-05:00,42.358763921021094,42.622758954343546,42.06070071588268,42.22250747680664,29081700
2014-11-17 00:00:00-05:00,42.0777131541337,42.33319345938518,41.84777990482486,42.12029266357422,30318600
2014-11-18 00:00:00-05:00,42.103155669877495,42.27455121380308,41.73465639462183,41.76893615722656,23995500
2014-11-19 00:00:00-05:00,41.70039384786865,41.77752171102222,41.074802633000665,41.323326110839844,26177500
2014-11-20 00:00:00-05:00,41.134778265437596,41.73466110229492,41.02337065895447,41.73466110229492,21510600
2014-11-21 00:00:00-05:00,42.00889582911722,42.03460402133907,40.76628198918168,41.11764144897461,42884800
2014-11-24 00:00:00-05:00,41.126211703810604,41.134780011242896,40.612024992210905,40.78342056274414,35434200
2014-11-25 00:00:00-05:00,40.84341177552709,41.109075094470455,40.66344788322619,40.68058776855469,28008000
2014-11-26 00:00:00-05:00,40.69773547147908,41.12622287970265,40.51776827550956,40.92054748535156,27163600
2014-11-28 00:00:00-05:00,41.09193791118741,41.306181588233116,40.800566379641275,40.971961975097656,21534400
2014-12-01 00:00:00-05:00,41.03195527141918,41.803230647479616,40.88626785217808,41.666114807128906,31191600
2014-12-02 00:00:00-05:00,41.85463145514402,42.034595301562135,41.3061683408614,41.52898025512695,25773500
2014-12-03 00:00:00-05:00,41.51183903365033,41.56325867486562,40.971947511830415,41.203330993652344,23534800
2014-12-04 00:00:00-05:00,41.46900172428826,42.0431764249578,41.306177721850005,41.85464096069336,30320400
2014-12-05 00:00:00-05:00,41.83749632005576,41.96604380727803,41.46042870348799,41.49470520019531,27313400
2014-12-08 00:00:00-05:00,41.35759304872733,41.43472089403421,40.663445710064124,40.877689361572266,26663100
2014-12-09 00:00:00-05:00,40.37207315492354,41.06622047539016,40.320653503033995,40.78342056274414,24330500
2014-12-10 00:00:00-05:00,40.774854986379644,40.84341125772562,40.020716386980965,40.19211196899414,30431800
2014-12-11 00:00:00-05:00,40.34636785193284,40.91197098681513,40.003576686325886,40.423492431640625,29060400
2014-12-12 00:00:00-05:00,40.089271264849856,40.903397799289806,39.995003534564354,40.23495864868164,34248400
2014-12-15 00:00:00-05:00,40.44920922058237,40.85198513374696,39.89217432039191,39.99501037597656,29247800
2014-12-16 00:00:00-05:00,39.33513228750045,39.712199904331754,38.675261506221865,38.70096969604492,47801400
2014-12-17 00:00:00-05:00,38.606702592183986,39.37798099019858,38.47815837191386,39.19801712036133,34970900
2014-12-18 00:00:00-05:00,39.917872001594986,40.723426818847656,39.712196692350616,40.723426818847656,40105600
2014-12-19 00:00:00-05:00,40.81769467471564,41.22047045019421,40.42348393638393,40.84340286254883,64551200
2014-12-22 00:00:00-05:00,40.946245872932,41.237617371474826,40.886257911681895,41.11764144897461,26566000
2014-12-23 00:00:00-05:00,41.45186053721191,41.82035987718926,41.246188463656296,41.52042007446289,23648100
2014-12-24 00:00:00-05:00,41.68324808395363,41.68324808395363,41.20334435339891,41.2547607421875,11437800
2014-12-26 00:00:00-05:00,41.486147475230716,41.486147475230716,40.98053224247259,41.031951904296875,13197800
2014-12-29 00:00:00-05:00,40.87769199907174,40.9462482720464,40.50062105586499,40.663448333740234,14439500
2014-12-30 00:00:00-05:00,40.65488021175846,40.80913592543551,40.14069667890107,40.294952392578125,16384700
2014-12-31 00:00:00-05:00,40.0464284696825,40.65487973928236,39.80647659301758,39.80647659301758,21552500
2015-01-02 00:00:00-05:00,39.98643595555557,40.63773523351737,39.88359991568766,40.0721321105957,27913900
2015-01-05 00:00:00-05:00,39.73791267011193,40.04642405990842,39.635076629879364,39.703636169433594,39673900
2015-01-06 00:00:00-05:00,39.74648263312956,40.063562317945355,39.02662384253515,39.12089157104492,36447900
2015-01-07 00:00:00-05:00,39.403695325733096,39.81504277912743,38.98377956395717,39.61793899536133,29114100
2015-01-08 00:00:00-05:00,40.06356178178344,40.920536365351005,40.03785359038797,40.78342056274414,29645200
2015-01-09 00:00:00-05:00,40.800566761892775,40.98053066771343,40.192115497966284,40.440635681152344,23944200
2015-01-12 00:00:00-05:00,40.63773945217263,40.740578771815194,39.72934834569044,39.935020446777344,23651900
2015-01-13 00:00:00-05:00,40.252094584198716,41.05764946280131,39.47224789529778,39.729339599609375,35270600
2015-01-14 00:00:00-05:00,39.38656234741211,39.62651752246592,39.095190774853556,39.38656234741211,29719600
2015-01-15 00:00:00-05:00,39.60937874132176,39.7464945870016,38.915227933699036,38.975215911865234,32750800
2015-01-16 00:00:00-05:00,38.82952764459572,39.66079094078032,38.70954843186769,39.62651443481445,35695300
2015-01-20 00:00:00-05:00,39.677926622705066,39.97786971908416,39.05233550502149,39.75505447387695,36161900
2015-01-21 00:00:00-05:00,39.369408101611796,39.54080365869001,38.97520060870075,39.35226821899414,39081100
2015-01-22 00:00:00-05:00,39.74649387798837,40.397793316074576,39.48940208056223,40.389225006103516,35898000
2015-01-23 00:00:00-05:00,40.586315924940344,40.61202411578102,40.10640899162367,40.43206024169922,26211600
2015-01-26 00:00:00-05:00,40.27781627278016,40.38922391398889,39.62651685230493,40.28638458251953,42525500
2015-01-27 00:00:00-05:00,36.80707147153777,37.02131518991796,36.08721244701632,36.55854797363281,169164000
2015-01-28 00:00:00-05:00,36.62709954280735,36.669947623316524,35.273077968844376,35.29878616333008,84507100
2015-01-29 00:00:00-05:00,35.07596465126843,36.09576307429028,34.95598875080681,36.001495361328125,63585300
2015-01-30 00:00:00-05:00,35.607299373430706,35.633010838315066,34.5789290437336,34.62178039550781,78004900
2015-02-02 00:00:00-05:00,34.784604145215454,35.45304338319519,34.47609272180969,35.37591552734375,50352500
2015-02-03 00:00:00-05:00,35.67585413111004,35.932945861742105,35.178807285335836,35.650142669677734,52082400
2015-02-04 00:00:00-05:00,35.94150821239473,36.172891712342754,35.44446471810125,35.855812072753906,41614800
2015-02-05 00:00:00-05:00,36.181470595077826,36.541398377179114,35.87295919950596,36.37857437133789,36548200
2015-02-06 00:00:00-05:00,36.575667537172855,36.669935243928634,36.121472152729076,36.34428405761719,34616600
2015-02-09 00:00:00-05:00,36.19861277334948,36.6271001234317,36.1729013093572,36.301448822021484,31381100
2015-02-10 00:00:00-05:00,36.627101247543386,36.65280944322563,36.14719422384696,36.50712203979492,29670700
2015-02-11 00:00:00-05:00,36.549964137294914,36.549964137294914,36.17289326089735,36.318580627441406,38262500
2015-02-12 00:00:00-05:00,36.558544492739394,36.92704391479492,36.429996966310945,36.92704391479492,33268800
2015-02-13 00:00:00-05:00,37.175562298019415,37.59547805786133,36.978458515161115,37.59547805786133,40264900
2015-02-17 00:00:00-05:00,37.94934150398135,37.97523265450749,37.276141959025736,37.61274337768555,33695700
2015-02-18 00:00:00-05:00,37.65589703134384,37.71631191183883,37.44875794652956,37.56958770751953,27111700
2015-02-19 00:00:00-05:00,37.267510313143276,37.56958469136714,37.15530984736136,37.54369354248047,27603400
2015-02-20 00:00:00-05:00,37.5523267473472,37.87166631464357,37.362452815088,37.85440444946289,29721100
2015-02-23 00:00:00-05:00,37.71630310148592,38.1392071661624,37.673150095836135,38.10468673706055,32518800
2015-02-24 00:00:00-05:00,38.10468398544059,38.23414299304143,37.906174247532476,38.05289840698242,25271700
2015-02-25 00:00:00-05:00,37.932070974986715,38.052900706327186,37.80260866720007,37.96659469604492,29759800
2015-02-26 00:00:00-05:00,37.966593193361554,38.17372892678604,37.880283894132084,38.027008056640625,28957300
2015-02-27 00:00:00-05:00,38.08742309203041,38.14783795558249,37.68177761472666,37.845760345458984,33807700
2015-03-02 00:00:00-05:00,37.69042561097936,38.139224314730036,37.58685769237991,37.871673583984375,31924000
2015-03-03 00:00:00-05:00,37.5954797852218,37.828510006338334,37.18983421968221,37.353816986083984,31748600
2015-03-04 00:00:00-05:00,37.12078031710781,37.29339563154767,37.00858316123068,37.163936614990234,25748700
2015-03-05 00:00:00-05:00,37.1725799947962,37.31930422003429,36.95681159301895,37.20710372924805,23193500
2015-03-06 00:00:00-05:00,37.112150296908794,37.20708888258598,36.37853934054309,36.559783935546875,36248800
2015-03-09 00:00:00-04:00,36.41306066804227,37.224351662144485,36.41306066804227,36.982688903808594,32108000
2015-03-10 00:00:00-04:00,36.55114652304489,36.86185338329157,36.27496337890625,36.27496337890625,39159700
2015-03-11 00:00:00-04:00,36.516634941142065,36.56841723547947,36.110989409559984,36.23181915283203,32215300
2015-03-12 00:00:00-04:00,35.67082465659308,35.94700787697855,35.265179111242816,35.40327072143555,59992500
2015-03-13 00:00:00-04:00,35.12708764490715,35.79165455054496,35.0494109080829,35.7139778137207,58007700
2015-03-16 00:00:00-04:00,35.79165081644568,35.93837169716001,35.62766478227866,35.869327545166016,35273500
2015-03-17 00:00:00-04:00,35.70534987430743,36.10236618762909,35.515475942577034,35.99016571044922,31673400
2015-03-18 00:00:00-04:00,35.75713376073947,36.96543792335947,35.67082773156546,36.68062210083008,44194800
2015-03-19 00:00:00-04:00,36.47347232520439,36.758288064208024,36.43895189907671,36.499366760253906,33879100
2015-03-20 00:00:00-04:00,36.732392310919806,37.09488143248382,36.67197745732581,37.008575439453125,71904500
2015-03-23 00:00:00-04:00,37.00858342452383,37.22435174601789,36.92227412050821,36.9913215637207,26246100
2015-03-24 00:00:00-04:00,36.9222619990661,37.25885994331485,36.89637086254303,37.02583312988281,25513300
2015-03-25 00:00:00-04:00,37.043114208519,37.051746787515306,35.765765783297404,35.78302764892578,43469900
2015-03-26 00:00:00-04:00,35.575874243426135,35.91247222572258,35.31694967947878,35.56724166870117,37495600
2015-03-27 00:00:00-04:00,35.48958938878845,35.7571434192806,35.23930051963145,35.360130310058594,34401400
2015-03-30 00:00:00-04:00,35.4723159570956,35.852070365925655,35.30833319387776,35.35148620605469,35049700
2015-03-31 00:00:00-04:00,35.196120035405876,35.41188831084091,34.98898433471131,35.092552185058594,34887200
2015-04-01 00:00:00-04:00,35.04077697120735,35.17886857660898,34.79048819991686,35.14434814453125,36865300
2015-04-02 00:00:00-04:00,35.09255622479911,35.16160366122089,34.626495906041086,34.77322006225586,37487500
2015-04-06 00:00:00-04:00,34.81638068810419,36.059205184589246,34.678289077383624,35.86069869995117,39223700
2015-04-07 00:00:00-04:00,35.91248464705552,36.17140600819545,35.653563285915595,35.84343719482422,28809400
2015-04-08 00:00:00-04:00,35.78303218900619,35.981538730372264,35.42054284191109,35.74850845336914,24753400
2015-04-09 00:00:00-04:00,35.601778846326276,35.921115092298116,35.601778846326276,35.80028533935547,25723900
2015-04-10 00:00:00-04:00,35.92975046943813,36.20593372407025,35.739873247242016,36.00742721557617,28022000
2015-04-13 00:00:00-04:00,35.731238947839316,36.30086724214453,35.72260637038841,36.04194259643555,30276700
2015-04-14 00:00:00-04:00,36.07646142380429,36.27496787749879,35.7226015207205,35.94700241088867,24244400
2015-04-15 00:00:00-04:00,36.04194352710287,36.64609556208472,35.97289936753097,36.473480224609375,27343600
2015-04-16 00:00:00-04:00,36.205939470764754,36.54253766000057,36.093738976897946,36.387184143066406,22509700
2015-04-17 00:00:00-04:00,35.96426888904083,36.024687059192885,35.52410288053237,35.92111587524414,42387600
2015-04-20 00:00:00-04:00,36.016050419777855,37.25887485574434,35.97289741084718,37.03447723388672,46057700
2015-04-21 00:00:00-04:00,37.11216346300083,37.24162581528264,36.70651783205794,36.801456451416016,26013800
2015-04-22 00:00:00-04:00,36.82733676466556,37.224352991696534,36.72376888874433,37.10352325439453,25064300
2015-04-23 00:00:00-04:00,37.017217810772514,37.638631715880244,36.93954107263404,37.405601501464844,46309500
2015-04-24 00:00:00-04:00,39.40792052993195,41.5483415812092,39.399291246933046,41.315311431884766,130933700
2015-04-27 00:00:00-04:00,40.762953094836305,41.53972041095442,40.754323810152094,41.45341110229492,59248200
2015-04-28 00:00:00-04:00,41.23764584002993,42.47184106067788,41.1686016803243,42.428688049316406,60730800
2015-04-29 00:00:00-04:00,42.048927871009376,42.558141196921824,41.859050711134664,42.34237289428711,47804600
2015-04-30 00:00:00-04:00,42.0316745043621,42.75665627939437,41.945365190451305,41.979888916015625,64725500
2015-05-01 00:00:00-04:00,41.92810245453979,42.187023785821374,41.772748997298166,41.99714660644531,38937300
2015-05-04 00:00:00-04:00,41.74685980065159,42.17839650441956,41.58287703847071,41.63466262817383,34039500
2015-05-05 00:00:00-04:00,41.272175506967365,41.56562063577446,40.83200945993882,41.082298278808594,50369200
2015-05-06 00:00:00-04:00,41.05639273830631,41.22900804046904,39.718629908180475,39.94302749633789,52433000
2015-05-07 00:00:00-04:00,39.93439358499131,40.64211327871759,39.83945501518563,40.30551528930664,32971700
2015-05-08 00:00:00-04:00,41.03914610838947,41.41026799343477,41.01325495578397,41.211761474609375,35364900
2015-05-11 00:00:00-04:00,41.03913106181094,41.34983794861641,40.8837776184082,40.8837776184082,24609400
2015-05-12 00:00:00-04:00,40.434971949559035,41.151324176876976,40.063850266648224,40.86650848388672,29928300
2015-05-13 00:00:00-04:00,41.59151150516439,41.70371198398328,41.05640684769336,41.108192443847656,34184600
2015-05-14 00:00:00-04:00,41.45341597474435,42.135244777661164,41.45341597474435,42.0489387512207,32980900
2015-05-15 00:00:00-04:00,42.17838716949048,42.212910888318426,41.47066739533279,41.68643569946289,28642700
2015-05-18 00:00:00-04:00,41.41025082590169,41.61738983796439,41.09091467081948,41.43614196777344,24136500
2015-05-19 00:00:00-04:00,41.314538947551576,41.53170956232553,40.98443868524219,41.331912994384766,28574800
2015-05-20 00:00:00-04:00,41.16686120634977,41.63595052956406,41.06262023911124,41.331912994384766,25047900
2015-05-21 00:00:00-04:00,41.07130186711552,41.34927996362227,40.8367572268579,41.19291687011719,22410700
2015-05-22 00:00:00-04:00,41.08868195233091,41.13211541496468,40.671714746277345,40.7412109375,25720600
2015-05-26 00:00:00-04:00,40.6804014484976,40.7238349090189,40.1244418870388,40.47191619873047,29581900
2015-05-27 00:00:00-04:00,40.67171127360107,41.49696024822346,40.49797412413944,41.35797119140625,27335600
2015-05-28 00:00:00-04:00,41.26241615605062,41.71413142530497,41.16686055685597,41.2189826965332,19283700
2015-05-29 00:00:00-04:00,41.201607763528884,41.323222773065346,40.471914392549635,40.706459045410156,36519600
2015-06-01 00:00:00-04:00,40.88019955882897,41.49696333725719,40.49797713880864,41.02787399291992,28837300
2015-06-02 00:00:00-04:00,40.767264118907825,41.13210912575865,40.497971389736776,40.758575439453125,21498300
2015-06-03 00:00:00-04:00,41.149472840138515,41.47088762406425,40.67169831664605,40.697757720947266,28002200
2015-06-04 00:00:00-04:00,40.645647471233204,40.96705900908018,40.13312475824255,40.27211380004883,27745500
2015-06-05 00:00:00-04:00,40.22867899769866,40.41110148762614,39.820397251304726,40.08100128173828,25438100
2015-06-08 00:00:00-04:00,40.22000231526428,40.33293197718091,39.67273136848786,39.724853515625,22121600
2015-06-09 00:00:00-04:00,39.75090582817572,39.90726892788148,39.490301766586256,39.65535354614258,24406100
2015-06-10 00:00:00-04:00,39.776972754781845,40.68040335654563,39.69010251590411,40.48929214477539,28417400
2015-06-11 00:00:00-04:00,40.532713480029635,40.75856940601456,40.07231294989124,40.34160232543945,27347800
2015-06-12 00:00:00-04:00,40.150501133427746,40.36767173096682,39.872523033678554,39.93333053588867,23931000
2015-06-15 00:00:00-04:00,39.48161957147192,39.65535673107211,39.10808583814775,39.5076789855957,33254500
2015-06-16 00:00:00-04:00,39.39473994847003,40.16786995879433,39.351306497358756,39.811710357666016,27070300
2015-06-17 00:00:00-04:00,39.724845304196606,40.020197449400165,39.40343374769167,39.93333053588867,28704100
2015-06-18 00:00:00-04:00,40.1505052568969,40.654339371776096,40.107068481919846,40.58484649658203,32658300
2015-06-19 00:00:00-04:00,40.64566160680884,40.68040970778498,39.9507161560923,40.046268463134766,63837000
2015-06-22 00:00:00-04:00,40.246069014782044,40.58485472018198,40.09839124021,40.15919876098633,20318100
2015-06-23 00:00:00-04:00,40.072329188577996,40.20262959007004,39.62929920772609,39.88121795654297,25896500
2015-06-24 00:00:00-04:00,39.672715442603945,40.17655272139036,39.568474503936294,39.64665603637695,34890900
2015-06-25 00:00:00-04:00,39.98545047773436,40.01151320352561,39.52504985846763,39.65535354614258,20616000
2015-06-26 00:00:00-04:00,39.65535156082947,40.2026190686407,39.11676610491328,39.31656265258789,49835300
2015-06-29 00:00:00-04:00,39.12546077326383,39.29050925606068,38.534756405476166,38.54344177246094,34081700
2015-06-30 00:00:00-04:00,38.83878541386326,38.84747409269776,38.169899635289276,38.352325439453125,35945400
2015-07-01 00:00:00-04:00,38.6216347408887,39.29052086420065,38.3089084168715,38.61294937133789,28343900
2015-07-02 00:00:00-04:00,38.6390043031896,38.8735490189441,38.274159176745755,38.56951141357422,21752000
2015-07-06 00:00:00-04:00,38.18728395831725,38.638999280260705,38.17859859090491,38.56081771850586,23034000
2015-07-07 00:00:00-04:00,38.517379776481576,38.64768346884619,37.631323284179665,38.48263168334961,36435800
2015-07-08 00:00:00-04:00,38.60424147455438,39.00383786400786,38.248081852521565,38.43050765991211,39785900
2015-07-09 00:00:00-04:00,38.87353310453718,39.28181484782603,38.65636252853418,38.673736572265625,32424700
2015-07-10 00:00:00-04:00,39.09939742997943,39.212327081570365,38.7171783272049,38.75192642211914,25465800
2015-07-13 00:00:00-04:00,39.0733320661925,39.629288245125146,39.047272655855096,39.55979537963867,28178300
2015-07-14 00:00:00-04:00,39.48160571046113,39.92463216383337,39.3599907355652,39.62928009033203,22880300
2015-07-15 00:00:00-04:00,39.68140740827174,39.86382989449444,39.46423683502759,39.75090026855469,26629600
2015-07-16 00:00:00-04:00,39.968088846931884,40.558793337361884,39.9333440580183,40.53273391723633,26271700
2015-07-17 00:00:00-04:00,40.4371592721576,40.636955797922724,40.18524061689553,40.49796676635742,29467100
2015-07-20 00:00:00-04:00,40.52403411434061,40.94100125663882,40.34160829715491,40.758575439453125,30631900
2015-07-21 00:00:00-04:00,40.6369555566122,41.11473345643067,40.37635153819477,41.07129669189453,42781900
2015-07-22 00:00:00-04:00,39.472925155580306,40.76726332708805,39.264443245360674,39.55979537963867,59152400
2015-07-23 00:00:00-04:00,39.3252610247806,40.159195511166565,39.177583262159146,40.054954528808594,33934000
2015-07-24 00:00:00-04:00,39.88121673681527,40.23737645868522,39.78566112372023,39.90727615356445,32333200
2015-07-27 00:00:00-04:00,39.907271477578284,39.9680789853755,39.30788176625116,39.39474868774414,39701400
2015-07-28 00:00:00-04:00,39.594547869218154,39.64666669568467,38.908287934817224,39.38606262207031,34328900
2015-07-29 00:00:00-04:00,39.438180749938894,40.63696002935575,39.316562435115515,40.211307525634766,40945900
2015-07-30 00:00:00-04:00,40.185253240113376,41.1755541290749,39.89858972223155,40.723838806152344,39777900
2015-07-31 00:00:00-04:00,41.07997787036068,41.14947071616345,40.3937182066022,40.56745529174805,31201500
2015-08-03 00:00:00-04:00,40.81069932179208,40.828073367684894,40.35029870379386,40.66302490234375,24125900
2015-08-04 00:00:00-04:00,40.6109049787335,41.444839344491584,40.55009747167368,41.29716491699219,33403900
2015-08-05 00:00:00-04:00,41.679383989766734,42.05291771227879,41.297164900718386,41.331912994384766,26959700
2015-08-06 00:00:00-04:00,41.444830579445984,41.496952708942935,40.24605142485525,40.49796676635742,27368000
2015-08-07 00:00:00-04:00,40.29818535850389,40.63697104293016,40.18525569244142,40.60222625732422,19163000
2015-08-10 00:00:00-04:00,40.784626881270746,41.25371602924606,40.689071316265476,41.11472702026367,23079900
2015-08-11 00:00:00-04:00,40.67171142433661,40.77595238889572,39.87252517311588,40.3155517578125,29237400
2015-08-12 00:00:00-04:00,40.12444817542959,40.741215341031435,39.707480924307944,40.60222625732422,30181400
2015-08-13 00:00:00-04:00,40.88019553435275,40.91494031240261,40.385046824217774,40.593528747558594,22627200
2015-08-14 00:00:00-04:00,40.419782264792225,40.91493086054168,40.41109690072629,40.82806396484375,21473400
2015-08-17 00:00:00-04:00,40.663040910950386,41.21899734335303,40.454555591918535,41.1060676574707,21099700
2015-08-18 00:00:00-04:00,40.95741135899628,41.47331398223908,40.83499435273753,41.33340835571289,23574100
2015-08-19 00:00:00-04:00,40.90493485125613,41.16726075137484,40.485218080923524,40.75628662109375,31485500
2015-08-20 00:00:00-04:00,40.28410644943268,40.633872113751785,39.92559814453125,39.92559814453125,36238200
2015-08-21 00:00:00-04:00,39.6108211605628,39.768215421429176,37.660884857177734,37.660884857177734,70053100
2015-08-24 00:00:00-04:00,35.36991362008798,37.32859172778531,34.73159420687157,36.445438385009766,88753700
2015-08-25 00:00:00-04:00,37.22367472774043,37.80953181218585,35.31745854620486,35.387413024902344,70616600
2015-08-26 00:00:00-04:00,36.73400762204555,37.45977041201088,35.90331977315409,37.34609603881836,63408000
2015-08-27 00:00:00-04:00,37.80078537867455,38.430362336906796,37.538462757948814,38.38664245605469,50943200
2015-08-28 00:00:00-04:00,37.949439358918156,38.60524761971319,37.940693380830766,38.41287612915039,28246700
2015-08-31 00:00:00-04:00,38.089336669519454,38.412867740217784,37.68710515567517,38.054359436035156,34441700
2015-09-01 00:00:00-04:00,36.87390594421653,37.24116025566266,36.42795785418857,36.56786346435547,49688900
2015-09-02 00:00:00-04:00,37.04003337387719,37.93193258191695,36.6203166881429,37.91444396972656,37671500
2015-09-03 00:00:00-04:00,37.95817955881096,38.45659353809355,37.84450520028296,38.0368766784668,28285200
2015-09-04 00:00:00-04:00,37.43351926302209,37.634633302232594,36.90012825938861,37.258636474609375,37138800
2015-09-08 00:00:00-04:00,37.861981480546106,38.474069618877934,37.774541747475276,38.37788391113281,32469800
2015-09-09 00:00:00-04:00,38.65771295225576,38.823853191844464,37.52097921814246,37.660884857177734,33469500
2015-09-10 00:00:00-04:00,37.70460840807965,38.29046562170773,37.38107721179738,37.8532600402832,31366600
2015-09-11 00:00:00-04:00,37.72207887640314,38.1155643774279,37.54719606087966,38.019378662109375,27132500
2015-09-14 00:00:00-04:00,37.97566325040664,37.98440589118366,37.4772493357998,37.6346435546875,23656000
2015-09-15 00:00:00-04:00,37.76580337374571,38.727657309172656,37.66962098225442,38.45658874511719,28882200
2015-09-16 00:00:00-04:00,38.447858112518055,38.806366539214046,38.33418373265434,38.736412048339844,23372200
2015-09-17 00:00:00-04:00,38.727661411802146,39.34849237991592,38.544035914576334,38.692684173583984,32768200
2015-09-18 00:00:00-04:00,38.036867277222946,38.46533000847486,37.88821905217596,38.019378662109375,63143700
2015-09-21 00:00:00-04:00,38.141800127190564,38.885051346852244,38.124311510016014,38.57026290893555,26177200
2015-09-22 00:00:00-04:00,37.93194835684397,38.51780209861101,37.870739856528395,38.38664245605469,28085900
2015-09-23 00:00:00-04:00,38.412863182869025,38.62271988765202,38.04560894608053,38.36039733886719,17145200
2015-09-24 00:00:00-04:00,37.99315749461847,38.58775722390014,37.83576325241961,38.3953857421875,27905600
2015-09-25 00:00:00-04:00,38.8938098946691,39.11241269533762,38.26423276134728,38.421627044677734,29384600
2015-09-28 00:00:00-04:00,38.325442868769024,38.55278830343968,37.78330554616062,37.8532600402832,27613800
2015-09-29 00:00:00-04:00,37.92320083445323,38.09808368635067,37.64338960566252,37.98440933227539,32763600
2015-09-30 00:00:00-04:00,38.36914613405908,38.736397062227574,38.17677469419229,38.701419830322266,34958900
2015-10-01 00:00:00-04:00,39.129878511171825,39.129878511171825,38.25546781818474,39.00746154785156,28657900
2015-10-02 00:00:00-04:00,38.71016753708746,39.846900939941406,38.40412174764933,39.846900939941406,41839000
2015-10-05 00:00:00-04:00,40.00430204662635,41.00113002294254,39.96058216506414,40.77378463745117,34369300
2015-10-06 00:00:00-04:00,40.51144936315984,41.254697124484956,40.41526365238814,40.878700256347656,27017200
2015-10-07 00:00:00-04:00,41.184746886357665,41.403349583919244,40.17917647894184,40.92242431640625,27711500
2015-10-08 00:00:00-04:00,40.7125700195258,41.55200362761186,40.66010416816568,41.49079513549805,33772700
2015-10-09 00:00:00-04:00,41.49079653393739,41.56949364582372,41.027356503667775,41.19349670410156,28600600
2015-10-12 00:00:00-04:00,41.07982049563168,41.15851760395255,40.66010369645788,41.09730911254883,19769100
2015-10-13 00:00:00-04:00,40.7125676940292,41.21098157883675,40.7125676940292,41.001121520996094,19987800
2015-10-14 00:00:00-04:00,40.791277433009775,41.18475974296365,40.68634570378281,40.817508697509766,24697800
2015-10-15 00:00:00-04:00,41.10606002807617,41.123548648513875,40.68634314441107,41.10606002807617,27189400
2015-10-16 00:00:00-04:00,41.11479921171948,41.569493261120016,41.009870842046354,41.54325866699219,26450300
2015-10-19 00:00:00-04:00,41.464559612181596,41.86679112569731,41.114797284462036,41.639442443847656,29387600
2015-10-20 00:00:00-04:00,41.48203844599804,41.80557277574398,41.114787588161185,41.77059555053711,30802200
2015-10-21 00:00:00-04:00,41.90177134247075,41.96298317805552,41.19350060405178,41.27219772338867,25144300
2015-10-22 00:00:00-04:00,41.56073853832821,42.802403438008014,41.1759990400844,41.99794387817383,56637100
2015-10-23 00:00:00-04:00,45.731692375214315,47.27940016908132,45.68797249449531,46.230106353759766,135227100
2015-10-26 00:00:00-04:00,45.93279898438543,47.49799514173215,45.906567727365804,47.43678665161133,64633300
2015-10-27 00:00:00-04:00,47.20943893658044,47.54171262751568,46.850930654330675,46.947113037109375,50999900
2015-10-28 00:00:00-04:00,46.815951699357605,47.20069122314453,46.221352130842746,47.20069122314453,47000800
2015-10-29 00:00:00-04:00,46.81595209281138,47.069532009435214,46.53614092123069,46.6585578918457,30202100
2015-10-30 00:00:00-04:00,46.62358368185549,47.209440653538884,46.01149545351595,46.02898406982422,46619800
2015-11-02 00:00:00-05:00,46.21259646662977,46.65854771732429,46.01148243938752,46.553619384765625,30285000
2015-11-03 00:00:00-05:00,46.28256391734299,47.55920288497512,46.25633266073531,47.34934616088867,36596900
2015-11-04 00:00:00-05:00,47.37557595023025,47.987664158481685,47.270647591436756,47.56794738769531,37087800
2015-11-05 00:00:00-05:00,47.64665418312315,47.83027968226853,47.218191349504195,47.55046844482422,31468500
2015-11-06 00:00:00-05:00,47.29688474535754,48.07510989671441,47.18321039671501,48.02264404296875,32851200
2015-11-09 00:00:00-05:00,47.69911681435452,47.97892805243806,46.833451838912644,47.358097076416016,32513100
2015-11-10 00:00:00-05:00,47.2793937124022,47.331859563467894,46.57986570958944,46.78972244262695,55283700
2015-11-11 00:00:00-05:00,46.955859764652594,47.39306515662215,46.74599970883774,46.912139892578125,36516300
2015-11-12 00:00:00-05:00,46.763490345365305,47.200695756225805,46.509910406519204,46.62358474731445,35361100
2015-11-13 00:00:00-05:00,46.40498295866234,46.59735441063747,45.932800305057526,46.2038688659668,36848200
2015-11-16 00:00:00-05:00,46.41372849785949,47.1219991359834,46.212611071445494,47.01707077026367,32165200
2015-11-17 00:00:00-05:00,46.80579992462239,47.12271015823415,46.52410268543327,46.62974166870117,31551300
2015-11-18 00:00:00-05:00,46.656138574177334,47.5188365825775,46.63853208117792,47.404396057128906,29710000
2015-11-19 00:00:00-05:00,47.52766050726725,48.11746314709239,47.342793935920746,47.483642578125,28149200
2015-11-20 00:00:00-05:00,47.75653577540605,47.80055034413278,46.89383746759608,47.70371627807617,37147600
2015-11-23 00:00:00-05:00,47.75653577540605,47.94139897891611,47.31638337194609,47.70371627807617,28235900
2015-11-24 00:00:00-05:00,47.466021011062054,47.923779792444726,47.16672067971866,47.75652313232422,24600000
2015-11-25 00:00:00-05:00,47.61568449522278,47.73892662404915,47.2635612487793,47.2635612487793,21005100
2015-11-27 00:00:00-05:00,47.36039769226961,47.60688532041988,47.35159612180896,47.47483825683594,9009100
2015-11-30 00:00:00-05:00,48.01181110058632,48.38153740076051,47.53644583628063,47.84455108642578,56241400
2015-12-01 00:00:00-05:00,47.89737606348556,48.619225610721074,47.80054201430347,48.61042404174805,39952800
2015-12-02 00:00:00-05:00,48.69845759314571,49.26185208534326,48.46957983997648,48.60162353515625,47274900
2015-12-03 00:00:00-05:00,48.848102875310715,49.09458708439955,47.474826514468276,47.71250915527344,38627800
2015-12-04 00:00:00-05:00,47.642095676306,49.4995393743732,47.6244891770238,49.21784210205078,43963700
2015-12-07 00:00:00-05:00,49.11219620825202,49.270651310604926,48.67204389240412,49.12980270385742,30709800
2015-12-08 00:00:00-05:00,48.83050444573281,49.38509400778142,48.40795857832128,49.11220169067383,32878000
2015-12-09 00:00:00-05:00,48.74246913590291,49.182621475402364,47.98540657466851,48.39915084838867,36373200
2015-12-10 00:00:00-05:00,48.760073635685984,48.997756292253875,48.42555693109832,48.65443801879883,31775800
2015-12-11 00:00:00-05:00,48.161459843437704,48.50477807151001,47.54524600321024,47.589263916015625,39549500
2015-12-14 00:00:00-05:00,47.826956253377844,48.601621976253945,47.25475685166404,48.540000915527344,46768900
2015-12-15 00:00:00-05:00,48.99775856244291,49.209033164101825,48.49598516136085,48.59281921386719,39843000
2015-12-16 00:00:00-05:00,48.892107842010034,49.51712316850529,48.205468117235604,49.4114875793457,37503300
2015-12-17 00:00:00-05:00,49.61396365225508,49.99249486730854,48.88330928335344,49.032962799072266,41280900
2015-12-18 00:00:00-05:00,49.094589399828735,49.29705906085721,47.56285787287573,47.6508903503418,84684200
2015-12-21 00:00:00-05:00,48.311112026640636,48.724852859218196,47.73891275690578,48.26709747314453,37246300
2015-12-22 00:00:00-05:00,48.40795050121314,48.8392978663896,47.976599777941196,48.724857330322266,28322200
2015-12-23 00:00:00-05:00,49.03297521018915,49.19143033371911,48.80409409482537,49.13861083984375,27279800
2015-12-24 00:00:00-05:00,49.17381366687109,49.261842780363274,48.79528243428293,49.006553649902344,9558500
2015-12-28 00:00:00-05:00,48.7248706632724,49.253055572509766,48.39915881867202,49.253055572509766,22458300
2015-12-29 00:00:00-05:00,49.55234558402028,50.045313999339506,49.34987593371482,49.78122329711914,27731400
2015-12-30 00:00:00-05:00,49.71081782422099,49.98371018880548,49.552362676612155,49.569969177246094,21704500
2015-12-31 00:00:00-05:00,49.332273880787724,49.46431756473873,48.78648257455042,48.83930206298828,27334100
2016-01-04 00:00:00-05:00,47.81814632724664,48.240692138671875,46.99946276820537,48.240692138671875,53778000
2016-01-05 00:00:00-05:00,48.35513023063856,48.76006952632529,48.0118119861174,48.46076583862305,34079700
2016-01-06 00:00:00-05:00,47.818153724154705,47.888579716000784,47.21954622584749,47.58047103881836,39518900
2016-01-07 00:00:00-05:00,46.39206278135677,47.087504366554,45.837469827254246,45.925498962402344,56564900
2016-01-08 00:00:00-05:00,46.101543396821704,46.902620317047266,45.90787870010558,46.06633377075195,48754000
2016-01-11 00:00:00-05:00,46.22478393039679,46.52408756955216,45.30046495474179,46.039920806884766,36943800
2016-01-12 00:00:00-05:00,46.44487595486744,46.74417969660269,45.828665331967834,46.46248245239258,36095500
2016-01-13 00:00:00-05:00,47.360392827261954,47.59807550243975,45.159631047574166,45.45893478393555,66883600
2016-01-14 00:00:00-05:00,45.77583687030202,47.025867726797564,45.3973056429192,46.75297546386719,52381900
2016-01-15 00:00:00-05:00,45.168431218274236,45.74943213259935,44.31453466309351,44.88673400878906,71820700
2016-01-19 00:00:00-05:00,45.318087984074765,45.49414960513861,44.068056854904064,44.508209228515625,43564500
2016-01-20 00:00:00-05:00,43.99762255172671,45.23005030826177,43.2229535802448,44.710670471191406,63273000
2016-01-21 00:00:00-05:00,44.89554114934684,45.40611950371571,44.27932716783463,44.437782287597656,40191200
2016-01-22 00:00:00-05:00,45.25645144732743,46.06633328408571,45.12440443715212,46.03112030029297,37555800
2016-01-25 00:00:00-05:00,45.723024217931616,46.348043097636676,45.46773841094345,45.590980529785156,34707700
2016-01-26 00:00:00-05:00,45.59098556236257,46.16318165701771,45.37971093667238,45.925498962402344,28900800
2016-01-27 00:00:00-05:00,45.78464871277039,45.9519087649737,44.91314888808543,45.089210510253906,36775200
2016-01-28 00:00:00-05:00,45.65259746456625,45.960702733833706,45.11561111690391,45.82865905761719,62513800
2016-01-29 00:00:00-05:00,48.17906912388491,48.49597930908203,47.53644718527761,48.49597930908203,83611700
2016-02-01 00:00:00-05:00,48.31111056885274,48.49597370281523,47.97659392780509,48.16145706176758,44208500
2016-02-02 00:00:00-05:00,47.68609794509105,47.765325492376434,46.348037925753125,46.65614318847656,56313800
2016-02-03 00:00:00-05:00,46.87621914353464,46.999461248119076,45.124411542110956,45.91668701171875,57559800
2016-02-04 00:00:00-05:00,45.86386223497147,46.4888809702433,45.22124036515799,45.77583312988281,46987100
2016-02-05 00:00:00-05:00,45.723019442697655,45.77583892729739,43.62789692500783,44.15607833862305,62009000
2016-02-08 00:00:00-05:00,43.619091714543146,43.63669820929509,42.42187693617459,43.495849609375,59290500
2016-02-09 00:00:00-05:00,43.15254615611733,44.22651919763682,42.844437429435565,43.38142395019531,46740500
2016-02-10 00:00:00-05:00,43.9184000271049,44.35855236789865,43.59268823518437,43.759944915771484,38237000
2016-02-11 00:00:00-05:00,42.85322632881145,44.11206212059044,42.70357280712469,43.742332458496094,48878600
2016-02-12 00:00:00-05:00,44.23531094163951,44.61384222929027,43.79515859396151,44.455387115478516,34243300
2016-02-16 00:00:00-05:00,45.12921853653686,45.29767608642578,44.44651680981918,45.29767608642578,37291200
2016-02-17 00:00:00-05:00,45.65232850670753,46.787207567802675,45.61686269049672,46.47688674926758,40789000
2016-02-18 00:00:00-05:00,46.397091012292414,46.94679760246323,46.19316427215521,46.2729606628418,27176000
2016-02-19 00:00:00-05:00,46.07791089909316,46.352762535581654,45.6877936619509,45.944915771484375,33559100
2016-02-22 00:00:00-05:00,46.352755325841876,46.99112642754083,46.352755325841876,46.680809020996094,25008300
2016-02-23 00:00:00-05:00,46.40596078383152,46.43255845619596,45.20015003094712,45.37747573852539,28895300
2016-02-24 00:00:00-05:00,44.943019285066505,45.661186740718534,44.50857493632604,45.53705978393555,33014500
2016-02-25 00:00:00-05:00,45.86512207154756,46.193172454833984,44.87210277548211,46.193172454833984,26939500
2016-02-26 00:00:00-05:00,46.63647961635098,46.70741124888873,45.30654194612569,45.48386764526367,35975900
2016-02-29 00:00:00-05:00,45.52820371063296,45.79419398249489,44.91643352620548,45.11149215698242,31654000
2016-03-01 00:00:00-05:00,45.19128450806372,46.627616289115885,45.146950545259315,46.618751525878906,33024500
2016-03-02 00:00:00-05:00,46.468018085204136,46.95566117944162,46.246361825804726,46.94679641723633,29289900
2016-03-03 00:00:00-05:00,46.96453932976644,46.96453932976644,45.90945314562457,46.41482925415039,24427800
2016-03-04 00:00:00-05:00,46.45915340057503,46.503483976087715,45.847379958999234,46.131099700927734,33034200
2016-03-07 00:00:00-05:00,45.71439376049268,45.9271819015675,44.845501522989736,45.24448013305664,38407800
2016-03-08 00:00:00-05:00,45.04055981298614,46.219772961070156,44.86323409524783,45.794193267822266,33835100
2016-03-09 00:00:00-05:00,46.00698659377315,46.85814607592529,45.98038891689562,46.849281311035156,28251600
2016-03-10 00:00:00-05:00,46.92906911651882,46.937933879783046,45.35974220664274,46.14883804321289,38387800
2016-03-11 00:00:00-05:00,46.99113246408743,47.05319595336914,46.44142582378951,47.05319595336914,32275700
2016-03-14 00:00:00-04:00,46.73401417557576,47.514245310201865,46.66308591726799,47.14186096191406,24083600
2016-03-15 00:00:00-04:00,46.7694637648962,47.51422882080078,46.76059900401171,47.51422882080078,21104800
2016-03-16 00:00:00-04:00,47.3901191573622,48.40973614119168,47.3457885723621,48.188079833984375,31691700
2016-03-17 00:00:00-04:00,48.06394679278225,48.76438144711581,47.877756329895526,48.462928771972656,28223900
2016-03-18 00:00:00-04:00,48.69344987871788,48.73778384040269,47.39011325457964,47.42557907104492,67625500
2016-03-21 00:00:00-04:00,47.212789703802144,47.81569508233333,46.92906992357648,47.753631591796875,23925700
2016-03-22 00:00:00-04:00,47.531968815598965,48.099408298613966,47.39897370705215,47.939815521240234,23124100
2016-03-23 00:00:00-04:00,47.9752851160076,48.09054732701968,47.64723477319548,47.851158142089844,20129000
2016-03-24 00:00:00-04:00,47.73590300821065,48.17035086353866,47.638373690757,48.0639533996582,19950000
2016-03-28 00:00:00-04:00,48.06395073648599,48.134882375142716,47.28372300450215,47.469913482666016,17025100
2016-03-29 00:00:00-04:00,47.57630367192053,48.64025448941008,47.39011320896662,48.507259368896484,23924300
2016-03-30 00:00:00-04:00,48.70232174499412,49.33182481542065,48.675724071716196,48.8087158203125,23008300
2016-03-31 00:00:00-04:00,48.720061121746376,49.28750077504265,48.640264709113644,48.96831512451172,26360500
2016-04-01 00:00:00-04:00,48.808710861325885,49.30522213271035,48.383131221084774,49.26975631713867,24399200
2016-04-04 00:00:00-04:00,49.145633697509766,49.34955708179822,48.764384601864116,49.145633697509766,18928800
2016-04-05 00:00:00-04:00,48.932835107635846,49.03036440392156,48.28559922943793,48.374263763427734,19272300
2016-04-06 00:00:00-04:00,48.19694350692935,48.94170876530908,48.06394838206612,48.87077713012695,21188700
2016-04-07 00:00:00-04:00,48.64912257198509,48.68458839083625,48.081682999193156,48.285606384277344,19225100
2016-04-08 00:00:00-04:00,48.47178594430078,49.01262772226245,48.16146855475189,48.25012969970703,22167200
2016-04-11 00:00:00-04:00,48.31221505066634,48.89738762507243,48.143754075687184,48.15262222290039,21414200
2016-04-12 00:00:00-04:00,48.20581367615072,48.56932989170848,47.664971734958385,48.454071044921875,24944300
2016-04-13 00:00:00-04:00,48.870772229767134,49.15449197763351,48.66684887237606,49.0746955871582,20818000
2016-04-14 00:00:00-04:00,48.95944920393997,49.27863484693642,48.82645405862244,49.08357620239258,20877100
2016-04-15 00:00:00-04:00,49.030377364502876,49.580084091723336,48.861919778701754,49.3406982421875,28793800
2016-04-18 00:00:00-04:00,49.19883658662956,50.17412300827021,48.950579216850166,50.058860778808594,23786000
2016-04-19 00:00:00-04:00,50.20959485730265,50.33372186598949,49.367300092661104,49.996803283691406,29596800
2016-04-20 00:00:00-04:00,49.908140697000604,50.09433120479311,49.198841108595424,49.28750228881836,36195700
2016-04-21 00:00:00-04:00,49.473676968091894,49.854926009047404,49.136758503064804,49.4559440612793,38909100
2016-04-22 00:00:00-04:00,46.024701278079974,46.48574666053784,45.01394937054788,45.90943908691406,126834100
2016-04-25 00:00:00-04:00,45.90945367440382,46.219774536575535,45.77646191822183,46.20204162597656,33226900
2016-04-26 00:00:00-04:00,46.33502639345523,46.4148227880115,45.29767664643012,45.607994079589844,33532600
2016-04-27 00:00:00-04:00,45.64345498205833,45.661187888073755,44.818893454473915,45.164676666259766,43369300
2016-04-28 00:00:00-04:00,44.880967340846645,45.01396247569655,43.94114677955743,44.24259948730469,43134800
2016-04-29 00:00:00-04:00,43.75494652452182,44.552910452676144,43.75494652452182,44.21599197387695,48411700
2016-05-02 00:00:00-04:00,44.331255161260465,44.99622398867937,44.13619655624488,44.87209701538086,33114500
2016-05-03 00:00:00-04:00,44.6327151223744,44.694778619161696,43.976610950642694,44.13620376586914,26460200
2016-05-04 00:00:00-04:00,44.1893943036739,44.384452904379685,43.85247582487471,44.21599197387695,24257600
2016-05-05 00:00:00-04:00,44.21599361081303,44.59724268146709,44.09186663566174,44.27805709838867,25390700
2016-05-06 00:00:00-04:00,44.26032898263173,44.67704391479492,44.02980791556265,44.67704391479492,24787300
2016-05-09 00:00:00-04:00,44.765694781023015,44.85435592228382,44.33124707155129,44.393310546875,17951600
2016-05-10 00:00:00-04:00,44.62384841439193,45.306546849315986,44.49971804401716,45.235618591308594,22891000
2016-05-11 00:00:00-04:00,45.33314629834401,45.90945063472239,45.217884078185676,45.26221466064453,24039100
2016-05-12 00:00:00-04:00,45.39521516041268,45.936057124128745,45.146957781302675,45.670066833496094,24102800
2016-05-13 00:00:00-04:00,45.60799675945114,46.01584690126251,45.25334872674517,45.288814544677734,22592300
2016-05-16 00:00:00-04:00,45.040551224783805,46.06903613290936,44.996220649353745,45.95377731323242,20032000
2016-05-17 00:00:00-04:00,46.17699488024977,46.185921648064024,44.96275010571172,45.09667205810547,27803500
2016-05-18 00:00:00-04:00,45.06988661214406,45.659152035215385,44.90917755077341,45.36452102661133,24907500
2016-05-19 00:00:00-04:00,45.06096164384431,45.19488359642488,44.4806229650718,44.92703628540039,23842400
2016-05-20 00:00:00-04:00,45.069867239686396,45.73056014198602,44.998442913035,45.194862365722656,23905800
2016-05-23 00:00:00-04:00,45.17702073987256,45.24844849658749,44.623469248783444,44.66810989379883,26118700
2016-05-24 00:00:00-04:00,45.26629815258054,46.16805129790884,44.99845091972101,46.0609130859375,34757900
2016-05-25 00:00:00-04:00,46.35554506174377,46.86445924323115,46.23948008194329,46.53411102294922,24040200
2016-05-26 00:00:00-04:00,46.364483563668436,46.4091242105251,45.85557269660381,46.32876968383789,24335200
2016-05-27 00:00:00-04:00,46.35554507940615,46.712677001953125,46.221623162847855,46.712677001953125,17721400
2016-05-31 00:00:00-04:00,46.659112027674674,47.31980514526367,46.49840638887704,47.31980514526367,37653100
2016-06-01 00:00:00-04:00,46.8198275982767,47.275171090236704,46.8198275982767,47.18588638305664,25324800
2016-06-02 00:00:00-04:00,46.998389527777405,47.08767422720844,46.284128961644306,46.85553741455078,22840800
2016-06-03 00:00:00-04:00,46.76625448199714,46.801964954655,46.069847474293724,46.23948669433594,23368300
2016-06-06 00:00:00-04:00,46.418042273616344,46.73945689064969,46.328757597333066,46.54303741455078,18243300
2016-06-07 00:00:00-04:00,46.64126445775116,47.07874759736654,46.516265869140625,46.516265869140625,20866800
2016-06-08 00:00:00-04:00,46.44484676158483,46.81983235222605,46.310921390148,46.462703704833984,21149400
2016-06-09 00:00:00-04:00,46.42698257661744,46.42698257661744,45.97164251531117,46.08770751953125,20305700
2016-06-10 00:00:00-04:00,45.57879942016727,46.471626062700864,45.569872652321806,45.96271514892578,25833200
2016-06-13 00:00:00-04:00,44.26634616878072,45.284167987068116,43.802075910184776,44.766326904296875,83217800
2016-06-14 00:00:00-04:00,44.55204149421431,44.73060406063389,44.257407129069236,44.48954391479492,42577100
2016-06-15 00:00:00-04:00,44.44489460782256,44.748455703020845,44.364540100097656,44.364540100097656,33757600
2016-06-16 00:00:00-04:00,44.21277427126668,45.06096023453616,44.203844097855935,44.989532470703125,31188600
2016-06-17 00:00:00-04:00,45.00738704655035,45.02524398657024,44.48061923648438,44.75739669799805,45710500
2016-06-20 00:00:00-04:00,45.212726211655095,45.38236539937994,44.66810158848803,44.70381546020508,35607900
2016-06-21 00:00:00-04:00,44.81988117882834,45.918057124947936,44.784167309232075,45.70377731323242,34097800
2016-06-22 00:00:00-04:00,45.6055811175341,45.94485274917013,45.4895127141518,45.52522659301758,28816800
2016-06-23 00:00:00-04:00,45.7841483674792,46.480555452903396,45.668083358127916,46.34663009643555,29028800
2016-06-24 00:00:00-04:00,44.471686976980436,45.480578419529124,44.21276648746434,44.48954391479492,133503000
2016-06-27 00:00:00-04:00,43.837781839344466,43.882425891124136,42.89138788480367,43.23958969116211,50216300
2016-06-28 00:00:00-04:00,43.67707951060396,44.168136908843,43.453872840809304,44.14134979248047,38140700
2016-06-29 00:00:00-04:00,44.560992198292176,45.284183241894205,44.46278069048474,45.12347412109375,31304000
2016-06-30 00:00:00-04:00,45.28415538107879,45.801992913833544,45.087732486311964,45.6859245300293,28527800
2016-07-01 00:00:00-04:00,45.65021443650855,46.17698214471433,45.59664362680779,45.676998138427734,21400400
2016-07-05 00:00:00-04:00,45.3823668284622,45.78413597741271,45.302012317499624,45.6859245300293,24806400
2016-07-06 00:00:00-04:00,45.33774169039339,46.01629193389226,44.98953979964225,45.87343978881836,28167500
2016-07-07 00:00:00-04:00,45.90915027068899,46.078789534495606,45.59666226767227,45.87343978881836,19585200
2016-07-08 00:00:00-04:00,46.185920943907846,46.74840267180329,46.025211878794856,46.69483184814453,28391000
2016-07-11 00:00:00-04:00,46.8734075053425,47.16804198733365,46.84662379093021,46.95376205444336,22269200
2016-07-12 00:00:00-04:00,47.26622636012318,47.676929074941704,47.132304449391675,47.50728988647461,27317600
2016-07-13 00:00:00-04:00,47.81979435416618,48.08764165541356,47.48051928945911,47.775150299072266,25356800
2016-07-14 00:00:00-04:00,48.06976909293327,48.2036944029658,47.83763574885395,47.98048782348633,24545500
2016-07-15 00:00:00-04:00,48.167988875217446,48.21262951767238,47.50729578695124,47.94478225708008,32024400
2016-07-18 00:00:00-04:00,47.944777041360204,48.516185376692626,47.8108517227019,48.176910400390625,31433900
2016-07-19 00:00:00-04:00,47.95371325130988,48.12335247580352,47.25730963119536,47.40016174316406,53336500
2016-07-20 00:00:00-04:00,50.13221046643304,50.74825953919721,49.57865557174454,49.917930603027344,89893300
2016-07-21 00:00:00-04:00,49.98041879371715,50.20362538179513,49.78399590633261,49.81970977783203,32776700
2016-07-22 00:00:00-04:00,50.06971522569664,50.56076915356443,49.80186453243872,50.507198333740234,32157200
2016-07-25 00:00:00-04:00,50.41791770636274,50.65898128996363,50.230421537431106,50.65005111694336,25610600
2016-07-26 00:00:00-04:00,50.46256143764496,51.150038350104474,50.453631264078965,50.67683792114258,28079000
2016-07-27 00:00:00-04:00,50.542911898336904,50.71254771792743,50.09649862017581,50.16792297363281,32327500
2016-07-28 00:00:00-04:00,49.998283012944455,50.32862785778127,49.74829268775581,50.18577575683594,37550400
2016-07-29 00:00:00-04:00,50.2304263761155,50.67683970596527,50.042933594985826,50.60541534423828,30558700
2016-08-01 00:00:00-04:00,50.53398970622015,50.667915073164245,50.12329024285814,50.516136169433594,26003400
2016-08-02 00:00:00-04:00,50.757196380551264,50.80184044010834,50.27507255245236,50.516136169433594,35122000
2016-08-03 00:00:00-04:00,50.605417362098194,50.98933311354647,50.43578151610199,50.86433792114258,22075600
2016-08-04 00:00:00-04:00,50.71254723352601,51.35538343781384,50.59647882867116,51.239315032958984,26587700
2016-08-05 00:00:00-04:00,51.47144831995286,51.97142897274641,51.29288234144256,51.74822235107422,29335200
2016-08-08 00:00:00-04:00,51.837520599365234,51.86430431109406,51.58752680172947,51.837520599365234,19473500
2016-08-09 00:00:00-04:00,51.93571822837317,52.23035262156546,51.80179629081001,51.96250534057617,16920700
2016-08-10 00:00:00-04:00,51.926791129410624,52.06964323874872,51.623229971334304,51.801795959472656,15756900
2016-08-11 00:00:00-04:00,51.81072474756601,52.18571367787254,51.81072474756601,52.051788330078125,18162300
2016-08-12 00:00:00-04:00,51.81072409436206,51.953576207472324,51.444665341650555,51.730369567871094,21655200
2016-08-15 00:00:00-04:00,51.79286748199097,52.230353996955465,51.74822683496105,51.89107894897461,19283900
2016-08-16 00:00:00-04:00,51.756304908850865,51.76528731073191,51.45085183855125,51.60357666015625,20523500
2016-08-17 00:00:00-04:00,51.69343084298881,51.81920506356063,51.41492833522944,51.71139907836914,18856400
2016-08-18 00:00:00-04:00,51.5856076197843,51.83715942067089,51.450851031145696,51.747318267822266,14214300
2016-08-19 00:00:00-04:00,51.59461145607662,51.864128154509636,51.38798187304161,51.76530456542969,17271000
2016-08-22 00:00:00-04:00,51.747331701260606,51.88209175197204,51.44187855645975,51.810218811035156,15221900
2016-08-23 00:00:00-04:00,52.01685173691269,52.26840017569282,51.971929435338716,52.00786590576172,18732400
2016-08-24 00:00:00-04:00,51.92701894990465,52.14263438018589,51.85514942453823,52.0617790222168,18151500
2016-08-25 00:00:00-04:00,51.99888003269446,52.36722026223101,51.90903886263053,52.2594108581543,18552600
2016-08-26 00:00:00-04:00,52.35823425839051,52.735560317229734,51.82818335158341,52.133636474609375,20971200
2016-08-29 00:00:00-04:00,52.26840615218914,52.64572885350333,52.196533203125,52.196533203125,16417200
2016-08-30 00:00:00-04:00,52.08872125066825,52.27738257975335,51.756317466981585,52.00786590576172,16930200
2016-08-31 00:00:00-04:00,51.79224801511729,51.92700462315887,51.477809075506826,51.621551513671875,20860300
2016-09-01 00:00:00-04:00,51.21727759153354,51.94497565164205,51.21727759153354,51.738346099853516,26075400
2016-09-02 00:00:00-04:00,51.810218811035156,52.27738264585355,51.58562101124307,51.810218811035156,18900500
2016-09-06 00:00:00-04:00,51.90904199636518,51.9270102314627,51.396959290902274,51.756317138671875,16278400
2016-09-07 00:00:00-04:00,51.630549713120196,51.96295353843273,51.576645000735375,51.80124282836914,17493400
2016-09-08 00:00:00-04:00,51.77428723723659,51.91802969609994,51.37001050071761,51.594608306884766,20146100
2016-09-09 00:00:00-04:00,51.01963418536536,51.6754593130279,50.498565673828125,50.498565673828125,35113900
2016-09-12 00:00:00-04:00,50.30990948702852,51.39696206594293,49.9595374514355,51.25321960449219,29303000
2016-09-13 00:00:00-04:00,50.75910587758958,50.89386593659644,50.35482912765968,50.78605651855469,30130200
2016-09-14 00:00:00-04:00,50.66027936474792,50.87589476128521,50.33685798348723,50.543487548828125,24062500
2016-09-15 00:00:00-04:00,50.444665953949226,51.52273262456074,50.291937671788695,51.378990173339844,26847000
2016-09-16 00:00:00-04:00,51.774285272404086,51.774285272404086,50.98370006511305,51.43289566040039,44607000
2016-09-19 00:00:00-04:00,51.45086559704933,51.88209297153591,51.073539502441996,51.14541244506836,20937100
2016-09-20 00:00:00-04:00,51.52273777982183,51.52273777982183,50.98370439058148,51.0376091003418,17384000
2016-09-21 00:00:00-04:00,51.66647733025121,51.97193048081037,51.28017226024954,51.891075134277344,33707300
2016-09-22 00:00:00-04:00,52.03481455216702,52.106687490260384,51.77428371930436,51.944976806640625,19822200
2016-09-23 00:00:00-04:00,51.98989921198635,52.025835683474824,51.549689431069446,51.594608306884766,19955300
2016-09-26 00:00:00-04:00,51.280179955614436,51.33408124333148,51.05558211788401,51.11846923828125,21688700
2016-09-27 00:00:00-04:00,51.14541944093077,52.160602618300246,50.92082160513785,52.0617790222168,28065100
2016-09-28 00:00:00-04:00,51.99887986059481,52.16059053908445,51.8102151176301,52.133636474609375,20536400
2016-09-29 00:00:00-04:00,51.93599389238774,52.25941182935771,51.39695714325723,51.56765365600586,25463500
2016-09-30 00:00:00-04:00,51.72036763551246,51.900046514120156,51.51373812459495,51.747318267822266,29910800
2016-10-03 00:00:00-04:00,51.576638476077896,51.70241269530731,51.26220292800436,51.58562088012695,19189500
2016-10-04 00:00:00-04:00,51.450866503451515,51.74733382928175,51.181349818035685,51.42391586303711,20085900
2016-10-05 00:00:00-04:00,51.46883242717623,52.07075288332716,51.44187836088216,51.783267974853516,16726400
2016-10-06 00:00:00-04:00,51.87310791015625,51.98091389148311,51.45984536540428,51.87310791015625,16212600
2016-10-07 00:00:00-04:00,51.97192463815964,52.08871644270891,51.585616184496004,51.927005767822266,20089000
2016-10-10 00:00:00-04:00,52.02583970294621,52.45706711285253,51.989903228681314,52.14263153076172,18196500
2016-10-11 00:00:00-04:00,52.00786468259014,52.12465649517286,51.10947350568697,51.378990173339844,26497400
2016-10-12 00:00:00-04:00,51.307125091552734,51.45086755518553,50.66926812337537,51.307125091552734,22177500
2016-10-13 00:00:00-04:00,50.93878508638867,51.477818471118226,50.597395448278256,51.13642883300781,25313700
2016-10-14 00:00:00-04:00,51.31610420647957,51.87310921605332,51.31610420647957,51.58562088012695,27402500
2016-10-17 00:00:00-04:00,51.531719042082415,51.62155678995921,51.09150585246918,51.40594482421875,23830000
2016-10-18 00:00:00-04:00,51.684450998414135,52.061777130926124,51.576645000735375,51.80124282836914,19149500
2016-10-19 00:00:00-04:00,51.630550770486956,51.96295460260694,51.56766365162887,51.684452056884766,22878400
2016-10-20 00:00:00-04:00,51.65749345804406,51.675461693106406,50.90284472087771,51.43289566040039,49455600
2016-10-21 00:00:00-04:00,54.15502793716706,54.30775624439954,53.445301395493225,53.598026275634766,80032200
2016-10-24 00:00:00-04:00,53.84957244193452,54.8018684387207,53.84059003699566,54.8018684387207,54067000
2016-10-25 00:00:00-04:00,54.667099558770396,55.134263363339144,54.622180687138645,54.792877197265625,35137200
2016-10-26 00:00:00-04:00,54.63118170227667,54.981553796315445,54.325728492354706,54.4694709777832,29911600
2016-10-27 00:00:00-04:00,54.45149429305597,54.649141465023426,53.98433043109968,53.99331283569336,28479900
2016-10-28 00:00:00-04:00,53.912456353118756,54.37063780085355,53.526151276076305,53.78668212890625,33574700
2016-10-31 00:00:00-04:00,54.047219419632235,54.28079964516885,53.83160400390625,53.83160400390625,26434700
2016-11-01 00:00:00-04:00,53.87652131574484,53.921440190289296,53.22967855561526,53.723793029785156,24533000
2016-11-02 00:00:00-04:00,53.74175611052424,53.84057968129792,53.274592320469694,53.39138412475586,22147000
2016-11-03 00:00:00-04:00,53.481229582929544,53.580053167964124,53.10390690598727,53.19374465942383,21600400
2016-11-04 00:00:00-04:00,52.69064370582855,53.25662767772751,52.57385189366782,52.744544982910156,28697000
2016-11-07 00:00:00-05:00,53.70582999090484,54.37064105059468,53.70582999090484,54.280799865722656,31664800
2016-11-08 00:00:00-05:00,54.3975950807032,54.60422467814275,54.03824060010481,54.32572555541992,22935400
2016-11-09 00:00:00-05:00,53.90346945363795,54.43352037368234,53.18475721300751,54.05619430541992,49632500
2016-11-10 00:00:00-05:00,54.33469652665207,54.34368235735336,51.774283111227874,52.73556137084961,57822400
2016-11-11 00:00:00-05:00,52.31332230250482,53.112889970128464,52.11567512998099,53.02305221557617,38767800
2016-11-14 00:00:00-05:00,53.023050079305904,53.076954786119884,51.45984785260573,52.21449661254883,41328400
2016-11-15 00:00:00-05:00,52.75717280889169,53.806346655747745,52.74812627343816,53.24557876586914,35904100
2016-11-16 00:00:00-05:00,53.30888800890838,53.96010051883448,53.19131065591564,53.95105743408203,27332500
2016-11-17 00:00:00-05:00,54.63844443237513,55.12685380319119,54.240483158141,54.84646987915039,32132700
2016-11-18 00:00:00-05:00,54.97309713812761,55.298703405322584,54.53895659861509,54.58417892456055,27686300
2016-11-21 00:00:00-05:00,54.71984587143957,55.14494329881582,54.64748739433634,55.04545211791992,19652600
2016-11-22 00:00:00-05:00,55.153985248775555,55.407233012943195,55.000228663457214,55.280609130859375,23206700
2016-11-23 00:00:00-05:00,55.18112388513652,55.26252545383449,54.49373554409771,54.6294059753418,21848900
2016-11-25 00:00:00-05:00,54.538957112958116,54.74698257446289,54.38520051324507,54.74698257446289,8409600
2016-11-28 00:00:00-05:00,54.57513505530988,55.19016834000947,54.4575542493473,54.819339752197266,20732600
2016-11-29 00:00:00-05:00,54.8555252946396,55.54291368873485,54.73794447516868,55.25348663330078,22366700
2016-11-30 00:00:00-05:00,55.04546306447095,55.334890129956264,54.466608933500325,54.502784729003906,34655400
2016-12-01 00:00:00-05:00,54.367103138074775,54.40328237410888,53.308882910649025,53.544044494628906,34542100
2016-12-02 00:00:00-05:00,53.435518757806584,53.7882577397837,53.18226751542521,53.58927536010742,25515700
2016-12-05 00:00:00-05:00,53.996278756768504,54.80124784425038,53.86965487112984,54.46659851074219,23552700
2016-12-06 00:00:00-05:00,54.65654508044954,54.68367778977798,54.08673403285267,54.22240447998047,19907000
2016-12-07 00:00:00-05:00,54.27666626327786,55.51577947667258,54.08673041021475,55.50673294067383,30809000
2016-12-08 00:00:00-05:00,55.44341997615735,55.69667122585467,55.027369034126565,55.18112564086914,21220800
2016-12-09 00:00:00-05:00,55.334883467615306,56.067497579679554,55.28966114099853,56.049407958984375,27349400
2016-12-12 00:00:00-05:00,55.91372976661543,56.347870252302755,55.82328512593794,56.230289459228516,20198100
2016-12-13 00:00:00-05:00,56.5287729509494,57.36087483267098,56.293614773580146,56.962913513183594,35718900
2016-12-14 00:00:00-05:00,56.980993459632195,57.3880012458208,56.55589605514165,56.691566467285156,30352700
2016-12-15 00:00:00-05:00,56.70966571721221,57.11667357252743,56.34788019021146,56.601131439208984,27669900
2016-12-16 00:00:00-05:00,56.935778093214395,56.935778093214395,56.18507436808096,56.347877502441406,42453100
2016-12-19 00:00:00-05:00,56.58303759605682,57.677433730727316,56.45641025588474,57.54176330566406,34338200
2016-12-20 00:00:00-05:00,57.60508456878791,57.70457576989563,57.008140812384404,57.469417572021484,26028400
2016-12-21 00:00:00-05:00,57.369926370913774,57.61413110538468,57.089542390541375,57.469417572021484,17096300
2016-12-22 00:00:00-05:00,57.7407565837827,57.975914788042694,57.35183830538729,57.47846221923828,22176600
2016-12-23 00:00:00-05:00,57.38801401458546,57.46941558993494,56.80011336481228,57.19807815551758,12403800
2016-12-27 00:00:00-05:00,57.170929546360995,57.948765885806765,57.170929546360995,57.2342414855957,11763200
2016-12-28 00:00:00-05:00,57.34277908160213,57.34277908160213,56.82723703443761,56.97195053100586,14653300
2016-12-29 00:00:00-05:00,56.854380906336246,57.161897578238104,56.73680008907426,56.890560150146484,10250600
2016-12-30 00:00:00-05:00,56.94482805569526,56.97196421486084,56.103679576659786,56.20317077636719,25579900
2017-01-03 00:00:00-05:00,56.79106728827526,56.83628961658973,56.19412358389376,56.601131439208984,20694100
2017-01-04 00:00:00-05:00,56.51068063680185,56.754885338342525,56.18507436808096,56.347877502441406,21340000
2017-01-05 00:00:00-05:00,56.248386314749766,56.6734837711623,56.10367280090073,56.347877502441406,24876000
2017-01-06 00:00:00-05:00,56.34788659960963,57.11668006937349,56.11272839548036,56.83629608154297,19922900
2017-01-09 00:00:00-05:00,56.76393360524364,57.05336410960505,56.56495466193864,56.655399322509766,20382700
2017-01-10 00:00:00-05:00,56.736801225425694,57.04431790348665,56.32979335001522,56.63731002807617,18593000
2017-01-11 00:00:00-05:00,56.628265869883876,57.18903034858618,56.465462722802144,57.15285110473633,21517300
2017-01-12 00:00:00-05:00,57.03526556081915,57.342782188971064,56.03131411449255,56.628257751464844,20968200
2017-01-13 00:00:00-05:00,56.637316338073866,56.86343146624434,56.39311158562058,56.70967483520508,19422300
2017-01-17 00:00:00-05:00,56.691570996713494,56.70966061646071,56.103670430776624,56.55590057373047,20664000
2017-01-18 00:00:00-05:00,56.682527046276256,56.7096632022555,56.18507455639308,56.528770446777344,19670100
2017-01-19 00:00:00-05:00,56.29361209114948,56.962910798860364,56.257432850126634,56.347877502441406,18451700
2017-01-20 00:00:00-05:00,56.6825265833742,56.81819701143544,56.41118917749403,56.74584197998047,30213500
2017-01-23 00:00:00-05:00,56.709662241086455,57.08953391593405,56.592081434482175,56.944820404052734,23097600
2017-01-24 00:00:00-05:00,57.16188602728785,57.65029536930333,56.926724440284,57.45131301879883,24672900
2017-01-25 00:00:00-05:00,57.84024737240613,57.97591437188284,57.38801714033141,57.59604263305664,23672700
2017-01-26 00:00:00-05:00,57.993998032843336,58.373869710015256,57.478452477729256,58.129661560058594,43554600
2017-01-27 00:00:00-05:00,59.14266049801089,59.61298373444971,58.69043033246532,59.495399475097656,44818000
2017-01-30 00:00:00-05:00,59.41399217608038,59.504436815115824,58.609023157842714,58.90748977661133,31651400
2017-01-31 00:00:00-05:00,58.66329781106233,58.92559213596164,58.120622990798275,58.47336196899414,25270500
2017-02-01 00:00:00-05:00,58.21106647370152,58.44622808793218,57.40609734472289,57.50558853149414,39671500
2017-02-02 00:00:00-05:00,57.20711647888879,57.351829995213045,56.754886309095205,57.13475799560547,45827000
2017-02-03 00:00:00-05:00,57.43323947349031,57.61413225636877,57.04432119788662,57.59604263305664,30301800
2017-02-06 00:00:00-05:00,57.433232517189516,57.568902950476705,57.107626237494216,57.55985641479492,19796400
2017-02-07 00:00:00-05:00,57.65031043340853,57.68648622911876,57.18903367311436,57.36992645263672,20277200
2017-02-08 00:00:00-05:00,57.4965462871064,57.71361829719283,57.17998653306634,57.28852081298828,18096400
2017-02-09 00:00:00-05:00,57.45132559917831,58.283430969663705,57.27043282731256,57.93973159790039,22644400
2017-02-10 00:00:00-05:00,58.111578807234764,58.1568045859558,57.8673740931597,57.88546371459961,18170700
2017-02-13 00:00:00-05:00,58.10253049868456,58.663298395485306,58.003039308921764,58.53667449951172,22920100
2017-02-14 00:00:00-05:00,58.60947853229113,58.891558864886285,58.25459409337766,58.75506591796875,23108400
2017-02-15 00:00:00-05:00,58.691361250478245,58.75505702375501,58.381983763796406,58.718658447265625,17005200
2017-02-16 00:00:00-05:00,58.90974144975357,59.36471320904923,58.63676255956703,58.70955276489258,20546300
2017-02-17 00:00:00-05:00,58.66406706429832,58.864255774104194,58.509378313018864,58.800559997558594,21248800
2017-02-21 00:00:00-05:00,58.79145051127597,59.1008279711782,58.645856217921036,58.682254791259766,20655900
2017-02-22 00:00:00-05:00,58.536675275066386,58.591269671222676,58.281892169911806,58.56397247314453,19292700
2017-02-23 00:00:00-05:00,58.61856710577191,58.90065435246153,58.40928395811593,58.800559997558594,20273100
2017-02-24 00:00:00-05:00,58.718661460674845,58.96435012900713,58.363783999589515,58.800559997558594,21796800
2017-02-27 00:00:00-05:00,58.72776282995311,58.72776282995311,58.281892394216605,58.445682525634766,15871500
2017-02-28 00:00:00-05:00,58.30918949993138,58.41837829249102,58.01800434474793,58.21819305419922,23239800
2017-03-01 00:00:00-05:00,58.354676850037066,59.13722885155341,58.25458250503021,59.09173583984375,26937500
2017-03-02 00:00:00-05:00,58.864252945535846,58.91884733928897,58.12719738943472,58.24549102783203,24539600
2017-03-03 00:00:00-05:00,58.22729101420629,58.49117201343106,57.89060939151245,58.46387481689453,18135900
2017-03-06 00:00:00-05:00,58.20910720138359,58.745970722180026,58.06351632921705,58.482086181640625,18750300
2017-03-07 00:00:00-05:00,58.40929258598459,58.94615607583987,58.40929258598459,58.600379943847656,18521000
2017-03-08 00:00:00-05:00,58.4729750094677,59.219128449699134,58.4638736300341,59.137229919433594,21510900
2017-03-09 00:00:00-05:00,59.319223231288035,59.32831766846988,58.6731641331357,58.90065002441406,19846800
2017-03-10 00:00:00-05:00,59.246427911341456,59.38292083879142,58.91884766238901,59.082637786865234,19538200
2017-03-13 00:00:00-04:00,59.15543979576273,59.31922993368231,58.755062360332836,58.88245391845703,20100000
2017-03-14 00:00:00-04:00,58.718670621310906,58.73687338448885,58.37289448645049,58.60948181152344,14280200
2017-03-15 00:00:00-04:00,58.73687160212608,59.073546345181164,58.46388570130102,58.91885757446289,24833800
2017-03-16 00:00:00-04:00,58.91884663771966,58.92794801734302,58.50937480480965,58.81875228881836,20674300
2017-03-17 00:00:00-04:00,59.06442896430116,59.36470500779129,58.85513892931869,59.02803039550781,49219700
2017-03-20 00:00:00-04:00,59.064441969620624,59.31012368517562,58.891550465362755,59.082637786865234,14598100
2017-03-21 00:00:00-04:00,59.31922658919402,59.601306888805105,58.35468163479684,58.4274787902832,26640500
2017-03-22 00:00:00-04:00,58.34559223748212,59.273731751997744,58.34559223748212,59.17363739013672,20680000
2017-03-23 00:00:00-04:00,59.091726155316884,59.36470500779129,58.937030502365864,59.02803039550781,19269200
2017-03-24 00:00:00-04:00,59.47391940929979,59.5558110080889,58.92795459041438,59.128143310546875,22617100
2017-03-27 00:00:00-04:00,58.80964918139448,59.34651948630287,58.55486609797423,59.23732376098633,18614700
2017-03-28 00:00:00-04:00,59.10994562327298,59.57401888320536,58.827865280137566,59.41022872924805,20080400
2017-03-29 00:00:00-04:00,59.25553386260665,59.601309955479856,59.100838163658835,59.574012756347656,13618400
2017-03-30 00:00:00-04:00,59.52851964895067,60.03809287991568,59.47392524440156,59.79240417480469,15122800
2017-03-31 00:00:00-04:00,59.73779528696376,60.22916563573411,59.555802412057155,59.92888259887695,21040300
2017-04-03 00:00:00-04:00,59.883392802998685,60.00168992733511,59.3192321508816,59.646812438964844,20400900
2017-04-04 00:00:00-04:00,59.501215824005556,59.88339049795208,59.40112146525967,59.81060028076172,12997400
2017-04-05 00:00:00-04:00,60.32927387064524,60.37476689310677,59.54672168417975,59.65591049194336,21448600
2017-04-06 00:00:00-04:00,59.69230316097882,60.110876414680135,59.58311436403366,59.81060028076172,18103500
2017-04-07 00:00:00-04:00,59.91979497361119,60.01988934220602,59.54672164347403,59.765106201171875,14108500
2017-04-10 00:00:00-04:00,59.70140204538196,59.89248937436586,59.47391613816509,59.628604888916016,17952700
2017-04-11 00:00:00-04:00,59.69229195638142,59.70139333519154,59.00983433429858,59.58310317993164,18791500
2017-04-12 00:00:00-04:00,59.528517370544236,59.6104159165533,59.24643703474358,59.35563278198242,17108500
2017-04-13 00:00:00-04:00,59.41022599537479,59.928893635318836,59.1008415222168,59.1008415222168,17896500
2017-04-17 00:00:00-04:00,59.182725820101304,59.59219761642383,59.15542862598886,59.58310317993164,16689300
2017-04-18 00:00:00-04:00,59.44663011137281,59.79240625608643,59.29194133155253,59.501224517822266,15155600
2017-04-19 00:00:00-04:00,59.737790069956624,59.82878302830419,59.046231090343234,59.18272399902344,26992800
2017-04-20 00:00:00-04:00,59.56491977462673,59.82880430731155,59.27373803896076,59.601318359375,22299500
2017-04-21 00:00:00-04:00,59.755995673207096,60.693236488118195,59.55580696665931,60.420257568359375,32522600
2017-04-24 00:00:00-04:00,61.40298950450762,61.566779609719305,61.05720653666193,61.448482513427734,29770000
2017-04-25 00:00:00-04:00,61.78517179737549,61.91256334592589,61.512185940585354,61.803367614746094,30242700
2017-04-26 00:00:00-04:00,61.948951927634226,62.15823503406298,61.53037877245911,61.721466064453125,26190800
2017-04-27 00:00:00-04:00,62.01267549864279,62.22195869891592,61.49400777570757,62.121864318847656,34971000
2017-04-28 00:00:00-04:00,62.704232918919004,62.91351611299168,61.59410033092151,62.29475402832031,39548800
2017-05-01 00:00:00-04:00,62.49492544785648,63.28657886290426,62.33113532551276,63.15918731689453,31954400
2017-05-02 00:00:00-04:00,63.43217441124393,63.43217441124393,62.90440539977514,63.05910110473633,23906100
2017-05-03 00:00:00-04:00,63.13188087661556,63.13188087661556,62.522220365461216,62.85890197753906,28928000
2017-05-04 00:00:00-04:00,62.81341658201822,62.85891654690273,62.458539071342855,62.61322784423828,21749400
2017-05-05 00:00:00-04:00,62.69512456890863,62.81341475491965,62.322044306203544,62.78611755371094,19128800
2017-05-08 00:00:00-04:00,62.758811174267386,62.83160832839082,62.2583394175672,62.73151397705078,18566100
2017-05-09 00:00:00-04:00,62.65872724216525,63.040901951385294,62.49493708931096,62.82251739501953,22858400
2017-05-10 00:00:00-04:00,62.7770098409293,63.295677438542,62.71331406375999,63.06819152832031,17977800
2017-05-11 00:00:00-04:00,62.203761033405215,62.54044275114363,61.98537645714489,62.29475402832031,28789400
2017-05-12 00:00:00-04:00,62.43124447365447,62.43124447365447,61.912576787006614,62.221954345703125,18714100
2017-05-15 00:00:00-04:00,62.00355631894645,62.31294075280415,61.48488874488738,62.26744079589844,31530300
2017-05-16 00:00:00-04:00,62.44132522436793,63.54866719472512,62.3772643494584,63.52121353149414,34956000
2017-05-17 00:00:00-04:00,63.04533411835023,63.23751676550403,61.70920215567678,61.75496292114258,30548800
2017-05-18 00:00:00-04:00,61.681730286430245,62.34979257955975,61.44378694402979,61.96542739868164,25201300
2017-05-19 00:00:00-04:00,61.7732534221254,62.322347611677564,61.70919254971284,61.94713592529297,26961100
2017-05-22 00:00:00-04:00,62.130182553595404,62.68843044900967,61.77327088041099,62.642669677734375,16237600
2017-05-23 00:00:00-04:00,62.889771896490664,62.91722556869149,62.578613986615316,62.85316467285156,15425800
2017-05-24 00:00:00-04:00,63.02703789400587,63.03618446197391,62.64266559384677,62.935516357421875,14593900
2017-05-25 00:00:00-04:00,63.11853921254866,63.95133056034603,63.063631887802664,63.71339416503906,21854100
2017-05-26 00:00:00-04:00,63.87813712886159,64.26250245059181,63.62188659892842,64.0245590209961,19827900
2017-05-30 00:00:00-04:00,63.86896199739982,64.43636322021484,63.85065490324833,64.43636322021484,17072800
2017-05-31 00:00:00-04:00,64.54619615384576,64.73837880425124,63.88728021981977,63.91473388671875,30436400
2017-06-01 00:00:00-04:00,64.28077828067576,64.61938968784592,63.55780169700565,64.15265655517578,21603600
2017-06-02 00:00:00-04:00,64.46382679137804,65.76335139152422,64.28079073227255,65.67183685302734,34770300
2017-06-05 00:00:00-04:00,65.8640155604221,66.70596043588701,65.71758672184839,66.14771270751953,33316800
2017-06-06 00:00:00-04:00,66.166048966255,66.45889979036588,66.13858831033559,66.36737823486328,31511100
2017-06-07 00:00:00-04:00,66.47719536542235,66.5961636044786,65.84573298263881,66.24840545654297,22301800
2017-06-08 00:00:00-04:00,66.35821241388976,66.367358981095,65.43389943195736,65.84571838378906,24588300
2017-06-09 00:00:00-04:00,65.92809470544562,65.96470192523569,62.77079007415667,64.35401916503906,49187400
2017-06-12 00:00:00-04:00,63.37479931565051,64.00626164419101,62.34981809835645,63.859832763671875,47761700
2017-06-13 00:00:00-04:00,64.07945859391656,64.81158891222324,64.02455126378281,64.65601348876953,25258600
2017-06-14 00:00:00-04:00,64.89395888920703,65.06783443402581,63.53951985323702,64.3082504272461,25510700
2017-06-15 00:00:00-04:00,63.393091536289944,64.25334364687478,62.96297246310998,63.96964645385742,26068700
2017-06-16 00:00:00-04:00,63.81408246360952,64.08862615642138,63.347349109081556,64.06117248535156,48345100
2017-06-19 00:00:00-04:00,64.51874928746926,64.92142173006451,64.3814739563924,64.85736083984375,23798300
2017-06-20 00:00:00-04:00,64.81160866946763,64.85736944660364,63.94220976079804,63.978816986083984,21512200
2017-06-21 00:00:00-04:00,64.2533430954204,64.6285618151956,64.00625312009247,64.3082504272461,19891100
2017-06-22 00:00:00-04:00,64.55532332418439,64.60107708961537,63.79573960051015,64.29907989501953,22965700
2017-06-23 00:00:00-04:00,64.14352172246667,65.20511002302747,63.98794629355731,65.16850280761719,27617300
2017-06-26 00:00:00-04:00,65.34237178541423,65.62606891837383,64.46381974408781,64.54618072509766,19607000
2017-06-27 00:00:00-04:00,64.16182152508459,64.22588239923981,63.310723064387204,63.33817672729492,25215100
2017-06-28 00:00:00-04:00,63.33819551214798,63.91474355053765,62.95383015322154,63.878143310546875,25806200
2017-06-29 00:00:00-04:00,63.49374763083484,63.59441570909072,62.313191334834066,62.679256439208984,28918700
2017-06-30 00:00:00-04:00,62.944656773751305,63.49375096811897,62.908049563178594,63.081932067871094,24161100
2017-07-03 00:00:00-04:00,63.448005691407616,63.69509566823588,62.2491420764059,62.386417388916016,16165500
2017-07-05 00:00:00-04:00,62.46878493627339,63.548673347962115,62.432177721050266,63.219215393066406,21176300
2017-07-06 00:00:00-04:00,62.47792894136437,62.94466218867862,62.34066061754732,62.752479553222656,21117600
2017-07-07 00:00:00-04:00,62.87147036680984,63.91475189560614,62.87147036680984,63.566993713378906,16878300
2017-07-10 00:00:00-04:00,63.566967537664546,64.28994426115946,63.32902415195581,64.04285430908203,15014500
2017-07-11 00:00:00-04:00,64.06116313224426,64.68347185338486,63.83237326391482,64.05200958251953,17460000
2017-07-12 00:00:00-04:00,64.69260640017136,65.23254697941151,64.56448467011062,65.11357879638672,17750900
2017-07-13 00:00:00-04:00,65.43390214155637,65.92808909348598,65.26001960788318,65.68099212646484,20269800
2017-07-14 00:00:00-04:00,66.11112155566204,67.05373474107066,65.85487800803016,66.60530853271484,25868100
2017-07-17 00:00:00-04:00,66.62360440592865,67.21845240607028,66.55038998119643,67.12693786621094,21803900
2017-07-18 00:00:00-04:00,66.8889947758979,67.16354537881506,66.49548295095481,67.08118438720703,26435300
2017-07-19 00:00:00-04:00,67.26420817194297,67.75839502901876,67.21844741435561,67.59366607666016,22416200
2017-07-20 00:00:00-04:00,67.88651138456596,67.99633300479385,67.06286668813365,67.9231185913086,42361000
2017-07-21 00:00:00-04:00,67.21845946284814,67.98719703901683,66.9622159314961,67.52961730957031,46717100
2017-07-24 00:00:00-04:00,67.29167489501883,67.49301109610457,66.92560970960048,67.3557357788086,21394800
2017-07-25 00:00:00-04:00,67.53875647539746,68.00548267291302,67.26420590335566,67.89566802978516,22018700
2017-07-26 00:00:00-04:00,68.03295297342063,68.06956019078713,67.54791956201197,67.76756286621094,16252200
2017-07-27 00:00:00-04:00,67.50216589144195,68.10616752373214,66.18433399246291,66.95307159423828,36844200
2017-07-28 00:00:00-04:00,66.50464254371563,67.09034409468876,66.38567431627564,66.84325408935547,18306700
2017-07-31 00:00:00-04:00,67.08119048918124,67.20931225363388,66.2666991371126,66.53208923339844,23600100
2017-08-01 00:00:00-04:00,66.89815923417869,67.19101000006233,66.33991137075785,66.42227935791016,22132300
2017-08-02 00:00:00-04:00,66.39481447213186,66.40396103862668,65.37898702226025,66.1294174194336,26499200
2017-08-03 00:00:00-04:00,66.06537003717457,66.29415992428808,65.7542121600013,66.02876281738281,18214400
2017-08-04 00:00:00-04:00,66.25754279780196,66.8432442626706,66.1111139405287,66.51378631591797,22579000
2017-08-07 00:00:00-04:00,66.62361831857855,66.71513287754838,66.12943132160551,66.25755310058594,18705700
2017-08-08 00:00:00-04:00,65.97383282633844,66.92559936851784,65.66268200518388,66.61444854736328,22044600
2017-08-09 00:00:00-04:00,66.12025807924127,66.35820144738955,65.93722901581104,66.32159423828125,22213400
2017-08-10 00:00:00-04:00,65.80000419561287,66.06540142862355,65.29666341195187,65.35157775878906,24734500
2017-08-11 00:00:00-04:00,65.53457624321514,66.53209680600638,65.23257191458332,66.34906768798828,21443700
2017-08-14 00:00:00-04:00,66.86153954005673,67.46554805942901,66.76087145349469,67.34657287597656,20096600
2017-08-15 00:00:00-04:00,67.70536815368857,67.70536815368857,67.19935314611918,67.36495971679688,19181400
2017-08-16 00:00:00-04:00,67.47537393251068,68.17460260570824,67.31896964303431,67.76058959960938,18150400
2017-08-17 00:00:00-04:00,67.6962072517115,67.96301836332034,66.61056518554688,66.61056518554688,22977500
2017-08-18 00:00:00-04:00,66.49092765977467,67.01534733924184,66.17811912293571,66.6933364868164,18761500
2017-08-21 00:00:00-04:00,66.67496524061552,66.68416755984092,65.96653406583044,66.38055419921875,17734800
2017-08-22 00:00:00-04:00,66.56453550150714,67.38336614722945,66.56453550150714,67.30976867675781,14343700
2017-08-23 00:00:00-04:00,67.12576711414219,67.30057604770849,66.73015169875792,66.90496063232422,13766500
2017-08-24 00:00:00-04:00,66.9233550289495,67.033761774204,66.30693316139529,66.87735748291016,17098300
2017-08-25 00:00:00-04:00,67.03376575157836,67.484581037655,66.68415489982873,66.99696350097656,12794300
2017-08-28 00:00:00-04:00,67.21774575313475,67.24534567630836,66.74853302056518,67.00614166259766,14569700
2017-08-29 00:00:00-04:00,66.47255653114787,67.30979210032596,66.28855226197021,67.20858764648438,11478400
2017-08-30 00:00:00-04:00,67.17177686600928,68.27581637962021,67.00617023703644,68.09181213378906,16897800
2017-08-31 00:00:00-04:00,68.11020678072649,68.9658398232246,67.8986026091788,68.79103088378906,27652800
2017-09-01 00:00:00-04:00,68.73583650795283,68.7634364438979,67.75139901647543,68.02741241455078,21736200
2017-09-05 00:00:00-04:00,67.4754023940781,67.98142474325235,67.14419606108065,67.72381591796875,21556000
2017-09-06 00:00:00-04:00,67.84341017624334,68.11942361107054,67.4845969225559,67.53060150146484,16535800
2017-09-07 00:00:00-04:00,67.78821177572753,68.63464269933552,67.71460725559291,68.39543151855469,17471200
2017-09-08 00:00:00-04:00,68.3862199090279,68.48742434524905,67.93539759520213,68.064208984375,14703800
2017-09-11 00:00:00-04:00,68.36781738803991,68.94744408965212,68.36781738803991,68.7818374633789,17910400
2017-09-12 00:00:00-04:00,68.78183356562778,69.22344653112292,68.42302039892115,68.7082290649414,14394900
2017-09-13 00:00:00-04:00,68.93823022368639,69.21424356100997,68.58861941314584,69.19583892822266,13380800
2017-09-14 00:00:00-04:00,69.00264207464848,69.45345737079556,68.56102207687357,68.79103088378906,15733900
2017-09-15 00:00:00-04:00,68.84625161777285,69.36146920271061,68.14702273870508,69.2878646850586,38578400
2017-09-18 00:00:00-04:00,69.21425875765699,69.89508291474294,69.03944980435038,69.14985656738281,23307000
2017-09-19 00:00:00-04:00,69.19585947908789,69.65587716504325,69.01185521243087,69.407470703125,16093300
2017-09-20 00:00:00-04:00,69.32464421718723,69.50865545099285,68.36780685933056,68.94743347167969,21587900
2017-09-21 00:00:00-04:00,69.10386647789029,69.22346856509158,68.18383098439615,68.27583312988281,19186100
2017-09-22 00:00:00-04:00,68.07338831137584,68.55181044659449,67.94458397173467,68.45980834960938,14111400
2017-09-25 00:00:00-04:00,68.16543390197607,68.31264296652846,67.08899393986626,67.40180969238281,24149200
2017-09-26 00:00:00-04:00,67.77902063649786,67.90782505832394,67.1533961507793,67.40180969238281,18019600
2017-09-27 00:00:00-04:00,67.66861179499742,68.2390292954594,67.31899382316475,67.94461822509766,19565100
2017-09-28 00:00:00-04:00,67.65940694556447,68.05502246463448,67.44779570634935,67.96302032470703,10883800
2017-09-29 00:00:00-04:00,68.0274091973174,68.57942894804903,67.97220230872585,68.5334243774414,17079100
2017-10-02 00:00:00-04:00,68.73584674444797,69.01186018362867,68.35863586483526,68.64384460449219,15304800
2017-10-03 00:00:00-04:00,68.69904161335909,68.89224820498525,68.257428552303,68.32183074951172,12190400
2017-10-04 00:00:00-04:00,68.16541852530379,68.74504531208413,67.81580760482849,68.71744537353516,13317700
2017-10-05 00:00:00-04:00,69.2050541140897,70.03308726073196,68.96584297854594,69.89508056640625,21195300
2017-10-06 00:00:00-04:00,69.61906278194203,69.95027601968583,69.49946073137797,69.92267608642578,13959800
2017-10-09 00:00:00-04:00,69.89505747550298,70.4286794403058,69.79385306771935,70.18946838378906,11386500
2017-10-10 00:00:00-04:00,70.22627062473855,70.50227690289502,70.05146173505595,70.18946838378906,13944500
2017-10-11 00:00:00-04:00,70.25388979375548,70.34589191167446,69.8766719851825,70.30908966064453,15388900
2017-10-12 00:00:00-04:00,70.37350583458944,71.1095369628794,70.26310607886508,70.95313262939453,16876500
2017-10-13 00:00:00-04:00,71.38555072967561,71.64316656465039,71.1095442926019,71.29354858398438,15335700
2017-10-16 00:00:00-04:00,71.22911607145687,71.58792920049423,71.16471389494531,71.44072723388672,12380100
2017-10-17 00:00:00-04:00,71.2751288316283,71.41313551697094,71.07271996236729,71.38552856445312,16824000
2017-10-18 00:00:00-04:00,71.45913816380744,71.62474479417075,71.18313179274331,71.40393829345703,13300700
2017-10-19 00:00:00-04:00,71.36711608438091,71.69832925249341,71.16470725727771,71.679931640625,15092800
2017-10-20 00:00:00-04:00,72.05717259331662,72.65519701005152,71.96517045673734,72.50798797607422,22866400
2017-10-23 00:00:00-04:00,72.67359208519397,72.99560306160373,72.46198788040164,72.5263900756836,20627200
2017-10-24 00:00:00-04:00,72.59075731761007,72.86676358478388,72.18593970258377,72.553955078125,17517200
2017-10-25 00:00:00-04:00,72.29637152874118,72.77478676957628,71.77195171774551,72.34236907958984,20410800
2017-10-26 00:00:00-04:00,72.86679348889963,73.06920237948023,72.45278040857556,72.46198272705078,32120700
2017-10-27 00:00:00-04:00,77.62337114460519,79.30703019976264,76.92414243806469,77.10814666748047,71066700
2017-10-30 00:00:00-04:00,77.00694612562427,77.58657281425631,76.46412870790854,77.18175506591797,31756700
2017-10-31 00:00:00-04:00,77.61416035819461,77.61416035819461,76.46411650155862,76.52851867675781,27086600
2017-11-01 00:00:00-04:00,76.98853621941221,77.06214071087147,76.25250534344092,76.52851867675781,22307400
2017-11-02 00:00:00-04:00,76.68493535794497,77.70617502933521,76.47333118491774,77.32896423339844,23992900
2017-11-03 00:00:00-04:00,77.35658143085038,77.7797968906648,76.73095705127402,77.41178131103516,17633500
2017-11-06 00:00:00-05:00,77.4669643621249,77.92698198189835,77.35656462573884,77.71537780761719,19860900
2017-11-07 00:00:00-05:00,77.99138972285083,78.11099880487068,77.21856343585635,77.5313720703125,17939700
2017-11-08 00:00:00-05:00,77.41177409197435,77.8441918312654,77.12656537853246,77.79818725585938,18034200
2017-11-09 00:00:00-05:00,77.38415780782783,77.53135978326935,76.27091610742728,77.36575317382812,21178400
2017-11-10 00:00:00-05:00,77.08977895584421,77.37498772786626,76.57456129817493,77.16338348388672,19397800
2017-11-13 00:00:00-05:00,76.97015283468033,77.2277615830979,76.7861415720164,77.21855926513672,14196900
2017-11-14 00:00:00-05:00,76.82294204692155,77.37496178351611,76.3445268136894,77.32896423339844,18801300
2017-11-15 00:00:00-05:00,77.18102279913361,77.38444820925226,76.45979238475958,76.72794342041016,19383100
2017-11-16 00:00:00-05:00,76.83890941044817,77.13479903756563,76.69096812417203,76.9313735961914,20962800
2017-11-17 00:00:00-05:00,76.85738070381588,76.85738070381588,76.04367921121916,76.1916275024414,22079000
2017-11-20 00:00:00-05:00,76.19164115483584,76.36732096393791,76.05294137060277,76.31184387207031,16315000
2017-11-21 00:00:00-05:00,76.50601232956342,77.52313221107674,76.50601232956342,77.41217803955078,21237500
2017-11-22 00:00:00-05:00,77.51388244871626,77.57860806004317,76.78340366113403,76.84812927246094,20553100
2017-11-24 00:00:00-05:00,76.75567535821226,77.14402907796887,76.54300143288069,76.9868392944336,7425600
2017-11-27 00:00:00-05:00,77.03306841409102,77.65259312917759,77.02382693586007,77.5508804321289,18265200
2017-11-28 00:00:00-05:00,77.7358179969233,78.65122532456326,77.68958238202089,78.48478698730469,21926000
2017-11-29 00:00:00-05:00,78.32759493741978,78.52177181622484,76.91287263857986,77.0608139038086,27381100
2017-11-30 00:00:00-05:00,77.21800085402771,78.1518980483326,77.06080402076718,77.8282699584961,33054600
2017-12-01 00:00:00-05:00,77.30122281441533,78.42005547639215,76.94985615303409,77.9114990234375,29532100
2017-12-04 00:00:00-05:00,78.05942325118544,78.0686717823672,74.61970332604795,74.97107696533203,39094900
2017-12-05 00:00:00-05:00,75.211508750709,76.45055134536061,74.8786391114608,75.44267272949219,26152300
2017-12-06 00:00:00-05:00,75.40565413600106,76.87585290296363,75.29469294329097,76.54297637939453,26162100
2017-12-07 00:00:00-05:00,76.32107691214016,76.56148935236867,75.82176202300214,76.27484130859375,23184500
2017-12-08 00:00:00-05:00,77.32896487316188,78.20739214837515,77.05157235564519,77.81903839111328,24489100
2017-12-11 00:00:00-05:00,77.93924709498137,78.93787716568168,77.78205728419465,78.80842590332031,22857900
2017-12-12 00:00:00-05:00,78.88238852978273,79.56663894000984,78.66972163423553,79.13204956054688,23924100
2017-12-13 00:00:00-05:00,79.27998009854996,79.52039256297155,78.75292661607092,78.91936492919922,22062700
2017-12-14 00:00:00-05:00,78.99334826201913,79.40019908685795,78.16115659965068,78.3091049194336,19306000
2017-12-15 00:00:00-05:00,78.83615893718188,80.52827376384683,78.48478520286689,80.30635833740234,53936700
2017-12-18 00:00:00-05:00,80.55600011568893,80.90736671147913,79.73305717864575,79.87174987792969,22283800
2017-12-19 00:00:00-05:00,79.8440074922699,79.8440074922699,78.8453777781508,79.36318969726562,23524800
2017-12-20 00:00:00-05:00,79.70531951073907,79.79779072554112,78.32758447585992,79.07655334472656,23674900
2017-12-21 00:00:00-05:00,79.56664616753054,79.61287473162231,78.96561839781792,79.0580825805664,17990700
2017-12-22 00:00:00-05:00,78.96559383280317,79.17826068151072,78.52175601729078,79.06730651855469,14145800
2017-12-26 00:00:00-05:00,78.88238399912359,79.085809403747,78.62348150398975,78.96560668945312,9891200
2017-12-27 00:00:00-05:00,79.1967659547633,79.50190404364919,78.79916370230806,79.25224304199219,14678000
2017-12-28 00:00:00-05:00,79.42795111707638,79.45568966810359,79.10432293081648,79.26151275634766,10594300
2017-12-29 00:00:00-05:00,79.17827025874746,79.56663103975713,79.0580675494847,79.09505462646484,18717400
2018-01-02 00:00:00-05:00,79.64058991326594,79.80702821520374,79.05805938376504,79.47415161132812,22483800
2018-01-03 00:00:00-05:00,79.5758660334768,79.99196532467292,79.49265040797539,79.8440170288086,26061400
2018-01-04 00:00:00-05:00,80.06594321663113,81.05533170589693,80.04745320443583,80.54676818847656,21912000
2018-01-05 00:00:00-05:00,81.05532846638616,81.74882029629885,80.84265453453824,81.54539489746094,23407100
2018-01-08 00:00:00-05:00,81.55463455031654,81.90600825119428,80.99984250971808,81.62860870361328,22113000
2018-01-09 00:00:00-05:00,81.97074531665088,82.04471948027609,81.24026632362222,81.5731430053711,19484300
2018-01-10 00:00:00-05:00,81.24025703608027,81.54539513522684,80.8241647587449,81.2032699584961,18652200
2018-01-11 00:00:00-05:00,81.48990836413721,81.48990836413721,80.66696531447342,81.44367980957031,17808900
2018-01-12 00:00:00-05:00,81.98920640383861,83.01557463469275,81.78578105292164,82.84913635253906,24271500
2018-01-16 00:00:00-05:00,83.31146853553322,83.94948315995266,81.37894170875902,81.69332122802734,36599700
2018-01-17 00:00:00-05:00,82.36832463299343,83.47790855934845,82.06318658414891,83.34845733642578,25621200
2018-01-18 00:00:00-05:00,83.03409278619093,83.83853880878675,82.90464153992117,83.31148529052734,24159700
2018-01-19 00:00:00-05:00,83.34846826871055,83.78305759748004,82.90463746177912,83.2190170288086,36875000
2018-01-22 00:00:00-05:00,83.21901400673879,84.71695879850284,82.97860154655272,84.70771026611328,23601600
2018-01-23 00:00:00-05:00,84.9758529663086,85.34571662555797,84.64297637844041,84.9758529663086,23412800
2018-01-24 00:00:00-05:00,85.57690313059938,86.39059775218495,84.67998581278738,84.90190124511719,33277500
2018-01-25 00:00:00-05:00,85.50291773142604,86.21489954992353,85.00360278338111,85.37346649169922,26383200
2018-01-26 00:00:00-05:00,86.10394244149076,86.97311401367188,85.6046275104608,86.97311401367188,29172200
2018-01-29 00:00:00-05:00,87.97173948838112,88.2583804873468,86.65873013591283,86.84365844726562,31569900
2018-01-30 00:00:00-05:00,86.27038311597252,86.60325974578124,85.16079199842228,85.75257110595703,38635100
2018-01-31 00:00:00-05:00,86.68648651654509,88.21217009014914,86.46457108634074,87.85155487060547,48756300
2018-02-01 00:00:00-05:00,87.64812461449074,88.83168291632245,86.52929193683532,87.1580581665039,47227900
2018-02-02 00:00:00-05:00,86.58476662521463,86.88990472553506,84.60600382151372,84.86490631103516,47867800
2018-02-05 00:00:00-05:00,83.73683734214865,86.21491547467303,81.36972045898438,81.36972045898438,51031500
2018-02-06 00:00:00-05:00,80.34334771477327,84.5875218124395,78.8269126573432,84.44882202148438,67998600
2018-02-07 00:00:00-05:00,83.6720929197115,84.85565109549665,82.47928621158212,82.8583984375,41107600
2018-02-08 00:00:00-05:00,82.95087539760404,83.10806519889614,78.37383176520444,78.60499572753906,55628700
2018-02-09 00:00:00-05:00,79.79779025415853,82.22963222143393,77.51388953147867,81.53614044189453,63499100
2018-02-12 00:00:00-05:00,82.05394325896994,83.01558601495651,81.30497441388626,82.41455841064453,35720300
2018-02-13 00:00:00-05:00,82.22964457133075,83.21902604321755,81.18478600620905,83.06183624267578,26407700
2018-02-14 00:00:00-05:00,82.22572511860196,84.52963927594286,82.13282661168853,84.36241912841797,34960900
2018-02-15 00:00:00-05:00,84.7340168431493,86.13680763065986,84.18591071296592,86.08106994628906,27823900
2018-02-16 00:00:00-05:00,85.88596516176577,86.86141706549603,85.2821214084764,85.4679183959961,30596900
2018-02-20 00:00:00-05:00,84.98484570719789,86.45265898353156,84.54821497088493,86.13680267333984,30911700
2018-02-21 00:00:00-05:00,86.37836238427593,86.73137958448793,84.99414825439453,84.99414825439453,26922500
2018-02-22 00:00:00-05:00,85.51438151935322,86.14610127603136,84.87336978586613,85.21710205078125,24392800
2018-02-23 00:00:00-05:00,86.95432928192409,87.39096006797294,85.80237218456463,87.38166809082031,26329200
2018-02-26 00:00:00-05:00,87.69755001675279,88.6729951924059,87.55819868088709,88.64512634277344,30199800
2018-02-27 00:00:00-05:00,88.94236281033884,89.03526129335755,87.51170349121094,87.51170349121094,25869100
2018-02-28 00:00:00-05:00,88.10631100138103,88.91454313468182,86.98222243364096,87.1122817993164,31167300
2018-03-01 00:00:00-05:00,87.31664997659206,87.85547131949056,85.31929988667709,86.2575912475586,37135600
2018-03-02 00:00:00-05:00,85.07775975290876,86.53628840739391,84.40887910591134,86.44338989257812,32830400
2018-03-05 00:00:00-05:00,85.78379883265372,87.57676790880932,85.7094842693535,86.99150085449219,23901600
2018-03-06 00:00:00-05:00,87.6417746032878,87.78112589045706,86.34118149024374,86.69419860839844,22175800
2018-03-07 00:00:00-05:00,86.54558795628832,87.27020635802515,85.86741527217131,87.19588470458984,26716100
2018-03-08 00:00:00-05:00,87.57674431128814,88.34781528534788,87.112244749233,87.72538757324219,25887800
2018-03-09 00:00:00-05:00,88.52434353440994,89.68559265136719,88.2549328887516,89.68559265136719,36937300
2018-03-12 00:00:00-04:00,89.64842716758343,90.30801578119377,89.22108836528807,89.89925384521484,26073700
2018-03-13 00:00:00-04:00,90.11295350085838,90.33591140125188,87.29808608738996,87.70684814453125,35387800
2018-03-14 00:00:00-04:00,88.36640210894555,88.63581271421776,86.86142092740108,87.18656921386719,32132000
2018-03-15 00:00:00-04:00,86.8893054562399,87.8647575794614,86.2390087658938,87.49315643310547,27611000
2018-03-16 00:00:00-04:00,87.95766821467035,88.60796499462718,87.25162664807198,87.88334655761719,49081300
2018-03-19 00:00:00-04:00,87.08439440458534,87.23303769810835,85.57012806225696,86.29474639892578,33344100
2018-03-20 00:00:00-04:00,86.44337039405492,87.11224380247614,86.39691760327393,86.51768493652344,23075200
2018-03-21 00:00:00-04:00,86.33191101365549,87.37239285090331,85.66303033883209,85.91386413574219,24457100
2018-03-22 00:00:00-04:00,84.78976332796469,85.23568611231838,83.29408096973157,83.41484832763672,38604700
2018-03-23 00:00:00-04:00,83.14544397466425,84.03728252319777,80.89726719058791,80.99016571044922,44068900
2018-03-26 00:00:00-04:00,84.17661811989551,87.32592484240882,83.98152913832494,87.12154388427734,56396800
2018-03-27 00:00:00-04:00,88.1991963031693,88.38499332912718,82.22573048726473,83.11756896972656,56569000
2018-03-28 00:00:00-04:00,83.44272104020168,84.7526135211948,82.56017449588474,83.04325103759766,52501100
2018-03-29 00:00:00-04:00,83.77714347597217,85.73733224587247,82.1235261260546,84.78974914550781,45867500
2018-04-02 00:00:00-04:00,84.04655318280305,84.42743914393223,81.29671658373766,82.23500061035156,48515400
2018-04-03 00:00:00-04:00,83.21977826889972,83.65640917505658,81.64976682021752,83.34054565429688,37213800
2018-04-04 00:00:00-04:00,81.61258570323538,86.17397559096709,81.50111032525551,85.77450561523438,35560000
2018-04-05 00:00:00-04:00,85.87671341585957,86.46198053134722,84.9105531149489,85.82096862792969,29771900
2018-04-06 00:00:00-04:00,84.99415012745287,85.89528064774225,83.12686650237562,83.82361602783203,38026000
2018-04-09 00:00:00-04:00,84.57611306322963,86.55487939361004,84.18593498473832,84.32527923583984,31533900
2018-04-10 00:00:00-04:00,85.83024611674762,86.65705493980124,85.13349663073373,86.28545379638672,26812000
2018-04-11 00:00:00-04:00,85.4771961098723,86.6663136420767,84.98482779616575,85.33784484863281,24872100
2018-04-12 00:00:00-04:00,85.86740983262703,87.47458181976506,85.86740983262703,86.93576049804688,26758900
2018-04-13 00:00:00-04:00,87.37239056257555,87.49315792492689,85.8767010615746,86.47126007080078,23346100
2018-04-16 00:00:00-04:00,87.39095769527351,87.9390709291667,86.78710677538166,87.48385620117188,20288100
2018-04-17 00:00:00-04:00,88.25492589115689,89.68558554033773,88.14344343319549,89.24895477294922,26771000
2018-04-18 00:00:00-04:00,89.38831615808506,89.85281582044244,88.73801237816333,89.59269714355469,21043300
2018-04-19 00:00:00-04:00,89.59269665965408,90.17796367949042,88.57079173782539,89.28612518310547,23552500
2018-04-20 00:00:00-04:00,89.10032900939696,89.28612604003865,87.37238969116007,88.25493621826172,31154400
2018-04-23 00:00:00-04:00,88.94238726979917,89.45333969846563,87.91119752300095,88.580078125,22331800
2018-04-24 00:00:00-04:00,89.40688843015657,89.62056138244644,85.84882658605,86.50841522216797,34524800
2018-04-25 00:00:00-04:00,86.67566563616641,86.67566563616641,83.87008287113255,85.75595092773438,33729300
2018-04-26 00:00:00-04:00,86.9078932970188,88.39429086118965,86.48983933079087,87.5674819946289,42529000
2018-04-27 00:00:00-04:00,90.67034922806354,90.94905191144092,87.24234591366228,89.01673126220703,48272800
2018-04-30 00:00:00-04:00,89.4905132563757,89.55554293039768,86.53629490221526,86.88002014160156,41523600
2018-05-01 00:00:00-04:00,86.59202656951966,88.52434687408386,86.20184855255066,88.25493621826172,31408900
2018-05-02 00:00:00-04:00,88.2456347998125,88.41285494458162,86.57344043982307,86.87071990966797,27471000
2018-05-03 00:00:00-04:00,86.35977848016684,88.18990832850069,85.88598682845596,87.3909683227539,31142500
2018-05-04 00:00:00-04:00,86.69420977593963,88.5986610746066,86.32260865818732,88.40357208251953,22531300
2018-05-07 00:00:00-04:00,88.41286119868593,89.84352096342255,88.347831531548,89.38831329345703,24242000
2018-05-08 00:00:00-04:00,89.04456895938578,89.33256352150404,88.31065876511859,89.00740814208984,23484600
2018-05-09 00:00:00-04:00,89.19322035176853,90.08505878499105,88.30138191854601,90.05718994140625,27327400
2018-05-10 00:00:00-04:00,90.54028188823415,90.99548961578475,90.15939581472942,90.95833587646484,22388100
2018-05-11 00:00:00-04:00,90.85611969648015,90.92114935346596,90.1500783579907,90.76321411132812,16778300
2018-05-14 00:00:00-04:00,90.96760321849857,91.68293659721171,90.40091311920176,91.06979370117188,19454100
2018-05-15 00:00:00-04:00,90.33589563542807,90.9025858111258,89.49979479524269,90.41021728515625,24594000
2018-05-16 00:00:00-04:00,90.8394053557703,90.87672724728026,90.14896815889318,90.64347076416016,17384700
2018-05-17 00:00:00-04:00,90.27959825873735,91.00735740386516,89.41188378914109,89.73844146728516,17246700
2018-05-18 00:00:00-04:00,89.57981444433639,90.43819652359427,89.57981444433639,89.9063720703125,17865800
2018-05-21 00:00:00-04:00,90.50352503828964,91.44588332308408,90.3169226793946,91.06333923339844,19422500
2018-05-22 00:00:00-04:00,91.13798434047614,91.59516510926784,90.69012870686726,90.97003936767578,15441200
2018-05-23 00:00:00-04:00,90.23294784866839,92.11766444360754,89.86906826103214,92.05235290527344,21251200
2018-05-24 00:00:00-04:00,92.11766063397974,92.31359524087895,90.32624529382902,91.72578430175781,26649300
2018-05-25 00:00:00-04:00,91.71645114239806,92.35090905521858,91.30591745809568,91.77243041992188,18363900
2018-05-29 00:00:00-04:00,91.2872572507059,92.2576051111948,90.71811795943444,91.44587707519531,28671000
2018-05-30 00:00:00-04:00,91.72579325016092,92.60284005858635,91.352588506377,92.32292938232422,22158500
2018-05-31 00:00:00-04:00,92.64013413782375,93.29324936174639,92.00567629811802,92.22026824951172,34140900
2018-06-01 00:00:00-04:00,92.63080939129719,94.10499200864074,92.52817597373387,94.03968048095703,28655600
2018-06-04 00:00:00-04:00,94.47821134638964,95.03802550251874,94.09566728334045,94.86074829101562,27281600
2018-06-05 00:00:00-04:00,95.1686623989641,95.47656272102962,94.73013899209943,95.34593963623047,23514400
2018-06-06 00:00:00-04:00,95.61649884072972,95.72845739466818,95.07534210195108,95.62582397460938,21122900
2018-06-07 00:00:00-04:00,95.77510941539232,95.81243130535236,93.6571366503014,94.12364959716797,28232200
2018-06-08 00:00:00-04:00,94.31958283394138,95.12198566056895,93.80642287076867,94.82341766357422,22165100
2018-06-11 00:00:00-04:00,94.24493519499856,94.78608473259797,93.92770273103311,94.28225708007812,23490900
2018-06-12 00:00:00-04:00,94.32891435882284,94.65547199076524,94.00235672688046,94.52484893798828,18325200
2018-06-13 00:00:00-04:00,94.90740011150237,95.17797848932737,93.82508660020234,94.09566497802734,29492900
2018-06-14 00:00:00-04:00,94.84208627651519,95.19663356380008,94.23561800428817,94.62748718261719,25691800
2018-06-15 00:00:00-04:00,94.71146957310735,94.73012696067008,93.36790987904475,93.42388916015625,65738600
2018-06-18 00:00:00-04:00,93.31194024211362,94.33826750629852,92.76145115340297,94.10501098632812,23586000
2018-06-19 00:00:00-04:00,92.97605028388233,94.23563406803763,92.83609494821528,94.10501098632812,28653100
2018-06-20 00:00:00-04:00,94.5808350870539,95.6538091437521,94.34757861935039,95.04734802246094,26180800
2018-06-21 00:00:00-04:00,95.24328810219511,95.59783539095035,94.1236527214967,94.36624145507812,23198200
2018-06-22 00:00:00-04:00,93.68514251708984,94.02102532254818,92.95737626973063,93.68514251708984,38923100
2018-06-25 00:00:00-04:00,93.3025872634783,93.40522067894193,90.78342025473339,91.8004150390625,35433300
2018-06-26 00:00:00-04:00,92.20163273369265,93.37724753400795,92.13632119580978,92.44422149658203,26897200
2018-06-27 00:00:00-04:00,92.91074416332698,93.32127082189612,90.8767469057873,91.00736999511719,31298400
2018-06-28 00:00:00-04:00,90.85805544660413,92.47219331228955,90.7460968994872,92.02433776855469,26650700
2018-06-29 00:00:00-04:00,92.30425955416882,93.21862813744298,91.74444539550576,92.00569152832031,28053200
2018-07-02 00:00:00-04:00,91.52984480370154,93.35857482212762,91.43654363184346,93.31192779541016,19564500
2018-07-03 00:00:00-04:00,93.75044898913318,93.8903971845078,92.31358819642897,92.41622161865234,14670300
2018-07-05 00:00:00-04:00,92.83607034797181,93.22793948926052,92.39754706768208,93.07865905761719,18977400
2018-07-06 00:00:00-04:00,93.19996361475866,94.6368244634005,92.9946967623208,94.3849105834961,19234600
2018-07-09 00:00:00-04:00,94.8421070339829,95.4019212853219,94.46889516028209,95.0287094116211,18212000
2018-07-10 00:00:00-04:00,95.16865107870537,95.64449632725744,95.03802800944376,95.2806167602539,19293100
2018-07-11 00:00:00-04:00,94.37558818118698,95.48588436133518,94.32893403042763,95.1500015258789,19644600
2018-07-12 00:00:00-04:00,95.88705780024019,97.4172266526723,95.84974303265916,97.21195983886719,24335900
2018-07-13 00:00:00-04:00,97.37990665934107,98.52752442294283,97.11865345224292,98.36891174316406,24635200
2018-07-16 00:00:00-04:00,98.34092394988006,98.73279309023486,97.51985666332088,97.88374328613281,21786900
2018-07-17 00:00:00-04:00,97.6038441166909,99.36726257316333,97.33326573998045,98.85409545898438,25901700
2018-07-18 00:00:00-04:00,98.84477769812368,98.94741112861536,97.70648482788765,98.07969665527344,29493900
2018-07-19 00:00:00-04:00,97.90243117203335,98.25697853541956,96.93208315187572,97.40792846679688,40171600
2018-07-20 00:00:00-04:00,100.84143822861905,100.95339677777336,98.97538647954063,99.15265655517578,56004000
2018-07-23 00:00:00-04:00,99.18064862045681,100.8974127315773,99.02202881928545,100.73880004882812,29707000
2018-07-24 00:00:00-04:00,101.29861185786292,101.53186831024986,100.0763503252504,100.4495620727539,26316600
2018-07-25 00:00:00-04:00,100.7294926126512,103.7058480228115,100.39360266147972,103.40727996826172,30702100
2018-07-26 00:00:00-04:00,103.32328183263013,103.56587054959827,102.16633175838749,102.2782974243164,31372100
2018-07-27 00:00:00-04:00,102.80079599770872,102.80079599770872,99.03137043229444,100.46823120117188,37005300
2018-07-30 00:00:00-04:00,100.01104937298729,100.32827476491693,97.74379613143468,98.31294250488281,34668300
2018-07-31 00:00:00-04:00,99.35794746109642,99.57254659634403,98.3222879199423,98.97541046142578,27655200
2018-08-01 00:00:00-04:00,98.92873845103482,99.32060763413263,98.3595920629258,99.16199493408203,23628700
2018-08-02 00:00:00-04:00,98.3409210433991,100.85075561252144,97.81842175327976,100.36558532714844,26104300
2018-08-03 00:00:00-04:00,100.5802063058917,100.81346280741889,99.6658376877988,100.80413055419922,18659600
2018-08-06 00:00:00-04:00,100.87876690690686,101.1586704170525,100.35626754147363,100.88809204101562,20265900
2018-08-07 00:00:00-04:00,101.28930731023124,101.79314223940148,100.92542771445673,101.58787536621094,16080200
2018-08-08 00:00:00-04:00,102.00773248367443,102.39960168831975,101.47590795782055,102.15701293945312,15487500
2018-08-09 00:00:00-04:00,102.36226543079378,102.78213133550183,102.25963201753774,102.32494354248047,13677200
2018-08-10 00:00:00-04:00,102.09169063547418,102.34361161075857,101.12134286079507,101.69982147216797,18183700
2018-08-13 00:00:00-04:00,101.92376133668962,102.24099388788682,100.86011223391867,100.9627456665039,18472500
2018-08-14 00:00:00-04:00,101.28929460889933,102.39959776460684,100.80412424818,102.22232055664062,16788300
2018-08-15 00:00:00-04:00,101.61351444056571,102.08182265533847,100.04936671822058,100.83612823486328,29982800
2018-08-16 00:00:00-04:00,101.43556070641759,101.96006361269207,100.49894429046107,100.81739044189453,21384300
2018-08-17 00:00:00-04:00,100.55514318772636,101.06091693096086,99.927611877827,100.76119995117188,18061500
2018-08-20 00:00:00-04:00,100.69564064581341,101.060920504541,99.73092680631147,100.09620666503906,17914200
2018-08-21 00:00:00-04:00,100.1430336623426,100.54577903994722,99.1408543012079,99.26261901855469,22881900
2018-08-22 00:00:00-04:00,99.14085716136687,100.5364137746136,99.07529429083358,100.27416229248047,18000600
2018-08-23 00:00:00-04:00,100.35845313302359,101.32316692441043,100.09620167274169,100.74246215820312,18167700
2018-08-24 00:00:00-04:00,100.84551776758427,101.67910605390615,100.74248935953835,101.52925109863281,17234000
2018-08-27 00:00:00-04:00,102.34408256234376,102.69063324238249,101.632259162105,102.65316772460938,19662300
2018-08-28 00:00:00-04:00,102.9716072016628,103.49611008829989,102.83111331536618,103.27132415771484,19151500
2018-08-29 00:00:00-04:00,103.44928930111143,104.92914508230857,103.28069804571155,104.9197769165039,20818000
2018-08-30 00:00:00-04:00,104.59195082396724,105.47237251948145,104.3765330553729,104.85420227050781,22798700
2018-08-31 00:00:00-04:00,104.61070240670232,105.63161099328141,104.45147216595743,105.21013641357422,23222700
2018-09-04 00:00:00-04:00,103.82391160065598,104.8635562270176,103.23384592588924,104.62940216064453,22634600
2018-09-05 00:00:00-04:00,103.97380304908467,104.35781211075539,101.2482455154043,101.613525390625,32872400
2018-09-06 00:00:00-04:00,101.38874663582915,102.08184091685256,100.69565235480574,101.84768676757812,23477600
2018-09-07 00:00:00-04:00,101.37000128422548,101.82894134279476,100.4333848364747,101.35126495361328,22498600
2018-09-10 00:00:00-04:00,101.9413240721349,102.69062003962794,101.49175220829181,102.44709777832031,20727900
2018-09-11 00:00:00-04:00,101.9975523893569,104.5170462637446,101.98818422223222,104.1892318725586,24301800
2018-09-12 00:00:00-04:00,104.36715074963709,104.76052786614825,103.5054655003798,104.62940216064453,18891100
2018-09-13 00:00:00-04:00,105.01344430165223,106.52139743471558,105.01344430165223,105.75337219238281,26055600
2018-09-14 00:00:00-04:00,106.17485119415383,106.52140188529935,105.31316569520595,106.18421936035156,19122300
2018-09-17 00:00:00-04:00,106.48392384717786,106.49328486645796,104.7699140711762,105.03216552734375,20736500
2018-09-18 00:00:00-04:00,105.07900945920886,106.49329525664466,104.63879855234221,106.03435516357422,22170900
2018-09-19 00:00:00-04:00,105.88450953838463,106.13739287634445,104.0019081706657,104.62007141113281,21728400
2018-09-20 00:00:00-04:00,105.16331519063388,106.58697648502101,104.83550079581377,106.37155151367188,23714500
2018-09-21 00:00:00-04:00,106.77428470755135,107.98252089200327,106.31534460744415,107.01780700683594,71229700
2018-09-24 00:00:00-04:00,105.86575924191418,107.61723462623164,105.10710218227763,107.40180969238281,27334500
2018-09-25 00:00:00-04:00,107.52359945299747,107.80458017402916,106.54014906484086,107.1957778930664,22668000
2018-09-26 00:00:00-04:00,107.21448663145021,107.76708690931181,106.53075347587901,106.75554656982422,19352000
2018-09-27 00:00:00-04:00,107.50483054720343,107.62659525399647,106.96159131364588,107.15828704833984,19091300
2018-09-28 00:00:00-04:00,106.95223547315918,107.30814715419768,106.47455907943177,107.1208267211914,21647800
2018-10-01 00:00:00-04:00,107.47674342981836,108.3477970610953,107.4580142439682,108.28223419189453,18883100
2018-10-02 00:00:00-04:00,107.99188856171622,108.49765519863429,107.18639777578447,107.85139465332031,20787200
2018-10-03 00:00:00-04:00,108.10427130511418,108.81610182348989,107.64533123541904,107.8701171875,16648000
2018-10-04 00:00:00-04:00,107.34560994477448,107.4861038388707,104.55448983061387,105.6409683227539,34821700
2018-10-05 00:00:00-04:00,105.49109717757274,105.99687086526717,103.62723263749167,105.02278900146484,29068900
2018-10-08 00:00:00-04:00,104.58260067827553,104.9291442061696,102.40964356201331,103.82393646240234,29640600
2018-10-09 00:00:00-04:00,104.09554880011939,105.91258694948763,103.77710264592541,105.14456176757812,26198600
2018-10-10 00:00:00-04:00,104.18921188409404,104.43273416189207,99.08465509056131,99.43120574951172,61376300
2018-10-11 00:00:00-04:00,98.67254951798797,102.02563839378901,97.59543908465538,99.19705963134766,63904300
2018-10-12 00:00:00-04:00,102.10056571609108,104.18921649000508,100.33036111922284,102.62506866455078,47742100
2018-10-15 00:00:00-04:00,102.00691026423516,102.54078140339118,100.17113556718309,100.77993774414062,32068100
2018-10-16 00:00:00-04:00,102.59697252673806,104.3484479586577,102.044365074517,103.96443176269531,31610200
2018-10-17 00:00:00-04:00,104.60131379868197,104.72307135115852,102.6063235543564,103.69279479980469,26548200
2018-10-18 00:00:00-04:00,103.12147157557774,103.5242169421737,100.99535533989359,101.62288665771484,32506200
2018-10-19 00:00:00-04:00,102.02563416169134,103.83330426649405,101.35126914807132,101.77275085449219,32785500
2018-10-22 00:00:00-04:00,102.39092555718828,103.53359894282136,101.37937792277694,102.6812744140625,26545600
2018-10-23 00:00:00-04:00,100.93914485783945,102.06308880945073,98.44774898486058,101.24822998046875,43770400
2018-10-24 00:00:00-04:00,101.53860069735359,101.61352458837928,95.15086914994741,95.83460235595703,63897800
2018-10-25 00:00:00-04:00,99.79650590113812,102.3440971607482,99.4218578157838,101.43558502197266,61646800
2018-10-26 00:00:00-04:00,98.99098137209083,101.8570250311335,98.11992790668162,100.18048095703125,55523100
2018-10-29 00:00:00-04:00,101.2575884391866,101.81018862441901,95.18831169053675,97.2676010131836,55162000
2018-10-30 00:00:00-04:00,97.08968004385056,97.76403799237653,93.76468826039141,97.15524291992188,65350900
2018-10-31 00:00:00-04:00,98.75685601314342,101.28571796002791,98.71002232509026,100.0400161743164,51062400
2018-11-01 00:00:00-04:00,100.26480985884405,100.51769319660997,98.84114862560484,99.20642852783203,33384200
2018-11-02 00:00:00-04:00,99.73092272764144,100.51767711555081,98.32599805281778,99.43120574951172,37680200
2018-11-05 00:00:00-05:00,99.62789833996489,100.91105835441539,99.18768744754414,100.69564056396484,27922100
2018-11-06 00:00:00-05:00,100.57386543699923,101.94132450959872,99.54358883663697,100.89231872558594,24340200
2018-11-07 00:00:00-05:00,102.50330844351323,105.12583026383749,102.46584292733219,104.86357879638672,37901700
2018-11-08 00:00:00-05:00,104.71371905550036,105.09772807349383,103.88013100985363,104.66688537597656,25644100
2018-11-09 00:00:00-05:00,103.82393663006825,104.38590509567747,101.86641159326918,102.62506866455078,32039200
2018-11-12 00:00:00-05:00,102.4845744224259,102.99034818354488,99.37500796747771,100.09620666503906,33621800
2018-11-13 00:00:00-05:00,100.73310266184863,101.84767138489885,99.88077825722907,100.1617660522461,35374600
2018-11-14 00:00:00-05:00,101.68565872641682,101.83616823622154,98.27105496046713,98.74138641357422,39495100
2018-11-15 00:00:00-05:00,98.76018044528102,101.40344766182095,97.74427012614555,100.91429901123047,38505200
2018-11-16 00:00:00-05:00,100.7261787067434,102.41936751402731,100.46279425961175,101.8643798828125,33502100
2018-11-19 00:00:00-05:00,101.84553741168277,102.1183304292085,97.40561593028401,98.41212463378906,44773900
2018-11-20 00:00:00-05:00,95.75946042829467,96.86003400394901,93.4548326348941,95.67479705810547,64052500
2018-11-21 00:00:00-05:00,97.45266777243812,98.23341964390164,96.17336574924349,96.99174499511719,28130600
2018-11-23 00:00:00-05:00,96.10751884576017,97.65020530041825,95.94760788835133,96.95411682128906,13823100
2018-11-26 00:00:00-05:00,98.57206040071877,100.30287659091866,98.37452206444735,100.15237426757812,32336200
2018-11-27 00:00:00-05:00,99.96421370847533,100.96132096820409,99.10821445410717,100.7825927734375,29124500
2018-11-28 00:00:00-05:00,101.48809975404846,104.72398179040619,101.45988102086649,104.52644348144531,46788500
2018-11-29 00:00:00-05:00,103.78331115344122,104.52643550282014,102.56044684652676,103.65161895751953,28123200
2018-11-30 00:00:00-05:00,104.13136089684943,104.38534385181254,102.87087628882739,104.31008911132812,33665600
2018-12-03 00:00:00-05:00,106.29491051507432,106.68998722113217,104.15960883326669,105.43890380859375,34732800
2018-12-04 00:00:00-05:00,105.2977832000353,105.95624420851414,101.7891082290893,102.0807113647461,45197000
2018-12-06 00:00:00-05:00,99.54093196497264,102.757996849088,98.76958879667562,102.71096801757812,49107400
2018-12-07 00:00:00-05:00,101.94902247191541,102.95553128993568,98.11112404885361,98.60026550292969,45044900
2018-12-10 00:00:00-05:00,98.58145190399158,101.57275951859671,97.72544541891173,101.20589447021484,40801500
2018-12-11 00:00:00-05:00,103.28476886837535,104.36652524813103,101.06480428918964,102.14656066894531,42381900
2018-12-12 00:00:00-05:00,104.31009551091134,104.66754478511174,102.56987079639461,102.60749816894531,36183000
2018-12-13 00:00:00-05:00,103.07783427862525,104.29129018634653,102.18420028719177,102.9555435180664,31333400
2018-12-14 00:00:00-05:00,101.82675226392193,102.776823740245,99.239929458141,99.73847961425781,47043100
2018-12-17 00:00:00-05:00,99.15526419451487,99.522122093887,95.67480770394783,96.7847900390625,56957300
2018-12-18 00:00:00-05:00,97.59376562092278,98.30867135928112,96.43674721774664,97.80071258544922,49319200
2018-12-19 00:00:00-05:00,97.49968800033369,100.53802443102674,95.33616097047434,97.53731536865234,68198200
2018-12-20 00:00:00-05:00,96.93530059330335,98.12053050741318,92.9186665765358,95.48667907714844,70334200
2018-12-21 00:00:00-05:00,95.5995380108209,96.88824836392871,91.67697666839467,92.40129089355469,111242100
2018-12-24 00:00:00-05:00,91.8839498868627,92.1567429817256,88.40350012118209,88.54459381103516,43935200
2018-12-26 00:00:00-05:00,89.49465026573576,94.71533121252241,88.38466797329676,94.5930404663086,51634800
2018-12-27 00:00:00-05:00,93.40781843055292,95.18567053927964,90.6798948892371,95.17626190185547,49498500
2018-12-28 00:00:00-05:00,96.03224432576428,96.3332632565878,93.61474165690682,94.43312072753906,38196300
2018-12-31 00:00:00-05:00,95.27972168259906,96.32385780922436,94.48015985702033,95.54310607910156,33173800
2019-01-02 00:00:00-05:00,93.64297941413524,95.7124345886197,93.06917456384244,95.11981964111328,35329300
2019-01-03 00:00:00-05:00,94.16033858342901,94.24500196167683,91.43241520948595,91.62055206298828,42579100
2019-01-04 00:00:00-05:00,93.80288824947351,96.4273381180201,93.0597638342202,95.88175201416016,44060600
2019-01-07 00:00:00-05:00,95.60895932541956,97.1422369920707,94.9881256553517,96.00403594970703,35656100
2019-01-08 00:00:00-05:00,96.92588368231493,97.80070026425463,95.67480059197456,96.70012664794922,31514400
2019-01-09 00:00:00-05:00,97.6972330084358,98.65670584802626,97.11401952448887,98.08290100097656,32280800
2019-01-10 00:00:00-05:00,97.0952027436087,97.59375281453597,96.30504236243802,97.45265197753906,30067600
2019-01-11 00:00:00-05:00,97.06698452005102,97.30215019071561,95.60895449125594,96.70012664794922,28314200
2019-01-14 00:00:00-05:00,95.85354330594691,96.76598739449656,95.25151967206241,95.99464416503906,28437100
2019-01-15 00:00:00-05:00,96.42732751186898,98.81661143595386,95.83470546618504,98.77898406982422,31587600
2019-01-16 00:00:00-05:00,99.01415449180928,99.95481716027153,98.73195282059595,99.12702941894531,29853900
2019-01-17 00:00:00-05:00,98.76959049376892,100.3028682197314,98.54383343925562,99.82313537597656,28393000
2019-01-18 00:00:00-05:00,101.08360570400113,101.49749955915503,99.62558292853085,101.31877136230469,37427600
2019-01-22 00:00:00-05:00,100.41576500165431,100.74499558271549,98.6379126872355,99.40925598144531,32371300
2019-01-23 00:00:00-05:00,99.82314043613641,100.6885485028788,99.08941741257198,100.37812805175781,25874300
2019-01-24 00:00:00-05:00,100.51923264897265,100.65092487373782,99.08942109911072,99.89839172363281,23164800
2019-01-25 00:00:00-05:00,100.87666000186603,101.47868352030157,99.89836999023665,100.8108139038086,31225600
2019-01-28 00:00:00-05:00,99.95483102260442,100.16177798663661,98.44977197967155,98.8448486328125,29476700
2019-01-29 00:00:00-05:00,98.65670610130262,98.7413694802208,96.1075109238313,96.83182525634766,31490500
2019-01-30 00:00:00-05:00,98.41214943633173,100.06771087646484,98.13935635005471,100.06771087646484,49471900
2019-01-31 00:00:00-05:00,97.64079873275674,98.9765381483494,97.05758522974183,98.23341369628906,55636400
2019-02-01 00:00:00-05:00,97.62198297831351,97.92299478336884,96.27683490457214,96.68132019042969,35535700
2019-02-04 00:00:00-05:00,96.76599274865853,99.52213526556565,96.67192071960012,99.46569061279297,31315100
2019-02-05 00:00:00-05:00,99.76669211070545,100.90489321285169,99.67262726808023,100.85786437988281,27325400
2019-02-06 00:00:00-05:00,100.6509237158397,100.6509237158397,99.26814819502492,99.73847961425781,20609800
2019-02-07 00:00:00-05:00,98.94832725556124,99.32458665332682,98.10172925721272,99.02357482910156,29760700
2019-02-08 00:00:00-05:00,98.19577893888629,99.50329952121363,98.07349537116976,99.39982604980469,21461100
2019-02-11 00:00:00-05:00,99.89837984266113,100.25583627595812,98.74136869458707,99.00475311279297,18914100
2019-02-12 00:00:00-05:00,99.8419576728272,100.7826205543701,99.22112390288679,100.54745483398438,25056600
2019-02-13 00:00:00-05:00,101.12126583951199,101.38465031389356,100.37814125725619,100.47220611572266,18394900
2019-02-14 00:00:00-05:00,100.00185187968289,100.92370450683256,99.39042685050721,100.55684661865234,21784700
2019-02-15 00:00:00-05:00,101.50691218859475,101.87377005584688,100.98954484929735,101.79851531982422,26606900
2019-02-19 00:00:00-05:00,101.39403847128983,102.21241764568279,101.3846298343371,101.7514877319336,18038500
2019-02-20 00:00:00-05:00,101.89317978404839,101.96875590966104,100.41003255374629,101.22245788574219,21607700
2019-02-21 00:00:00-05:00,100.98630334205896,103.42357971076773,100.95796409245443,103.35745239257812,29063200
2019-02-22 00:00:00-05:00,103.9620498906475,105.04842626070558,103.7447702922335,104.8311538696289,27763200
2019-02-25 00:00:00-05:00,105.57744832103522,105.97421222698704,105.10510827852009,105.4168472290039,23750600
2019-02-26 00:00:00-05:00,105.10510236876469,106.97556479584513,105.02007741807739,106.14424896240234,21536700
2019-02-27 00:00:00-05:00,105.51131743727996,106.14425134309728,104.74612169327851,105.96475982666016,21487100
2019-02-28 00:00:00-05:00,105.84195309096383,106.63548086912435,105.54910458340508,105.83250427246094,29083900
2019-03-01 00:00:00-05:00,106.64492546716824,106.76773127349874,105.49241470487596,106.30484008789062,23501200
2019-03-04 00:00:00-05:00,106.76772574917203,106.98500531087676,104.6705422952536,106.04977416992188,26608000
2019-03-05 00:00:00-05:00,106.0403288303284,106.17258345228267,105.07675841218504,105.520751953125,19538300
2019-03-06 00:00:00-05:00,105.68134208692663,106.42764006630503,105.26568062820054,105.56797790527344,17687000
2019-03-07 00:00:00-05:00,105.23736254315226,105.37906599687508,103.792003171321,104.28323364257812,25339000
2019-03-08 00:00:00-05:00,103.1212519904775,104.58550137826944,102.7811666807362,104.39656829833984,22818400
2019-03-11 00:00:00-04:00,104.85004171352885,106.70161383462825,104.84060010186273,106.5882568359375,26491600
2019-03-12 00:00:00-04:00,106.57880960945234,107.68408360722519,106.41821572068274,107.33455657958984,26132700
2019-03-13 00:00:00-04:00,107.81632883265395,108.63820305037187,107.48569226483754,108.16586303710938,35513800
2019-03-14 00:00:00-04:00,108.2036553309959,108.82714042504936,108.00527338255448,108.25088500976562,30763400
2019-03-15 00:00:00-04:00,108.95938165118687,110.7637238098711,108.25087169078259,109.49785614013672,54681100
2019-03-18 00:00:00-04:00,109.7434789074951,111.10382047628282,109.6301219149873,111.06603240966797,31207600
2019-03-19 00:00:00-04:00,111.55725585448415,111.8878996147634,110.51810931351932,111.1416015625,37588700
2019-03-20 00:00:00-04:00,110.89599301347499,112.18075848726345,110.25361027658076,111.018798828125,28113300
2019-03-21 00:00:00-04:00,110.65981887800085,114.13624169995389,110.61258199325013,113.5694351196289,29854400
2019-03-22 00:00:00-04:00,112.88925394756791,112.9742716834883,110.56534213704224,110.57479095458984,33624500
2019-03-25 00:00:00-04:00,110.11190815467609,111.48169859926092,109.88518695283817,111.15106201171875,27067100
2019-03-26 00:00:00-04:00,112.05795190067764,112.14296964700269,110.38586414958259,111.3872299194336,26097700
2019-03-27 00:00:00-04:00,111.3588675153218,111.67061362187481,109.12942230470446,110.31027221679688,22733400
2019-03-28 00:00:00-04:00,110.94322989452024,111.07548452793282,109.70569409996413,110.46144104003906,18334800
2019-03-29 00:00:00-04:00,111.53840185168883,111.77457192482338,110.48980615038435,111.41559600830078,25399800
2019-04-01 00:00:00-04:00,112.36968659005827,112.5208388542514,111.56671000670808,112.4358139038086,22789100
2019-04-02 00:00:00-04:00,112.47359202366633,112.87036307841795,111.96346398813081,112.59640502929688,18142300
2019-04-03 00:00:00-04:00,113.22935182940513,113.76781917179834,112.55862985606177,113.33326721191406,22860700
2019-04-04 00:00:00-04:00,113.4560803096422,113.57889333722271,111.83122935953311,112.75701904296875,20112800
2019-04-05 00:00:00-04:00,112.78535800304871,113.57889304500007,112.76646757203578,113.25769805908203,15826200
2019-04-08 00:00:00-04:00,113.18212986354446,113.38051183612055,112.07685578461866,113.29549407958984,15116200
2019-04-09 00:00:00-04:00,112.06739874835718,112.92706110716364,112.02016906730434,112.68144226074219,17612000
2019-04-10 00:00:00-04:00,113.13489443337386,113.69225225078107,112.92706365151442,113.54110717773438,16477200
2019-04-11 00:00:00-04:00,113.87172176789933,114.16457024535748,113.28601760564702,113.67333984375,14209100
2019-04-12 00:00:00-04:00,113.96620756440298,114.28740254868997,113.7111471066686,114.2590560913086,19745100
2019-04-15 00:00:00-04:00,114.2496002495562,114.8541948663185,113.9000660587601,114.353515625,15792600
2019-04-16 00:00:00-04:00,114.91088642504573,114.92033524407036,113.45607821075296,114.0890121459961,14071800
2019-04-17 00:00:00-04:00,114.53300451545691,115.10925990881587,113.87173137914496,115.03368377685547,19300900
2019-04-18 00:00:00-04:00,115.4304585184045,116.68687751715254,114.58969384391747,116.54518127441406,27991000
2019-04-22 00:00:00-04:00,115.83667005839962,117.14032592975076,115.78943317307387,116.91360473632812,15648700
2019-04-23 00:00:00-04:00,117.23477368967525,118.63290310743065,116.97971328890125,118.50064849853516,24025500
2019-04-24 00:00:00-04:00,118.8313088473777,118.88798734617292,117.63156110240676,118.0944595336914,31257000
2019-04-25 00:00:00-04:00,122.8650868172719,124.10261539476187,121.70313437466265,122.00542449951172,38033900
2019-04-26 00:00:00-04:00,122.52500676467507,123.29965137000285,121.88263121216619,122.70449829101562,23654900
2019-04-29 00:00:00-04:00,122.71391644711541,122.97842567284572,122.19435402029126,122.59111785888672,16324200
2019-04-30 00:00:00-04:00,122.62896143440057,123.46972642078441,122.23219739287237,123.3752670288086,24166500
2019-05-01 00:00:00-04:00,123.30907504812028,123.42243203156514,120.63562900939107,120.80567169189453,26821700
2019-05-02 00:00:00-04:00,120.90015317669582,120.91904360603114,118.57623396493616,119.22806549072266,27350200
2019-05-03 00:00:00-04:00,120.3144480722632,122.26992822044636,120.21053269334804,121.76924896240234,24911100
2019-05-06 00:00:00-04:00,119.39812102947833,121.44807518139439,119.13361174630688,121.06075286865234,24239800
2019-05-07 00:00:00-04:00,119.46422674855661,120.1443974722007,117.34814565848089,118.57622528076172,36017700
2019-05-08 00:00:00-04:00,118.50066040863257,119.37921308878768,117.84882890832307,118.56678771972656,28419000
2019-05-09 00:00:00-04:00,117.41428056979122,118.83130060002185,116.73410980210666,118.55734252929688,27235800
2019-05-10 00:00:00-04:00,118.00000687363581,120.85293789751259,116.97030171103037,120.0971908569336,30915100
2019-05-13 00:00:00-04:00,117.24424212353006,118.60458370815999,116.23343475365554,116.52628326416016,33944900
2019-05-14 00:00:00-04:00,117.01752298765818,118.91632474105712,116.85692189801449,117.82994842529297,25266300
2019-05-15 00:00:00-04:00,117.82046404161828,120.14349456133432,117.28948005658538,119.48925018310547,24722700
2019-05-16 00:00:00-04:00,120.18140985751204,122.67511948077474,119.90643771638348,122.24842834472656,30112200
2019-05-17 00:00:00-04:00,121.66057474002949,123.69916373935858,121.29078633074188,121.43302154541016,25770500
2019-05-20 00:00:00-04:00,119.96333513588748,120.9778841035706,119.24272591881484,119.67888641357422,23706900
2019-05-21 00:00:00-04:00,120.8261791303023,120.92099537073214,120.02023023562535,120.32364654541016,15293300
2019-05-22 00:00:00-04:00,120.05815249725941,121.59420156199042,119.96332902730131,121.0537338256836,15396500
2019-05-23 00:00:00-04:00,119.6599286788633,119.74526836639572,118.27559119436356,119.6409683227539,23603800
2019-05-24 00:00:00-04:00,120.33313712652179,120.81670215019206,119.44184850137793,119.6978530883789,14123400
2019-05-28 00:00:00-04:00,120.39949106168767,121.36662819716736,119.51768636433204,119.62198638916016,23128400
2019-05-29 00:00:00-04:00,118.88241048392133,118.8918942779165,117.61185698114781,118.46521759033203,22763100
2019-05-30 00:00:00-04:00,118.76862729459032,119.24271569180038,118.31349925030212,119.21427154541016,16829600
2019-05-31 00:00:00-04:00,117.79200795010442,118.16179632621848,116.92916358316164,117.2705078125,26646800
2019-06-03 00:00:00-04:00,117.43171589341557,117.92477196720918,112.84254284635166,113.62952423095703,37983600
2019-06-04 00:00:00-04:00,114.99488868961531,116.89124241400611,114.39753987067775,116.7774658203125,29382600
2019-06-05 00:00:00-04:00,118.47471216673195,119.34704049656126,117.77306321870991,119.30911254882812,24926100
2019-06-06 00:00:00-04:00,119.88749468355067,121.33820424521646,119.09102229176368,121.19597625732422,21459000
2019-06-07 00:00:00-04:00,122.49498349745298,125.39640267353971,121.61317140329066,124.59044647216797,33885600
2019-06-10 00:00:00-04:00,125.5386168988543,127.13156162851912,125.15935192266487,125.72826385498047,26477100
2019-06-11 00:00:00-04:00,126.94191925771516,127.28326349692382,124.47665370031586,125.25416564941406,23913700
2019-06-12 00:00:00-04:00,124.5904267122319,125.13089443713498,123.93619686823382,124.67577362060547,17092500
2019-06-13 00:00:00-04:00,125.14037742788226,126.10752187223672,124.7421448844494,125.4627685546875,17200800
2019-06-14 00:00:00-04:00,125.40587312463828,126.85658264200059,124.81800806919331,125.58602905273438,17821700
2019-06-17 00:00:00-04:00,125.75668621371534,126.79967195152378,125.66186275208324,125.96528625488281,14517800
2019-06-18 00:00:00-04:00,127.23587626663384,128.2314650284075,126.64801114567722,128.15560913085938,25934500
2019-06-19 00:00:00-04:00,128.00389763150852,128.88569531498078,126.87556466342696,128.65814208984375,23744400
2019-06-20 00:00:00-04:00,130.3269480782703,130.52607164830985,128.68660563836823,129.8528594970703,33042600
2019-06-21 00:00:00-04:00,129.50200722919416,130.5924049147958,129.3882306270185,129.87179565429688,36727900
2019-06-24 00:00:00-04:00,129.90023943607378,131.22768135112753,129.90023943607378,130.6398162841797,20628800
2019-06-25 00:00:00-04:00,130.13726288151548,130.45963951395865,125.85149979058053,126.51522064208984,33327400
2019-06-26 00:00:00-04:00,127.38759647065885,128.7055620329869,126.6764636607401,126.98934936523438,23657700
2019-06-27 00:00:00-04:00,127.18842993503654,127.72889763258186,126.59107394680838,127.19790649414062,16557500
2019-06-28 00:00:00-04:00,127.5961726074151,127.6246167570238,126.2592397036802,127.01778411865234,30043000
2019-07-01 00:00:00-04:00,129.54941550080315,129.61578036095145,127.97543836203401,128.6486358642578,22613500
2019-07-02 00:00:00-04:00,129.06581596695904,129.5114602016895,128.32623925145506,129.50198364257812,15237800
2019-07-03 00:00:00-04:00,129.71061026020664,130.60189891225994,129.22703075390461,130.33641052246094,13629300
2019-07-05 00:00:00-04:00,128.8951844451129,130.21314990406273,128.68658434645613,129.95713806152344,18141100
2019-07-08 00:00:00-04:00,129.3312983144458,129.99503359027008,128.35467745411165,129.86228942871094,16779700
2019-07-09 00:00:00-04:00,128.95207682664613,129.87180970851415,128.76244431315482,129.38824462890625,19953100
2019-07-10 00:00:00-04:00,130.02353384639366,131.39838778472796,129.91923378386983,130.7062225341797,24204400
2019-07-11 00:00:00-04:00,131.03802866959757,132.00517304043214,130.72512859467963,131.2276611328125,22327900
2019-07-12 00:00:00-04:00,131.6544154566075,131.91990392615364,130.8579355799326,131.70181274414062,18936800
2019-07-15 00:00:00-04:00,132.21383655543423,132.308645598537,131.28462691202276,131.70181274414062,16651500
2019-07-16 00:00:00-04:00,131.75865118779035,131.843983625322,129.44509753895824,129.97607421875,22726100
2019-07-17 00:00:00-04:00,130.56395485566256,130.7820314893076,129.16065710955138,129.20806884765625,20211000
2019-07-18 00:00:00-04:00,128.52540187649578,129.53994379547677,127.69100144366385,129.35031127929688,30381800
2019-07-19 00:00:00-04:00,132.95335944928004,133.38003613940896,129.3787286633846,129.5399169921875,48992400
2019-07-22 00:00:00-04:00,130.2889736258122,131.9767271214024,130.21311774793935,131.256103515625,25074900
2019-07-23 00:00:00-04:00,132.51722336410376,132.7353145092773,130.87688106834025,132.0715789794922,18034600
2019-07-24 00:00:00-04:00,131.7018008698772,133.44645782850003,131.65440358661738,133.427490234375,20738300
2019-07-25 00:00:00-04:00,133.15249524745465,133.323174638628,132.10003261869204,132.92494201660156,18356900
2019-07-26 00:00:00-04:00,133.09557191798714,134.33768120299953,133.02920706579556,134.0153045654297,19037600
2019-07-29 00:00:00-04:00,134.16703408001825,134.1765106407198,132.14741261215315,133.7213897705078,16605900
2019-07-30 00:00:00-04:00,132.87750612981839,133.90153888671296,132.5551294659898,133.07662963867188,16846500
2019-07-31 00:00:00-04:00,133.05766470606125,133.20937648078439,128.0797360337035,129.20806884765625,38598800
2019-08-01 00:00:00-04:00,129.90022358779385,133.63604255184586,129.83384426612378,130.90528869628906,40557500
2019-08-02 00:00:00-04:00,130.93375281816128,131.15184393575143,128.2504102875729,129.805419921875,30791600
2019-08-05 00:00:00-04:00,126.39197639125715,126.98931796562597,124.00256668969038,125.35846710205078,42749600
2019-08-06 00:00:00-04:00,126.86606883821912,128.6486315259362,126.30664795398958,127.70994567871094,32696700
2019-08-07 00:00:00-04:00,126.85657468510476,128.62018420885127,124.9981561569602,128.2693634033203,33414500
2019-08-08 00:00:00-04:00,129.52097248846763,131.78711473856043,128.88568122299927,131.69229125976562,27496500
2019-08-09 00:00:00-04:00,131.4267939306718,132.15689415718393,129.38821948769362,130.5734405517578,23466700
2019-08-12 00:00:00-04:00,129.96664018634408,130.715693718716,128.23147438194997,128.75296020507812,20484300
2019-08-13 00:00:00-04:00,128.999458845139,131.60694509186237,128.00387029369315,131.4173126220703,25154600
2019-08-14 00:00:00-04:00,129.7239428013364,130.25668767472112,127.16485126949057,127.45976257324219,32527300
2019-08-15 00:00:00-04:00,127.84979291261014,128.03054871956755,125.81393845883939,127.1743392944336,28074400
2019-08-16 00:00:00-04:00,128.3159743432708,129.819084271181,128.16375737219423,129.50514221191406,24449100
2019-08-19 00:00:00-04:00,131.14140381733853,131.80733474512826,130.22811674765154,131.6741485595703,24355700
2019-08-20 00:00:00-04:00,131.48388761802997,131.95955465091797,130.5610924129308,130.58010864257812,21170800
2019-08-21 00:00:00-04:00,131.80736411768265,132.70162064122573,131.28412737345974,132.03567504882812,14970300
2019-08-22 00:00:00-04:00,131.9120385819854,132.42575279886904,129.65736605999874,131.07485961914062,18697000
2019-08-23 00:00:00-04:00,130.51354087114026,131.61709202407536,126.33718432497086,126.89846801757812,38508600
2019-08-26 00:00:00-04:00,128.42065534714663,128.96290848890877,127.38368966164866,128.85826110839844,20312600
2019-08-27 00:00:00-04:00,129.7524862522672,130.0664283172189,128.1066819568019,129.13412475585938,23102100
2019-08-28 00:00:00-04:00,128.31603573908095,129.15320044814453,127.05075877949803,128.9629364013672,17393300
2019-08-29 00:00:00-04:00,130.5706439039081,131.7027341408599,130.24719369798203,131.39830017089844,20168700
2019-08-30 00:00:00-04:00,132.37818553669263,132.40672440946176,129.6383521373729,131.15097045898438,23940100
2019-09-03 00:00:00-04:00,129.9617620758033,130.5230457545088,129.09604449367333,129.41949462890625,18869300
2019-09-04 00:00:00-04:00,130.61820210454746,130.9892219003631,129.8381010118939,130.93214416503906,17995900
2019-09-05 00:00:00-04:00,132.34010325633494,133.54830177417006,132.00713047453368,133.23435974121094,26101800
2019-09-06 00:00:00-04:00,133.21533078810515,133.35802511582457,131.47438740888666,132.33059692382812,20824500
2019-09-09 00:00:00-04:00,132.79675387818114,132.9489708528511,129.8190873358268,130.82749938964844,25773900
2019-09-10 00:00:00-04:00,130.14254246222401,130.22815907014868,127.96397866362824,129.45758056640625,28903400
2019-09-11 00:00:00-04:00,129.2958181824129,129.63829903155843,128.51571726972347,129.49559020996094,24726100
2019-09-12 00:00:00-04:00,131.14144145632662,131.6836944688001,130.2091233736303,130.82749938964844,27010000
2019-09-13 00:00:00-04:00,131.07482790293915,131.34120032371527,129.9237216237727,130.63722229003906,23363100
2019-09-16 00:00:00-04:00,129.21972171020732,130.04737779072505,129.0579966436813,129.6953887939453,16731400
2019-09-17 00:00:00-04:00,130.29474488698148,130.82748974283373,129.79052438104063,130.7038116455078,17814200
2019-09-18 00:00:00-04:00,130.67527264302035,131.92151818299038,129.88566347670312,131.77882385253906,23982100
2019-09-19 00:00:00-04:00,133.47218057364287,135.44143466297538,133.25337778954074,134.2047119140625,35772100
2019-09-20 00:00:00-04:00,134.14762455703624,134.75647783824908,131.52194750359473,132.65403747558594,39167300
2019-09-23 00:00:00-04:00,132.45429948315635,132.83484199608063,131.7027516089764,132.36868286132812,17139300
2019-09-24 00:00:00-04:00,133.52926186335506,133.84320387477334,130.21862308617304,130.6942901611328,29773200
2019-09-25 00:00:00-04:00,130.80844455062723,133.14873292753683,129.4099822003167,132.5779266357422,21382000
2019-09-26 00:00:00-04:00,132.6540360614242,133.35801404132368,131.70270191240792,132.74916076660156,17456600
2019-09-27 00:00:00-04:00,133.3294791647781,133.5292657291764,129.99980954366205,131.02725219726562,22477700
2019-09-30 00:00:00-04:00,131.3316888606118,132.44474812967823,131.07482456276327,132.2639923095703,17280900
2019-10-01 00:00:00-04:00,132.86335114425393,133.42463489450097,130.3327984352701,130.39939880371094,21466600
2019-10-02 00:00:00-04:00,129.61927789718126,129.73343334995945,127.0792174594162,128.09713745117188,30521700
2019-10-03 00:00:00-04:00,128.3825811057526,130.0949860187481,126.7367765720291,129.64785766601562,24132900
2019-10-04 00:00:00-04:00,130.0949767130013,131.52197828572162,129.78103462505757,131.39830017089844,22897700
2019-10-07 00:00:00-04:00,130.46597593959984,131.45535715332173,130.3518204769957,130.4469451904297,15303700
2019-10-08 00:00:00-04:00,130.40888954412475,131.05578981084682,129.01993527115178,129.0675048828125,25550500
2019-10-09 00:00:00-04:00,130.77042679523225,131.95007210478525,130.30426773555422,131.51246643066406,19749900
2019-10-10 00:00:00-04:00,131.75028246408863,132.87284988537021,131.52195702352924,132.33059692382812,17654600
2019-10-11 00:00:00-04:00,133.30094410896297,134.16666171907522,132.71112154727274,132.88235473632812,25446000
2019-10-14 00:00:00-04:00,132.89188372413636,133.46267556449297,132.7301586435582,132.75869750976562,13304300
2019-10-15 00:00:00-04:00,133.2438805707064,134.88968485548526,133.00604699421544,134.68040466308594,19695700
2019-10-16 00:00:00-04:00,133.93835569965174,134.1286341811286,132.73967965388178,133.5768585205078,20751600
2019-10-17 00:00:00-04:00,134.09056747878162,134.53769576373608,132.2544992366487,132.8918914794922,21460600
2019-10-18 00:00:00-04:00,132.95848159448425,133.18680706099585,129.91421462204636,130.7228546142578,32273500
2019-10-21 00:00:00-04:00,131.71222227760853,131.75979189272485,130.34229865302584,131.6931915283203,20078200
2019-10-22 00:00:00-04:00,132.20693456642041,133.19631589420004,129.62881211446907,129.73345947265625,27431000
2019-10-23 00:00:00-04:00,130.21866099345624,130.76091406833518,129.01046220680792,130.56114196777344,29844600
2019-10-24 00:00:00-04:00,132.60649343294298,133.58636664451367,131.92153154498152,133.12973022460938,37029300
2019-10-25 00:00:00-04:00,132.55893238007639,134.2713372106556,132.42574614415415,133.88128662109375,25959700
2019-10-28 00:00:00-04:00,137.37265413512725,138.58085264652038,136.52596726876703,137.17288208007812,35280100
2019-10-29 00:00:00-04:00,137.06824192167036,137.46780056892217,135.70782638145243,135.8790740966797,20589500
2019-10-30 00:00:00-04:00,136.5355130086204,137.94348381334873,135.84102846602647,137.5724639892578,18496600
2019-10-31 00:00:00-04:00,137.84831662067026,137.87685548472092,136.0312793725473,136.3927764892578,24605100
2019-11-01 00:00:00-04:00,137.23948318642448,137.39170016085936,136.01226830604102,136.72576904296875,33128400
2019-11-04 00:00:00-05:00,137.78175331155256,137.94347840635965,137.14436104982698,137.515380859375,16912000
2019-11-05 00:00:00-05:00,137.91493907674518,137.96250869652005,136.9065270088416,137.4297637939453,18250200
2019-11-06 00:00:00-05:00,137.3441514725847,137.4868603514444,136.2310918952963,137.0492401123047,16575800
2019-11-07 00:00:00-05:00,136.8398975846593,137.82929320755665,136.77331174407962,137.2394561767578,17786700
2019-11-08 00:00:00-05:00,136.9731283662926,138.88531987771236,136.76383362856296,138.85678100585938,16732700
2019-11-11 00:00:00-05:00,138.26690405323768,139.29434669335302,137.68658963195605,138.9994354248047,14362600
2019-11-12 00:00:00-05:00,139.16118797629684,140.38841742057483,138.95189325736897,139.91275024414062,18641600
2019-11-13 00:00:00-05:00,139.59876884853244,140.28373055097887,139.16114878233373,140.14102172851562,16919200
2019-11-14 00:00:00-05:00,139.86517194419966,141.18752603198232,139.84614119378435,140.85455322265625,19729800
2019-11-15 00:00:00-05:00,141.68220458087544,142.69063109156312,141.05433500067744,142.67160034179688,23485700
2019-11-18 00:00:00-05:00,142.7667402877027,143.22337667091233,141.72977490528922,143.02359008789062,21534000
2019-11-19 00:00:00-05:00,143.53729541516597,143.96539286217975,142.8903806707975,143.07113647460938,23935700
2019-11-20 00:00:00-05:00,143.48163945182608,143.98756118022834,141.7156909208991,142.82298278808594,25696800
2019-11-21 00:00:00-05:00,142.6129483429824,142.9947856075626,141.753839987481,142.68931579589844,18576100
2019-11-22 00:00:00-05:00,143.25253152397931,143.4720788592339,142.05931731950398,142.79432678222656,15901800
2019-11-25 00:00:00-05:00,143.1857442567149,144.4744217812682,143.10937677857183,144.35986328125,22420900
2019-11-26 00:00:00-05:00,144.48391309555387,145.49575634687375,144.4457366522748,145.12347412109375,24620100
2019-11-27 00:00:00-05:00,145.4098700606825,145.57214545856706,144.63666952021893,145.40032958984375,15184400
2019-11-29 00:00:00-05:00,145.19034446692223,145.38125587154013,144.40758877270028,144.5030517578125,11977300
2019-12-02 00:00:00-05:00,144.91344433552246,144.93253983694106,141.58200033516655,142.75611877441406,27418400
2019-12-03 00:00:00-05:00,140.78974145388634,142.64159774035983,139.98789040561118,142.5270538330078,24066000
2019-12-04 00:00:00-05:00,143.3193455347601,143.35752198086132,142.4220461125469,143.0425262451172,17574700
2019-12-05 00:00:00-05:00,143.23343969676768,143.49117804992227,142.6893270140639,143.11888122558594,17869100
2019-12-06 00:00:00-05:00,144.13076256019488,144.97077561365026,143.44346988380042,144.85623168945312,16403500
2019-12-09 00:00:00-05:00,144.2071284183246,145.29533938284135,144.05439347736646,144.48394775390625,16687400
2019-12-10 00:00:00-05:00,144.41709412648967,144.98984276667238,143.91117247275625,144.26437377929688,16476100
2019-12-11 00:00:00-05:00,144.65578249518646,144.97079288987433,143.50075894693853,144.8085174560547,18856600
2019-12-12 00:00:00-05:00,144.76072406243424,146.46941475461924,144.15935408026527,146.27850341796875,24612100
2019-12-13 00:00:00-05:00,146.04944023458228,147.8535797960323,145.8871648266387,147.5099334716797,23845400
2019-12-16 00:00:00-05:00,148.06357454659525,148.81767956466223,147.78675524177686,148.46449279785156,24144200
2019-12-17 00:00:00-05:00,148.38814307745426,148.6363410000052,147.43357153682658,147.6626739501953,25425600
2019-12-18 00:00:00-05:00,147.29038056445546,148.41676790626772,147.17582208357624,147.35719299316406,24129200
2019-12-19 00:00:00-05:00,147.00396830413231,148.69356344677536,146.7653254984438,148.63629150390625,24958900
2019-12-20 00:00:00-05:00,150.201807029263,151.29001778042624,149.18994916800344,150.2590789794922,53477500
2019-12-23 00:00:00-05:00,150.93681647800815,150.93681647800815,150.12543957375644,150.2590789794922,17718200
2019-12-24 00:00:00-05:00,150.32590189305478,150.54546380506363,149.98225560208854,150.23045349121094,8989200
2019-12-26 00:00:00-05:00,150.4022629635619,151.51910972034838,150.24952804837662,151.4618377685547,14520600
2019-12-27 00:00:00-05:00,152.20639334233292,152.3018563001232,151.03227470264446,151.73866271972656,18412800
2019-12-30 00:00:00-05:00,151.76731694488873,151.795952922549,149.60997619045432,150.430908203125,16348400
2019-12-31 00:00:00-05:00,149.64817470627386,150.6027461844132,149.34270484177895,150.53591918945312,18369400
2020-01-02 00:00:00-05:00,151.5668495220527,153.42826088554256,151.1372952944172,153.32325744628906,22622100
2020-01-03 00:00:00-05:00,151.12777897349832,152.6837207384835,150.87958104163584,151.4141387939453,21116200
2020-01-06 00:00:00-05:00,149.94409987696073,151.8723384741791,149.39998710539874,151.80551147460938,20813700
2020-01-07 00:00:00-05:00,152.0823156061593,152.4164068417858,150.1731728919405,150.42135620117188,21634100
2020-01-08 00:00:00-05:00,151.71001553116633,153.4950738351807,150.7745396996867,152.81732177734375,27746500
2020-01-09 00:00:00-05:00,154.48784333835496,154.85058515825207,153.71464277750457,154.7264862060547,21385000
2020-01-10 00:00:00-05:00,155.4233045620937,155.80512725217918,153.85779366217815,154.01052856445312,20725900
2020-01-13 00:00:00-05:00,154.41145894411306,155.89104747475955,153.93417326104023,155.86241149902344,21626500
2020-01-14 00:00:00-05:00,155.96741840076578,156.1678848009803,154.37328593172,154.76466369628906,23477400
2020-01-15 00:00:00-05:00,155.23239486645008,156.49243609343492,155.18467794940653,155.76695251464844,21417900
2020-01-16 00:00:00-05:00,156.88381193227306,158.68795125558384,156.57834209956698,158.62112426757812,23865400
2020-01-17 00:00:00-05:00,159.81436645335992,159.8620979437721,157.91476383355945,159.5089111328125,34371700
2020-01-21 00:00:00-05:00,159.10797310774927,160.54938541719685,158.8693302290307,158.9361572265625,29517200
2020-01-22 00:00:00-05:00,159.7952693085153,159.88119181662015,158.15340510126097,158.17250061035156,24138800
2020-01-23 00:00:00-05:00,158.64024220338177,159.22253140940367,157.7620381585891,159.1461639404297,19680800
2020-01-24 00:00:00-05:00,159.90027333654157,159.919368845701,156.97928675619562,157.54248046875,24918100
2020-01-27 00:00:00-05:00,153.82916663173845,155.95787122124548,152.92232676586377,154.9078369140625,32078100
2020-01-28 00:00:00-05:00,156.3397174739805,158.22976494589605,155.66197987278883,157.9434051513672,24899900
2020-01-29 00:00:00-05:00,160.2152470960965,161.0839104943588,158.16292458122416,160.40615844726562,34754500
2020-01-30 00:00:00-05:00,166.14317230881892,166.14317230881892,163.03125990019,164.9308624267578,51597500
2020-01-31 00:00:00-05:00,164.38676617897787,164.56812253080582,161.87623844618003,162.4967041015625,36142700
2020-02-03 00:00:00-05:00,162.6876216573005,166.57273484253994,162.6589856761577,166.45819091796875,30107000
2020-02-04 00:00:00-05:00,169.09277453982233,172.43377438699721,168.300478542477,171.93739318847656,36433300
2020-02-05 00:00:00-05:00,175.66977095885156,175.83204634656084,170.3050844317914,171.72738647460938,39186300
2020-02-06 00:00:00-05:00,172.74878522102316,175.4693195025829,171.88012176235213,175.28794860839844,27751400
2020-02-07 00:00:00-05:00,174.54338497300552,177.19709227933504,174.19018365311317,175.5361328125,33529100
2020-02-10 00:00:00-05:00,175.24022348953673,180.26126392824392,174.92521317224083,180.12762451171875,35844300
2020-02-11 00:00:00-05:00,181.9890534343469,182.03678492319855,175.16387293112035,176.06117248535156,53159900
2020-02-12 00:00:00-05:00,177.14933524587363,177.4070735630849,173.5887885431905,176.31886291503906,47062900
2020-02-13 00:00:00-05:00,174.7629189963334,177.76981282779755,174.562452610288,175.3643035888672,35295800
2020-02-14 00:00:00-05:00,174.9251887775994,176.98706625838952,174.35244017773482,176.92979431152344,23149500
2020-02-18 00:00:00-05:00,177.17796452076576,179.17301487250128,177.07296110406384,178.724365234375,27792200
2020-02-19 00:00:00-05:00,180.00701995377815,180.12187672148175,178.4851093601553,179.2604217529297,29997500
2020-02-20 00:00:00-05:00,178.94456451309836,179.23172105937135,173.3450775850241,176.5229034423828,36862400
2020-02-21 00:00:00-05:00,175.3264467677573,175.6423175383204,169.65994977475364,170.94256591796875,48572600
2020-02-24 00:00:00-05:00,160.58585780799982,167.07552754742713,156.2402587850784,163.57225036621094,68311100
2020-02-25 00:00:00-05:00,166.74057457962155,167.35316853961052,160.47104937019878,160.87307739257812,68073300
2020-02-26 00:00:00-05:00,162.4427779459745,165.84075010996372,161.00701012275013,162.88307189941406,56206100
2020-02-27 00:00:00-05:00,156.32643735669026,159.87756226966422,151.2150918330818,151.40652465820312,93174900
2020-02-28 00:00:00-05:00,145.88360337407545,156.6997251752608,145.49115661738037,155.072509765625,97012700
2020-03-02 00:00:00-05:00,158.23123633263182,165.5153681023465,155.35969972862432,165.39093017578125,71030800
2020-03-03 00:00:00-05:00,166.35766803966655,167.50627960732479,155.31181719397168,157.46546936035156,71677000
2020-03-04 00:00:00-05:00,161.27505550994934,163.39041240338062,158.52794252039857,163.24684143066406,49814400
2020-03-05 00:00:00-05:00,158.93950499469216,163.55309812253418,158.59492012413824,159.15008544921875,47817300
2020-03-06 00:00:00-05:00,155.64681123678955,156.1254005321975,149.31986016728098,154.65135192871094,72821100
2020-03-09 00:00:00-04:00,144.53400546163766,150.99496265942608,143.57682661752085,144.17027282714844,70419300
2020-03-10 00:00:00-04:00,151.38739718518477,154.1344955707755,146.04633791651764,154.02920532226562,65354400
2020-03-11 00:00:00-04:00,150.40148636834232,150.94707060556502,144.67754750947486,147.05136108398438,56371600
2020-03-12 00:00:00-04:00,139.07808679635838,146.89823607785505,132.64584389604912,133.10528564453125,93226400
2020-03-13 00:00:00-04:00,141.1838506811791,154.97679851403672,134.70374714006678,152.0286865234375,92727400
2020-03-16 00:00:00-04:00,134.00505133305953,142.95468024638834,129.2191566425931,129.6211700439453,87905900
2020-03-17 00:00:00-04:00,134.00502955980318,141.18387042907835,129.21913564695305,140.293701171875,81059800
2020-03-18 00:00:00-04:00,132.09068546526376,139.74811650672834,129.23829649182758,134.38790893554688,81593200
2020-03-19 00:00:00-04:00,136.65642741711832,143.72039734227005,133.04785909180967,136.5989990234375,85922700
2020-03-20 00:00:00-04:00,139.7480961231457,140.80099857992752,130.0423042779866,131.468505859375,84866200
2020-03-23 00:00:00-04:00,131.14304312122096,134.55061142383002,126.84532027961379,130.1571502685547,78975200
2020-03-24 00:00:00-04:00,137.59443780402628,143.1939390281192,135.22063872307237,141.98788452148438,82516700
2020-03-25 00:00:00-04:00,142.53351442578665,147.72142234468006,138.25492354669387,140.62872314453125,75638200
2020-03-26 00:00:00-04:00,142.04530201913704,149.95160680414702,142.01658782883592,149.42515563964844,64568100
2020-03-27 00:00:00-04:00,145.2518769737937,148.25741769895353,142.81106821229966,143.28965759277344,57042300
2020-03-30 00:00:00-04:00,145.91232801235856,153.72290995842877,143.58637610247226,153.36874389648438,63420300
2020-03-31 00:00:00-04:00,152.57428483607072,157.72391111486942,149.85590072827637,150.9566650390625,77927200
2020-04-01 00:00:00-04:00,146.4483546017773,150.99495384595014,144.36171185398587,145.59646606445312,57969900
2020-04-02 00:00:00-04:00,145.3571404034156,148.8221222050345,143.92137252689247,148.61154174804688,49630700
2020-04-03 00:00:00-04:00,148.45843424740835,150.64080069189777,145.67304049930848,147.24281311035156,41243300
2020-04-06 00:00:00-04:00,153.45488555470874,159.37024249997808,150.83221084061367,158.1929168701172,67111700
2020-04-07 00:00:00-04:00,162.32793231073012,162.72037908322392,156.2689893839847,156.48915100097656,62769000
2020-04-08 00:00:00-04:00,158.5758148434227,159.53299367239637,156.4987385371966,158.05894470214844,48318200
2020-04-09 00:00:00-04:00,159.23625593654953,160.20300120701708,156.33600551975834,158.06849670410156,51385100
2020-04-13 00:00:00-04:00,157.31232177165464,158.48008092873175,155.35010255817997,158.42263793945312,41905300
2020-04-14 00:00:00-04:00,161.7631806906829,166.30977896453348,160.80600210671437,166.2619171142578,52874300
2020-04-15 00:00:00-04:00,163.86897788274868,166.13750115848333,161.99291595443174,164.51986694335938,40940800
2020-04-16 00:00:00-04:00,166.83624782982258,169.6886362235502,165.49618890668037,169.4589080810547,50479600
2020-04-17 00:00:00-04:00,171.8135575532285,172.29214685003413,168.33899458469585,170.9521026611328,52765600
2020-04-20 00:00:00-04:00,169.06651384608264,171.095728441142,167.49674103369145,167.56373596191406,36669600
2020-04-21 00:00:00-04:00,166.07046419740155,166.23318278431483,158.9969159031224,160.63369750976562,56203700
2020-04-22 00:00:00-04:00,164.0508200206366,166.54905645162637,163.5052358787847,166.08961486816406,34620200
2020-04-23 00:00:00-04:00,166.6544186775328,167.56373571044148,163.59144912202368,164.07960510253906,32790800
2020-04-24 00:00:00-04:00,164.69216602575494,167.08511279378087,163.39998353425372,167.07554626464844,34277600
2020-04-27 00:00:00-04:00,169.028212761145,169.32493587330342,165.8791007124243,166.59698486328125,33194400
2020-04-28 00:00:00-04:00,168.07103647361475,168.14761253686197,162.136530323167,162.53854370117188,34392700
2020-04-29 00:00:00-04:00,165.8025149944787,170.07152431727428,164.519898891604,169.8322296142578,51286600
2020-04-30 00:00:00-04:00,172.29219085669826,172.67505654977936,168.68362254757932,171.53602600097656,53875900
2020-05-01 00:00:00-04:00,168.27200641389507,170.99039022327574,166.5586484837286,167.0946807861328,39370500
2020-05-04 00:00:00-04:00,167.01812031538887,171.33499108993863,166.3576646609175,171.1818389892578,30372900
2020-05-05 00:00:00-04:00,172.88563361108132,175.78588426417025,172.196463692982,173.01963806152344,36839200
2020-05-06 00:00:00-04:00,174.28307944064966,176.31229337796827,173.85235199617549,174.72337341308594,32139300
2020-05-07 00:00:00-04:00,176.2836061355487,176.64733872911614,174.76169544991922,175.73802185058594,28316000
2020-05-08 00:00:00-04:00,177.0589155703363,177.0780632342487,175.5082907173606,176.77175903320312,30877800
2020-05-11 00:00:00-04:00,175.30727805996978,179.480577895145,175.0201361260951,178.74356079101562,30892700
2020-05-12 00:00:00-04:00,178.8009294007324,179.0306428710339,174.4936265679784,174.6946258544922,32038200
2020-05-13 00:00:00-04:00,174.73294399812772,176.16871179662442,168.9802916713709,172.05284118652344,44711500
2020-05-14 00:00:00-04:00,169.93749943228426,172.95262109094764,168.1571464717192,172.79946899414062,41873900
2020-05-15 00:00:00-04:00,171.39244019900235,179.04987089422696,169.4206541318444,175.31687927246094,46610400
2020-05-18 00:00:00-04:00,177.79595475407282,178.22668227519873,176.08261119923372,176.99192810058594,35264500
2020-05-19 00:00:00-04:00,177.1067833021555,178.60956095328046,175.63273445054617,175.76673889160156,26799100
2020-05-20 00:00:00-04:00,177.38888389572662,178.3871305136739,176.55382375357337,178.2047576904297,31261300
2020-05-21 00:00:00-04:00,177.9551648606696,179.17417147943857,175.92989237505736,176.06427001953125,29119500
2020-05-22 00:00:00-04:00,175.83389440150728,177.0529008656007,175.2099867665646,176.1410369873047,20826900
2020-05-26 00:00:00-04:00,178.85740859375179,179.01098721848516,173.82783312527624,174.27896118164062,36073600
2020-05-27 00:00:00-04:00,172.963988040229,174.68211801691652,169.50855638674753,174.50933837890625,39517100
2020-05-28 00:00:00-04:00,173.48231266569437,176.75537151482436,173.13676803502756,174.1157989501953,33810200
2020-05-29 00:00:00-04:00,175.39237153809773,176.870540186914,173.16554003905907,175.89149475097656,42130400
2020-06-01 00:00:00-04:00,175.2099944595918,175.65152933826198,174.17337537170522,175.4883575439453,22622400
2020-06-02 00:00:00-04:00,176.85136234882526,177.5712457776536,174.0678189491154,177.48486328125,30794600
2020-06-03 00:00:00-04:00,177.39851461748322,178.47353605614896,176.2083018489114,177.9168243408203,27311000
2020-06-04 00:00:00-04:00,176.89935826789164,178.37751247051122,174.9796691160883,175.57476806640625,28761800
2020-06-05 00:00:00-04:00,175.28680217113944,180.19160827140416,174.70129642604095,179.68289184570312,39893600
2020-06-08 00:00:00-04:00,178.47350355740667,180.97869849717333,177.0337366873354,180.79632568359375,33211600
2020-06-09 00:00:00-04:00,180.4507439785065,183.04232088302777,179.74045386260417,182.178466796875,29783900
2020-06-10 00:00:00-04:00,183.4550870310254,190.5483374184694,183.33989572978047,188.935791015625,43872300
2020-06-11 00:00:00-04:00,185.37475539964854,187.89913623603275,178.59825621537857,178.79022216796875,52854700
2020-06-12 00:00:00-04:00,182.8888015959593,184.0214259511161,177.74403344899753,180.2012481689453,43373600
2020-06-15 00:00:00-04:00,177.16810461859515,183.1575397419374,176.6209862078857,181.35302734375,32770200
2020-06-16 00:00:00-04:00,185.14440201646784,187.72638602296334,183.7718314338394,185.79710388183594,42556700
2020-06-17 00:00:00-04:00,187.19847151579805,188.43667912161857,185.9122834018671,186.44020080566406,25687800
2020-06-18 00:00:00-04:00,186.20982979362395,188.5998478300532,186.20982979362395,188.43667602539062,23061600
2020-06-19 00:00:00-04:00,190.61551176367254,191.2873999704439,186.5649668864824,187.3136444091797,44441100
2020-06-22 00:00:00-04:00,187.9279663598332,192.69839515722148,187.3904557312936,192.5160369873047,32818900
2020-06-23 00:00:00-04:00,193.9749958365343,195.7603074164586,193.34149487196547,193.80223083496094,30917400
2020-06-24 00:00:00-04:00,193.50463898033323,195.0883763989473,188.66701495049006,189.89561462402344,36740600
2020-06-25 00:00:00-04:00,189.8572588057207,192.55441970306296,187.6208192009114,192.29525756835938,27803900
2020-06-26 00:00:00-04:00,191.70975479189462,191.863333440495,187.054517343966,188.4462890625,54675800
2020-06-29 00:00:00-04:00,187.91838261622823,190.55795537859805,185.77793316800526,190.47157287597656,26701600
2020-06-30 00:00:00-04:00,189.93403700874228,196.19221269128647,189.7996593627015,195.33795166015625,34310300
2020-07-01 00:00:00-04:00,194.98280851775834,198.06391576552463,193.66782625721174,196.48016357421875,32061200
2020-07-02 00:00:00-04:00,197.4208122291355,199.66685951857852,196.76812499098386,197.97752380371094,29315800
2020-07-06 00:00:00-04:00,200.4443379426205,202.65198332371176,199.73404770725878,202.23924255371094,31897600
2020-07-07 00:00:00-04:00,201.99928942933178,206.04983473859397,199.63807995851283,199.88763427734375,33600700
2020-07-08 00:00:00-04:00,201.63454111797887,204.69643276987244,200.30995102141637,204.28370666503906,33600000
2020-07-09 00:00:00-04:00,207.6431954429014,207.69119060474213,202.97834984568297,205.7139129638672,33121700
2020-07-10 00:00:00-04:00,205.04198592289438,205.48352085550894,202.60398723586235,205.08998107910156,26177600
2020-07-13 00:00:00-04:00,205.86747300760248,207.1344749546449,198.2079169288768,198.75503540039062,38135600
2020-07-14 00:00:00-04:00,197.85274095335467,200.46351902624386,193.91737285414357,199.9835968017578,37591800
2020-07-15 00:00:00-04:00,201.1450643184842,202.84399363407843,196.79696875425537,199.68609619140625,32179400
2020-07-16 00:00:00-04:00,197.15205686543402,197.4400131481872,194.18614083902548,195.7314910888672,29940700
2020-07-17 00:00:00-04:00,196.25941038174207,196.80651414276153,193.30308749951638,194.73326110839844,31635300
2020-07-20 00:00:00-04:00,196.76809446430474,203.77496124517302,194.85799890887355,203.1030731201172,36884800
2020-07-21 00:00:00-04:00,205.08040967587897,205.3491650038895,199.676479655966,200.36756896972656,37990400
2020-07-22 00:00:00-04:00,200.79947901418083,203.7750030084796,200.02200726398468,203.24708557128906,49605700
2020-07-23 00:00:00-04:00,198.8701451864032,202.45036036638098,194.03252165602663,194.4068603515625,67457000
2020-07-24 00:00:00-04:00,192.37202226358085,194.71404505706334,189.57887140843255,193.21669006347656,39827000
2020-07-27 00:00:00-04:00,193.37987205022162,195.77948329356477,192.7943663210033,195.664306640625,30160900
2020-07-28 00:00:00-04:00,195.43397114443204,196.48019830522122,193.63906632307194,193.90782165527344,23251400
2020-07-29 00:00:00-04:00,194.3685352414771,196.4321953127748,193.8982061058397,195.8658905029297,19632600
2020-07-30 00:00:00-04:00,192.92875222913779,196.24982077645538,191.55618156926076,195.71229553222656,25079600
2020-07-31 00:00:00-04:00,196.1922346738633,196.86413762541622,191.01867275251885,196.77774047851562,51044000
2020-08-03 00:00:00-04:00,203.0263026972429,208.900546059905,201.9896689309971,207.84471130371094,78983000
2020-08-04 00:00:00-04:00,205.56990286520076,206.14581544620071,201.86490236413317,204.72523498535156,49280100
2020-08-05 00:00:00-04:00,206.27059997009545,206.36659028912158,203.07433032066746,204.38931274414062,28806400
2020-08-06 00:00:00-04:00,203.81338285693832,207.6815551197409,203.05511212670442,207.66236877441406,32656800
2020-08-07 00:00:00-04:00,206.22256445751188,207.03842336738066,202.45996171694793,203.94772338867188,27820400
2020-08-10 00:00:00-04:00,203.17030099150136,203.3718747980669,198.0639354292782,199.88763427734375,36716500
2020-08-11 00:00:00-04:00,198.84140714955558,199.31172162131807,194.98282782848577,195.21319580078125,36446500
2020-08-12 00:00:00-04:00,197.04648389132086,201.83611353320936,196.52817427157683,200.78988647460938,28013100
2020-08-13 00:00:00-04:00,201.0298550949573,202.8631617935289,199.79164736083806,200.31956481933594,22588900
2020-08-14 00:00:00-04:00,200.37715798331593,201.17383077697343,199.17735220601244,200.51153564453125,17958900
2020-08-17 00:00:00-04:00,201.18343330987926,202.7095827034484,200.53073136822354,201.83612060546875,20184800
2020-08-18 00:00:00-04:00,202.076101247838,203.83261878662165,200.8091138740351,202.99755859375,21336200
2020-08-19 00:00:00-04:00,203.48821317217968,204.07513421341247,201.33295900668412,201.76593017578125,27627600
2020-08-20 00:00:00-04:00,201.6119704862847,206.86539583572588,201.00581675165208,206.46128845214844,26981500
2020-08-21 00:00:00-04:00,205.76858792441254,208.0681614685284,204.796806652132,204.9603729248047,36249300
2020-08-24 00:00:00-04:00,206.66335284725108,207.36574366044377,204.39264353069976,205.60498046875,25460100
2020-08-25 00:00:00-04:00,205.03729494962872,208.4144876214117,205.03729494962872,208.27978515625,23043700
2020-08-26 00:00:00-04:00,209.63644688516246,213.6871519993567,209.1361171366734,212.78271484375,39600800
2020-08-27 00:00:00-04:00,214.4568883673728,222.40436346593435,211.09892829514644,218.0072784423828,57602200
2020-08-28 00:00:00-04:00,219.54675464075623,221.91368648298578,218.00729978629948,220.2491455078125,26292900
2020-08-31 00:00:00-04:00,218.41140795600424,220.04708516739845,215.8231823144508,216.9970245361328,28774200
2020-09-01 00:00:00-04:00,216.97781440851804,218.84441677620495,215.93867449202827,218.67123413085938,25725500
2020-09-02 00:00:00-04:00,219.34467811962938,224.04966270700592,218.74814073011743,222.88543701171875,34080800
2020-09-03 00:00:00-04:00,220.59552879932826,220.6340089316547,206.82695279841502,209.0784149169922,58400300
2020-09-04 00:00:00-04:00,206.96166006206397,210.09831211126607,197.4266031074665,206.14381408691406,59664100
2020-09-08 00:00:00-04:00,198.68703419320943,202.08347481385906,194.5497225545871,194.99232482910156,52924300
2020-09-09 00:00:00-04:00,199.74544587479568,206.7115105904841,198.8794886265967,203.2958221435547,45679000
2020-09-10 00:00:00-04:00,205.32597512707235,206.61528719660927,196.38747004293234,197.59979248046875,35461500
2020-09-11 00:00:00-04:00,199.36051554693663,200.73641865152672,193.62602236817216,196.31045532226562,33620100
2020-09-14 00:00:00-04:00,196.51255926382413,201.28488881997822,196.31049818032105,197.63829040527344,30375800
2020-09-15 00:00:00-04:00,200.53441836842367,201.842963295847,199.10078729864887,200.88079833984375,21823900
2020-09-16 00:00:00-04:00,202.6511667579555,202.68003053046885,196.89742476057717,197.2919158935547,26328100
2020-09-17 00:00:00-04:00,192.4810724464651,196.5991366431224,192.39448113744643,195.2328643798828,34011300
2020-09-18 00:00:00-04:00,195.12703307520093,195.9448643827786,188.824850417951,192.80821228027344,55225300
2020-09-21 00:00:00-04:00,189.72925874031986,195.0404119726883,188.949907685648,194.8768310546875,39839700
2020-09-22 00:00:00-04:00,197.30149526191477,200.226484234231,194.43424850526944,199.57220458984375,33517100
2020-09-23 00:00:00-04:00,200.0340476542017,200.2264923513027,192.4618156939946,193.00062561035156,30803800
2020-09-24 00:00:00-04:00,192.28863155277108,197.79221510852776,191.6632156551125,195.50225830078125,31202500
2020-09-25 00:00:00-04:00,195.84865949548796,201.13093516203398,194.87686359418942,199.9571075439453,29437300
2020-09-28 00:00:00-04:00,202.9012971081629,204.52735780399723,200.18798560071832,201.51577758789062,32004900
2020-09-29 00:00:00-04:00,201.42919413090266,202.12195391801143,198.98528747041638,199.4182586669922,24221900
2020-09-30 00:00:00-04:00,199.8705270463753,203.95972820854757,198.72554837193144,202.37216186523438,33829100
2020-10-01 00:00:00-04:00,205.41256787340234,205.8936502720816,203.32467202491068,204.42153930664062,27158400
2020-10-02 00:00:00-04:00,200.13029476792047,203.00717304053887,197.76336270649114,198.38877868652344,33154800
2020-10-05 00:00:00-04:00,199.37976785387195,202.44907555811938,199.14884304338642,202.4202117919922,21331600
2020-10-06 00:00:00-04:00,200.91924181932862,202.22777173091453,197.0705829787535,198.1193389892578,28554300
2020-10-07 00:00:00-04:00,199.2258515006656,202.16045722958788,198.89871897520425,201.89105224609375,25681100
2020-10-08 00:00:00-04:00,202.54529705976978,203.19957672679087,200.43816858114602,202.61265563964844,19925800
2020-10-09 00:00:00-04:00,203.23805900928684,207.69288656512367,203.23805900928684,207.644775390625,26458000
2020-10-12 00:00:00-04:00,210.51201907002442,215.39020139678786,208.6069369769455,213.0232696533203,40461400
2020-10-13 00:00:00-04:00,214.29333707129456,216.6891326151677,212.0899715436211,214.42803955078125,28950800
2020-10-14 00:00:00-04:00,214.56272446279024,215.73656655140906,210.83915183498107,212.50369262695312,23421700
2020-10-15 00:00:00-04:00,208.88596650177243,212.02261820240022,207.83719579947217,211.34910583496094,22733100
2020-10-16 00:00:00-04:00,211.82055715143417,213.87958906415912,211.02197335384307,211.34910583496094,26057900
2020-10-19 00:00:00-04:00,212.08034757630915,213.88922196295366,205.63384683523614,206.11492919921875,27625800
2020-10-20 00:00:00-04:00,207.63515426808434,209.1457452787201,205.02768135731517,206.52865600585938,22753500
2020-10-21 00:00:00-04:00,205.0565747744682,208.71280425916538,205.0565747744682,206.6730194091797,22724900
2020-10-22 00:00:00-04:00,205.83589789977742,207.8853135151422,203.69027461830365,206.75958251953125,22351500
2020-10-23 00:00:00-04:00,206.894294344403,208.0970003361188,205.0950508788664,208.04888916015625,18879600
2020-10-26 00:00:00-04:00,205.7589262972912,208.15470699634687,200.22647929031413,202.13156127929688,37111600
2020-10-27 00:00:00-04:00,203.5844284165956,206.54789749901863,202.37210616165964,205.18162536621094,36700300
2020-10-28 00:00:00-04:00,199.81275844922078,200.9384894820073,194.45350824964038,195.0115509033203,51195600
2020-10-29 00:00:00-04:00,196.3489183997407,199.51443317452222,195.67539149826504,196.9743194580078,31432600
2020-10-30 00:00:00-04:00,195.8005685249777,196.56067238028837,192.06736379802746,194.80953979492188,36953700
2020-11-02 00:00:00-05:00,196.56067027683034,197.5132188583045,192.54844421545388,194.67483520507812,30842200
2020-11-03 00:00:00-05:00,196.17579759608554,200.24575094427385,195.43492652465187,198.61968994140625,27512000
2020-11-04 00:00:00-05:00,205.9225092642402,210.05982073319336,204.38303975159317,208.2028350830078,42311800
2020-11-05 00:00:00-05:00,213.6390907342478,215.64039551423602,212.78276454929107,214.841796875,36080100
2020-11-06 00:00:00-05:00,213.8507413668018,215.87129330242155,209.78078840779185,215.25550842285156,25231900
2020-11-09 00:00:00-05:00,215.9482509504058,219.4890100539561,209.63645277001197,210.1271514892578,44395000
2020-11-10 00:00:00-05:00,206.38440481718123,208.30873493202677,201.78525701721836,203.0264434814453,44045100
2020-11-11 00:00:00-05:00,204.35415712865384,209.79038173346626,204.17134348922855,208.3567657470703,29440800
2020-11-12 00:00:00-05:00,208.9918236566661,210.81993091272767,206.3458704441471,207.28878784179688,21593900
2020-11-13 00:00:00-05:00,208.17397949050766,209.1938718430691,206.05721983858226,208.31829833984375,18621100
2020-11-16 00:00:00-05:00,206.7403530282765,209.50177608318282,206.4036041455115,209.0110626220703,24953300
2020-11-17 00:00:00-05:00,207.92380529244616,209.44401265541623,205.98022841519293,206.34585571289062,24154100
2020-11-18 00:00:00-05:00,206.10468746915095,207.57101096307588,203.480746362088,203.62545776367188,28372800
2020-11-19 00:00:00-05:00,203.91487189418262,205.50659431946275,202.51606857025564,204.9181365966797,24792700
2020-11-20 00:00:00-05:00,204.7059143171039,205.75741620286792,202.58361274659725,202.9598388671875,22843100
2020-11-23 00:00:00-05:00,203.50005869830167,204.79273154665992,200.8085971874717,202.68972778320312,25683500
2020-11-24 00:00:00-05:00,202.18804756968217,206.68347702038218,201.48383260969243,206.3072509765625,33979700
2020-11-25 00:00:00-05:00,207.51313829161182,207.68677431464604,204.95673204200565,206.31692504882812,21012900
2020-11-27 00:00:00-05:00,207.26233638711614,208.63218572293246,206.48093008381176,207.62890625,14512200
2020-11-30 00:00:00-05:00,206.53882703446155,207.17550721564854,203.39394812779054,206.5098876953125,33064800
2020-12-01 00:00:00-05:00,206.93432077523863,209.64509467214577,205.81529873199955,208.5742950439453,30904500
2020-12-02 00:00:00-05:00,207.29126088912773,207.86042080174042,205.2847168067867,207.76394653320312,23724500
2020-12-03 00:00:00-05:00,207.03078693135419,208.73828134614044,206.10468402437849,206.67385864257812,25120900
2020-12-04 00:00:00-05:00,206.65457192734252,207.77360870664114,205.65129249765855,206.7896270751953,24666000
2020-12-07 00:00:00-05:00,206.79928341216169,207.92796181138993,205.46802963661227,206.72210693359375,24620000
2020-12-08 00:00:00-05:00,206.41341424547676,209.2881681317648,205.37155387221154,208.38136291503906,23284100
2020-12-09 00:00:00-05:00,207.5613605938396,207.62888080244758,203.7508626994159,204.3200225830078,32440600
2020-12-10 00:00:00-05:00,204.29109033322288,205.55482374295858,202.93088265652304,203.08523559570312,26733300
2020-12-11 00:00:00-05:00,202.63182794485593,205.78634798051132,201.72502284984319,205.72845458984375,30979400
2020-12-14 00:00:00-05:00,205.57411062551716,208.5742776419708,205.36187902538944,206.63525390625,28798400
2020-12-15 00:00:00-05:00,207.57104437525308,207.8122153634736,204.7445274588648,206.56777954101562,27000600
2020-12-16 00:00:00-05:00,207.16585675094953,212.33656277483357,207.13691741304723,211.53587341308594,35023300
2020-12-17 00:00:00-05:00,212.1050184542411,213.08900003353037,210.22388802317806,211.67091369628906,32515800
2020-12-18 00:00:00-05:00,210.8701934814453,211.93135137414484,208.39096417927163,210.8701934814453,63354900
2020-12-21 00:00:00-05:00,209.8669583764434,216.0891657865848,209.60648963539475,214.7289581298828,37181900
2020-12-22 00:00:00-05:00,214.82542583461395,217.66159840413056,214.01509502043945,216.03128051757812,22612200
2020-12-23 00:00:00-05:00,215.23061750586513,215.664722300724,213.00220013500297,213.2144317626953,18699600
2020-12-24 00:00:00-05:00,213.60029998977953,215.71296001295323,213.38806836152142,214.88333129882812,10550600
2020-12-28 00:00:00-05:00,216.52324544089436,218.04744739640344,215.14375486692805,217.01524353027344,17933500
2020-12-29 00:00:00-05:00,218.31760744104608,219.15687770978704,215.68402455920148,216.23388671875,17403200
2020-12-30 00:00:00-05:00,217.2757197795498,217.6616021166235,213.64851413049317,213.85108947753906,20272300
2020-12-31 00:00:00-05:00,213.87041361026112,215.12450560034335,211.92174804782283,214.5649871826172,20942100
2021-01-04 00:00:00-05:00,214.67108011672624,215.12448267035043,207.2237201668687,210.00201416015625,37130100
2021-01-05 00:00:00-05:00,209.5871775991694,210.8026884948784,208.0822733662966,210.20457458496094,23823000
2021-01-06 00:00:00-05:00,204.676943408944,208.84438415106663,204.45507027458913,204.75411987304688,35930700
2021-01-07 00:00:00-05:00,206.48090458530808,211.59373143430213,206.1625718994566,210.580810546875,27694500
2021-01-08 00:00:00-05:00,210.9570559155459,212.78996405087463,209.36533346109607,211.86386108398438,22956200
2021-01-11 00:00:00-05:00,210.75451400310664,211.17897731697403,209.0759585491518,209.8091278076172,23031300
2021-01-12 00:00:00-05:00,208.85403813753175,209.43285429285,205.7863507861013,207.3394775390625,23249300
2021-01-13 00:00:00-05:00,206.46166317953575,209.10488778280495,206.37483043687178,208.69972229003906,20087100
2021-01-14 00:00:00-05:00,208.28489931536527,209.78016226797547,205.22685319313948,205.49696350097656,29480800
2021-01-15 00:00:00-05:00,205.97929960679494,206.93432719678094,204.54191537229212,205.1400146484375,31746500
2021-01-19 00:00:00-05:00,206.2011410675174,209.3170652998531,205.12070003287826,208.796142578125,30480900
2021-01-20 00:00:00-05:00,210.01166019467698,217.81594859939017,209.6161363041279,216.4171600341797,37777300
2021-01-21 00:00:00-05:00,216.76444885263814,218.30794883439074,214.56497094658008,217.02491760253906,30709400
2021-01-22 00:00:00-05:00,219.06034248411126,221.9447516001954,217.8255487166679,217.97024536132812,30172700
2021-01-25 00:00:00-05:00,221.02835000618649,221.66504485405198,216.30140522152732,221.4238739013672,33152100
2021-01-26 00:00:00-05:00,223.67162787003718,225.9096870460668,221.95449156569856,224.12503051757812,49169600
2021-01-27 00:00:00-05:00,229.5947125313513,231.9485430318154,222.01229832702393,224.67481994628906,69870600
2021-01-28 00:00:00-05:00,227.28918505493604,234.070912016204,226.78754528155395,230.49192810058594,49111200
2021-01-29 00:00:00-05:00,227.65574104136587,229.61404802749493,223.17960868451274,223.76806640625,42503100
2021-02-01 00:00:00-05:00,226.75856737700522,233.93581706822144,224.22144432069945,231.18646240234375,33314200
2021-02-02 00:00:00-05:00,232.77819906978667,233.75252438846982,230.26037381506274,231.05140686035156,25916300
2021-02-03 00:00:00-05:00,231.10930869338551,236.43435275542583,230.8102443459254,234.4181671142578,27158100
2021-02-04 00:00:00-05:00,234.09018810416885,234.64970650721565,231.88105383007826,233.463134765625,25296100
2021-02-05 00:00:00-05:00,233.67534741680137,234.68826832765416,231.92927213385542,233.6464080810547,18054800
2021-02-08 00:00:00-05:00,234.5628535104182,235.0741347325014,232.3054970144389,233.90687561035156,22211900
2021-02-09 00:00:00-05:00,233.32810240423584,236.11603843247016,232.855416689218,235.1610107421875,23565000
2021-02-10 00:00:00-05:00,236.347494874148,237.2350020681032,232.38264447338142,234.24449157714844,22186700
2021-02-11 00:00:00-05:00,236.13528158931294,236.49220985804178,233.59815867616126,235.85552978515625,15751100
2021-02-12 00:00:00-05:00,235.31534381277874,236.63697080548107,234.15772604157985,236.33792114257812,16561100
2021-02-16 00:00:00-05:00,236.37646073369578,237.43761875854926,234.34097740959032,235.0934295654297,26728500
2021-02-17 00:00:00-05:00,233.3336539630768,236.22469210962927,232.96622513355865,236.1183319091797,21653500
2021-02-18 00:00:00-05:00,233.7977910115024,235.85729003006736,232.8888973325426,235.721923828125,16925600
2021-02-19 00:00:00-05:00,235.68325103009647,235.78961124122654,232.23139079471954,232.99525451660156,25262600
2021-02-22 00:00:00-05:00,229.56273767902795,230.05585424921347,224.70886718440133,226.74903869628906,36446900
2021-02-23 00:00:00-05:00,222.70735938022432,227.05843439973523,221.160304582875,225.55006408691406,30228700
2021-02-24 00:00:00-05:00,222.39795987985408,227.4162024880287,221.42139049950268,226.7877197265625,26339700
2021-02-25 00:00:00-05:00,224.39946279317778,226.8263906391963,220.33846205428335,221.41172790527344,39542200
2021-02-26 00:00:00-05:00,223.86762334646158,227.58053682788972,221.94347614070054,224.6894989013672,37819200
2021-03-01 00:00:00-05:00,228.09302745735494,229.6110763466161,225.43403703032263,229.09861755371094,25324000
2021-03-02 00:00:00-05:00,229.1663171050798,229.44672802322287,225.72413513674732,226.13023376464844,22812500
2021-03-03 00:00:00-05:00,224.47679360019754,225.84979769588546,219.73894760417375,220.02902221679688,34029500
2021-03-04 00:00:00-05:00,219.23621048215847,224.79591842840537,216.8382736495553,219.22653198242188,44727800
2021-03-05 00:00:00-05:00,221.92418304154947,225.55007913301998,218.96545419151897,223.9353485107422,41872800
2021-03-08 00:00:00-05:00,223.71293453599736,225.64674565461442,219.61326440696627,219.86465454101562,35267400
2021-03-09 00:00:00-05:00,225.17297326388478,227.59023718245513,224.00301103562117,226.04318237304688,33080500
2021-03-10 00:00:00-05:00,229.15665567677576,229.15665567677576,224.36079681312953,224.7282257080078,29746800
2021-03-11 00:00:00-05:00,227.18418019670344,231.25484511850777,226.55568261055473,229.28236389160156,29907600
2021-03-12 00:00:00-05:00,226.2655769704919,228.01568852154853,225.51139177337745,227.947998046875,22653700
2021-03-15 00:00:00-04:00,227.18416824147047,227.4065524199136,224.13840645459197,227.03912353515625,26034900
2021-03-16 00:00:00-04:00,228.46047211752122,232.11537439525682,228.13172772834727,229.84315490722656,28092200
2021-03-17 00:00:00-04:00,228.3347366447057,230.65531878562442,225.51137424732443,229.19528198242188,29562100
2021-03-18 00:00:00-04:00,224.86357551060163,226.43963644067026,222.70738004305798,223.08447265625,34833000
2021-03-19 00:00:00-04:00,223.37455538489735,224.77656567678991,221.75982466209032,222.7267303466797,46430700
2021-03-22 00:00:00-04:00,222.64933771014526,229.05991126043418,222.5236352716156,228.18003845214844,30127000
2021-03-23 00:00:00-04:00,229.63043503272812,233.0726168895931,229.2243364179776,229.7174530029297,31638400
2021-03-24 00:00:00-04:00,229.97849095447495,230.12352088544264,227.53222109343432,227.66758728027344,25620100
2021-03-25 00:00:00-04:00,227.51291097101122,229.09863570662682,223.90635689164225,224.65086364746094,34061900
2021-03-26 00:00:00-04:00,223.8869864994922,228.87622275520403,223.8869864994922,228.65382385253906,25479900
2021-03-29 00:00:00-04:00,228.76016278208868,228.96321942350718,224.2060462571147,227.45484924316406,25227500
2021-03-30 00:00:00-04:00,225.8014265302875,226.1108433533357,223.4518533897159,224.17703247070312,24792000
2021-03-31 00:00:00-04:00,225.20201055282524,231.18715920772763,224.69921545680972,227.9673614501953,43623500
2021-04-01 00:00:00-04:00,230.5779761914017,234.80334887949442,230.17187761588366,234.32957458496094,30338000
2021-04-05 00:00:00-04:00,234.72602212026308,241.68775495440264,234.66801013894693,240.82720947265625,36910600
2021-04-06 00:00:00-04:00,239.41553064530655,241.14628542659426,238.70969358684056,239.65725708007812,22931900
2021-04-07 00:00:00-04:00,239.60887057598896,242.6256112789347,239.00939383471342,241.62969970703125,22719800
2021-04-08 00:00:00-04:00,244.40472490697556,245.72938081582777,243.66020348747534,244.86883544921875,23625200
2021-04-09 00:00:00-04:00,244.50139292418686,247.51814816440688,244.0856306344498,247.38278198242188,24326800
2021-04-12 00:00:00-04:00,246.28052740899415,249.1425744248552,246.19349469367526,247.44081115722656,27148700
2021-04-13 00:00:00-04:00,248.74616496060787,250.61228584329,248.33037309194663,249.93544006347656,23837500
2021-04-14 00:00:00-04:00,248.95887451247958,250.26417351882526,246.71564634853144,247.13140869140625,23070900
2021-04-15 00:00:00-04:00,249.39393852702798,251.32774960452076,249.2005751238479,250.9119873046875,25627500
2021-04-16 00:00:00-04:00,250.88295684601235,252.36232099568255,249.07484838615017,252.1109161376953,24878600
2021-04-19 00:00:00-04:00,251.57917951472078,252.82649604592189,249.28761788114033,250.17715454101562,23209300
2021-04-20 00:00:00-04:00,249.28758716653843,251.58882701537144,248.34000913830877,249.71302795410156,19722900
2021-04-21 00:00:00-04:00,250.37060383261652,252.05301057369897,248.73653058111407,251.95631408691406,24030400
2021-04-22 00:00:00-04:00,251.59847490324208,253.1165236382329,247.17972438735143,248.6591033935547,25606200
2021-04-23 00:00:00-04:00,249.3455845078883,252.85545604555438,248.7557568338929,252.50735473632812,21462600
2021-04-26 00:00:00-04:00,253.00054000624235,253.75472524511878,251.55986000691124,252.8941650390625,19763300
2021-04-27 00:00:00-04:00,252.9231703377434,254.47990379909567,251.5114963319327,253.30027770996094,31014200
2021-04-28 00:00:00-04:00,247.605153301247,248.0499510872284,244.57874904739901,246.13546752929688,46903100
2021-04-29 00:00:00-04:00,247.0057189857729,247.6245379994576,240.7595021178663,244.15333557128906,40589000
2021-04-30 00:00:00-04:00,241.47502164719492,244.70448296798347,241.339655446737,243.83425903320312,30945100
2021-05-03 00:00:00-04:00,245.01386941830933,245.93244152740905,242.8093258640867,243.52484130859375,19626600
2021-05-04 00:00:00-04:00,242.66430613687115,242.89636879848177,237.62672133374875,239.58953857421875,32756100
2021-05-05 00:00:00-04:00,240.81746821172655,241.24290896891398,237.68470400663034,238.3131866455078,21901300
2021-05-06 00:00:00-04:00,238.2938828346981,241.5910344808198,236.5921342853169,241.46533203125,26491100
2021-05-07 00:00:00-04:00,243.80524259654717,245.88409850126487,242.85767923394673,244.10499572753906,27032900
2021-05-10 00:00:00-04:00,242.5676094591956,243.39914888697365,238.94171336489754,238.99972534179688,29299900
2021-05-11 00:00:00-04:00,236.45678232929174,238.4389418849442,234.54231325173242,238.0811767578125,33641600
2021-05-12 00:00:00-04:00,234.15555875253995,236.2924269065027,230.1912541137073,231.09046936035156,36684400
2021-05-13 00:00:00-04:00,233.79780118465277,237.47204579500448,233.43037229747455,234.98709106445312,29624300
2021-05-14 00:00:00-04:00,237.45268231578646,240.9335336718373,237.36566435149217,239.9376220703125,23901100
2021-05-17 00:00:00-04:00,238.39058872945552,238.42925846341785,235.46086581765138,237.06591796875,24970200
2021-05-18 00:00:00-04:00,238.11981596423539,238.25518214087015,234.8613344739874,235.03538513183594,20168000
2021-05-19 00:00:00-04:00,231.92448304457386,235.7235033869886,231.23640313623346,235.6168975830078,25739800
2021-05-20 00:00:00-04:00,236.43102694934643,240.29787996897917,236.33410718748098,238.8732452392578,21800700
2021-05-21 00:00:00-04:00,239.92956310394896,240.66610284863518,237.18690008815358,237.60362243652344,21863100
2021-05-24 00:00:00-04:00,240.14276804353833,243.4087741049209,239.87141050800008,243.04049682617188,21411500
2021-05-25 00:00:00-04:00,243.99998270543847,244.9497342108329,243.07930416944234,243.95152282714844,17704300
2021-05-26 00:00:00-04:00,243.6704312001958,245.13383947058784,243.01142426646751,243.7285919189453,17771600
2021-05-27 00:00:00-04:00,243.418473133618,243.71890365055134,241.55772931026675,241.61587524414062,24426200
2021-05-28 00:00:00-04:00,243.25371117130643,244.30038230069232,241.85814966545857,241.9744415283203,18270200
2021-06-01 00:00:00-04:00,243.47658686265473,243.53473278883763,239.3383773786353,239.76478576660156,23213300
2021-06-02 00:00:00-04:00,240.47229428901912,241.57711137410448,238.25295927147903,239.66790771484375,19406700
2021-06-03 00:00:00-04:00,237.65208531272862,238.7375154318653,235.50059719238536,238.12696838378906,25307700
2021-06-04 00:00:00-04:00,240.1136832360692,243.8836303701646,239.871398677868,243.0501708984375,25281100
2021-06-07 00:00:00-04:00,242.26520330822757,246.24836256289456,242.10045156142598,245.9770050048828,23079200
2021-06-08 00:00:00-04:00,247.28533321311315,248.1091066867152,244.71710783462723,244.7752685546875,22455000
2021-06-09 00:00:00-04:00,245.97700556822116,247.64392473575538,245.39553142309762,245.7637939453125,17937600
2021-06-10 00:00:00-04:00,246.44216202928786,249.51432854393602,245.84130103923167,249.30111694335938,24563600
2021-06-11 00:00:00-04:00,250.02801200775818,250.51258121871984,248.69059625338278,249.93112182617188,18999700
2021-06-14 00:00:00-04:00,249.94074901705073,251.92750017704654,248.87469102580323,251.86935424804688,19150500
2021-06-15 00:00:00-04:00,251.7530394221837,251.96625102602945,249.72754397352543,250.3865509033203,18038900
2021-06-16 00:00:00-04:00,251.3944773965789,252.5380535301165,246.5681726439987,249.43682861328125,27220000
2021-06-17 00:00:00-04:00,248.16723512473413,253.67193320557047,248.10908919664973,252.84815979003906,27565500
2021-06-18 00:00:00-04:00,251.6173318836719,254.20491407137686,250.7644856159309,251.42349243164062,37202200
2021-06-21 00:00:00-04:00,251.8015645718106,255.38735916817808,249.96020739251279,254.52484130859375,26696100
2021-06-22 00:00:00-04:00,254.61204404349655,257.587306057869,254.3019126543764,257.3159484863281,24694100
2021-06-23 00:00:00-04:00,257.7810937657533,258.5951664101783,256.26924034385627,257.08331298828125,19518700
2021-06-24 00:00:00-04:00,257.94580012893306,259.5836458832554,257.2770924741744,258.4594421386719,21446900
2021-06-25 00:00:00-04:00,258.0137126293254,259.00222309545813,256.58907807697693,256.8410339355469,25611100
2021-06-28 00:00:00-04:00,257.974900379408,260.6012566258516,257.7035428658539,260.42681884765625,19590000
2021-06-29 00:00:00-04:00,260.57222058858645,263.26642398915266,259.7097028458924,263.0241394042969,19937800
2021-06-30 00:00:00-04:00,262.33610101410613,262.98540724193595,261.2797436059164,262.53961181640625,21656500
2021-07-01 00:00:00-04:00,261.28938159380704,263.4505708049754,261.27971032162645,263.2179870605469,16725300
2021-07-02 00:00:00-04:00,264.4003129092707,269.42044210645486,264.0901815611833,269.08123779296875,26458000
2021-07-06 00:00:00-04:00,269.44948826138983,270.7481298795678,265.83459218582897,269.0909118652344,31565600
2021-07-07 00:00:00-04:00,270.7771904881955,272.0273869704085,268.5966296724921,271.29083251953125,23260000
2021-07-08 00:00:00-04:00,268.3544275213407,270.12796742500313,266.3870776755661,268.8583984375,24618600
2021-07-09 00:00:00-04:00,267.21081645275507,269.46889570541214,266.82316704327263,269.3623046875,23916700
2021-07-12 00:00:00-04:00,270.54462431878187,271.13578442629563,268.0442311924346,268.76141357421875,18931700
2021-07-13 00:00:00-04:00,268.95523209497554,274.12075544543404,268.82926896816707,272.3084716796875,26120100
2021-07-14 00:00:00-04:00,273.63622459496327,274.90579349318665,271.89175778408145,273.7912902832031,23113700
2021-07-15 00:00:00-04:00,273.2969376761836,273.7912075596242,271.1938950360559,272.35687255859375,22604200
2021-07-16 00:00:00-04:00,273.3648715740466,275.33222131414186,270.8354050077777,272.0856018066406,26186800
2021-07-19 00:00:00-04:00,270.32175815873427,271.7173197761121,265.9800371942306,268.4610290527344,32935600
2021-07-20 00:00:00-04:00,269.4495407659648,272.298809949743,267.73417649236615,270.6997375488281,26259700
2021-07-21 00:00:00-04:00,270.2925786168634,272.8317154102871,268.73228065439474,272.7154235839844,24364300
2021-07-22 00:00:00-04:00,275.0802291583625,277.5806226950854,274.6732076086904,277.30926513671875,23384100
2021-07-23 00:00:00-04:00,278.5013407835896,281.0404790561348,277.65819497599375,280.7303771972656,22768100
2021-07-26 00:00:00-04:00,280.0810104744821,280.74971836728116,277.7938579417119,280.12945556640625,23176100
2021-07-27 00:00:00-04:00,280.49772457377867,280.64308942099046,274.21772656817114,277.6969299316406,33604100
2021-07-28 00:00:00-04:00,280.07118992924825,281.19539359355434,275.0704341435057,277.3866882324219,33566900
2021-07-29 00:00:00-04:00,277.40612616035014,279.71267995195393,277.2510604896139,277.6581115722656,18168300
2021-07-30 00:00:00-04:00,276.3691729139346,277.8131794690923,275.14804923194725,276.1171875,20944800
2021-08-02 00:00:00-04:00,277.52245058070406,277.91980086313254,274.98331277295944,276.0299987792969,16267400
2021-08-03 00:00:00-04:00,276.6115155470413,278.365653814384,275.23532590418637,278.259033203125,17879000
2021-08-04 00:00:00-04:00,277.38678826831455,278.71450311661016,275.8652339137432,277.6678466796875,16191300
2021-08-05 00:00:00-04:00,278.02642050082994,280.69155102008517,277.2704937547623,280.5849304199219,13900200
2021-08-06 00:00:00-04:00,279.60610027686425,280.56553772921,278.7435529938738,280.5267639160156,16589300
2021-08-09 00:00:00-04:00,280.80783006175807,282.5522672188977,278.92769934256637,279.431640625,16117600
2021-08-10 00:00:00-04:00,279.88709699676326,280.32322101187015,276.3982231789099,277.5999450683594,18616600
2021-08-11 00:00:00-04:00,278.3462552102789,279.75151783986774,277.03791234406856,278.09429931640625,13955900
2021-08-12 00:00:00-04:00,277.78405375273707,281.0209714042505,277.5029954271641,280.86590576171875,14561300
2021-08-13 00:00:00-04:00,280.54614271809214,283.86057886978705,280.3716753608308,283.8121337890625,18249000
2021-08-16 00:00:00-04:00,284.14162927406903,285.7213292613481,281.0694481878223,285.50811767578125,22507600
2021-08-17 00:00:00-04:00,283.3663559759671,284.37423849294635,282.09675761906914,284.0350341796875,20075300
2021-08-18 00:00:00-04:00,283.5689963926592,286.26835757863444,281.8503186519867,282.2969970703125,21813000
2021-08-19 00:00:00-04:00,280.3161580595009,288.84148108685145,280.2676202301463,288.1617736816406,29850500
2021-08-20 00:00:00-04:00,291.02622103620047,296.9686974957663,289.4143680042962,295.5316162109375,40817600
2021-08-23 00:00:00-04:00,294.4537863785516,296.5414165302766,293.09440137038445,295.81317138671875,22830200
2021-08-24 00:00:00-04:00,296.17248095115406,296.7842117093817,293.2400907116923,293.84210205078125,18175800
2021-08-25 00:00:00-04:00,295.47330963483773,295.7549060463655,291.705879753197,293.249755859375,20006100
2021-08-26 00:00:00-04:00,292.25943319353655,293.6576667261367,290.2786270493372,290.41455078125,17666100
2021-08-27 00:00:00-04:00,290.31734813239905,292.1428207230575,288.2199985366875,291.02618408203125,22605700
2021-08-30 00:00:00-04:00,292.3855499647393,295.39563565870895,292.3272927269257,294.7839050292969,16348100
2021-08-31 00:00:00-04:00,295.5898670496247,295.6675334947297,292.7545528691658,293.12353515625,26285300
2021-09-01 00:00:00-04:00,294.0847926955181,296.337504697349,292.74481694214677,293.074951171875,18983800
2021-09-02 00:00:00-04:00,293.4343256300039,294.5606523132115,291.47289927339045,292.4147644042969,16285600
2021-09-03 00:00:00-04:00,292.2593565497962,293.8226716672976,291.55055018077155,292.405029296875,14747900
2021-09-07 00:00:00-04:00,292.27878060336405,292.35644704982093,289.5502910738507,291.47283935546875,17180400
2021-09-08 00:00:00-04:00,291.08443302777687,291.89034460223945,288.8414403919211,291.501953125,15046800
2021-09-09 00:00:00-04:00,292.09426140075874,293.37597988697536,288.3850592508148,288.6278076171875,19927000
2021-09-10 00:00:00-04:00,289.76395209596836,291.22044264146325,286.81212296003343,287.1325378417969,19633400
2021-09-13 00:00:00-04:00,288.9191813810018,289.88048535323895,285.549831849137,288.37542724609375,23652900
2021-09-14 00:00:00-04:00,290.87086854644076,292.64780360023934,289.4532260505468,291.0942077636719,21853400
2021-09-15 00:00:00-04:00,294.4635238634247,296.4637682765353,293.0652907314132,295.978271484375,28356300
2021-09-16 00:00:00-04:00,294.9489959662169,296.45402404298306,292.0360154570927,296.36663818359375,19550800
2021-09-17 00:00:00-04:00,295.3471347187819,295.66754956676783,290.84171021613025,291.1718444824219,41372500
2021-09-20 00:00:00-04:00,287.7344822603083,290.05517087983486,281.12201909253474,285.76336669921875,38278700
2021-09-21 00:00:00-04:00,287.1130692848338,288.9094131794208,285.54006456204365,286.2488708496094,22364100
2021-09-22 00:00:00-04:00,288.1229360686381,291.51169418527275,285.96732913269386,289.91925048828125,26626300
2021-09-23 00:00:00-04:00,290.1814524287198,292.17197751848266,288.8997337245694,290.870849609375,18604600
2021-09-24 00:00:00-04:00,289.5793926915509,291.1038299160382,288.31708340345807,290.6669006347656,14999000
2021-09-27 00:00:00-04:00,287.5500349313378,287.87044975435487,284.4428438176853,285.6371765136719,23571700
2021-09-28 00:00:00-04:00,281.3939822590245,282.3455668198129,274.54848804403434,275.296142578125,43186200
2021-09-29 00:00:00-04:00,276.8303060131279,278.45184887583616,274.80093276374777,275.76220703125,26353700
2021-09-30 00:00:00-04:00,277.42253659950734,279.48103801905324,273.45117685474776,273.74249267578125,32343600
2021-10-01 00:00:00-04:00,273.9367475024316,281.56877366071757,273.1308357414354,280.71429443359375,30086300
2021-10-04 00:00:00-04:00,279.0635195347015,279.4033731783341,272.1209220963619,274.89794921875,31350700
2021-10-05 00:00:00-04:00,275.81072351011215,281.9765388699804,275.81072351011215,280.3841247558594,24993000
2021-10-06 00:00:00-04:00,277.4905403494736,285.11284577573076,277.22838275407764,284.60791015625,28002600
2021-10-07 00:00:00-04:00,286.61790021974554,288.0355722925851,285.39446836339914,286.2974853515625,20430500
2021-10-08 00:00:00-04:00,287.62774191888644,288.0355722925851,285.2391058225794,286.2974853515625,17685700
2021-10-11 00:00:00-04:00,284.42349619082785,289.3270026702563,284.2584142186207,285.69549560546875,19298600
2021-10-12 00:00:00-04:00,286.7732490189577,286.87035430636377,283.86998760946784,284.3846130371094,17974100
2021-10-13 00:00:00-04:00,286.3557636342251,288.65701402642674,284.9769395034044,287.71514892578125,23416300
2021-10-14 00:00:00-04:00,290.531027152516,294.473259346029,289.1910510570346,293.9683532714844,27262900
2021-10-15 00:00:00-04:00,293.57017218327735,295.6189838837339,291.8029568957948,295.38592529296875,25384800
2021-10-18 00:00:00-04:00,294.76455037450006,299.2699455159141,293.9100712186177,298.37664794921875,22729300
2021-10-19 00:00:00-04:00,299.4058516370183,300.3282776825518,298.3086242408921,299.2893371582031,17682100
2021-10-20 00:00:00-04:00,300.2409407945405,300.7167478371361,297.2308545272487,298.4931640625,16537100
2021-10-21 00:00:00-04:00,298.26010831483455,301.99840985819577,297.47357626035097,301.7459716796875,16918100
2021-10-22 00:00:00-04:00,301.39643602561927,302.06642404358996,298.87184650031855,300.1924133300781,17449300
2021-10-25 00:00:00-04:00,300.38659453701393,300.42544258178543,297.57071875478204,299.1922912597656,17554500
2021-10-26 00:00:00-04:00,301.9790362502908,303.3384214837848,299.6486573311045,301.1148376464844,28107300
2021-10-27 00:00:00-04:00,306.83398322982805,316.64102469624345,306.83398322982805,313.7960205078125,52588700
2021-10-28 00:00:00-04:00,314.92233362468943,315.44667845305815,312.03848151721985,314.9417724609375,26297900
2021-10-29 00:00:00-04:00,314.728152606127,322.36986730991435,314.504813415939,322.0008850097656,34766000
2021-11-01 00:00:00-04:00,321.7484299201284,321.87466383121,316.9031812654862,319.816162109375,27073200
2021-11-02 00:00:00-04:00,320.7288929925852,323.7778271139183,320.4278873477877,323.46710205078125,26487100
2021-11-03 00:00:00-04:00,324.2147538453636,325.18574743557576,321.05902467717414,324.3118591308594,21500100
2021-11-04 00:00:00-04:00,323.2341060543829,326.77822712235803,319.95214261697197,326.6811218261719,23992200
2021-11-05 00:00:00-04:00,328.69111089850526,328.96298796908593,324.71974993106187,326.3121643066406,22570100
2021-11-08 00:00:00-05:00,327.51612404867024,327.8559777295639,324.7390966218129,327.2151184082031,20897000
2021-11-09 00:00:00-05:00,327.331648801366,328.89496395648536,324.8264982710298,326.205322265625,21307400
2021-11-10 00:00:00-05:00,324.86537721675717,324.923634469583,320.35026232849066,321.2047119140625,25500900
2021-11-11 00:00:00-05:00,321.6416491463469,324.0885424963487,320.9231233219346,322.78741455078125,16849800
2021-11-12 00:00:00-05:00,324.2342021332131,327.44818863991225,324.1079682216262,326.9529724121094,23831000
2021-11-15 00:00:00-05:00,327.74910825599943,328.07924244374897,324.34091206730864,326.3217468261719,16723000
2021-11-16 00:00:00-05:00,325.94315641160364,330.78843509945784,325.77810407759137,329.6620788574219,20886800
2021-11-17 00:00:00-05:00,329.7106507204873,332.872153072299,328.79624458842125,329.8857421875,19053400
2021-11-18 00:00:00-05:00,328.9714081488524,333.12515576385437,327.94027414614027,331.9772644042969,22463500
2021-11-19 00:00:00-05:00,333.30994693317655,335.7029529636877,332.8819257327162,333.7671203613281,21963400
2021-11-22 00:00:00-05:00,335.2359926275546,340.14849893917426,330.3040416031067,330.576416015625,31031100
2021-11-23 00:00:00-05:00,327.87216592713355,330.20683802746316,324.4772076163446,328.4850158691406,30427600
2021-11-24 00:00:00-05:00,327.12312025923825,328.9519327535902,324.8176599269324,328.708740234375,21661300
2021-11-26 00:00:00-05:00,325.24569992527694,328.72820393952577,319.1853313091534,320.7028503417969,24217200
2021-11-29 00:00:00-05:00,325.8196087405112,329.7982347536724,325.6250428524022,327.4635925292969,28563500
2021-11-30 00:00:00-05:00,326.18928713277177,328.5822933404473,320.0316355850728,321.58807373046875,42885600
2021-12-01 00:00:00-05:00,326.00445640096814,330.0414464781885,320.4207653890021,321.0919494628906,33337600
2021-12-02 00:00:00-05:00,321.3059467639453,324.40908570580257,318.87402155475235,320.51800537109375,30766000
2021-12-03 00:00:00-05:00,322.9498712511202,323.64055925798726,309.3700116899887,314.21441650390625,41779300
2021-12-06 00:00:00-05:00,315.1287750169113,318.53346917032377,310.5373005711319,317.3077697753906,30032600
2021-12-07 00:00:00-05:00,322.6094861976196,326.65618363904804,321.1114119500236,325.8001708984375,31021900
2021-12-08 00:00:00-05:00,326.17952365557323,326.36435234032024,321.7923212227663,325.8487854003906,24761000
2021-12-09 00:00:00-05:00,325.30398929361286,327.3273376451138,323.0763378865926,324.0296630859375,22214200
2021-12-10 00:00:00-05:00,325.8585672950333,333.66017349243623,325.6737385849354,333.21270751953125,38095700
2021-12-13 00:00:00-05:00,331.4033171728672,334.4286476814138,329.8468790444135,330.1581726074219,28899400
2021-12-14 00:00:00-05:00,324.14644522036787,325.5277917874379,315.2844944098965,319.3993225097656,44438700
2021-12-15 00:00:00-05:00,319.6619364552254,326.06277969983233,315.6638659922189,325.5374755859375,35381100
2021-12-16 00:00:00-05:00,326.568557155854,327.5899833075639,314.2241054175183,316.05291748046875,35034800
2021-12-17 00:00:00-05:00,312.14243841653024,316.0724374792518,308.6112786111731,314.98291015625,47750300
2021-12-20 00:00:00-05:00,311.3350859631481,314.01020397300255,308.9226349027698,311.19891357421875,28326500
2021-12-21 00:00:00-05:00,314.4868493443761,318.80595090017056,311.09186155812125,318.3779296875,24740600
2021-12-22 00:00:00-05:00,319.3603266414995,324.52573211768697,316.8797754237886,324.1269226074219,24831500
2021-12-23 00:00:00-05:00,323.6892397112023,327.2301370037353,323.66979499703837,325.576416015625,19617800
2021-12-27 00:00:00-05:00,326.3254689944231,333.15433450517634,326.2962870771374,333.1251525878906,19947000
2021-12-28 00:00:00-05:00,333.80605142857513,334.44808325225506,331.0531251278716,331.9577941894531,15661500
2021-12-29 00:00:00-05:00,332.0064086237529,334.9247187951422,330.4305258810565,332.63873291015625,15042000
2021-12-30 00:00:00-05:00,332.59979299362385,333.78657357656004,329.59393726748044,330.080322265625,15994500
2021-12-31 00:00:00-05:00,329.29238652517614,330.1192172867695,326.7048147287966,327.1620178222656,18000800
2022-01-03 00:00:00-05:00,326.21846414915797,328.79629901774877,320.80012748139205,325.6347961425781,28865100
2022-01-04 00:00:00-05:00,325.7125545466594,326.07250437069126,317.23973645782684,320.0510559082031,32674300
2022-01-05 00:00:00-05:00,316.9868563666347,317.1911594657353,307.3759125385984,307.7650146484375,40054300
2022-01-06 00:00:00-05:00,304.6229360221158,310.02182762578025,303.00813417247446,305.33306884765625,39646100
2022-01-07 00:00:00-05:00,305.5956989498197,307.8817144573573,301.6462550034294,305.48870849609375,32720000
2022-01-10 00:00:00-05:00,301.0626232641906,306.15022181964656,296.393338433709,305.71246337890625,44289500
2022-01-11 00:00:00-05:00,304.8466991075708,307.9887275354808,301.4517409536046,306.40313720703125,29386800
2022-01-12 00:00:00-05:00,310.9654787589013,314.6036299927797,308.4459776881782,309.60357666015625,34372200
2022-01-13 00:00:00-05:00,311.7435931335858,312.1424323832411,295.72207055768473,296.5002746582031,45366000
2022-01-14 00:00:00-05:00,295.96527201569677,302.35637803001896,295.47888701649265,301.7532653808594,39846400
2022-01-18 00:00:00-05:00,295.7901905004896,301.3641437796384,293.5236197033921,294.4088439941406,42333200
2022-01-19 00:00:00-05:00,297.9497639039901,305.3622673575025,294.4575227878917,295.0703430175781,45933900
2022-01-20 00:00:00-05:00,300.6540758605654,303.1638097727385,292.9400157349673,293.3874816894531,35380700
2022-01-21 00:00:00-05:00,294.4477370908548,295.8290537885681,287.56050925427434,287.9690856933594,57984400
2022-01-24 00:00:00-05:00,284.2434310873334,289.01970608679983,268.5331704445488,288.29986572265625,85731500
2022-01-25 00:00:00-05:00,283.5819837528279,286.9574978406306,277.40491617151116,280.6344909667969,72848600
2022-01-26 00:00:00-05:00,299.60346104770645,300.09958331074847,285.05082830215923,288.630615234375,90428900
2022-01-27 00:00:00-05:00,294.4185725358936,298.932209910728,289.8173597366347,291.67535400390625,53481300
2022-01-28 00:00:00-05:00,292.0547469763375,300.0800994540567,286.432137579411,299.8660888671875,49743700
2022-01-31 00:00:00-05:00,300.5373020221314,303.87389598233557,298.02753880893874,302.51202392578125,46444500
2022-02-01 00:00:00-05:00,301.9576039691338,302.1716146024577,296.82137845595116,300.3525390625,40950400
2022-02-02 00:00:00-05:00,301.19883332986984,306.53933207840674,300.4692557003281,304.9245300292969,36636000
2022-02-03 00:00:00-05:00,301.06251925925005,302.7551589169969,291.79202414934383,293.0469055175781,43730000
2022-02-04 00:00:00-05:00,292.0353001493062,300.3913916526521,291.8018448276198,297.6092834472656,35096500
2022-02-07 00:00:00-05:00,297.8330493495718,299.45755887264727,291.733761520673,292.75518798828125,28533300
2022-02-08 00:00:00-05:00,293.04694900870976,297.23958514076253,291.78235994156273,296.2668151855469,32421200
2022-02-09 00:00:00-05:00,301.4322400322935,303.436143889823,299.0197893926343,302.7357482910156,31284700
2022-02-10 00:00:00-05:00,295.76104223219227,300.70270149055546,292.5119935208932,294.146240234375,45386200
2022-02-11 00:00:00-05:00,294.93411130749297,296.00416414551785,286.2083640297064,287.00604248046875,39175600
2022-02-14 00:00:00-05:00,285.7706756345391,288.6792785633671,283.4165885013323,286.9671936035156,36359500
2022-02-15 00:00:00-05:00,291.84077258338215,292.60923960221265,288.9321697438567,292.2882385253906,27058300
2022-02-16 00:00:00-05:00,290.8455441746245,293.2824978641233,286.27381667328723,291.9470520019531,29982100
2022-02-17 00:00:00-05:00,288.88621849493984,289.31512471612086,282.6866227036371,283.3982238769531,32461600
2022-02-18 00:00:00-05:00,285.65966857933506,286.44923910919783,279.0896516648839,280.6687927246094,34264000
2022-02-22 00:00:00-05:00,277.81276513418686,284.1878453372253,277.325374318162,280.46417236328125,41736100
2022-02-23 00:00:00-05:00,282.86208392715645,284.34377082174444,273.03629965616943,273.2019958496094,37811200
2022-02-24 00:00:00-05:00,265.6376972494891,287.71649070941305,264.67264340429557,287.1608581542969,56989700
2022-02-25 00:00:00-05:00,287.6969665839002,290.1241624966826,284.2949596251088,289.8122253417969,32546700
2022-02-28 00:00:00-05:00,286.8879425112131,291.59615384176226,285.6109811188131,291.2549743652344,34627500
2022-03-01 00:00:00-05:00,288.9252256042664,292.40520263800084,284.7824043016217,287.5118103027344,31217800
2022-03-02 00:00:00-05:00,287.9114181165959,293.86734790006096,286.2933071815327,292.61962890625,31873000
2022-03-03 00:00:00-05:00,295.25156424335825,295.4855022692935,286.63447014714023,288.45733642578125,27314500
2022-03-04 00:00:00-05:00,286.86850683524466,288.203952967386,279.92806608416146,282.5502014160156,32356500
2022-03-07 00:00:00-05:00,281.25367397398566,282.384423958985,271.5058600494751,271.87628173828125,43157200
2022-03-08 00:00:00-05:00,270.7942383391963,276.79889483000477,263.1909559552312,268.8934326171875,48159500
2022-03-09 00:00:00-05:00,276.2920648815301,282.29672236396794,273.6991425767522,281.2244567871094,35204500
2022-03-10 00:00:00-05:00,275.8826825228667,279.3724173704505,273.5042129976453,278.38787841796875,30628000
2022-03-11 00:00:00-05:00,280.69809115784795,282.20902043254233,272.38320559743175,273.007080078125,27209300
2022-03-14 00:00:00-04:00,273.2702392726219,278.2026312310251,268.8642376481267,269.4685974121094,30660700
2022-03-15 00:00:00-04:00,273.2800058454423,280.5616250101141,271.70086453830385,279.90850830078125,34245100
2022-03-16 00:00:00-04:00,281.8190974334026,287.14142645095416,276.0581642874162,286.9659729003906,37826300
2022-03-17 00:00:00-04:00,285.8936727522642,288.155143210263,282.0725162060414,287.7749938964844,30816600
2022-03-18 00:00:00-04:00,287.921155021076,293.4091786369837,285.347747793667,292.8535461425781,43390600
2022-03-21 00:00:00-04:00,291.3524508132056,292.57092766310933,287.4630524796933,291.6156311035156,28351200
2022-03-22 00:00:00-04:00,292.2394505433956,297.3083257004259,291.23542689570303,296.39202880859375,27599700
2022-03-23 00:00:00-04:00,292.93158249273176,295.5829892215264,290.2119339230564,291.9372863769531,25715400
2022-03-24 00:00:00-04:00,291.5962129088187,296.52860594606534,290.79688477285976,296.4311218261719,24484500
2022-03-25 00:00:00-04:00,297.5325354540523,297.7957157210351,291.742331596693,296.0216064453125,22566500
2022-03-28 00:00:00-04:00,296.65518109481707,302.9620173202891,296.65518109481707,302.86456298828125,29578200
2022-03-29 00:00:00-04:00,305.9936080477829,307.8554439406665,301.2561553587359,307.4557800292969,30393400
2022-03-30 00:00:00-04:00,305.84746141716585,307.9822353410379,303.72241507994283,305.9449157714844,28163600
2022-03-31 00:00:00-04:00,305.98390660172134,307.1926558891614,300.12549002106,300.5348815917969,33422100
2022-04-01 00:00:00-04:00,301.56812540407276,302.3089688081705,297.83472562662047,301.61688232421875,27110500
2022-04-04 00:00:00-04:00,302.26994819237575,307.1633399077133,301.8995265160975,307.0268859863281,24289600
2022-04-05 00:00:00-04:00,305.3698125875941,306.92946905359616,302.0555611898227,303.04010009765625,23156700
2022-04-06 00:00:00-04:00,297.4935609790899,299.25791307044943,289.2274033550409,291.9470520019531,40110400
2022-04-07 00:00:00-04:00,289.1786849009009,295.99239810286326,288.87650501412816,293.7698974609375,31411200
2022-04-08 00:00:00-04:00,292.8633584995333,293.52620278513484,288.80826385848826,289.4808654785156,24361900
2022-04-11 00:00:00-04:00,284.4315149162905,285.2308131735271,277.8127399062841,278.0661926269531,34569300
2022-04-12 00:00:00-04:00,281.945792962261,283.4079652196335,273.4164547942549,274.9468688964844,30966700
2022-04-13 00:00:00-04:00,275.6000023217637,281.3024506732569,274.2060420766694,280.3666687011719,21907200
2022-04-14 00:00:00-04:00,280.82483816317216,281.0392913131774,272.2760139180962,272.77313232421875,28221600
2022-04-18 00:00:00-04:00,271.87629487230055,275.3367570834857,271.32066231224934,273.4456787109375,20778000
2022-04-19 00:00:00-04:00,272.3344435881337,278.953217898112,271.3889044009939,278.1051330566406,22297700
2022-04-20 00:00:00-04:00,282.1017411061781,282.3941933852175,278.17337311629467,279.1383972167969,22906700
2022-04-21 00:00:00-04:00,281.3023724572072,285.90334135028814,272.9972465497491,273.72833251953125,29454600
2022-04-22 00:00:00-04:00,274.5764576123665,276.0581445949156,266.4857827129163,267.119384765625,29405800
2022-04-25 00:00:00-04:00,266.3980066233075,274.02077426205614,263.941538553541,273.640625,35678900
2022-04-26 00:00:00-04:00,270.5018332908129,271.340130999645,263.1909729316017,263.4054260253906,46518400
2022-04-27 00:00:00-04:00,274.9858253291065,283.6321311610529,272.1199657745944,276.07757568359375,63477700
2022-04-28 00:00:00-04:00,277.99795625122795,283.6419498287943,274.36201031302176,282.32598876953125,33646600
2022-04-29 00:00:00-04:00,281.3316542777626,282.5696457327582,269.52706543762076,270.5213317871094,37073900
2022-05-02 00:00:00-04:00,270.70657918377503,277.7542605844876,269.2541641761208,277.2961120605469,35151100
2022-05-03 00:00:00-04:00,276.7989361292909,276.96466206724233,273.0850211320763,274.6739196777344,25978600
2022-05-04 00:00:00-04:00,275.46352508638273,283.54447277162893,269.75131926588415,282.66717529296875,33599300
2022-05-05 00:00:00-04:00,278.3391774656931,279.1287482699986,267.4216104277263,270.355712890625,43260400
2022-05-06 00:00:00-04:00,267.8797272508487,272.2077599045494,264.4289920814444,267.8017578125,37780300
2022-05-09 00:00:00-04:00,263.2494666744855,265.4914520308154,256.67944945375484,257.90765380859375,47726000
2022-05-10 00:00:00-04:00,264.83835637264633,266.84640364213425,258.38530837575144,262.7035827636719,39336400
2022-05-11 00:00:00-04:00,258.97995851869297,264.51671065702743,252.7608473870686,253.9793243408203,48975900
2022-05-12 00:00:00-04:00,251.1914465609955,253.32622042112627,243.71487425735856,248.91046142578125,51033800
2022-05-13 00:00:00-04:00,250.85998193534874,256.4064900985897,248.910419269829,254.53489685058594,34925100
2022-05-16 00:00:00-04:00,253.40414762788097,259.1163817224187,249.32956878531252,254.9053192138672,32550900
2022-05-17 00:00:00-04:00,259.39907029430674,261.56308624410974,255.84112404859522,260.0911865234375,28828800
2022-05-18 00:00:00-04:00,256.96461327816115,257.5508502985202,246.96937793228923,248.2493133544922,31356000
2022-05-19 00:00:00-04:00,248.0734561306582,251.75696064928601,246.09982214872184,247.33090209960938,32692300
2022-05-20 00:00:00-04:00,251.3368168478214,252.60700218610816,240.78466843805458,246.76422119140625,39199300
2022-05-23 00:00:00-04:00,249.62697256957765,255.49904858681893,247.61423331558927,254.66854858398438,33175400
2022-05-24 00:00:00-04:00,251.97190512383696,255.33293591210185,247.68263337364417,253.6621856689453,29043900
2022-05-25 00:00:00-04:00,252.2162040206806,258.50839113022187,251.229372012258,256.49566650390625,28547900
2022-05-26 00:00:00-04:00,256.2513624145197,260.98028950347117,255.4306424883963,259.7980651855469,25002100
2022-05-27 00:00:00-04:00,262.31888853076333,267.0673461571398,261.4199877190789,266.9696350097656,26910800
2022-05-31 00:00:00-04:00,266.2759307760197,268.4645173068934,262.75853826764757,265.6310729980469,37827700
2022-06-01 00:00:00-04:00,268.8846597665916,271.31750913902687,263.843069041527,266.16845703125,25292200
2022-06-02 00:00:00-04:00,258.3813893513853,268.34730093627996,255.59678544631987,268.2789001464844,44008200
2022-06-03 00:00:00-04:00,264.1068702171186,267.17482718772595,262.25047775674227,263.8235168457031,28059000
2022-06-06 00:00:00-04:00,265.8167420959057,267.8880873887345,261.08781439672373,262.58270263671875,22400300
2022-06-07 00:00:00-04:00,260.52110337657393,266.8621599467659,259.8371551972532,266.2466125488281,22860700
2022-06-08 00:00:00-04:00,265.4747759645389,266.7351813240234,263.4229609139792,264.2046203613281,17372300
2022-06-09 00:00:00-04:00,261.6349374373484,266.4517957956073,258.55723014109145,258.71356201171875,26439700
2022-06-10 00:00:00-04:00,254.60016185798392,254.60016185798392,246.73490627176395,247.18435668945312,31422800
2022-06-13 00:00:00-04:00,239.4851805295695,243.30545685676884,235.98733310322459,236.70057678222656,46135800
2022-06-14 00:00:00-04:00,238.2638775793901,240.10073992715505,235.9677996446839,238.87942504882812,28651500
2022-06-15 00:00:00-04:00,242.6117183795011,249.4413154994419,240.7650911628478,245.9825439453125,33111700
2022-06-16 00:00:00-04:00,240.33520565588944,241.74216268049113,237.44314057965514,239.348388671875,33169200
2022-06-17 00:00:00-04:00,239.08458840742492,244.75149220671116,238.42996544684556,241.96688842773438,43084800
2022-06-21 00:00:00-04:00,244.51696346314722,248.90393114963194,243.78417465701486,247.9171142578125,29928300
2022-06-22 00:00:00-04:00,246.1096020126648,251.26844975050005,244.62447895315725,247.32115173339844,25939900
2022-06-23 00:00:00-04:00,249.70509252484308,253.41787679624932,247.80960997506477,252.91957092285156,25861400
2022-06-24 00:00:00-04:00,255.80194348120352,261.8303665392892,255.7140123924243,261.5567932128906,33923200
2022-06-27 00:00:00-04:00,262.0550687832511,262.1429998718292,257.238210310739,258.811279296875,24615100
2022-06-28 00:00:00-04:00,257.9221576614475,260.78491242096936,250.4379369250215,250.59426879882812,27295500
2022-06-29 00:00:00-04:00,251.6788251372496,255.95831773662704,249.89081815954574,254.28756713867188,20069800
2022-06-30 00:00:00-04:00,251.15118613733407,253.57428565271542,247.09642660004045,250.9362335205078,31730900
2022-07-01 00:00:00-04:00,250.50632484705463,253.8087348784013,248.76715893036126,253.6230926513672,22837700
2022-07-05 00:00:00-04:00,250.2816054554039,256.9451062280484,248.89419361754275,256.8180847167969,22941000
2022-07-06 00:00:00-04:00,257.6974130616981,261.8401031652253,256.3783871640925,260.1009521484375,23824400
2022-07-07 00:00:00-04:00,259.0359333440472,262.88551929978155,258.9382222138368,262.24066162109375,20859900
2022-07-08 00:00:00-04:00,258.7135963635859,261.94763595988434,257.248018426269,261.5177307128906,19658800
2022-07-11 00:00:00-04:00,259.55385672925706,260.4136672563507,256.1634851110304,258.4400329589844,19455200
2022-07-12 00:00:00-04:00,259.77856519931385,259.8371859282168,246.25615550734784,247.8487548828125,35868500
2022-07-13 00:00:00-04:00,244.44857725784024,247.73147170114746,242.41630784925707,246.92051696777344,29497400
2022-07-14 00:00:00-04:00,244.81986703868395,249.28498583631665,240.29611261211394,248.2493133544922,25102800
2022-07-15 00:00:00-04:00,249.85172916495353,254.39501482934074,248.92353278185212,250.8287811279297,29774100
2022-07-18 00:00:00-04:00,253.789205440495,254.85418832606308,247.48722430252386,248.41542053222656,20975000
2022-07-19 00:00:00-04:00,251.66904693123348,253.75995257246058,247.85855000549319,253.57431030273438,25012600
2022-07-20 00:00:00-04:00,253.93573497770862,258.79168319801533,252.9684633205692,256.2513427734375,22788300
2022-07-21 00:00:00-04:00,253.82832050457455,258.8112911394695,251.1316477290945,258.7624206542969,22404700
2022-07-22 00:00:00-04:00,259.1532259806783,259.2411570700672,253.12483269805247,254.3852081298828,21881300
2022-07-25 00:00:00-04:00,255.0105047067439,255.49903057782961,250.91665552166535,252.89028930664062,21056000
2022-07-26 00:00:00-04:00,253.89667859982464,253.91623871980474,243.8428365645717,246.11935424804688,39348000
2022-07-27 00:00:00-04:00,255.16683688127296,263.8528113750205,252.909849739427,262.5728759765625,45994000
2022-07-28 00:00:00-04:00,263.5597854594744,271.4641328151088,261.72292286975494,270.06695556640625,33459300
2022-07-29 00:00:00-04:00,271.3272696451067,275.52858003793335,270.28181716754574,274.2974853515625,32152800
2022-08-01 00:00:00-04:00,271.4445457557554,274.8251367286238,269.5099724039233,271.63018798828125,21539600
2022-08-02 00:00:00-04:00,269.66631124641907,271.5129535596286,266.12938831170163,268.5133972167969,22754200
2022-08-03 00:00:00-04:00,270.4088660501321,276.99418564890556,270.26228442614376,275.9878234863281,23518900
2022-08-04 00:00:00-04:00,275.33322553041455,277.2873294158462,273.74065591028534,277.1407775878906,18098700
2022-08-05 00:00:00-04:00,272.7440003491173,277.1407333901582,272.2847848165851,276.417724609375,16774600
2022-08-08 00:00:00-04:00,277.53152983782763,279.3586416053195,272.9100942736339,273.88714599609375,18739200
2022-08-09 00:00:00-04:00,273.2227847117655,276.5838155339825,271.23934089655916,275.82171630859375,23405200
2022-08-10 00:00:00-04:00,281.5570506992945,283.15940026226946,280.35526616412074,282.5243225097656,24687800
2022-08-11 00:00:00-04:00,284.17553591957807,284.52726027253226,279.9351344778462,280.43341064453125,20065900
2022-08-12 00:00:00-04:00,281.85990127405483,285.211181640625,280.35523322114955,285.211181640625,22619700
2022-08-15 00:00:00-04:00,284.32206303277985,287.4290804829766,283.4524726514288,286.7353820800781,18085700
2022-08-16 00:00:00-04:00,285.28931942726337,287.29229332427917,283.7553709027829,285.9927978515625,18102900
2022-08-17 00:00:00-04:00,283.6918866931279,287.22654620657715,283.4275334962736,285.2389221191406,18253400
2022-08-18 00:00:00-04:00,284.132517315576,285.8166148810079,283.0456721434277,284.1129455566406,17186200
2022-08-19 00:00:00-04:00,282.8693837672335,283.21208370807085,279.5991078037717,280.1767883300781,20570000
2022-08-22 00:00:00-04:00,276.1917493413098,276.5638218680338,271.4332130398437,271.9521484375,25061100
2022-08-23 00:00:00-04:00,270.6695556640625,273.0390235168399,269.65125640109494,270.6695556640625,17527400
2022-08-24 00:00:00-04:00,269.6610085134701,271.4430244316459,269.3672528796194,270.0330810546875,18137000
2022-08-25 00:00:00-04:00,271.54091514615766,273.195639956881,268.78957434075147,273.0292053222656,16583400
2022-08-26 00:00:00-04:00,273.2543867966453,274.48809473855994,262.3861154474646,262.4938049316406,27549300
2022-08-29 00:00:00-04:00,260.3005650968234,261.8181979316552,258.342313758695,259.6935119628906,20338500
2022-08-30 00:00:00-04:00,261.10349030382076,261.47553300826064,255.2189346824592,257.480712890625,22767100
2022-08-31 00:00:00-04:00,259.8502411813964,261.5343090715317,255.8749624724591,256.0120544433594,24791800
2022-09-01 00:00:00-04:00,253.46624866420672,255.4441015728939,250.07848232948007,254.9643096923828,23263400
2022-09-02 00:00:00-04:00,256.23721883460826,259.21373957862966,249.15812895739882,250.71493530273438,22855400
2022-09-06 00:00:00-04:00,250.85200996486964,252.44795971595647,246.6809250263043,247.9635772705078,21328200
2022-09-07 00:00:00-04:00,249.38329462378468,253.4270733106384,247.93419287668956,252.70252990722656,24126700
2022-09-08 00:00:00-04:00,252.13466903377497,254.99369934994252,249.47143098936897,253.12356567382812,20319900
2022-09-09 00:00:00-04:00,255.06227583640336,259.6935517170331,254.85666778097755,258.9396057128906,22084700
2022-09-12 00:00:00-04:00,260.23205814335745,261.8672114032807,259.62500491841365,261.0838928222656,18747700
2022-09-13 00:00:00-04:00,253.43690662678696,254.96434041286705,246.3382449089679,246.7299041748047,33353300
2022-09-14 00:00:00-04:00,248.23774570259533,248.92313072711704,244.64435605806372,246.95509338378906,23913000
2022-09-15 00:00:00-04:00,244.55623484084325,246.15219960227225,238.92626196066945,240.25787353515625,31530900
2022-09-16 00:00:00-04:00,239.16124972888457,240.17954887293567,237.00717607223177,239.63124084472656,39791800
2022-09-19 00:00:00-04:00,237.40863687528983,240.02290100098614,235.82245784044076,239.4158477783203,26826900
2022-09-20 00:00:00-04:00,237.01696522076853,238.4268936780499,234.63768200232818,237.38902282714844,26660300
2022-09-21 00:00:00-04:00,239.17105337813675,242.4902891041455,233.91313789195507,233.96209716796875,28625600
2022-09-22 00:00:00-04:00,232.90462550627097,238.76959382847815,232.61089974845348,235.94970703125,31061200
2022-09-23 00:00:00-04:00,234.53977696593785,236.09659827223658,230.29037477151613,232.95359802246094,34176000
2022-09-26 00:00:00-04:00,232.10176387611173,236.40991123435145,231.95488604827668,232.493408203125,27694200
2022-09-27 00:00:00-04:00,234.97059942345413,236.7526155062125,229.6049943569396,231.47512817382812,27018700
2022-09-28 00:00:00-04:00,231.86677170466896,237.27155015003342,229.83018830583202,236.03785705566406,29029700
2022-09-29 00:00:00-04:00,233.9033272029391,234.94119800713992,229.51684845035993,232.54234313964844,27484200
2022-09-30 00:00:00-04:00,233.31586292569597,235.5188958115648,227.87192627372596,228.0383758544922,35694800
2022-10-03 00:00:00-04:00,230.49599493124364,236.56657155468633,229.76165062340124,235.71473693847656,28880400
2022-10-04 00:00:00-04:00,239.97391960048338,245.13391633829488,239.86621517346092,243.684814453125,34888400
2022-10-05 00:00:00-04:00,240.85512295414316,245.34930608205255,239.00457608145862,243.99810791015625,20347100
2022-10-06 00:00:00-04:00,242.75464577699583,245.11434247606232,240.94327206074857,241.63844299316406,20239900
2022-10-07 00:00:00-04:00,235.8713841468346,236.28263010395378,228.30274638054547,229.3504180908203,37769600
2022-10-10 00:00:00-04:00,228.18528080251446,229.66375544761493,221.997198300621,224.464599609375,29743600
2022-10-11 00:00:00-04:00,222.86858659888884,224.27852999445886,219.43186077739125,220.70472717285156,30474000
2022-10-12 00:00:00-04:00,220.69492820055035,223.10358401151333,219.28499973345657,221.03762817382812,21903900
2022-10-13 00:00:00-04:00,215.26079932824376,231.17159255986616,214.55582760214386,229.3504180908203,42551800
2022-10-14 00:00:00-04:00,230.62326425216398,232.2877899192671,223.57356209482342,223.78897094726562,30198600
2022-10-17 00:00:00-04:00,230.89743494920083,233.9718891188807,230.2316216892533,232.5717315673828,28142300
2022-10-18 00:00:00-04:00,238.16254566937874,238.83812986679797,230.45681608847852,233.521484375,26329600
2022-10-19 00:00:00-04:00,232.0919634303183,234.60832380326266,229.3993675920163,231.5436553955078,19985700
2022-10-20 00:00:00-04:00,230.848477660121,236.27282763329708,229.9672555385192,231.2205352783203,21811000
2022-10-21 00:00:00-04:00,229.83998021019283,237.92755339567935,229.60498465550126,237.06591796875,26299700
2022-10-24 00:00:00-04:00,238.67169753815492,242.6665325599833,236.26305645781395,242.08885192871094,24911200
2022-10-25 00:00:00-04:00,242.09859154464002,245.79968513373225,240.69844910179847,245.42762756347656,34775500
2022-10-26 00:00:00-04:00,226.34450095549056,233.32567243013398,225.2576707603945,226.4913787841797,82543200
2022-10-27 00:00:00-04:00,226.21719686136822,228.8118889501119,221.06700101900176,222.01675415039062,40424600
2022-10-28 00:00:00-04:00,221.5173953809148,231.6611378474482,221.33135911449682,230.9463653564453,40647700
2022-10-31 00:00:00-04:00,228.88043444903704,230.01622392707068,226.32491559359812,227.2844696044922,28357300
2022-11-01 00:00:00-04:00,229.70290606892462,230.81910882214837,222.58465770971134,223.40711975097656,30592300
2022-11-02 00:00:00-04:00,224.6701705686075,226.4717581175654,215.44679411239233,215.50555419921875,38407000
2022-11-03 00:00:00-04:00,215.49578557184125,215.80911298730175,209.5133265628878,209.77769470214844,36633900
2022-11-04 00:00:00-04:00,213.00880699714827,216.96446839951057,208.97479880274778,216.76864624023438,36789100
2022-11-07 00:00:00-05:00,217.35612373452656,223.64210905753552,216.66093790033182,223.11337280273438,33498000
2022-11-08 00:00:00-05:00,223.92604919971197,226.81446708596394,221.12574904260384,224.09249877929688,28192500
2022-11-09 00:00:00-05:00,222.62381708948223,223.85752509677178,219.64728138196077,219.82351684570312,27852900
2022-11-10 00:00:00-05:00,230.5155569432471,238.25065895632184,230.0945400625486,237.907958984375,46268000
2022-11-11 00:00:00-05:00,237.91777362051934,242.8134024168077,236.87988776587653,241.95176696777344,34620200
2022-11-14 00:00:00-05:00,236.9386301923904,238.81854971714387,234.21666197985724,236.5078125,31123300
2022-11-15 00:00:00-05:00,240.53201293680507,241.84403773398816,235.01953069663728,236.91903686523438,31390100
2022-11-16 00:00:00-05:00,238.39186999771098,239.38358350898213,236.06480717183115,237.35107421875,24093300
2022-11-17 00:00:00-05:00,233.47264075020115,238.84355351183237,233.3253639763413,237.30198669433594,23123500
2022-11-18 00:00:00-05:00,239.09882143559938,239.3246657828085,234.6999806378717,236.85031127929688,27613500
2022-11-21 00:00:00-05:00,237.05650427423635,240.23781728148245,236.8208614471362,237.665283203125,26394700
2022-11-22 00:00:00-05:00,239.17739163059406,240.86623522743278,236.34957268666008,240.59130859375,19665700
2022-11-23 00:00:00-05:00,240.66985070471313,243.78242458645812,239.84507083963527,243.09510803222656,19508500
2022-11-25 00:00:00-05:00,242.82998203144444,244.19480161069367,242.26048692164872,243.00672912597656,9200800
2022-11-28 00:00:00-05:00,241.62227427823314,242.1819409644526,236.43792242620464,237.38052368164062,24778200
2022-11-29 00:00:00-05:00,237.02703433595315,238.39185389431003,233.89483375358824,235.97642517089844,17956300
2022-11-30 00:00:00-05:00,236.21210017721677,250.70471852080405,235.51495518026599,250.51815795898438,47594200
2022-12-01 00:00:00-05:00,249.27114105088032,251.48038230881465,246.37458328695274,250.0762939453125,26041500
2022-12-02 00:00:00-05:00,245.2945303274655,251.42148344936865,245.16688047663357,250.40032958984375,21528500
2022-12-05 00:00:00-05:00,247.44485794412677,249.22208255520144,243.56641480678124,245.6676483154297,23435300
2022-12-06 00:00:00-05:00,246.2764137142749,247.29756756690452,239.3639346203721,240.67965698242188,22463700
2022-12-07 00:00:00-05:00,240.39489571817194,241.70080450831279,237.82236192628386,239.94322204589844,20481500
2022-12-08 00:00:00-05:00,240.40474204316993,244.2341028868354,238.65698778008183,242.91836547851562,22611800
2022-12-09 00:00:00-05:00,240.26726946853532,243.81187510910007,239.73705813217018,240.97422790527344,20609700
2022-12-12 00:00:00-05:00,242.96746996405648,247.96526162942584,242.692543329028,247.93580627441406,30665100
2022-12-13 00:00:00-05:00,256.9494801774457,259.139094447694,248.4856365310329,252.26589965820312,42196900
2022-12-14 00:00:00-05:00,252.47213503033785,257.8332195935308,249.70321169806795,252.5605010986328,35410900
2022-12-15 00:00:00-05:00,249.1239075638788,249.5952082523668,242.85947535894474,244.4992218017578,35560400
2022-12-16 00:00:00-05:00,244.0475695379908,245.31419485416703,239.09885973820553,240.2574920654297,86102000
2022-12-19 00:00:00-05:00,240.42435459914438,240.76802033194576,234.38576802042482,236.09423828125,29696400
2022-12-20 00:00:00-05:00,235.06329699213606,238.50972342913573,234.1010537480817,237.41983032226562,25150800
2022-12-21 00:00:00-05:00,237.3117960868346,241.1705970760226,235.76041593639175,240.0021514892578,23690600
2022-12-22 00:00:00-05:00,236.88957762417527,237.60636448544406,229.6334478309404,233.8751983642578,28651700
2022-12-23 00:00:00-05:00,231.83289185448697,234.54288934026997,229.70220298266847,234.40542602539062,21207000
2022-12-27 00:00:00-05:00,234.37596618226544,234.60179555616128,231.55796079001962,232.66749572753906,16688600
2022-12-28 00:00:00-05:00,232.5987742278732,235.37751101989465,229.9280454024101,230.28152465820312,17457100
2022-12-29 00:00:00-05:00,231.38121460067237,237.53763828702606,231.38121460067237,236.6441192626953,19770700
2022-12-30 00:00:00-05:00,233.89484197649975,235.61314079654275,232.37291716798632,235.47567749023438,21938500
2023-01-03 00:00:00-05:00,238.67664937100366,241.29828098195574,233.09953380406293,235.24005126953125,25740000
2023-01-04 00:00:00-05:00,228.07224672935166,228.65155528390636,221.86674131670614,224.94985961914062,50623400
2023-01-05 00:00:00-05:00,223.0842848228225,223.42795059014287,217.74282764687024,218.28286743164062,39585600
2023-01-06 00:00:00-05:00,218.96037666884743,221.67037414337992,215.376502057129,220.85540771484375,43613600
2023-01-09 00:00:00-05:00,222.34787609092098,227.05111407181693,222.30860727948638,223.0057373046875,27369800
2023-01-10 00:00:00-05:00,223.63414061358225,227.11983564696362,223.21193722037137,224.70440673828125,27033900
2023-01-11 00:00:00-05:00,227.100182955992,231.67577081089505,226.92345084138603,231.49903869628906,28669300
2023-01-12 00:00:00-05:00,230.99829585800464,235.55424237172366,229.3290940932467,234.18942260742188,27269500
2023-01-13 00:00:00-05:00,232.70674766587976,235.03381034817815,230.66442504459786,234.89634704589844,21333300
2023-01-17 00:00:00-05:00,233.65917216292138,236.54591642939235,232.79510857775296,235.99606323242188,29831300
2023-01-18 00:00:00-05:00,237.19398238340665,237.9893068890098,231.25357474268407,231.53831481933594,30028700
2023-01-19 00:00:00-05:00,229.54506986961863,231.25355513177712,226.50122043278324,227.72857666015625,28623000
2023-01-20 00:00:00-05:00,230.60553401218095,236.37902316517145,230.26186823597817,235.86843872070312,35389800
2023-01-23 00:00:00-05:00,236.73249848259866,240.728762962326,235.30875313249115,238.18568420410156,31934000
2023-01-24 00:00:00-05:00,238.1071302689207,239.53086062869244,236.08444941515683,237.65545654296875,40234400
2023-01-25 00:00:00-05:00,230.23241286471827,238.8926465935646,226.71726242697446,236.25137329101562,66526600
2023-01-26 00:00:00-05:00,239.23628611084743,243.81187403333118,237.61618177352415,243.5074920654297,33454500
2023-01-27 00:00:00-05:00,244.4795782533274,245.30435814766528,242.3587028258491,243.66461181640625,26498900
2023-01-30 00:00:00-05:00,240.0807204276458,241.1509865733433,237.81256824363442,238.31333923339844,25867400
2023-01-31 00:00:00-05:00,239.03991858279355,243.45840142159702,238.5489760451487,243.32093811035156,26541100
2023-02-01 00:00:00-05:00,243.507493740727,250.55742124700228,241.02332574913956,248.17144775390625,31259900
2023-02-02 00:00:00-05:00,254.13149875716766,259.8951592726371,252.5899320193859,259.8067932128906,39940400
2023-02-03 00:00:00-05:00,254.83844372730002,259.41403146682933,252.4426419072074,253.6699981689453,29077300
2023-02-06 00:00:00-05:00,252.77646741867622,253.62087410426602,250.1646498198095,252.11859130859375,22518000
2023-02-07 00:00:00-05:00,255.8104550515256,263.9011765091388,255.36859488955275,262.7131042480469,50841400
2023-02-08 00:00:00-05:00,268.2509904236017,271.74649858000214,261.38759398871423,261.898193359375,54686000
2023-02-09 00:00:00-05:00,268.84012651357125,269.0168886035488,258.039390489122,258.84454345703125,42375100
2023-02-10 00:00:00-05:00,256.7923871898371,259.30601043512377,255.93815201976537,258.3339538574219,25818500
2023-02-13 00:00:00-05:00,262.7916999067122,269.62561070371584,262.31055590974864,266.405029296875,44630900
2023-02-14 00:00:00-05:00,267.73056646903945,269.9888897329087,264.401962304779,267.2396240234375,37047900
2023-02-15 00:00:00-05:00,264.11932371191284,266.4915975640465,262.0128120607115,265.1036682128906,28922400
2023-02-16 00:00:00-05:00,259.88658706642394,262.5640049267377,257.79978182996587,258.0458679199219,29603600
2023-02-17 00:00:00-05:00,255.32909225276762,256.0181152654841,251.9921505278432,254.0198974609375,30000100
2023-02-21 00:00:00-05:00,250.4959553706836,251.49015281418258,247.65120069336206,248.71429443359375,28397400
2023-02-22 00:00:00-05:00,250.1120590242694,250.35814511839848,246.42076761233298,247.57244873046875,22491100
2023-02-23 00:00:00-05:00,251.55902797945566,252.81898748724595,246.55855711170582,250.78140258789062,29219100
2023-02-24 00:00:00-05:00,246.04671856075686,247.07043006861863,244.21583748216142,245.31829833984375,24990900
2023-02-27 00:00:00-05:00,248.50761716269687,248.86198178076083,245.48567236144245,246.24362182617188,21190000
2023-02-28 00:00:00-05:00,245.17065572399935,247.55276726085282,244.83596722815324,245.51516723632812,22491000
2023-03-01 00:00:00-05:00,246.83417077282937,247.0015075011103,241.94197840990938,242.4144744873047,27565300
2023-03-02 00:00:00-05:00,242.69011807533903,247.46417946735576,241.76483192375827,247.17872619628906,24808200
2023-03-03 00:00:00-05:00,248.24183038751409,251.61812465694902,247.4543518199206,251.2932891845703,30760100
2023-03-06 00:00:00-05:00,252.41544255316742,256.0476760120962,251.97249055035027,252.8485565185547,24109800
2023-03-07 00:00:00-05:00,252.287461805782,253.65571496313456,249.4230309703386,250.17112731933594,21473200
2023-03-08 00:00:00-05:00,250.0628228759873,250.55499503290108,246.88339494789705,249.7281494140625,17340200
2023-03-09 00:00:00-05:00,251.81498682862087,255.49642520187024,247.6413612448282,248.36978149414062,26653400
2023-03-10 00:00:00-05:00,247.1491888076624,248.8324092868265,243.72367456979757,244.6981658935547,28333900
2023-03-13 00:00:00-04:00,243.52680285893817,253.87227229864152,241.8829494842542,249.94473266601562,33339700
2023-03-14 00:00:00-04:00,252.7304240608025,256.98279906760126,251.85435814781437,256.7071838378906,33620300
2023-03-15 00:00:00-04:00,255.90988102264944,262.3081199500826,255.15191657038366,261.2843933105469,46028000
2023-03-16 00:00:00-04:00,261.05798023414945,272.23029562382413,259.1582026765928,271.8759460449219,54768800
2023-03-17 00:00:00-04:00,273.9037231072477,278.8943271274802,271.99409228395444,275.0553894042969,69527400
2023-03-20 00:00:00-04:00,272.643714369976,273.1358865548913,265.6253342067157,267.96807861328125,43466600
2023-03-21 00:00:00-04:00,270.57658976474096,270.6947062847507,265.30048823245505,269.4938049316406,34558700
2023-03-22 00:00:00-04:00,269.1197685728432,276.64017464446556,267.91886713354575,268.02716064453125,34873300
2023-03-23 00:00:00-04:00,273.58872562295534,276.6598758012789,270.89163117862455,273.3131103515625,36610900
2023-03-24 00:00:00-04:00,272.8996370155353,276.2365790138879,270.9703303661151,276.1775207519531,28172000
2023-03-27 00:00:00-04:00,276.1086565110717,277.05361890295666,271.20660965600774,272.05316162109375,26840200
2023-03-28 00:00:00-04:00,271.4723730848255,271.8168996614657,267.79090429530686,270.921142578125,21878600
2023-03-29 00:00:00-04:00,274.59271732819036,276.73861104356007,274.0513399006214,276.11846923828125,25087000
2023-03-30 00:00:00-04:00,279.78023217395076,280.0066121706269,277.0732849525492,279.60302734375,25053400
2023-03-31 00:00:00-04:00,279.288067620429,284.7413143620683,278.5694853421409,283.7864990234375,32766000
2023-04-03 00:00:00-04:00,282.03430927205466,283.75691174361395,279.50456732978654,282.73321533203125,24883300
2023-04-04 00:00:00-04:00,282.7332257176792,285.9028155833691,281.1976510040957,282.6839904785156,25824300
2023-04-05 00:00:00-04:00,281.3748891360687,282.6545250056316,278.4907668806405,279.8885192871094,22064800
2023-04-06 00:00:00-04:00,278.7761866204537,287.50731719041386,277.61466736506213,287.03485107421875,29770300
2023-04-10 00:00:00-04:00,284.68226171417155,285.0661704846128,280.2527115064888,284.8594665527344,23103000
2023-04-11 00:00:00-04:00,281.27639833215596,281.5028083472433,277.230757468165,278.402099609375,27276600
2023-04-12 00:00:00-04:00,280.3314847497696,282.5167307895647,277.5457729310279,279.05181884765625,27403400
2023-04-13 00:00:00-04:00,279.15021586087715,285.3614264229886,278.73680804839455,285.3023681640625,24222700
2023-04-14 00:00:00-04:00,282.5068305661248,283.96367102936733,279.2486531464038,281.6603088378906,20987900
2023-04-17 00:00:00-04:00,285.3909700049731,287.0348384011463,281.68000236209434,284.2786560058594,23836200
2023-04-18 00:00:00-04:00,287.0052911530972,287.19231898396373,282.51668329191097,283.8553771972656,20161800
2023-04-19 00:00:00-04:00,281.51263430866226,284.52472565141113,280.08535300849246,283.93414306640625,17150300
2023-04-20 00:00:00-04:00,280.7842156136177,284.50503591954333,280.6168638626968,281.6307373046875,23244400
2023-04-21 00:00:00-04:00,280.54799661030216,281.78825008105144,278.6285130858529,281.2862548828125,21676400
2023-04-24 00:00:00-04:00,277.67370102270286,280.48894155472334,274.35646528671094,277.35870361328125,26611000
2023-04-25 00:00:00-04:00,275.1340884128389,277.19136442128627,271.05888853978684,271.1081237792969,45772200
2023-04-26 00:00:00-04:00,292.05501404925786,294.88007785035614,288.1471653314123,290.7458190917969,64599200
2023-04-27 00:00:00-04:00,291.3364016068915,300.4219108695134,290.62767246567086,300.05767822265625,46462600
2023-04-28 00:00:00-04:00,299.2505873390995,304.09354555846096,298.561534158712,302.44970703125,36446700
2023-05-01 00:00:00-04:00,302.1642355165898,303.76872187468587,300.37272129835924,300.77630615234375,21294100
2023-05-02 00:00:00-04:00,302.9418469765617,304.33959922450805,299.1521149683054,300.6286315917969,26404400
2023-05-03 00:00:00-04:00,301.8196142251719,303.77844957321037,299.3292245972362,299.6343688964844,22360800
2023-05-04 00:00:00-04:00,301.44562423928016,302.9418469765617,298.65008970357985,300.6286315917969,22519900
2023-05-05 00:00:00-04:00,300.93377975527426,307.085932430796,299.50646831862997,305.7865905761719,28181200
2023-05-08 00:00:00-04:00,305.2747115147881,305.3436228273613,301.2979520150605,303.81787109375,21318600
2023-05-09 00:00:00-04:00,303.1781005859375,305.1861717412248,301.51455600745976,302.1937561035156,21340800
2023-05-10 00:00:00-04:00,303.78836006860274,308.09979329228884,302.85325092434726,307.42059326171875,30078000
2023-05-11 00:00:00-04:00,305.24518186660805,306.2492022660023,301.46530325501186,305.2550048828125,31680200
2023-05-12 00:00:00-04:00,305.68815505667965,305.78659550903757,301.8000125269122,304.1329040527344,19758100
2023-05-15 00:00:00-04:00,304.26085429922443,305.04831778842316,302.77448467056973,304.6152038574219,16336500
2023-05-16 00:00:00-04:00,304.9793957630767,308.79865663517415,304.9793957630767,306.8594970703125,26730300
2023-05-17 00:00:00-04:00,308.07289612814964,310.18398226866987,306.5438090074736,309.7597961425781,24315000
2023-05-18 00:00:00-04:00,310.2826700411064,314.73177784456124,309.483610472281,314.2187805175781,27276000
2023-05-19 00:00:00-04:00,312.46279877914503,314.44566578774686,312.0977999996557,314.04119873046875,27529500
2023-05-22 00:00:00-04:00,314.2977481307369,318.23385899609656,313.7157188876359,316.8428955078125,24115700
2023-05-23 00:00:00-04:00,315.70835276424714,318.36202974124154,310.9929025046368,311.0027770996094,30797200
2023-05-24 00:00:00-04:00,310.47996842062906,312.22605590477934,308.3885711303924,309.6118469238281,23384900
2023-05-25 00:00:00-04:00,318.87502712507745,322.48560688715077,315.67878902000206,321.51885986328125,43301700
2023-05-26 00:00:00-04:00,319.6444980132169,328.8978374792633,319.5064041956886,328.3947448730469,36630600
2023-05-30 00:00:00-04:00,330.70309932273216,331.20619186335273,326.0566810034036,326.73736572265625,29503100
2023-05-31 00:00:00-04:00,327.8028654551653,331.4035709455312,322.9098221088515,323.9555358886719,45950600
2023-06-01 00:00:00-04:00,321.5286739937124,329.0260505461007,320.3350221149729,328.0888671875,26773900
2023-06-02 00:00:00-04:00,329.7363544841506,332.94246713059334,328.05929890382134,330.8708190917969,25864000
2023-06-05 00:00:00-04:00,330.6932554714019,333.98814914784583,330.14082001100866,331.4035339355469,21307100
2023-06-06 00:00:00-04:00,330.80175444190655,330.84122271907466,327.6844529715384,329.1740417480469,20396200
2023-06-07 00:00:00-04:00,327.17146599385774,329.9731116515835,318.1450315839659,319.0131530761719,40717100
2023-06-08 00:00:00-04:00,319.5655851097024,322.2291369225087,318.98355595766924,320.8677673339844,23277700
2023-06-09 00:00:00-04:00,320.601364117621,325.53384471319896,320.02920961494186,322.3770751953125,22514900
2023-06-12 00:00:00-04:00,324.1429125289751,327.6153984673946,320.76911233845874,327.3687744140625,24260300
2023-06-13 00:00:00-04:00,329.95337995894954,332.4294950152336,325.928488773513,329.77581787109375,22951300
2023-06-14 00:00:00-04:00,329.82511848977225,334.4616624272819,328.3157805876422,332.78460693359375,26003800
2023-06-15 00:00:00-04:00,332.92276759657176,345.1158468804941,332.6465498488754,343.39935302734375,38899100
2023-06-16 00:00:00-04:00,346.57583523072196,346.7238036323781,337.332371106431,337.70721435546875,46533600
2023-06-20 00:00:00-04:00,334.72804129963237,337.46062508330874,331.3246171835482,333.48504638671875,26375400
2023-06-21 00:00:00-04:00,331.82771592550745,333.1693663878864,327.5857943850583,329.0556640625,25117800
2023-06-22 00:00:00-04:00,329.608079403054,335.5270561339279,328.8386136322593,335.1225891113281,23556800
2023-06-23 00:00:00-04:00,329.8448805246099,333.39627314072527,328.9471954059109,330.4959716796875,23084700
2023-06-26 00:00:00-04:00,329.2135144395698,331.571224712544,324.05412845410723,324.16265869140625,21520600
2023-06-27 00:00:00-04:00,327.37863643109444,331.61071384237505,324.85320839821026,330.05206298828125,24354100
2023-06-28 00:00:00-04:00,330.1408862208006,333.41606146816537,329.3023582663485,331.3148193359375,20259500
2023-06-29 00:00:00-04:00,330.19016860066165,331.5712574014784,328.1283949434642,330.52557373046875,16997000
2023-06-30 00:00:00-04:00,333.18910383853483,338.1018659336961,332.64654295071426,335.9414367675781,26823800
2023-07-03 00:00:00-04:00,334.60968039782284,336.29658063116784,332.0250649242067,333.4258728027344,12508700
2023-07-05 00:00:00-04:00,330.5650335205982,337.0364466828848,330.2099093118582,333.5837097167969,18172400
2023-07-06 00:00:00-04:00,332.7451687923729,338.3583347909345,330.9694876074592,336.66156005859375,28161200
2023-07-07 00:00:00-04:00,334.7379078689779,337.17455476042386,332.4492293908837,332.666259765625,21185300
2023-07-10 00:00:00-04:00,330.0816433554904,330.7031407949626,323.1662951750732,327.3490295410156,32791400
2023-07-11 00:00:00-04:00,326.5894747851635,328.36515614884536,322.5843020670204,327.9804382324219,26698200
2023-07-12 00:00:00-04:00,332.05461117957884,337.0364047109199,331.13717698244034,332.6465148925781,29995300
2023-07-13 00:00:00-04:00,334.9746620206647,339.09820909301106,334.4419456196633,338.0328063964844,20567200
2023-07-14 00:00:00-04:00,342.8962140090438,346.684355842652,339.66050764457793,340.57794189453125,28302200
2023-07-17 00:00:00-04:00,341.0119974589969,342.30430506599646,337.5790099679338,341.06134033203125,20363900
2023-07-18 00:00:00-04:00,341.1599567699789,361.8270635461225,337.5494072854083,354.635498046875,64872700
2023-07-19 00:00:00-04:00,356.8650077338188,357.56541162077775,347.6807303302268,350.2850646972656,39732900
2023-07-20 00:00:00-04:00,348.7955115153894,353.1360893076159,340.70622963927934,342.18597412109375,33778400
2023-07-21 00:00:00-04:00,344.4351622996389,345.56962697471664,335.2410099540345,339.1278076171875,69368900
2023-07-24 00:00:00-04:00,341.1797347293557,342.2352929441679,337.6875295682125,340.44970703125,26678100
2023-07-25 00:00:00-04:00,342.42268240569985,347.13816315499605,340.4102518285033,346.2404479980469,41637700
2023-07-26 00:00:00-04:00,336.82928631733375,340.01568008356725,328.611755590644,333.2088317871094,58383700
2023-07-27 00:00:00-04:00,335.8822409797451,336.7207386752654,324.6065664004519,326.2540283203125,39635300
2023-07-28 00:00:00-04:00,329.16420605704235,335.418588461766,328.6709579484161,333.80072021484375,28484900
2023-07-31 00:00:00-04:00,332.37034639692763,333.1398123061402,328.8583918744818,331.38385009765625,25446000
2023-08-01 00:00:00-04:00,330.6636616188916,333.96842988932275,329.1937919238342,331.7981262207031,18311900
2023-08-02 00:00:00-04:00,329.1247102537569,329.1247102537569,321.95286408661656,323.0774841308594,27761300
2023-08-03 00:00:00-04:00,321.5978101634016,325.4254208190329,321.54849738808366,322.2489013671875,18253700
2023-08-04 00:00:00-04:00,327.39836976439574,330.61435706998384,322.82101286060225,323.3537292480469,23727700
2023-08-07 00:00:00-04:00,323.9357584110446,326.638748415641,323.09723060433043,325.6522521972656,17741500
2023-08-08 00:00:00-04:00,322.54480993915706,324.31064668065517,318.6382931645677,321.6470947265625,22327600
2023-08-09 00:00:00-04:00,322.06145794853927,322.69279994467314,316.7146345953678,317.87872314453125,22373300
2023-08-10 00:00:00-04:00,321.6174835434037,323.8272555255074,316.84284549970266,318.5692138671875,20113700
2023-08-11 00:00:00-04:00,315.9352987108156,318.05625962756983,314.8994595848591,316.6751708984375,24342600
2023-08-14 00:00:00-04:00,317.0500366268224,319.6839646920239,315.7576988733088,319.66424560546875,18836100
2023-08-15 00:00:00-04:00,318.63832268798944,320.7000964574307,316.5666743212441,317.5137023925781,16966300
2023-08-16 00:00:00-04:00,317.13801214006867,320.7167146880456,316.1494272765782,316.7425842285156,20698900
2023-08-17 00:00:00-04:00,316.88098033707746,318.19578484702873,312.60039125699797,313.26275634765625,21257200
2023-08-18 00:00:00-04:00,310.90003574711136,314.74564524442695,307.9935939126714,312.8673400878906,24744800
2023-08-21 00:00:00-04:00,314.30079649101214,319.08554388527233,313.42097159988043,318.2057189941406,24040000
2023-08-22 00:00:00-04:00,321.7843590357293,322.357724957099,317.7904679139887,318.779052734375,16102000
2023-08-23 00:00:00-04:00,320.1235801042698,325.44217186855207,319.7676738405526,323.26727294921875,21166400
2023-08-24 00:00:00-04:00,329.0504512030628,329.1789720519846,316.30757886325165,316.3174743652344,23281400
2023-08-25 00:00:00-04:00,317.8003790491066,321.64595850158366,315.16084417438077,319.29315185546875,21684100
2023-08-28 00:00:00-04:00,321.9425618021561,322.4269587484768,318.0475348868792,320.00494384765625,14808500
2023-08-29 00:00:00-04:00,318.20573519575873,325.2246945215674,318.20573519575873,324.66119384765625,19284600
2023-08-30 00:00:00-04:00,324.9181788505266,326.0451498323158,322.72351939208045,325.03680419921875,15222100
2023-08-31 00:00:00-04:00,325.4421498250876,327.13262149789296,323.0497611758668,324.0185852050781,26411000
2023-09-01 00:00:00-04:00,327.5280384500807,328.2002688955857,323.04975036551434,324.9082946777344,14931200
2023-09-05 00:00:00-04:00,325.2444733949473,331.02770182806336,324.9083581065782,329.7425231933594,18553900
2023-09-06 00:00:00-04:00,329.5744010359564,330.64205933119945,326.41091765065016,329.0801086425781,17535800
2023-09-07 00:00:00-04:00,327.50826429163334,329.2778093480337,325.27405300686524,326.1440124511719,18381000
2023-09-08 00:00:00-04:00,326.3219766279449,332.32269403883413,325.699163331797,330.4542541503906,19530100
2023-09-11 00:00:00-04:00,333.39034548000865,334.5568985327326,331.60100931332755,334.0823669433594,16583300
2023-09-12 00:00:00-04:00,331.98654397967573,332.9454724112578,327.6960897075164,327.9827575683594,17565500
2023-09-13 00:00:00-04:00,327.52803797035625,333.0048063818992,327.38965178199726,332.22381591796875,16544400
2023-09-14 00:00:00-04:00,335.2785242515413,336.9689957887937,332.7279887772519,334.83367919921875,20267000
2023-09-15 00:00:00-04:00,333.07403125618623,333.54853269059,325.88699986571044,326.45050048828125,37666900
2023-09-18 00:00:00-04:00,324.058114839662,326.6284415872305,322.63455018467687,325.3037414550781,16834200
2023-09-19 00:00:00-04:00,322.446705559853,325.6299497048408,320.8056512322667,324.89837646484375,16505900
2023-09-20 00:00:00-04:00,325.74858912301113,325.82766263304757,316.85132586781475,317.10833740234375,21436500
2023-09-21 00:00:00-04:00,315.61563077468617,321.6361093088124,311.40424936718983,315.8825378417969,35529500
2023-09-22 00:00:00-04:00,317.6521256558587,317.7806465273566,312.5411281531975,313.3913269042969,21447900
2023-09-25 00:00:00-04:00,312.9760849775433,314.04377354761226,311.404238631424,313.9152526855469,17836000
2023-09-26 00:00:00-04:00,311.5327634853885,312.27420215829727,306.4810789726441,308.576904296875,26297600
2023-09-27 00:00:00-04:00,308.7350248311766,310.7121944558891,306.1548329521496,309.2194519042969,19410100
2023-09-28 00:00:00-04:00,307.43997954346224,311.8787458429494,305.9175806621763,310.05975341796875,19683600
2023-09-29 00:00:00-04:00,314.12283006246753,315.82319717862225,311.38446094140835,312.1456604003906,24140300
2023-10-02 00:00:00-04:00,312.66963949567804,318.21561662397966,311.5821900421662,318.1266174316406,20570000
2023-10-03 00:00:00-04:00,317.167696875075,317.72133220387497,307.65751446392886,309.8126525878906,21033500
2023-10-04 00:00:00-04:00,310.4453144529802,316.38671934680445,310.4156581127954,315.31903076171875,20720100
2023-10-05 00:00:00-04:00,315.4475399696837,316.3273949780159,311.30536698470246,315.7144470214844,16965600
2023-10-06 00:00:00-04:00,312.9365263852443,325.4322535375942,312.6893801694388,323.5242919921875,25645500
2023-10-09 00:00:00-04:00,321.04289136697315,326.5295245559065,319.4908060988146,326.0550231933594,19891200
2023-10-10 00:00:00-04:00,327.1820280328287,327.32044439073553,323.92960565259705,324.6413879394531,20557100
2023-10-11 00:00:00-04:00,327.42918731045415,329.020824643838,325.3828395521265,328.6253967285156,20063200
2023-10-12 00:00:00-04:00,326.7964688409997,329.82153576980227,324.9675810152199,327.3797302246094,19313100
2023-10-13 00:00:00-04:00,328.58583561463803,330.01926553838706,322.63453553932317,323.9889221191406,21072400
2023-10-16 00:00:00-04:00,327.27098859672117,332.3029118179807,326.8261435346823,328.8428649902344,22158000
2023-10-17 00:00:00-04:00,325.8276948133406,329.65351356385685,323.67258696373347,328.2695007324219,18338500
2023-10-18 00:00:00-04:00,328.6945419118804,331.75916074567095,324.55236929454276,326.3417053222656,23153600
2023-10-19 00:00:00-04:00,328.35844548463956,333.0344625947889,327.1326099487148,327.5379333496094,25052100
2023-10-20 00:00:00-04:00,327.93335068809495,328.13107971555456,321.7349348600938,322.9410095214844,25012600
2023-10-23 00:00:00-04:00,321.7547029032871,328.93183835802176,320.6870445710428,325.5607604980469,24374700
2023-10-24 00:00:00-04:00,327.51818809043544,328.0520324209601,323.8604418074662,326.7569885253906,31153600
2023-10-25 00:00:00-04:00,341.08150860571766,342.24806157017446,333.765987296064,336.78118896484375,55053800
2023-10-26 00:00:00-04:00,336.6527185001531,337.7302724471152,323.20795749855927,324.1471252441406,37828500
2023-10-27 00:00:00-04:00,326.6580837937659,332.8762909295408,324.65125776087774,326.045166015625,29856500
2023-10-30 00:00:00-04:00,329.60408920215934,335.5751503381647,328.04210819348634,333.4595642089844,22828100
2023-10-31 00:00:00-04:00,334.98200058976215,335.1302822914459,330.8694837708354,334.25042724609375,20265300
2023-11-01 00:00:00-04:00,335.9112561909914,343.45416345864317,335.7728398301243,342.11956787109375,28158800
2023-11-02 00:00:00-04:00,343.27618356893754,344.84802981392585,340.834377854448,344.3438720703125,24348100
2023-11-03 00:00:00-04:00,345.6389384028993,350.34461211282445,343.36517506433484,348.7727355957031,23624000
2023-11-06 00:00:00-05:00,349.41534633116447,353.45865496757824,349.3164818069367,352.4601745605469,23828300
2023-11-07 00:00:00-05:00,355.29741447617323,358.3224819200667,353.54763002740117,356.4145202636719,25833900
2023-11-08 00:00:00-05:00,357.55137827923454,359.7163816170377,356.4342725186346,359.0540466308594,26767800
2023-11-09 00:00:00-05:00,358.1643000917095,360.6258970276353,356.2464429567003,356.57269287109375,24847300
2023-11-10 00:00:00-05:00,357.36351801413326,365.8752490282028,356.9483292832311,365.4501647949219,28042100
2023-11-13 00:00:00-05:00,364.01669171567505,364.2638379125878,361.7231677677131,362.4942626953125,19986500
2023-11-14 00:00:00-05:00,366.77487775321134,367.70414993309754,363.15665355329156,366.0433044433594,27683900
2023-11-15 00:00:00-05:00,367.78673199342217,369.6193319212851,363.65595302337914,366.19189453125,26860100
2023-11-16 00:00:00-05:00,367.4697650343208,372.8090670130161,366.6971049772861,372.6307678222656,27182300
2023-11-17 00:00:00-05:00,370.09481157714856,370.84767066024057,363.5470174090878,366.3702087402344,40157000
2023-11-20 00:00:00-05:00,367.7273446792859,375.305362924845,367.5094133597198,373.8888244628906,52465100
2023-11-21 00:00:00-05:00,372.13548017935176,372.6802933507884,367.62827122388927,369.5599365234375,28423100
2023-11-22 00:00:00-05:00,374.44353505087355,376.2167020543969,371.4420444315091,374.2949523925781,23345300
2023-11-24 00:00:00-05:00,373.7798105540461,374.4138035112927,371.61044336899096,373.8788757324219,10176600
2023-11-27 00:00:00-05:00,373.2349912204299,377.05868938301023,372.6604615641083,375.0477600097656,22179200
2023-11-28 00:00:00-05:00,374.7902561506727,379.3965000397917,374.6020413692927,379.0993347167969,20453100
2023-11-29 00:00:00-05:00,380.1493294028235,380.6842269423362,373.88878509131484,375.2855224609375,28963400
2023-11-30 00:00:00-05:00,374.92893951997735,376.51389184921896,371.9373642934916,375.3450012207031,30554400
2023-12-01 00:00:00-05:00,373.21521977574577,374.6020416682448,367.8164846369156,370.98638916015625,33020400
2023-12-04 00:00:00-05:00,365.6272685167618,366.0432999492324,359.4855901354516,365.6669006347656,32063300
2023-12-05 00:00:00-05:00,363.0021791950114,369.5697738529902,362.17997152044285,369.0150451660156,23065000
2023-12-06 00:00:00-05:00,370.025470775232,370.6594334670261,364.5673032138948,365.3300476074219,21182100
2023-12-07 00:00:00-05:00,364.76549002661096,367.95519561310016,362.8734567838674,367.45989990234375,23118900
2023-12-08 00:00:00-05:00,365.7263114622475,370.93680102116286,364.765436714598,370.708984375,20144800
2023-12-11 00:00:00-05:00,365.0131044942587,368.10374460980563,362.6554922898368,367.8065490722656,27708800
2023-12-12 00:00:00-05:00,367.3607883950642,370.8972065792804,366.9744432787704,370.8575744628906,24838300
2023-12-13 00:00:00-05:00,372.48215648382853,374.086939898613,367.28155178547297,370.8476867675781,30955500
2023-12-14 00:00:00-05:00,369.79769131060294,370.2434695547166,360.70406906648043,362.48712158203125,43277500
2023-12-15 00:00:00-05:00,363.3984742691784,368.8962446456856,362.83382989546425,367.2419738769531,78478200
2023-12-18 00:00:00-05:00,365.9739856872879,369.4905728812435,365.2112110016812,369.14385986328125,21802900
2023-12-19 00:00:00-05:00,367.9947723838569,369.7481384277344,366.3603026960237,369.7481384277344,20603700
2023-12-20 00:00:00-05:00,371.47172920429006,372.49203701128664,367.04378498295705,367.1329345703125,26316700
2023-12-21 00:00:00-05:00,369.0546918220557,370.8872917707244,366.5584126323143,370.0254821777344,17708000
2023-12-22 00:00:00-05:00,370.1641379669173,371.65002486970394,369.20326322723065,371.0556640625,17091100
2023-12-26 00:00:00-05:00,371.4717766979323,373.3935264411523,369.9858895911405,371.1349792480469,12673100
2023-12-27 00:00:00-05:00,370.17407704899347,371.53118233613856,369.3023518404904,370.5505065917969,14905400
2023-12-28 00:00:00-05:00,371.83826458273074,372.9180055102288,370.6396575319042,371.7491149902344,14327000
2023-12-29 00:00:00-05:00,372.46238203796617,373.61147173786514,369.9661024881211,372.50201416015625,18723000
2024-01-02 00:00:00-05:00,370.3424429826701,372.3632576668665,363.3191544056819,367.3805847167969,25258600
2024-01-03 00:00:00-05:00,365.5381225658885,369.7481357898977,365.04282689247566,367.1131591796875,23083500
2024-01-04 00:00:00-05:00,367.1825051718643,369.5896348719219,363.71543548306664,364.4781799316406,20901500
2024-01-05 00:00:00-05:00,365.4985007136341,368.559424433647,363.0517388090319,364.28997802734375,20987000
2024-01-08 00:00:00-05:00,365.8253710003868,371.66988411040546,365.53812127674354,371.1646728515625,23134000
2024-01-09 00:00:00-05:00,368.50986917545833,372.4524030948654,367.69757707621847,372.2543029785156,20830000
2024-01-10 00:00:00-05:00,372.8288615431399,380.5554922110054,372.7793440678221,379.16864013671875,25514200
2024-01-11 00:00:00-05:00,382.3682747948277,387.00423522356067,376.8011560453087,381.01116943359375,27850800
2024-01-12 00:00:00-05:00,381.8630597761942,385.0230486833725,381.03096664819185,384.8150329589844,21645700
2024-01-16 00:00:00-05:00,389.9562027545636,390.32271672497956,383.9730224089054,386.59808349609375,27202300
2024-01-17 00:00:00-05:00,384.32966203351646,386.4395963207224,381.1894739959276,385.8056335449219,22234100
2024-01-18 00:00:00-05:00,388.0344497047316,390.2830812145117,386.4494974787357,390.1642150878906,23392100
2024-01-19 00:00:00-05:00,392.03638233280395,394.91900634765625,389.7976365507904,394.91900634765625,29272000
2024-01-22 00:00:00-05:00,396.25634353223927,396.85070439221124,389.8868483654438,392.7793884277344,27016900
2024-01-23 00:00:00-05:00,392.02652441578425,395.6223758316309,390.22364091426874,395.1468811035156,20525900
2024-01-24 00:00:00-05:00,397.7620686193911,401.81358370975624,396.68232764982235,398.7724609375,24867000
2024-01-25 00:00:00-05:00,400.5158863337274,403.18057938018296,398.7427194215606,401.0606994628906,21021200
2024-01-26 00:00:00-05:00,400.5654097210854,402.34849224643625,398.6436601299057,400.1295471191406,17803300
2024-01-29 00:00:00-05:00,402.23951388406,406.1226452071924,400.52577999660826,405.8650817871094,24510200
2024-01-30 00:00:00-05:00,408.3812111979871,409.16375662074074,402.6258777098208,404.7457275390625,33477600
2024-01-31 00:00:00-05:00,403.1310773427729,411.41243736511643,393.47281096125835,393.8393249511719,47871100
2024-02-01 00:00:00-05:00,398.0493222591689,404.161284395668,398.01960572688716,399.9809875488281,30657700
2024-02-02 00:00:00-05:00,400.01066704989324,408.7674904401441,399.7630192269887,407.3509521484375,28245000
2024-02-05 00:00:00-05:00,406.0433564125419,407.2915110892072,400.1889583664192,401.8333435058594,25352300
2024-02-06 00:00:00-05:00,402.06124139601184,404.1315737898632,399.1191837351809,401.6748962402344,18382600
2024-02-07 00:00:00-05:00,403.60653322309605,410.4019752246544,403.5669011054383,410.1543273925781,22340500
2024-02-08 00:00:00-05:00,410.15437308446036,411.65017583057954,408.6486849806617,410.21380615234375,21225300
2024-02-09 00:00:00-05:00,411.34304822902254,416.8606491715924,411.18454998916735,416.5931701660156,22032800
2024-02-12 00:00:00-05:00,416.6030882773996,416.78138746189904,410.847755055397,411.35296630859375,21202900
2024-02-13 00:00:00-05:00,401.13007987504017,406.21181854248556,399.5946753127585,402.4971008300781,27824900
2024-02-14 00:00:00-05:00,404.97813565927675,406.73471379055,401.50465451788693,406.3873596191406,20401200
2024-02-15 00:00:00-05:00,405.0476293953427,406.03011869599004,401.22679392364836,403.4795837402344,21825500
2024-02-16 00:00:00-05:00,404.86897976610464,405.19649639829663,400.3832375883185,400.99853515625,22281100
2024-02-20 00:00:00-05:00,400.18470090734456,401.4252298435828,394.9943472213883,399.7381286621094,24307900
2024-02-21 00:00:00-05:00,397.1379710817067,399.2419032387698,394.21031077919827,399.1327209472656,18631100
2024-02-22 00:00:00-05:00,407.08207646174907,409.70205797134184,405.4743557171247,408.531005859375,27009900
2024-02-23 00:00:00-05:00,412.5205590554713,412.7090915973696,405.87131159465224,407.2309265136719,16295900
2024-02-26 00:00:00-05:00,408.34243031561954,409.0371386513167,404.2734892487182,404.4521484375,16193500
2024-02-27 00:00:00-05:00,404.898754425873,405.22627106063214,400.7901378959309,404.39263916015625,14835800
2024-02-28 00:00:00-05:00,405.0873045429746,406.1988137086949,402.24898865810695,404.63079833984375,13183100
2024-02-29 00:00:00-05:00,405.5438348800808,411.06170550216336,402.84444253870316,410.5059509277344,31947300
2024-03-01 00:00:00-05:00,408.153876143975,412.71902889421233,407.76684684717014,412.3518371582031,17800300
2024-03-04 00:00:00-05:00,410.307447886493,414.18782621068357,409.19593875466035,411.7762451171875,17596000
2024-03-05 00:00:00-05:00,410.8235170993726,411.1113283199567,397.60446252322527,399.5992126464844,26919200
2024-03-06 00:00:00-05:00,399.9167637441042,402.09017289690905,395.37147897743796,399.0434265136719,22344100
2024-03-07 00:00:00-05:00,403.04290164123864,406.67517415608603,399.19229481283145,406.0400390625,18718500
2024-03-08 00:00:00-05:00,404.8689575439801,407.3103404061873,401.2664565057241,403.14215087890625,17971700
2024-03-11 00:00:00-04:00,400.70079606171487,402.6062316222378,398.21973809181884,401.45501708984375,16120800
2024-03-12 00:00:00-04:00,404.5315189350478,412.4212950799544,403.70782104780903,412.13348388671875,22457000
2024-03-13 00:00:00-04:00,414.9321647542621,415.0115452878592,408.3325562328795,411.95489501953125,17115900
2024-03-14 00:00:00-04:00,417.05592096351893,424.5785058716351,414.8229687362819,421.9981994628906,34157300
2024-03-15 00:00:00-04:00,416.1131423873529,419.39806083838096,409.6623914264508,413.264892578125,45049800
2024-03-18 00:00:00-04:00,411.111304092611,417.54221722990445,410.6448639845401,414.1580505371094,20106000
2024-03-19 00:00:00-04:00,414.66420971411236,418.4751417976777,412.40148582557026,418.21710205078125,19837900
2024-03-20 00:00:00-04:00,418.8025799169323,422.7325672103819,417.472736496582,422.00811767578125,17860100
2024-03-21 00:00:00-04:00,426.5732359122919,427.55575544088225,423.9234830206928,426.1167297363281,21296200
2024-03-22 00:00:00-04:00,426.4442947841674,426.6030558566972,422.8417934382558,425.4915466308594,17636500
2024-03-25 00:00:00-04:00,422.0180389961963,424.1716107025241,418.41553787360243,419.65606689453125,18060500
2024-03-26 00:00:00-04:00,422.38524885715407,422.7623745415083,418.1575463672177,418.45526123046875,16725600
2024-03-27 00:00:00-04:00,421.2241115258407,421.23404544961727,415.83526074059097,418.2369079589844,16705000
2024-03-28 00:00:00-04:00,417.7704594727013,418.6735682140503,415.94440442920035,417.53228759765625,21871200
2024-04-01 00:00:00-04:00,420.7378213676411,424.64797113919235,419.0209183546172,421.3531188964844,16316000
2024-04-02 00:00:00-04:00,416.9269168072685,419.17973696688534,414.6741269340057,418.2468566894531,17912000
2024-04-03 00:00:00-04:00,416.54976688658525,420.05301928726703,415.9146015526027,417.2643127441406,16502300
2024-04-04 00:00:00-04:00,421.76992047315406,425.4220608182633,414.4061573873391,414.71380615234375,19370900
2024-04-05 00:00:00-04:00,416.8276673390752,423.2784179752705,415.1504697507563,422.2958984375,16544300
2024-04-08 00:00:00-04:00,421.9485777283347,424.0425761054586,420.09272093696904,421.3729553222656,14272400
2024-04-09 00:00:00-04:00,423.20896224870864,424.4991003259259,418.4254750382327,423.0501708984375,12512300
2024-04-10 00:00:00-04:00,418.99116993330387,420.81722505973426,416.5200457584293,420.0530700683594,16216600
2024-04-11 00:00:00-04:00,422.5936541739285,426.1167444183971,419.15984809671994,424.6876525878906,17966400
2024-04-12 00:00:00-04:00,420.8370731015467,421.9585162359949,416.58950274190113,418.703369140625,19232100
2024-04-15 00:00:00-04:00,423.36774724307367,423.5860815606245,410.2975202475589,410.5059509277344,20273500
2024-04-16 00:00:00-04:00,411.42887810136665,415.2298454910269,410.5952462785095,411.43878173828125,16765600
2024-04-17 00:00:00-04:00,414.0885872118868,415.70624190109544,407.22100522560083,408.7195739746094,15855500
2024-04-18 00:00:00-04:00,407.5187363707615,408.76919927263555,400.88935677884103,401.2069091796875,21029900
2024-04-19 00:00:00-04:00,400.9687488676842,402.4077746386735,394.7561698730406,396.095947265625,30276500
2024-04-22 00:00:00-04:00,397.04865981007964,399.7976914523607,392.7514806878664,397.9219970703125,20286900
2024-04-23 00:00:00-04:00,401.1771473553241,405.10716505974153,400.0060952402287,404.48193359375,15734500
2024-04-24 00:00:00-04:00,406.45687447977747,409.34482984718727,403.6979389840594,405.9606628417969,15065300
2024-04-25 00:00:00-04:00,391.04452101034235,396.8601368410158,385.08998167747234,396.0165710449219,40586500
2024-04-26 00:00:00-04:00,409.04710666417816,409.87080464048637,402.6856699602139,403.2414245605469,29694700
2024-04-29 00:00:00-04:00,402.17947890315463,403.2413789354232,396.165397076456,399.20220947265625,19582100
2024-04-30 00:00:00-04:00,398.4479657229549,399.11290256766176,386.221335381575,386.3800964355469,28781400
2024-05-01 00:00:00-04:00,389.635268755834,398.6762601059751,387.35270744745037,391.9476318359375,23562500
2024-05-02 00:00:00-04:00,394.6469936602289,396.8997833087663,391.6597902856064,394.82562255859375,17709400
2024-05-03 00:00:00-04:00,399.23197820235123,404.0650740320478,398.8151471589616,403.57879638671875,17446700
2024-05-06 00:00:00-04:00,405.66292597330005,410.7937370714025,403.29101993493754,410.4067077636719,16996600
2024-05-07 00:00:00-04:00,411.5181933814727,411.52812730475875,405.9903890817075,406.2384948730469,20018200
2024-05-08 00:00:00-04:00,405.07740513834375,409.1066410493604,403.6284454091321,407.429443359375,11792300
2024-05-09 00:00:00-04:00,407.45921271703617,409.59291660377954,406.00034935781423,409.1959533691406,14689700
2024-05-10 00:00:00-04:00,409.8112151541409,412.23273004632824,408.6798382335046,411.5975646972656,13402300
2024-05-13 00:00:00-04:00,414.84283115281045,415.18025140614657,407.7073059282806,410.5853271484375,15440200
2024-05-14 00:00:00-04:00,408.8981987547859,414.3267549073316,408.43175863614476,413.40380859375,15109300
2024-05-15 00:00:00-04:00,415.48169669269,421.3575004372611,414.85533751236306,420.6317138671875,22239500
2024-05-16 00:00:00-04:00,419.35914332573157,422.9582208339026,417.91755229509,418.5538330078125,17530100
2024-05-17 00:00:00-04:00,420.09485405964773,420.4726599302369,415.6109428181483,417.7783203125,15352200
2024-05-20 00:00:00-04:00,417.778343258253,424.30037978174784,417.55961512858175,422.878662109375,16272100
2024-05-21 00:00:00-04:00,424.36004826198655,430.46453247000767,422.3915253519068,426.5572814941406,21453300
2024-05-22 00:00:00-04:00,427.60118209872775,429.9077641693655,424.6583193119375,428.0286865234375,18073700
2024-05-23 00:00:00-04:00,430.4645069803894,431.09086617504613,422.95820916796526,424.529052734375,17211700
2024-05-24 00:00:00-04:00,424.71796179341015,428.565562226306,421.95405016489985,427.6707763671875,11845800
2024-05-28 00:00:00-04:00,427.1438244451224,428.32694058725485,424.1313596453095,427.829833984375,15718000
2024-05-29 00:00:00-04:00,423.22665032702537,428.44627000677747,423.22665032702537,426.6865234375,15517100
2024-05-30 00:00:00-04:00,421.84466424386284,421.84466424386284,411.84288150879064,412.2704162597656,28424800
2024-05-31 00:00:00-04:00,414.3383733012913,414.3383733012913,402.1692127903504,412.7277526855469,47995300
2024-06-03 00:00:00-04:00,413.1254229827006,414.02020882309534,406.553688084388,411.1270446777344,17484700
2024-06-04 00:00:00-04:00,410.04337212748766,414.03017705380546,407.30928563189894,413.6623229980469,14348900
2024-06-05 00:00:00-04:00,415.39223173706347,421.6259378345122,413.89096003424896,421.5563659667969,16988000
2024-06-06 00:00:00-04:00,421.5563568996983,422.848821948627,418.14618249774657,422.0633850097656,14861300
2024-06-07 00:00:00-04:00,423.73371564550735,423.81323935854607,420.55222098628695,421.3973083496094,13621700
2024-06-10 00:00:00-04:00,422.24237348386436,425.6027887352665,421.4370631899479,425.3940124511719,14003000
2024-06-11 00:00:00-04:00,423.01786084549974,430.3153823959729,422.78918087724,430.1761779785156,14551100
2024-06-12 00:00:00-04:00,432.8009161252906,440.8341457768561,430.7428874309175,438.5076904296875,22366200
2024-06-13 00:00:00-04:00,438.2989324414096,440.8242426789463,436.8274858579273,439.0246887207031,15960600
2024-06-14 00:00:00-04:00,435.74378876375306,440.5756810111054,434.19281849694386,440.00897216796875,13582000
2024-06-17 00:00:00-04:00,440.0288392462003,448.3305259626429,438.16966532085047,445.775390625,20790000
2024-06-18 00:00:00-04:00,447.10763493198164,447.53516969127554,442.3155500964385,443.75714111328125,17112500
2024-06-20 00:00:00-04:00,443.7173532757514,443.946033241849,438.7164619327626,443.120849609375,19877400
2024-06-21 00:00:00-04:00,444.79114029939626,447.97260457820744,443.9261796037789,447.17724609375,34486200
2024-06-24 00:00:00-04:00,447.1971472141421,450.1300886970985,443.82677977625036,445.0794982910156,15913700
2024-06-25 00:00:00-04:00,445.65606632861267,448.80773551860256,444.1647465305247,448.3404541015625,16747500
2024-06-26 00:00:00-04:00,446.4017395883299,450.9751265075422,445.59642930053803,449.54345703125,16507000
2024-06-27 00:00:00-04:00,449.56332546408174,453.53025683427376,449.15569440393773,450.2294616699219,14806300
2024-06-28 00:00:00-04:00,450.4482280145607,452.74485831487965,443.82676378238773,444.3636474609375,28362300
2024-07-01 00:00:00-04:00,446.0637277902953,454.72331684606445,443.0810879907853,454.0870361328125,17662800
2024-07-02 00:00:00-04:00,450.57745029839504,456.9304570935814,450.48794440717063,456.62225341796875,13979800
2024-07-03 00:00:00-04:00,455.5385808076234,458.3521910129211,455.23037712106725,458.1036376953125,9932800
2024-07-05 00:00:00-04:00,456.95033221316646,465.6397765538939,456.3140515175161,464.8543395996094,16000300
2024-07-08 00:00:00-04:00,463.8501958785038,464.99356542878803,461.77229375422786,463.5419921875,12962300
2024-07-09 00:00:00-04:00,464.29759021110544,464.6256672353131,455.3496709136752,456.8807678222656,17207200
2024-07-10 00:00:00-04:00,458.55104934272356,463.7607172108967,456.20469022907776,463.55194091796875,18196100
2024-07-11 00:00:00-04:00,460.30084022096906,462.0904118522062,448.9369602373819,452.0687561035156,23111200
2024-07-12 00:00:00-04:00,451.70090017355875,453.71915189160546,448.0422026334216,450.9254150390625,16324300
2024-07-15 00:00:00-04:00,450.6768844175797,454.61399099803907,448.8177103695207,451.33306884765625,14429400
2024-07-16 00:00:00-04:00,451.5915769633523,451.671100679191,444.0753266658107,446.91876220703125,17175700
2024-07-17 00:00:00-04:00,440.0288496296795,442.2757813397234,436.63857872187197,440.9534606933594,21778000
2024-07-18 00:00:00-04:00,441.7687136228689,442.07691730431753,431.886231451246,437.8216857910156,20794800
2024-07-19 00:00:00-04:00,430.59376141790096,438.58724438350157,429.5001207828966,434.5805358886719,20940400
2024-07-22 00:00:00-04:00,439.23349185507885,442.0272287343498,436.37015276462773,440.3768310546875,15808800
2024-07-23 00:00:00-04:00,441.33127259326983,445.7953108894537,440.53591409904936,442.2757873535156,13107100
2024-07-24 00:00:00-04:00,437.90124163761953,438.9252800797557,425.11564336198785,426.4180603027344,26805800
2024-07-25 00:00:00-04:00,426.31863260886945,427.3128458662045,415.0939867790631,415.97882080078125,29943800
2024-07-26 00:00:00-04:00,415.7799870015666,426.4379540941027,414.8553456338981,422.8090515136719,23583800
2024-07-29 00:00:00-04:00,429.0825299821325,429.6492388018038,422.2423684855505,424.2606201171875,15125800
2024-07-30 00:00:00-04:00,425.2448982961915,426.5671885866718,414.9448331085773,420.4726867675781,32687600
2024-07-31 00:00:00-04:00,418.0666907004293,419.33928250485553,409.8246539863894,415.92913818359375,42891400
2024-08-01 00:00:00-04:00,418.3550170132677,424.9864026383823,410.69956257647107,414.6962890625,30296400
2024-08-02 00:00:00-04:00,410.1030126570464,412.59849761680636,402.0001807599968,406.12615966796875,29437900
2024-08-05 00:00:00-04:00,386.9179667314658,398.71927263220283,383.34871462184185,392.86334228515625,40709200
2024-08-06 00:00:00-04:00,397.6853041219084,403.3225066578681,396.1939842314513,397.29754638671875,24946500
2024-08-07 00:00:00-04:00,406.27532907710327,407.70696828580475,395.1699533956427,396.1243896484375,20650900
2024-08-08 00:00:00-04:00,400.11118789524573,403.51138026295973,397.62565473832814,400.3597412109375,20203000
2024-08-09 00:00:00-04:00,401.6919660750819,405.68869229684987,399.93221959838144,403.6704406738281,19276700
2024-08-12 00:00:00-04:00,404.7044554196647,406.39463013243375,401.9007666876047,404.4559020996094,16762900
2024-08-13 00:00:00-04:00,407.21979148714996,412.5487901543895,407.19991814538804,411.6142272949219,19414300
2024-08-14 00:00:00-04:00,412.3996465083127,415.30276256625774,410.0632696291805,414.4477233886719,18267000
2024-08-15 00:00:00-04:00,418.1229861127925,419.42775054091777,415.991550712489,419.34808349609375,20752100
2024-08-16 00:00:00-04:00,418.919805326896,419.6568394696199,415.6329698343419,416.7983093261719,22775600
2024-08-19 00:00:00-04:00,417.2863590170559,420.06522222853687,414.7963458443911,419.8460998535156,15234000
2024-08-20 00:00:00-04:00,420.015435317403,424.15879050030776,419.9556774327427,423.10302734375,16387600
2024-08-21 00:00:00-04:00,422.38589043229285,424.69662989295495,420.03533264675815,422.4456787109375,16067300
2024-08-22 00:00:00-04:00,422.66478826233237,425.0851042062188,412.953736731063,413.8899841308594,19361900
2024-08-23 00:00:00-04:00,415.3142739439322,417.58516466451346,410.44379375355777,415.1250305175781,18493800
2024-08-26 00:00:00-04:00,414.70669574720716,415.6130641605339,409.6967906199474,411.83819580078125,13152800
2024-08-27 00:00:00-04:00,411.21070203411466,412.70470986954564,408.6111429903849,412.1867980957031,13492900
2024-08-28 00:00:00-04:00,413.22267925405737,413.3421950254565,405.68291191971673,408.95977783203125,14882700
2024-08-29 00:00:00-04:00,413.2824329478728,420.3640158924635,408.95977368399144,411.4696960449219,17045200
2024-08-30 00:00:00-04:00,413.93977626013776,415.822210323597,410.48363692465733,415.4736328125,24308300
2024-09-03 00:00:00-04:00,416.2405478075573,418.20267931936957,405.4040060811421,407.80438232421875,20313600
2024-09-04 00:00:00-04:00,404.2884945573242,409.5971891641853,402.7546379619835,407.26654052734375,15135800
2024-09-05 00:00:00-04:00,405.9916319874654,411.44975138862225,404.50759397621573,406.7585754394531,14195500
2024-09-06 00:00:00-04:00,407.4258901774711,409.0095348193582,399.19887738785627,400.0953063964844,19609500
2024-09-09 00:00:00-04:00,405.6131601713445,407.01753119323797,400.5434971977151,404.0992431640625,15295100
2024-09-10 00:00:00-04:00,406.56934824108026,414.66684525245614,406.0713456246143,412.5453796386719,19594300
2024-09-11 00:00:00-04:00,413.84017908445105,422.29625388353406,407.9438146629927,421.3500671386719,19266900
2024-09-12 00:00:00-04:00,421.6189886086143,425.6627675750461,418.07321227741465,425.29425048828125,17418800
2024-09-13 00:00:00-04:00,424.12890877471926,430.10494036688726,423.76039168984255,428.8699035644531,15874600
2024-09-16 00:00:00-04:00,428.87987866290234,431.79816683164466,426.50938123863534,429.6169128417969,13834700
2024-09-17 00:00:00-04:00,438.47140586333086,440.08492951868885,430.5431821213062,433.41168212890625,18874200
2024-09-18 00:00:00-04:00,433.2622842089649,434.28816840172493,428.6906237541022,429.0890197753906,18898000
2024-09-19 00:00:00-04:00,439.46742297057807,439.73633345516527,435.1547030637013,436.93756103515625,21706600
2024-09-20 00:00:00-04:00,435.47341133704515,437.4853309751932,432.4853956233,433.53118896484375,55167100
2024-09-23 00:00:00-04:00,432.5451724016005,434.7164566201473,428.6707276626035,431.77825927734375,15128900
2024-09-24 00:00:00-04:00,431.27028375011014,431.6188916752313,424.39785343692114,427.4555969238281,17015800
2024-09-25 00:00:00-04:00,428.11292879639643,431.38979462226376,426.8579828341436,430.3838195800781,13396400
2024-09-26 00:00:00-04:00,433.3519348863203,433.56108748494046,427.41575191106693,429.5870361328125,14492000
2024-09-27 00:00:00-04:00,429.7961684722898,430.1248672217253,425.762359424982,426.3101501464844,14896100
2024-09-30 00:00:00-04:00,426.49940732473704,428.7006008520287,423.67075601092984,428.5810546875,16807300
2024-10-01 00:00:00-04:00,426.73847108913304,426.7683500314763,417.1369656739266,419.00946044921875,19092900
2024-10-02 00:00:00-04:00,420.89186366215563,421.13092557899313,415.0453180067373,415.4636535644531,16582300
2024-10-03 00:00:00-04:00,415.9616796785687,417.8739927473743,412.63502577299244,414.87603759765625,13686400
2024-10-04 00:00:00-04:00,416.5692334072243,418.07321108796054,413.3123071245128,414.39794921875,19169700
2024-10-07 00:00:00-04:00,414.3381769946468,415.4437282135342,407.3661403625253,407.90399169921875,20919800
2024-10-08 00:00:00-04:00,409.25856700863125,413.99956190900485,406.5394920239681,413.0533447265625,19229300
2024-10-09 00:00:00-04:00,414.19871346026423,418.70067647812056,412.6449477589923,415.7923278808594,14974300
2024-10-10 00:00:00-04:00,413.57128437543724,415.68281071093077,411.49957636636015,414.1788330078125,13848400
2024-10-11 00:00:00-04:00,414.47761722865823,415.4636526469778,411.59914761969196,414.6568908691406,14144900
2024-10-14 00:00:00-04:00,416.10111495840073,422.3460875183581,415.8521136383557,417.4656677246094,16653100
2024-10-15 00:00:00-04:00,420.4934907291295,420.7923105426525,413.60115139482065,417.0672302246094,18900200
2024-10-16 00:00:00-04:00,413.51151588006746,414.6967341717602,408.84024879356656,414.45770263671875,15508900
2024-10-17 00:00:00-04:00,420.6727515049861,420.81220682616237,413.9298070859751,415.0552978515625,14820000
2024-10-18 00:00:00-04:00,415.47364856596283,417.97360109842316,414.5971590742364,416.48956298828125,17145300
2024-10-21 00:00:00-04:00,414.457708513249,417.2863598354636,412.09718088424023,417.1070861816406,14206100
2024-10-22 00:00:00-04:00,416.8182287379404,428.85992860317606,416.3700446113444,425.8022155761719,25482200
2024-10-23 00:00:00-04:00,429.13881136450993,429.3579337373482,420.8421009299413,422.9038391113281,19654400
2024-10-24 00:00:00-04:00,423.6309040350223,424.27833177082186,420.71261591698874,423.0333251953125,13581600
2024-10-25 00:00:00-04:00,425.0552047565001,430.79217425375066,424.8659613297776,426.43963623046875,16899100
2024-10-28 00:00:00-04:00,429.9356180313113,430.21449827781026,424.5970142324742,424.8858642578125,14882400
2024-10-29 00:00:00-04:00,426.29025434116863,431.43961494644003,424.09903059516625,430.2244873046875,17644100
2024-10-30 00:00:00-04:00,435.69254402246366,436.7483071680008,430.3738795735308,430.8021545410156,29749100
2024-10-31 00:00:00-04:00,413.70073237613923,414.4975548257246,404.67692710480617,404.72674560546875,53971000
2024-11-01 00:00:00-04:00,407.37612978056814,413.8401943287888,405.8721520793777,408.7306823730469,24230400
2024-11-04 00:00:00-05:00,408.1629515330161,408.78050033889826,403.9498686523884,406.82830810546875,19672300
2024-11-05 00:00:00-05:00,406.73866209939297,413.24257521436044,406.4498120639611,409.8163146972656,17626000
2024-11-06 00:00:00-05:00,410.77248502778195,418.77040570560524,408.8800507986786,418.50146484375,26681800
2024-11-07 00:00:00-05:00,419.5970836269586,425.14484007349097,418.2026823789465,423.7304992675781,19901800
2024-11-08 00:00:00-05:00,423.6209440547306,424.7962229099081,420.095077093531,420.85205078125,16891400
2024-11-11 00:00:00-05:00,420.83211176857736,423.11297221775334,414.3381687204943,416.34014892578125,24503300
2024-11-12 00:00:00-05:00,416.57918414479684,422.744458901271,415.533390819855,421.340087890625,19401200
2024-11-13 00:00:00-05:00,419.9556581526565,427.6149103778975,416.5393371261829,423.5014343261719,21502200
2024-11-14 00:00:00-05:00,423.30222788535474,426.4595778768523,418.3222016749388,425.1846923828125,30246900
2024-11-15 00:00:00-05:00,418.14294637599176,421.1110226744225,411.98764100476023,413.3421936035156,28247600
2024-11-18 00:00:00-05:00,413.21269235073834,416.72858966014985,410.45376875637714,414.0991516113281,24742000
2024-11-19 00:00:00-05:00,411.4597051471197,416.27042741990954,409.9059394231008,416.12103271484375,18133500
2024-11-20 00:00:00-05:00,415.2046922657536,415.62302783332285,408.93981090505724,413.8302001953125,19191700
2024-11-21 00:00:00-05:00,418.6605301722443,418.9399686403921,409.4689690149979,412.0437927246094,20780200
2024-11-22 00:00:00-05:00,410.5467888521348,416.56472079906104,410.2374116400306,416.16552734375,24814600
2024-11-25 00:00:00-05:00,417.54278213072394,420.23736087052777,414.0198472532827,417.95196533203125,27691100
2024-11-26 00:00:00-05:00,418.75036014607525,428.18146205416855,418.01185069672323,427.133544921875,23458900
2024-11-27 00:00:00-05:00,424.2593075311874,426.37509083138485,421.17549451394376,422.1435546875,18332400
2024-11-29 00:00:00-05:00,419.24935840992123,424.0297817162198,416.9639323784013,422.61260986328125,16271900
2024-12-02 00:00:00-05:00,420.72641076442574,432.13353107658475,420.4669212999132,430.1175842285156,20207200
2024-12-03 00:00:00-05:00,428.9798333762607,431.60457529422956,426.88402964452257,430.3371276855469,18302000
2024-12-04 00:00:00-05:00,432.1634480898198,438.79017518476684,431.7642546343851,436.544677734375,26009400
2024-12-05 00:00:00-05:00,437.0436765362191,443.770179142923,435.2971785217715,441.7342529296875,21697800
2024-12-06 00:00:00-05:00,441.4148949698492,445.2073090094776,440.88595677867977,442.682373046875,18821000
2024-12-09 00:00:00-05:00,441.7143023543043,447.4328163406456,439.6184986530788,445.12744140625,19144400
2024-12-10 00:00:00-05:00,443.500747434082,448.7202622082635,440.71632196493806,442.4428405761719,18469500
2024-12-11 00:00:00-05:00,443.1614051498909,449.4488165759074,443.1614051498909,448.0915222167969,19200200
2024-12-12 00:00:00-05:00,448.2112581986308,455.24716851093444,448.2112581986308,448.6603698730469,20834800
2024-12-13 00:00:00-05:00,447.5426110314286,450.5266178755225,444.6883184556146,446.37493896484375,20177800
2024-12-16 00:00:00-05:00,446.37494735046533,451.27512549789225,444.38893932865295,450.6863098144531,23598800
2024-12-17 00:00:00-05:00,450.10748972576295,454.3789237624039,448.67036888572403,453.5505676269531,22733500
2024-12-18 00:00:00-05:00,450.4168569277278,451.7441820228141,436.1454548251872,436.5147399902344,24444500
2024-12-19 00:00:00-05:00,440.73626782337294,442.29314366547726,435.4468858542376,436.15545654296875,22963700
2024-12-20 00:00:00-05:00,432.2432815476765,442.85201454579715,427.7722660445124,435.726318359375,64263700
2024-12-23 00:00:00-05:00,435.86603695951885,436.7742196281346,431.96385754199804,434.3790283203125,19152500
2024-12-24 00:00:00-05:00,433.7802087154167,438.7203153724094,433.32113775673025,438.4508361816406,7164500
2024-12-26 00:00:00-05:00,438.20133650274425,440.0576302640168,435.7562575113133,437.2332763671875,8194200
2024-12-27 00:00:00-05:00,433.73031978660106,434.3490742197977,425.49682901810996,429.66845703125,18117700
2024-12-30 00:00:00-05:00,425.2074080072107,426.6944166190143,421.05572893712207,423.9798583984375,13158700
2024-12-31 00:00:00-05:00,425.24732556190753,425.8760697244736,419.81820926028456,420.6565246582031,13246500
2025-01-02 00:00:00-05:00,424.67847521686525,425.2174031564215,414.01985416103116,417.74237060546875,16896500
2025-01-03 00:00:00-05:00,420.2373611517797,423.1814700735548,418.7004647827294,422.5028381347656,16662900
2025-01-06 00:00:00-05:00,427.1435291929144,433.450889550372,424.6285829292995,426.99383544921875,20573600
2025-01-07 00:00:00-05:00,428.1415176926379,429.7882097463078,419.957914728963,421.5247802734375,18139100
2025-01-08 00:00:00-05:00,422.61261379874435,426.11559975123726,420.69647292951623,423.7104187011719,15054600
2025-01-10 00:00:00-05:00,423.7802594986814,423.86008600637365,414.1894746460312,418.11163330078125,20201100
2025-01-13 00:00:00-05:00,414.4090535363967,417.66253969684465,411.4649750549722,416.35516357421875,17604800
2025-01-14 00:00:00-05:00,416.9739281792526,418.9000587938386,409.89811945983064,414.8382263183594,16935900
2025-01-15 00:00:00-05:00,418.29128437786517,427.29322350331137,417.4329894853562,425.4569091796875,19637800
2025-01-16 00:00:00-05:00,427.84212760615685,428.6305247845027,423.5407549144398,423.7303466796875,15300000
2025-01-17 00:00:00-05:00,433.22135040368397,433.61058460419247,427.31321381371214,428.1714782714844,26197500
2025-01-21 00:00:00-05:00,429.33912735658424,430.03770829379437,424.7483264493822,427.64251708984375,26085700
2025-01-22 00:00:00-05:00,436.68440364505375,446.37496460039233,435.1275277712005,445.30712890625,27803800
2025-01-23 00:00:00-05:00,441.1155043659929,445.85599903960934,440.61650492666485,445.8160705566406,18389300
2025-01-24 00:00:00-05:00,444.2691915941594,445.7562002010948,440.5167060042179,443.17138671875,15549500
2025-01-27 00:00:00-05:00,423.16152296669173,434.32913308449037,422.6525337820519,433.6903991699219,35647800
2025-01-28 00:00:00-05:00,433.73032267022137,447.4827461239755,430.51676503368185,446.30511474609375,23491700
2025-01-29 00:00:00-05:00,445.79611510422404,445.98573732495043,439.51869372032735,441.44482421875,23581400
2025-01-30 00:00:00-05:00,417.9319804505241,422.0137922192137,412.33322134699057,414.1595458984375,54586300
2025-01-31 00:00:00-05:00,418.141600337115,419.84816997012905,414.0797374049759,414.22943115234375,34223400
2025-02-03 00:00:00-05:00,410.7763492208031,414.57872255523336,407.8422300476431,410.09771728515625,25679100
2025-02-04 00:00:00-05:00,411.86416676091864,413.09171636714575,408.9200578355856,411.5447998046875,20532100
2025-02-05 00:00:00-05:00,411.5248607564065,413.0018796658512,409.5787506797878,412.4629821777344,16316700
2025-02-06 00:00:00-05:00,413.1715497090401,417.36315732347487,413.1715497090401,414.9879150390625,16309800
2025-02-07 00:00:00-05:00,415.6465973451397,417.8122379259866,407.2833615993766,408.9300537109375,22886800
2025-02-10 00:00:00-05:00,412.8821197108573,414.62861779989964,410.0977246861568,411.3951110839844,20817900
2025-02-11 00:00:00-05:00,408.8202828688126,411.6645553606299,408.48093644203584,410.6166687011719,18140600
2025-02-12 00:00:00-05:00,406.3951110778186,409.92803560329327,403.56079794352274,408.2214660644531,19121700
2025-02-13 00:00:00-05:00,406.185550721702,410.17754630619044,405.54681680905935,409.7184753417969,23891700
2025-02-14 00:00:00-05:00,406.9739674594389,408.0917213200678,405.06778596420224,407.6126708984375,22758500
2025-02-18 00:00:00-05:00,407.18354917543536,409.7783523938356,405.6865508328786,408.8202819824219,21423100
2025-02-19 00:00:00-05:00,407.06380569744374,414.6585628844229,406.8342549807474,413.94000244140625,24114200
2025-02-20 00:00:00-05:00,415.2900085449219,419.30999755859375,412.5400085449219,416.1300048828125,23508700
2025-02-21 00:00:00-05:00,417.3399963378906,418.04998779296875,407.8900146484375,408.2099914550781,27524800
2025-02-24 00:00:00-05:00,408.510009765625,409.3699951171875,399.32000732421875,404.0,26443700
2025-02-25 00:00:00-05:00,401.1000061035156,401.9200134277344,396.70001220703125,397.8999938964844,29387400
2025-02-26 00:00:00-05:00,398.010009765625,403.6000061035156,394.25,399.7300109863281,19619000
2025-02-27 00:00:00-05:00,401.2699890136719,405.739990234375,392.1700134277344,392.5299987792969,21127400
2025-02-28 00:00:00-05:00,392.6600036621094,397.6300048828125,386.57000732421875,396.989990234375,32845700
2025-03-03 00:00:00-05:00,398.82000732421875,398.82000732421875,386.1600036621094,388.489990234375,23007700
2025-03-04 00:00:00-05:00,383.3999938964844,392.5799865722656,381.0,388.6099853515625,29342900
2025-03-05 00:00:00-05:00,389.3399963378906,401.6700134277344,388.80999755859375,401.0199890136719,23433100
2025-03-06 00:00:00-05:00,394.2799987792969,402.1499938964844,392.67999267578125,396.8900146484375,23304600
2025-03-07 00:00:00-05:00,392.32000732421875,394.79998779296875,385.5400085449219,393.30999755859375,22034100
2025-03-10 00:00:00-04:00,385.8399963378906,386.3999938964844,377.2200012207031,380.1600036621094,32840100
2025-03-11 00:00:00-04:00,379.0,386.0,376.9100036621094,380.45001220703125,30380200
2025-03-12 00:00:00-04:00,382.95001220703125,385.2200012207031,378.95001220703125,383.2699890136719,24253600
2025-03-13 00:00:00-04:00,383.1600036621094,385.32000732421875,377.45001220703125,378.7699890136719,20473000
2025-03-14 00:00:00-04:00,379.7799987792969,390.2300109863281,379.510009765625,388.55999755859375,19952800
2025-03-17 00:00:00-04:00,386.70001220703125,392.7099914550781,385.57000732421875,388.70001220703125,22474300
2025-03-18 00:00:00-04:00,387.07000732421875,387.3699951171875,381.1000061035156,383.5199890136719,19486900
2025-03-19 00:00:00-04:00,385.5299987792969,389.67999267578125,384.0,387.82000732421875,19185500
2025-03-20 00:00:00-04:00,385.739990234375,391.7900085449219,383.2799987792969,386.8399963378906,18470500
2025-03-21 00:00:00-04:00,383.2200012207031,391.739990234375,382.79998779296875,391.260009765625,39675900
2025-03-24 00:00:00-04:00,395.3999938964844,395.3999938964844,389.80999755859375,393.0799865722656,21004500
2025-03-25 00:00:00-04:00,393.9200134277344,396.3599853515625,392.6400146484375,395.1600036621094,15775000
2025-03-26 00:00:00-04:00,395.0,395.30999755859375,388.57000732421875,389.9700012207031,16108400
2025-03-27 00:00:00-04:00,390.1300048828125,392.239990234375,387.3999938964844,390.5799865722656,13766800
2025-03-28 00:00:00-04:00,388.0799865722656,389.1300048828125,376.92999267578125,378.79998779296875,21632000
2025-03-31 00:00:00-04:00,372.5400085449219,377.07000732421875,367.239990234375,375.3900146484375,35184700
2025-04-01 00:00:00-04:00,374.6499938964844,382.8500061035156,373.2300109863281,382.19000244140625,19689500
2025-04-02 00:00:00-04:00,377.9700012207031,385.0799865722656,376.6199951171875,382.1400146484375,16092600
2025-04-03 00:00:00-04:00,374.7900085449219,377.4800109863281,369.3500061035156,373.1099853515625,30198000
2025-04-04 00:00:00-04:00,364.1300048828125,374.5899963378906,359.4800109863281,359.8399963378906,49209900
2025-04-07 00:00:00-04:00,350.8800048828125,371.0,344.7900085449219,357.8599853515625,50425000
2025-04-08 00:00:00-04:00,368.260009765625,373.6499938964844,350.25,354.55999755859375,35868900
2025-04-09 00:00:00-04:00,353.5400085449219,393.2300109863281,353.1000061035156,390.489990234375,50199700
2025-04-10 00:00:00-04:00,382.05999755859375,383.8999938964844,367.79998779296875,381.3500061035156,38024400
2025-04-11 00:00:00-04:00,380.6400146484375,390.04998779296875,378.8900146484375,388.45001220703125,23839200
2025-04-14 00:00:00-04:00,393.2200012207031,394.6499938964844,384.2099914550781,387.80999755859375,19251200
2025-04-15 00:00:00-04:00,388.510009765625,391.8900146484375,384.1600036621094,385.7300109863281,17199900
2025-04-16 00:00:00-04:00,380.6700134277344,381.6099853515625,368.0,371.6099853515625,21967800
2025-04-17 00:00:00-04:00,373.75,374.32000732421875,366.8900146484375,367.7799987792969,20943700
2025-04-21 00:00:00-04:00,362.82000732421875,364.4800109863281,355.6700134277344,359.1199951171875,20807300
2025-04-22 00:00:00-04:00,363.3800048828125,367.7699890136719,359.8599853515625,366.82000732421875,19485000
