date,Open,High,Low,Close,Volume
2010-01-04 00:00:00-05:00,0.42434214125839825,0.4268639021763767,0.4151721413075756,0.4238836467266083,800204000
2010-01-05 00:00:00-05:00,0.4222788355428902,0.4346583499196079,0.4222788355428902,0.4300733506679535,728648000
2010-01-06 00:00:00-05:00,0.42984411806972883,0.4337413622244333,0.42571761300584926,0.43282437324523926,649168000
2010-01-07 00:00:00-05:00,0.43053186701937474,0.4323658722790436,0.4211326071440421,0.4243420958518982,547792000
2010-01-08 00:00:00-05:00,0.42090337688908913,0.4282393984619843,0.4183816433860667,0.42525914311408997,478168000
2010-01-11 00:00:00-05:00,0.42755169015138955,0.4293856957467712,0.41333816728374995,0.4192986786365509,556612000
2010-01-12 00:00:00-05:00,0.4131089545306417,0.4147136992593711,0.3963736697079702,0.40508517622947693,627432000
2010-01-13 00:00:00-05:00,0.40783613752026604,0.4119626428698664,0.39201787156825724,0.4105871319770813,508868000
2010-01-14 00:00:00-05:00,0.40554366977156275,0.4085238980612039,0.3972906584173457,0.40416815876960754,608524000
2010-01-15 00:00:00-05:00,0.40118790735647436,0.4046266575686504,0.38697438461647415,0.39224714040756226,818192000
2010-01-19 00:00:00-05:00,0.3892668829596011,0.40210489462391924,0.38812063289417115,0.3995831608772278,545328000
2010-01-20 00:00:00-05:00,0.3945395858832555,0.39958310735864366,0.3892668308227384,0.3979783356189728,719728000
2010-01-21 00:00:00-05:00,0.397749083567569,0.40485584362294086,0.3872035739361305,0.3908715844154358,608632000
2010-01-22 00:00:00-05:00,0.386286568417549,0.39339332867098287,0.37505333042083405,0.37734583020210266,1067916000
2010-01-25 00:00:00-05:00,0.3835356616569275,0.39110091812702547,0.3807846667574626,0.38376492261886597,643676000
2010-01-26 00:00:00-05:00,0.38193088551218546,0.3844526465711644,0.3713853740476006,0.37161463499069214,714636000
2010-01-27 00:00:00-05:00,0.37138533908049065,0.3830770995022028,0.3672588337946655,0.38170158863067627,812504000
2010-01-28 00:00:00-05:00,0.3846818795856162,0.3860573905845065,0.3635908566893364,0.36886361241340637,687764000
2010-01-29 00:00:00-05:00,0.37299011095772083,0.37711661654682405,0.34731408832719296,0.352816104888916,774700000
2010-02-01 00:00:00-05:00,0.3541915349637319,0.38055530909322915,0.35121127985963635,0.3798675537109375,949832000
2010-02-02 00:00:00-05:00,0.3784921664531153,0.388579184189499,0.3773459163009416,0.38376492261886597,849812000
2010-02-03 00:00:00-05:00,0.3803261546760058,0.38857916632370926,0.3784921490510985,0.38697439432144165,562296000
2010-02-04 00:00:00-05:00,0.38353564074133706,0.38353564074133706,0.3603813779986115,0.36450788378715515,783480000
2010-02-05 00:00:00-05:00,0.3640494140469832,0.37276092078835193,0.3576303803125434,0.3718439042568207,604856000
2010-02-08 00:00:00-05:00,0.37069763168707925,0.38009689342689296,0.3638201310956326,0.37115612626075745,445160000
2010-02-09 00:00:00-05:00,0.37711663123234956,0.37895063682434305,0.36450788036443615,0.3681758642196655,930144000
2010-02-10 00:00:00-05:00,0.3704683816201405,0.37872136556628544,0.3679466205837103,0.3752826154232025,535828000
2010-02-11 00:00:00-05:00,0.38124305549717846,0.3966028251345412,0.37849206136155067,0.39247632026672363,695980000
2010-02-12 00:00:00-05:00,0.38972531768929297,0.4057728150163955,0.38536955201754297,0.39774906635284424,780212000
2010-02-16 00:00:00-05:00,0.4030219369109333,0.40668994828696525,0.3982076753959862,0.40508517622947693,457024000
2010-02-17 00:00:00-05:00,0.4101286461177384,0.4103578797188741,0.39729063527645264,0.40898239612579346,876560000
2010-02-18 00:00:00-05:00,0.38651586623172857,0.38857913262912297,0.3716146162307107,0.38216012716293335,1515508000
2010-02-19 00:00:00-05:00,0.38055540698057855,0.38468191300700555,0.37826290666909235,0.3800969123840332,510548000
2010-02-22 00:00:00-05:00,0.38170159000494547,0.38743286710443786,0.37826284014250283,0.3807846009731293,458084000
2010-02-23 00:00:00-05:00,0.38193088551218546,0.3835356301275552,0.3677173629306779,0.37161463499069214,489764000
2010-02-24 00:00:00-05:00,0.37482404570961625,0.38307705532961256,0.37367779589176964,0.3794090449810028,445868000
2010-02-25 00:00:00-05:00,0.370697637418548,0.3768874099095584,0.3612983755334095,0.37597039341926575,576972000
2010-02-26 00:00:00-05:00,0.3741363603362251,0.3768873822766431,0.3690928656600529,0.3713853657245636,393396000
2010-03-01 00:00:00-05:00,0.3716146268371191,0.3881206218435999,0.36863437128610366,0.3862866163253784,555868000
2010-03-02 00:00:00-05:00,0.38972538784239047,0.3945396215098639,0.3833063822903366,0.38605737686157227,538648000
2010-03-03 00:00:00-05:00,0.3883498098995084,0.3904130486398239,0.37803356154042805,0.3812430500984192,399300000
2010-03-04 00:00:00-05:00,0.3828479066931057,0.38582816255912705,0.3771166559233567,0.3819309175014496,557396000
2010-03-05 00:00:00-05:00,0.37917985226609563,0.396373601386185,0.37917985226609563,0.39362260699272156,632832000
2010-03-08 00:00:00-05:00,0.39385186272461964,0.3949981126508603,0.3862865804169261,0.38789135217666626,439312000
2010-03-09 00:00:00-05:00,0.39178855510542465,0.4062313081173234,0.3915592942128742,0.402334064245224,830832000
2010-03-10 00:00:00-05:00,0.40118778354140516,0.4076067874221777,0.40095852266651194,0.4032510221004486,418520000
2010-03-11 00:00:00-05:00,0.40004159631110303,0.40141710711782,0.3924763415316662,0.39408108592033386,540660000
2010-03-12 00:00:00-05:00,0.3984368974483729,0.39958314747535806,0.3933933754666333,0.3954566419124603,520352000
2010-03-15 00:00:00-04:00,0.39499822916900484,0.3988954746020974,0.389725472487168,0.39339345693588257,358904000
2010-03-16 00:00:00-04:00,0.3931641301636248,0.40944089099415576,0.3929348692335447,0.4071483910083771,664988000
2010-03-17 00:00:00-04:00,0.409440842419382,0.42044484651139047,0.409440842419382,0.41494283080101013,651168000
2010-03-18 00:00:00-04:00,0.4156306851473583,0.4156306851473583,0.3966029275263083,0.400270938873291,740964000
2010-03-19 00:00:00-04:00,0.4062313867003693,0.40737763672735444,0.39041311993072064,0.3954566419124603,584612000
2010-03-22 00:00:00-04:00,0.3904131173980092,0.403480389483874,0.3904131173980092,0.40187564492225647,435336000
2010-03-23 00:00:00-04:00,0.4048558386933075,0.4121918322338407,0.4021048172029495,0.4101285934448242,493612000
2010-03-24 00:00:00-04:00,0.4066899071043457,0.4078361571271881,0.3956858740905506,0.3963736295700073,436252000
2010-03-25 00:00:00-04:00,0.4021048565185842,0.4046266173550591,0.3966028676574176,0.3975198566913605,495184000
2010-03-26 00:00:00-04:00,0.4009586065617783,0.40508511187203056,0.39431036774380573,0.3975198566913605,344676000
2010-03-29 00:00:00-04:00,0.400041661802747,0.403480412053751,0.39453964500388583,0.4025634229183197,394456000
2010-03-30 00:00:00-04:00,0.4071484143880058,0.40921165356218153,0.3972906584173457,0.40416815876960754,324104000
2010-03-31 00:00:00-04:00,0.4025634539679631,0.40439745970904,0.3968321757788129,0.3988954424858093,389840000
2010-04-01 00:00:00-04:00,0.4007293443959878,0.4053143438963047,0.3906423290980389,0.3947688341140747,339664000
2010-04-05 00:00:00-04:00,0.3972905493594338,0.40141705390379967,0.39683202759881014,0.40072929859161377,413636000
2010-04-06 00:00:00-04:00,0.3956858174246776,0.3966028337088801,0.38399405793455027,0.3908715844154358,809260000
2010-04-07 00:00:00-04:00,0.3883499612384238,0.4000417248664636,0.3851404441009413,0.39339345693588257,817468000
2010-04-08 00:00:00-04:00,0.39087166652265376,0.3938519222470333,0.3849111550738948,0.38697439432144165,1037600000
2010-04-09 00:00:00-04:00,0.3860574564818044,0.390871718470924,0.38399418963128384,0.38949620723724365,817572000
2010-04-12 00:00:00-04:00,0.38995454425852344,0.3982075536673415,0.3892667889196635,0.3966028094291687,546460000
2010-04-13 00:00:00-04:00,0.39820761103263974,0.40623136070814575,0.39660286656328947,0.404855877161026,648696000
2010-04-14 00:00:00-04:00,0.41356748488352935,0.4156307243804907,0.4034804663915502,0.4098994731903076,900720000
2010-04-15 00:00:00-04:00,0.41127484190830293,0.41540134680122914,0.4071483370153767,0.4128795862197876,957596000
2010-04-16 00:00:00-04:00,0.3961444357563549,0.39774918048378355,0.38238940677176336,0.3911009132862091,1917736000
2010-04-19 00:00:00-04:00,0.3881205986000002,0.39041309852829575,0.37619960443861433,0.38926684856414795,1094492000
2010-04-20 00:00:00-04:00,0.3920179754180922,0.39614448186084905,0.38559896843255503,0.3906424641609192,678188000
2010-04-21 00:00:00-04:00,0.3927055214875395,0.3931640158856771,0.37597024366116233,0.38055524230003357,895908000
2010-04-22 00:00:00-04:00,0.37436561076514746,0.38330637716301164,0.3690928552990362,0.38216012716293335,656932000
2010-04-23 00:00:00-04:00,0.38101379905954375,0.38193081533465667,0.3702390559604197,0.37688732147216797,752916000
2010-04-26 00:00:00-04:00,0.37734575418432276,0.38514024093890487,0.37665799892274254,0.38055524230003357,491092000
2010-04-27 00:00:00-04:00,0.37780434983945843,0.381701594261267,0.36863435010402407,0.36978060007095337,606704000
2010-04-28 00:00:00-04:00,0.3695513913689551,0.37574116392808043,0.36290312422401716,0.370468407869339,672164000
2010-04-29 00:00:00-04:00,0.3716146000019966,0.38216011047368814,0.3661125838446449,0.38170158863067627,987128000
2010-04-30 00:00:00-04:00,0.3771166434742747,0.3778043990096928,0.3599228917326145,0.36015212535858154,1068048000
2010-05-03 00:00:00-04:00,0.36198618672729943,0.36404945365113334,0.3507529174631263,0.3562549352645874,1078972000
2010-05-04 00:00:00-04:00,0.35075278251412567,0.3514405378907959,0.33310051293751564,0.3381440341472626,1311376000
2010-05-05 00:00:00-04:00,0.3312665294988411,0.3408950226249665,0.32828627446893877,0.3324127793312073,1330840000
2010-05-06 00:00:00-04:00,0.3301204153433933,0.33699791716419,0.29894236882884717,0.325535386800766,1002888000
2010-05-07 00:00:00-04:00,0.32851561757038916,0.32851561757038916,0.3085708419743175,0.32003337144851685,1153712000
2010-05-10 00:00:00-04:00,0.3392903824060626,0.3434168885341774,0.33012038093414525,0.33378836512565613,979156000
2010-05-11 00:00:00-04:00,0.3305787897750685,0.3367685336969643,0.3275985346041548,0.3301202952861786,829124000
2010-05-12 00:00:00-04:00,0.3324128226976859,0.3383733062063419,0.33034955633300267,0.3365393280982971,901236000
2010-05-13 00:00:00-04:00,0.3351637946934992,0.3505235652831449,0.33264203397105646,0.3358515501022339,1252000000
2010-05-14 00:00:00-04:00,0.31315578894796514,0.31407277795028554,0.28885525244143007,0.2971082627773285,2493068000
2010-05-17 00:00:00-04:00,0.2975667500616726,0.30146402154889895,0.2883967509458516,0.29779601097106934,856060000
2010-05-18 00:00:00-04:00,0.30031781748769876,0.30215182322337497,0.2863335544980222,0.28793832659721375,674112000
2010-05-19 00:00:00-04:00,0.2865626667622085,0.2929816698417921,0.2844994284606885,0.29252317547798157,826520000
2010-05-20 00:00:00-04:00,0.2840410110916792,0.29252328291692586,0.27532950566470626,0.2856457829475403,1129136000
2010-05-21 00:00:00-04:00,0.2773927051675538,0.2998592051161518,0.2773927051675538,0.2918354570865631,1069600000
2010-05-24 00:00:00-04:00,0.2909184910246529,0.29435724044947426,0.28243622058042583,0.28335320949554443,664564000
2010-05-25 00:00:00-04:00,0.27441250777497705,0.2922940125860481,0.2716614860126933,0.2909185290336609,966652000
2010-05-26 00:00:00-04:00,0.3026103028252014,0.3083415528670364,0.29137703634595136,0.2922940254211426,995028000
2010-05-27 00:00:00-04:00,0.29963009245199645,0.30948784947395325,0.298942336877672,0.30948784947395325,713560000
2010-05-28 00:00:00-04:00,0.3090292979338299,0.3090292979338299,0.2966497818629895,0.30123478174209595,545116000
2010-06-01 00:00:00-04:00,0.29710815828649945,0.300546906828948,0.28816739567888655,0.2883966565132141,527492000
2010-06-02 00:00:00-04:00,0.2888553416467595,0.2920648588035628,0.2870213357469808,0.2916063368320465,649088000
2010-06-03 00:00:00-04:00,0.2856456918020988,0.2918354343337367,0.28472867570153404,0.2911476790904999,586360000
2010-06-04 00:00:00-04:00,0.2826655303152142,0.2877090248773316,0.27578800294845585,0.27739277482032776,671456000
2010-06-07 00:00:00-04:00,0.2785389974870227,0.28037300278289345,0.26249147164471864,0.2636377215385437,577248000
2010-06-08 00:00:00-04:00,0.26249147490908137,0.26249147490908137,0.24965346500708496,0.25630173087120056,967636000
2010-06-09 00:00:00-04:00,0.25767725312461076,0.2645547809363923,0.24919500799463282,0.25011199712753296,697152000
2010-06-10 00:00:00-04:00,0.2551555447831931,0.2613452903692668,0.25446778920057145,0.26019904017448425,611768000
2010-06-11 00:00:00-04:00,0.2574480280864126,0.26730578457305376,0.25676027254943606,0.2661595344543457,442104000
2010-06-14 00:00:00-04:00,0.270056558684403,0.2705150528914232,0.25974031604713527,0.2604280710220337,375080000
2010-06-15 00:00:00-04:00,0.26340841463976,0.27464164954107845,0.2629498929468527,0.27326616644859314,528632000
2010-06-16 00:00:00-04:00,0.2714323193627812,0.2739540808239086,0.2661595627896359,0.26982757449150085,366480000
2010-06-17 00:00:00-04:00,0.27922668941322176,0.2808314334340241,0.26959817063091374,0.280143678188324,859068000
2010-06-18 00:00:00-04:00,0.28174851178167265,0.2854165227056972,0.2796852727173811,0.2819777727127075,932832000
2010-06-21 00:00:00-04:00,0.28793824630287157,0.2886259743493058,0.2728077373637799,0.27532947063446045,579836000
2010-06-22 00:00:00-04:00,0.27876821590365997,0.2822069653980686,0.2636377071967613,0.2650132179260254,818164000
2010-06-23 00:00:00-04:00,0.26753501523961615,0.2707445042771366,0.25996973251812777,0.2679935097694397,614060000
2010-06-24 00:00:00-04:00,0.2663887254906391,0.2677642363446757,0.2537799762007354,0.25469696521759033,725028000
2010-06-25 00:00:00-04:00,0.2565310706778418,0.25676033168588974,0.2498828293896306,0.25400933623313904,507220000
2010-06-28 00:00:00-04:00,0.2558431167224008,0.2581356154664173,0.24988260905646167,0.25446760654449463,372008000
2010-06-29 00:00:00-04:00,0.2489656979023592,0.24919495880470802,0.23864944921420284,0.24025419354438782,660808000
2010-06-30 00:00:00-04:00,0.24071271363234784,0.2432344745114931,0.2340644747018814,0.2340644747018814,623072000
2010-07-01 00:00:00-04:00,0.23475222062772963,0.23956645393517387,0.22764544646777504,0.23796170949935913,737008000
2010-07-02 00:00:00-04:00,0.23887870382182486,0.23933719828568842,0.22695768378886377,0.23498143255710602,737096000
2010-07-06 00:00:00-04:00,0.23406449841526458,0.2416297544903913,0.2303964871883068,0.23245975375175476,712020000
2010-07-07 00:00:00-04:00,0.23337674327014843,0.2450685051622518,0.2329182486982294,0.24369299411773682,608412000
2010-07-08 00:00:00-04:00,0.24529780168096596,0.24552703533578557,0.2333767771099661,0.23635703325271606,783272000
2010-07-09 00:00:00-04:00,0.23750325206116174,0.23887876312297157,0.23429373535985823,0.23727399110794067,571516000
2010-07-12 00:00:00-04:00,0.23727398287770882,0.24461000518122175,0.23704474926119737,0.24162974953651428,565396000
2010-07-13 00:00:00-04:00,0.2455269757348698,0.2519459811005771,0.24415149215356094,0.2503412365913391,723316000
2010-07-14 00:00:00-04:00,0.2613452340502399,0.263179239432422,0.2491949791381321,0.25286298990249634,1355664000
2010-07-15 00:00:00-04:00,0.2530923252554806,0.25332158626871515,0.24277607157770487,0.2457563281059265,953088000
2010-07-16 00:00:00-04:00,0.24575622015794754,0.24644397556679035,0.22947946057326601,0.23039644956588745,1288604000
2010-07-19 00:00:00-04:00,0.23360594143524185,0.24071267371183605,0.23200116987169583,0.23979568481445312,798440000
2010-07-20 00:00:00-04:00,0.2336060683085709,0.24713181219903735,0.23154280117575649,0.2457563281059265,1160988000
2010-07-21 00:00:00-04:00,0.24804873211469403,0.24827796570969776,0.2354399552118257,0.23773245513439178,624940000
2010-07-22 00:00:00-04:00,0.24025423852241629,0.24415151061944151,0.2388787548370756,0.24162974953651428,462612000
2010-07-23 00:00:00-04:00,0.24140035395715037,0.24162961477455552,0.23521061250337405,0.23750311136245728,817604000
2010-07-26 00:00:00-04:00,0.23681546486043603,0.24277597555948954,0.23314745407197932,0.24185895919799805,683548000
2010-07-27 00:00:00-04:00,0.2425466788353525,0.24300517328404397,0.2368154299048327,0.23979568481445312,683472000
2010-07-28 00:00:00-04:00,0.2358985409907945,0.24002504743549924,0.23154277356019867,0.2322305291891098,1320808000
2010-07-29 00:00:00-04:00,0.2154951932821179,0.22008019303353196,0.20792993822653383,0.20930543541908264,2664476000
2010-07-30 00:00:00-04:00,0.20770072077819254,0.21434897410468437,0.20449121775874352,0.2106809765100479,984288000
2010-08-02 00:00:00-04:00,0.21434888975101785,0.2152658922048997,0.20953463028423155,0.2104516327381134,917020000
2010-08-03 00:00:00-04:00,0.20884699560310674,0.2090762429178379,0.2033449917276548,0.2049497365951538,955444000
2010-08-04 00:00:00-04:00,0.20678370845110633,0.21434896424433994,0.20586670567853582,0.21366120874881744,855496000
2010-08-05 00:00:00-04:00,0.21434893409067984,0.21687068111221666,0.2104516762715988,0.21641218662261963,800504000
2010-08-06 00:00:00-04:00,0.2154952048369914,0.22122645483356915,0.21366119937233538,0.21893395483493805,739904000
2010-08-09 00:00:00-04:00,0.22122643175807483,0.22145569266552664,0.21572442960238267,0.2209971845149994,466456000
2010-08-10 00:00:00-04:00,0.2173292062586366,0.21778770078408224,0.2109102009161322,0.21182720363140106,772560000
2010-08-11 00:00:00-04:00,0.2074714400142612,0.2074714400142612,0.20288644004270381,0.20357419550418854,796148000
2010-08-12 00:00:00-04:00,0.1999061842675084,0.20999320058564097,0.19830143974584688,0.20540820062160492,1343584000
2010-08-13 00:00:00-04:00,0.21205647142050593,0.2182462300994362,0.21159796318630059,0.21526597440242767,1797392000
2010-08-16 00:00:00-04:00,0.21228573652700722,0.21664148996354354,0.20701298020945585,0.20976398885250092,814008000
2010-08-17 00:00:00-04:00,0.21182716545742974,0.21641216454312082,0.2097639131359937,0.21251490712165833,481224000
2010-08-18 00:00:00-04:00,0.2118272168680549,0.21549521429395846,0.2104517058770099,0.21366120874881744,352920000
2010-08-19 00:00:00-04:00,0.21595366101283567,0.2271869254081061,0.21480741121711935,0.22649917006492615,1615100000
2010-08-20 00:00:00-04:00,0.22489443281967475,0.2340644451353263,0.22466518558626802,0.22856242954730988,1305308000
2010-08-23 00:00:00-04:00,0.22925023911659845,0.23498148962876178,0.224435977754878,0.22512373328208923,748620000
2010-08-24 00:00:00-04:00,0.21778772565807963,0.225123734553714,0.21732923108026836,0.22283123433589935,641332000
2010-08-25 00:00:00-04:00,0.22030944105890438,0.2292501927837761,0.2191631775237593,0.22741618752479553,757532000
2010-08-26 00:00:00-04:00,0.23039645942193612,0.2329182202526528,0.22466520965099335,0.22466520965099335,657596000
2010-08-27 00:00:00-04:00,0.2260407324178972,0.23383523572045267,0.22030948199901507,0.23200123012065887,1060416000
2010-08-30 00:00:00-04:00,0.22925019458072585,0.23108419985408205,0.2209971845149994,0.2209971845149994,602804000
2010-08-31 00:00:00-04:00,0.21778769252423685,0.224665205795727,0.21320269278616147,0.2138904482126236,931488000
2010-09-01 00:00:00-04:00,0.2170999871432694,0.21985098198136918,0.21434897864079022,0.21549522876739502,851440000
2010-09-02 00:00:00-04:00,0.21618303424199412,0.22008028010686523,0.21411978080466954,0.2193925380706787,596292000
2010-09-03 00:00:00-04:00,0.22466519394788062,0.22764543542183865,0.2219141860514851,0.22695769369602203,566484000
2010-09-07 00:00:00-04:00,0.22626997464254794,0.23429372504957782,0.2258114800850405,0.22902098298072815,899820000
2010-09-08 00:00:00-04:00,0.2294795373249063,0.23819104498347146,0.22695777575863973,0.23658627271652222,1224156000
2010-09-09 00:00:00-04:00,0.23956650169912672,0.23979576266227554,0.2303965004333257,0.23337675631046295,697748000
2010-09-10 00:00:00-04:00,0.2349814485070322,0.2356692039138863,0.228791704502852,0.23085494339466095,609292000
2010-09-13 00:00:00-04:00,0.23498143852733944,0.24690245886318093,0.23498143852733944,0.24392220377922058,1015792000
2010-09-14 00:00:00-04:00,0.24185898315302573,0.2448392387977332,0.2395664830153673,0.24162974953651428,698536000
2010-09-15 00:00:00-04:00,0.23933721921051807,0.24231747447931679,0.23612770302536795,0.2420882135629654,555572000
2010-09-16 00:00:00-04:00,0.23887873293785383,0.24438072183233606,0.23887873293785383,0.24231748282909393,365280000
2010-09-17 00:00:00-04:00,0.2446099809537179,0.24483921454752477,0.2411712310878227,0.24185895919799805,416884000
2010-09-20 00:00:00-04:00,0.24185898800974023,0.24644401570588537,0.23956648782604661,0.2455269992351532,443168000
2010-09-21 00:00:00-04:00,0.2441515513875794,0.26295005018957845,0.2441515513875794,0.25882354378700256,1779624000
2010-09-22 00:00:00-04:00,0.25790645237254206,0.2634084678399534,0.25630170810949543,0.2611159682273865,999996000
2010-09-23 00:00:00-04:00,0.26409621453880416,0.27464172443393886,0.2618037147641012,0.2663887143135071,1240872000
2010-09-24 00:00:00-04:00,0.2723492209592439,0.28197774174519064,0.27028598212154253,0.28106072545051575,1086976000
2010-09-27 00:00:00-04:00,0.28312410262846954,0.2833533362954551,0.27143233842054104,0.27510035037994385,999504000
2010-09-28 00:00:00-04:00,0.27532947192897195,0.27830972701629036,0.2695982226567259,0.27441248297691345,723192000
2010-09-29 00:00:00-04:00,0.2718907438833759,0.2803730153405987,0.2693689830725116,0.2723492383956909,974904000
2010-09-30 00:00:00-04:00,0.27578792878530706,0.2789974443372124,0.26547168150248335,0.2677641808986664,787632000
2010-10-01 00:00:00-04:00,0.27166154212230986,0.27212006406323114,0.2581358007553798,0.26019904017448425,999120000
2010-10-04 00:00:00-04:00,0.2576773166656494,0.26203308444291445,0.2524045595293624,0.2576773166656494,749500000
2010-10-05 00:00:00-04:00,0.26317927341643094,0.2636377679889927,0.25882350665519943,0.259511262178421,753588000
2010-10-06 00:00:00-04:00,0.25951129897705205,0.2606575492353734,0.2446100456188748,0.24713177978992462,1057604000
2010-10-07 00:00:00-04:00,0.2482779579117534,0.24850721882831125,0.23796170858421997,0.24529772996902466,761488000
2010-10-08 00:00:00-04:00,0.2443806376206965,0.25102890151674095,0.2409418889144221,0.24896563589572906,706932000
2010-10-11 00:00:00-04:00,0.2501120133925961,0.25217528006893436,0.24667326292745836,0.24781951308250427,442680000
2010-10-12 00:00:00-04:00,0.24575619218592265,0.25377994060873255,0.24369292619423563,0.2526336908340454,605208000
2010-10-13 00:00:00-04:00,0.25676013422491356,0.2636376312320444,0.25400914088780996,0.2599696218967438,968732000
2010-10-14 00:00:00-04:00,0.2601990818569914,0.2606575765426008,0.25469706364338496,0.2558433413505554,599172000
2010-10-15 00:00:00-04:00,0.2599697940472313,0.26295005018957845,0.25584331497341734,0.25882354378700256,639940000
2010-10-18 00:00:00-04:00,0.25905256107223684,0.2615743202039523,0.2544675643445623,0.2604280710220337,448156000
2010-10-19 00:00:00-04:00,0.2546970373844267,0.26065754966912097,0.25263379784751977,0.25882354378700256,866136000
2010-10-20 00:00:00-04:00,0.2590528047705531,0.26593030633192555,0.2544678037296381,0.25882354378700256,763532000
2010-10-21 00:00:00-04:00,0.2590528990786868,0.2595113938839408,0.250341388463773,0.25423863530158997,1014428000
2010-10-22 00:00:00-04:00,0.25584321671160515,0.2725784695491816,0.2530921952806326,0.27051520347595215,1322676000
2010-10-25 00:00:00-04:00,0.2725785813461044,0.2751003429158683,0.27005681977634044,0.2730370759963989,673136000
2010-10-26 00:00:00-04:00,0.2698274695397746,0.27624647385693046,0.2675349699499869,0.2721199691295624,675248000
2010-10-27 00:00:00-04:00,0.2695982143747257,0.27693420775209004,0.26891045901743343,0.2760172188282013,496796000
2010-10-28 00:00:00-04:00,0.279685207482935,0.2806021963356827,0.27372469795382753,0.27624645829200745,704448000
2010-10-29 00:00:00-04:00,0.2757880033072228,0.27853902518900725,0.2728077751498828,0.2755587697029114,554664000
2010-11-01 00:00:00-04:00,0.2773927295427858,0.28174846792438457,0.27372471918972796,0.2760172188282013,473920000
2010-11-02 00:00:00-04:00,0.27716347427422827,0.28633347301428486,0.27555872996046876,0.2817484736442566,581036000
2010-11-03 00:00:00-04:00,0.28358251689936737,0.28564578328990936,0.27624652238898106,0.2838117778301239,671748000
2010-11-04 00:00:00-04:00,0.2865627866670948,0.28954304227199323,0.28381179200440276,0.2842702865600586,700016000
2010-11-05 00:00:00-04:00,0.2863335611887126,0.29160631755370414,0.28495807735138456,0.2890845835208893,735116000
2010-11-08 00:00:00-05:00,0.2888552995855109,0.29275254447457266,0.28656279937679724,0.29023081064224243,605156000
2010-11-09 00:00:00-05:00,0.290230936905173,0.2925234381112233,0.28702141881944054,0.28862616419792175,633964000
2010-11-10 00:00:00-05:00,0.290689245381424,0.29206475615501404,0.2865627403894064,0.29206475615501404,521016000
2010-11-11 00:00:00-05:00,0.28518731099322575,0.2938988179446778,0.28129006579432253,0.2890845835208893,1089980000
2010-11-12 00:00:00-05:00,0.30008841242622586,0.31361417308760586,0.2987129020780367,0.3039856553077698,2142560000
2010-11-15 00:00:00-05:00,0.3053612253883538,0.30971696346174843,0.2996299766977033,0.3003177046775818,733548000
2010-11-16 00:00:00-05:00,0.29527434274712616,0.29940084910720116,0.2909186027346235,0.29137709736824036,739356000
2010-11-17 00:00:00-05:00,0.2911477535978595,0.29963002488722623,0.28839675924965447,0.2961912751197815,551764000
2010-11-18 00:00:00-05:00,0.3000885744328878,0.3083415863200289,0.3000885744328878,0.3053613305091858,993120000
2010-11-19 00:00:00-05:00,0.3046736203681762,0.3163653843958798,0.3042151257125092,0.31521913409233093,716484000
2010-11-22 00:00:00-05:00,0.3131557251768159,0.31728220217569403,0.3104047040725662,0.31544822454452515,462668000
2010-11-23 00:00:00-05:00,0.3117802441443064,0.31498973263147717,0.30581973429241693,0.308112233877182,457832000
2010-11-24 00:00:00-05:00,0.31132178484165535,0.3168237735347714,0.31109252392579473,0.3156775236129761,397784000
2010-11-26 00:00:00-05:00,0.31544837499051387,0.31728235349635747,0.3117803633213043,0.3117803633213043,143104000
2010-11-29 00:00:00-05:00,0.31040487188592053,0.3163653843958798,0.30902938791891965,0.31521913409233093,468192000
2010-11-30 00:00:00-05:00,0.3104047689510846,0.3136142851339559,0.30627826376096656,0.3120095133781433,720936000
2010-12-01 00:00:00-05:00,0.3181992819652365,0.3278277757697266,0.31774078746573764,0.325764536857605,626536000
2010-12-02 00:00:00-05:00,0.32576466005283183,0.33172517278667946,0.3255353990520054,0.32966190576553345,529316000
2010-12-03 00:00:00-05:00,0.3280570178062791,0.33906102180480957,0.32736926243222997,0.33906102180480957,606044000
2010-12-06 00:00:00-05:00,0.34020730376855507,0.3408950592075304,0.3312665650481398,0.3326420485973358,438424000
2010-12-07 00:00:00-05:00,0.3404364365980473,0.351440437495008,0.3397486814178477,0.343416690826416,1026812000
2010-12-08 00:00:00-05:00,0.3429582337241649,0.35006496514795843,0.34043647356584467,0.3463969826698303,613252000
2010-12-09 00:00:00-05:00,0.3381440836157064,0.3429583446279433,0.3333298226034695,0.3406658172607422,942408000
2010-12-10 00:00:00-05:00,0.3406657659187446,0.34593852067825837,0.33974877697306916,0.34272903203964233,451900000
2010-12-13 00:00:00-05:00,0.3441045605517629,0.34479228863214834,0.3331005286630479,0.3340175449848175,609108000
2010-12-14 00:00:00-05:00,0.34043662507608957,0.34662637046726447,0.3340176187216728,0.334476113319397,755160000
2010-12-15 00:00:00-05:00,0.33516381281607305,0.3392903181628512,0.3266815411976243,0.32714006304740906,624176000
2010-12-16 00:00:00-05:00,0.3305787671395475,0.33241277229828126,0.3266814959289565,0.327598512172699,631872000
2010-12-17 00:00:00-05:00,0.3278277753531008,0.33126655241685593,0.32393053111918313,0.32943254709243774,593156000
2010-12-20 00:00:00-05:00,0.33057890164734455,0.3321836465659025,0.32782787912551686,0.3280571401119232,344088000
2010-12-21 00:00:00-05:00,0.33126667847754243,0.3408951759338379,0.33103741747646426,0.3408951759338379,466952000
2010-12-22 00:00:00-05:00,0.3402073596212547,0.34502162115569673,0.33699787015079935,0.3445631265640259,477988000
2010-12-23 00:00:00-05:00,0.34456292440439057,0.34456292440439057,0.3406656543398703,0.34204116463661194,273784000
2010-12-27 00:00:00-05:00,0.34112432430482664,0.3463970796298265,0.3349345526070522,0.34387531876564026,255500000
2010-12-28 00:00:00-05:00,0.3438753632532168,0.34616786348860423,0.34043661290013566,0.34249985218048096,194260000
2010-12-29 00:00:00-05:00,0.3422706185541973,0.34502161337091053,0.33929036278244196,0.34249985218048096,177660000
2010-12-30 00:00:00-05:00,0.34204130504704927,0.34570931579160996,0.34089505510546836,0.3436460494995117,174488000
2010-12-31 00:00:00-05:00,0.34387540198302335,0.35350392591909335,0.3434169073500585,0.35304540395736694,391252000
2011-01-03 00:00:00-05:00,0.35579637812242576,0.36611262894339525,0.35533785622293196,0.36267387866973877,817448000
2011-01-04 00:00:00-05:00,0.363361507509074,0.3649662516115561,0.3535037546956146,0.3615275025367737,651384000
2011-01-05 00:00:00-05:00,0.36817582736082505,0.38972537041281097,0.3645078438728051,0.38926684856414795,1428216000
2011-01-06 00:00:00-05:00,0.399353895305927,0.44336994650025185,0.398207645253777,0.4431406855583191,3493312000
2011-01-07 00:00:00-05:00,0.43809717187617425,0.45689569378266054,0.42823941638762175,0.4555201828479767,2579984000
2011-01-10 00:00:00-05:00,0.44726713703647336,0.4738601459567731,0.44382838729654256,0.47294315695762634,1750348000
2011-01-11 00:00:00-05:00,0.4793622514954595,0.483947251743906,0.45552020647752606,0.4656071960926056,2711088000
2011-01-12 00:00:00-05:00,0.46583648688456963,0.5357577683802764,0.4642317422546862,0.5352993011474609,3431896000
2011-01-13 00:00:00-05:00,0.5295676982687151,0.5465322325877747,0.5130616855584068,0.5362159609794617,2695192000
2011-01-14 00:00:00-05:00,0.5270462859754927,0.5497420535638737,0.5238367967385534,0.5408012866973877,1595352000
2011-01-18 00:00:00-05:00,0.5334652157985714,0.5371332265880655,0.5151252165086105,0.5281924605369568,1813348000
2011-01-19 00:00:00-05:00,0.5284218235032145,0.541030547469087,0.5126035554817863,0.5137497782707214,1197896000
2011-01-20 00:00:00-05:00,0.5087065628592146,0.5171888124714817,0.49953650271191735,0.5142085552215576,1111408000
2011-01-21 00:00:00-05:00,0.519710207182947,0.5270462286328034,0.5084769414183257,0.5093939304351807,739244000
2011-01-24 00:00:00-05:00,0.5327772900378773,0.574271618084014,0.5268168359001226,0.5669355988502502,2056900000
2011-01-25 00:00:00-05:00,0.56441408778421,0.5703745994972295,0.5458448517467431,0.5495128631591797,1086856000
2011-01-26 00:00:00-05:00,0.5552440858276698,0.5731256209424394,0.5513468407877243,0.5625801086425781,1074660000
2011-01-27 00:00:00-05:00,0.570603653545504,0.571979109435192,0.550200392848929,0.5609751343727112,657396000
2011-01-28 00:00:00-05:00,0.5623507751386773,0.5717500082917758,0.5318604664740346,0.5446984767913818,1094796000
2011-01-31 00:00:00-05:00,0.5456155199549391,0.5559317421228626,0.536674753993899,0.5483664870262146,750160000
2011-02-01 00:00:00-05:00,0.5531806474819958,0.5651016113567675,0.5495126375753369,0.5609751343727112,654104000
2011-02-02 00:00:00-05:00,0.5577656380449362,0.5999476693684578,0.5577656380449362,0.5864219069480896,1606616000
2011-02-03 00:00:00-05:00,0.5873390770962615,0.5873390770962615,0.5628092775429001,0.5754180550575256,1030776000
2011-02-04 00:00:00-05:00,0.5834417150669642,0.5930701804763355,0.5811492154946136,0.5884851813316345,872900000
2011-02-07 00:00:00-05:00,0.5804615672547698,0.5829833008523756,0.5618922790323679,0.563955545425415,934236000
2011-02-08 00:00:00-05:00,0.56464342359885,0.5683114353200119,0.5446986201133178,0.5472204089164734,1076584000
2011-02-09 00:00:00-05:00,0.5492834893110146,0.5547855329014157,0.5240659899325456,0.5339237451553345,1277520000
2011-02-10 00:00:00-05:00,0.5220025577689708,0.5320895980421588,0.5181053145687587,0.5231488347053528,1042352000
2011-02-11 00:00:00-05:00,0.5213151521705973,0.5550149624283798,0.5128329048510291,0.5380504131317139,1359276000
2011-02-14 00:00:00-05:00,0.5444692443916185,0.5616630209354871,0.527733989689823,0.5297972559928894,1287828000
2011-02-15 00:00:00-05:00,0.5307141882699128,0.5325481661270797,0.5146666360609392,0.5169591903686523,886980000
2011-02-16 00:00:00-05:00,0.5238367641903999,0.5435522749316124,0.5220027314135948,0.5359870195388794,1318364000
2011-02-17 00:00:00-05:00,0.5208564789531026,0.5962797949646242,0.5183346908614661,0.5887145400047302,3470096000
2011-02-18 00:00:00-05:00,0.5855050167503794,0.5949043047073386,0.5783982833769548,0.5875682830810547,1394412000
2011-02-22 00:00:00-05:00,0.5683111109444912,0.5699158549082726,0.5302555588837761,0.5320895910263062,1396648000
2011-02-23 00:00:00-05:00,0.532089979653969,0.5371334487502167,0.49930715724069896,0.5068724155426025,1491604000
2011-02-24 00:00:00-05:00,0.5093942461657498,0.5281927786216905,0.5057262878248716,0.5192520618438721,1246120000
2011-02-25 00:00:00-05:00,0.5332359244486649,0.538737912708218,0.5258999036642584,0.5300264358520508,775652000
2011-02-28 00:00:00-05:00,0.5387379923690903,0.5389672806295405,0.5075599814114594,0.5194810032844543,903696000
2011-03-01 00:00:00-05:00,0.5203979295954734,0.5270461951965397,0.4963266551494599,0.49632665514945984,988448000
2011-03-02 00:00:00-05:00,0.4956390468068875,0.5050383367299793,0.4642317967163638,0.47569429874420166,1718140000
2011-03-03 00:00:00-05:00,0.48669809212856824,0.4894491134229549,0.4640023304223785,0.4784450829029083,1593704000
2011-03-04 00:00:00-05:00,0.4789036742816622,0.48371790758910643,0.4706506638563949,0.47592341899871826,959760000
2011-03-07 00:00:00-05:00,0.4793621592520201,0.48096690356442473,0.4573541240342128,0.4692751169204712,1019140000
2011-03-08 00:00:00-05:00,0.47431861424434735,0.4768403473717263,0.4383263218374331,0.4481841027736664,1947184000
2011-03-09 00:00:00-05:00,0.4468088288808777,0.45116459676530485,0.4348878029477213,0.4387850761413574,1318976000
2011-03-10 00:00:00-05:00,0.4286979065687015,0.4319073956120245,0.41035787938380186,0.41081640124320984,1722736000
2011-03-11 00:00:00-05:00,0.41425521501665014,0.42525922209084055,0.4048559527112717,0.41379669308662415,1486832000
2011-03-14 00:00:00-04:00,0.41700617311057053,0.42755168465180016,0.41035790632892327,0.41723543405532837,1003360000
2011-03-15 00:00:00-04:00,0.39683210015676545,0.4117333768828883,0.38995460043490315,0.404855877161026,1256280000
2011-03-16 00:00:00-04:00,0.4011878894447758,0.42067416710586686,0.39660288936657934,0.40187564492225647,1476520000
2011-03-17 00:00:00-04:00,0.412650394012973,0.41333814949774156,0.39431039350584485,0.40944090485572815,1238516000
2011-03-18 00:00:00-04:00,0.41585991173144743,0.4172354227050612,0.4034803949551932,0.403938889503479,886960000
2011-03-21 00:00:00-04:00,0.41265038004274374,0.4167768854828965,0.40302188556822427,0.4071483910083771,751832000
2011-03-22 00:00:00-04:00,0.40600218109002295,0.409899425984774,0.3982076639717625,0.4000416696071625,718332000
2011-03-23 00:00:00-04:00,0.3993538814384932,0.40944089794439953,0.39064237587890555,0.4082946479320526,782396000
2011-03-24 00:00:00-04:00,0.4170060422100514,0.4458915730731035,0.41608905337638247,0.44084805250167847,1780592000
2011-03-25 00:00:00-04:00,0.444745450419125,0.44589170045304,0.42640542254772845,0.42709317803382874,1196392000
2011-03-28 00:00:00-04:00,0.43718010974735266,0.4502473802737337,0.43328286561174467,0.44291138648986816,1204284000
2011-03-29 00:00:00-04:00,0.4429114553083709,0.44451619992781516,0.43351219387786477,0.4394727051258087,715764000
2011-03-30 00:00:00-04:00,0.4429114620990411,0.4447454676902778,0.4174646720976736,0.42296668887138367,1176320000
2011-03-31 00:00:00-04:00,0.42365439056667564,0.4282393902979485,0.41540138011888283,0.42319586873054504,655112000
2011-04-01 00:00:00-04:00,0.42869793471807477,0.4291564292788332,0.4115041563951979,0.41723543405532837,850072000
2011-04-04 00:00:00-04:00,0.41723533904222354,0.4183815888474734,0.3993538092858241,0.402334064245224,924328000
2011-04-05 00:00:00-04:00,0.4082945971074809,0.4115040858110322,0.40210482594830643,0.40302184224128723,821076000
2011-04-06 00:00:00-04:00,0.4060021895224772,0.4064606841086603,0.3968321611550205,0.400270938873291,856984000
2011-04-07 00:00:00-04:00,0.4011878325181876,0.41746459141769515,0.39958308818427546,0.41494283080101013,1021208000
2011-04-08 00:00:00-04:00,0.418152327954923,0.418152327954923,0.4011878144399741,0.402334064245224,746552000
2011-04-11 00:00:00-04:00,0.40393893841166384,0.406002205121901,0.39270569763915864,0.39706143736839294,546208000
2011-04-12 00:00:00-04:00,0.39316399293323595,0.4009584792327853,0.38582797367631183,0.39820748567581177,840756000
2011-04-13 00:00:00-04:00,0.4023341301067396,0.4096701245954803,0.39729063560377753,0.4071483910083771,749588000
2011-04-14 00:00:00-04:00,0.4034803372645758,0.424571356757639,0.40118783752217785,0.4243420958518982,1254704000
2011-04-15 00:00:00-04:00,0.4211325494876813,0.4341998180933398,0.41906928360474893,0.42892706394195557,969720000
2011-04-18 00:00:00-04:00,0.41884012632806045,0.4215911206774985,0.40806535518890097,0.41471362113952637,743584000
2011-04-19 00:00:00-04:00,0.414942863340097,0.4165476351286048,0.4018756194124559,0.4131088852882385,659860000
2011-04-20 00:00:00-04:00,0.42823941275999794,0.4344291572561305,0.41884015188637613,0.42571765184402466,650516000
2011-04-21 00:00:00-04:00,0.43030267499612007,0.433053696990381,0.42365443561042254,0.4245714247226715,421300000
2011-04-25 00:00:00-04:00,0.4264052589577028,0.43832624927118946,0.42617599810737294,0.43121951818466187,619612000
2011-04-26 00:00:00-04:00,0.4348877400152596,0.44680876422332855,0.43053200008991516,0.442452996969223,676000000
2011-04-27 00:00:00-04:00,0.4447455247489572,0.4447455247489572,0.43328299516533064,0.442452996969223,450004000
2011-04-28 00:00:00-04:00,0.4424529137477362,0.4562079411951366,0.43740941916998444,0.44726717472076416,684000000
2011-04-29 00:00:00-04:00,0.4502474045543643,0.46858740366743135,0.4495596491218734,0.4585004150867462,836000000
2011-05-02 00:00:00-04:00,0.4681289164976796,0.4683581500795534,0.4500181517494995,0.4523106515407562,613824000
2011-05-03 00:00:00-04:00,0.4470379470842995,0.448413430717274,0.4252591692769284,0.4307611584663391,808000000
2011-05-04 00:00:00-04:00,0.43213668705151037,0.43695094828514763,0.4195279362602063,0.4275516867637634,639356000
2011-05-05 00:00:00-04:00,0.4241128857032852,0.4328243906713793,0.418381636030691,0.4277808964252472,544000000
2011-05-06 00:00:00-04:00,0.43672161526000225,0.4470378915335278,0.43328286561174467,0.44291138648986816,841080000
2011-05-09 00:00:00-04:00,0.44428685966931186,0.4550616301808158,0.4431406098130882,0.45276913046836853,706328000
2011-05-10 00:00:00-04:00,0.456437223701391,0.4568957182612647,0.4488719404840685,0.45345696806907654,690976000
2011-05-11 00:00:00-04:00,0.45574944378000926,0.4603344164618588,0.44933043829941066,0.4555201828479767,616000000
2011-05-12 00:00:00-04:00,0.45391536757772755,0.47042138690682705,0.45276911775369294,0.46996286511421204,1224000000
2011-05-13 00:00:00-04:00,0.4401603860670639,0.4413066360049175,0.4154013819436771,0.4186108708381653,2025192000
2011-05-16 00:00:00-04:00,0.41746462523765476,0.41838164159471763,0.40554363122587317,0.405772864818573,728188000
2011-05-17 00:00:00-04:00,0.4043974197128525,0.40462665332734027,0.39247639723925953,0.40416815876960754,1420364000
2011-05-18 00:00:00-04:00,0.4057729069554465,0.4170061740268757,0.4043974232701489,0.4135674238204956,658844000
2011-05-19 00:00:00-04:00,0.4167768085824827,0.41700606947026136,0.4014170669775765,0.4076068103313446,650884000
2011-05-20 00:00:00-04:00,0.40668987167855886,0.4156306101464211,0.4048558663360155,0.41471362113952637,575820000
2011-05-23 00:00:00-04:00,0.4087532436033968,0.4172355176564203,0.4034804867762846,0.4142552614212036,588000000
2011-05-24 00:00:00-04:00,0.41631840240954776,0.4325951636880533,0.41517215238511096,0.4158599078655243,720372000
2011-05-25 00:00:00-04:00,0.4137965067069227,0.423654286502246,0.40967000249664126,0.4209032654762268,545312000
2011-05-26 00:00:00-04:00,0.4209034247488311,0.4351169476659291,0.4197571746638237,0.43144893646240234,706436000
2011-05-27 00:00:00-04:00,0.43328293687516417,0.44772569323904243,0.4328244423124037,0.4470379650592804,658824000
2011-05-31 00:00:00-04:00,0.4557493897654624,0.45964666117558434,0.4447453855784321,0.4594173729419708,1200716000
2011-06-01 00:00:00-04:00,0.4573543434128961,0.4580420991134651,0.43786805943101037,0.4387850761413574,762208000
2011-06-02 00:00:00-04:00,0.43947270455399895,0.4426821937887115,0.43144892680970337,0.43672168254852295,607592000
2011-06-03 00:00:00-04:00,0.43167814009640315,0.43557538440223426,0.4211326297829739,0.42319586873054504,549300000
2011-06-06 00:00:00-04:00,0.4225082744835325,0.4264055200240023,0.4137967394398143,0.4142552614212036,435988000
2011-06-07 00:00:00-04:00,0.4174645326252373,0.41975703201618325,0.4121917785603119,0.41402578353881836,433956000
2011-06-08 00:00:00-04:00,0.411962599070863,0.4144843323345237,0.3995830843382262,0.4027925729751587,569288000
2011-06-09 00:00:00-04:00,0.40256325052570374,0.40348023926844623,0.38376473534076816,0.39820748567581177,741632000
2011-06-10 00:00:00-04:00,0.39889532480235634,0.40141708536845366,0.3892668043345314,0.39247632026672363,493548000
2011-06-13 00:00:00-04:00,0.3924763516496838,0.39751984585641165,0.38697433560972755,0.38972535729408264,574760000
2011-06-14 00:00:00-04:00,0.39316411972297266,0.4016463639793529,0.39133011431730147,0.3929348587989807,534576000
2011-06-15 00:00:00-04:00,0.38766200999012757,0.38995450936200754,0.37642874667066684,0.3844525218009949,935916000
2011-06-16 00:00:00-04:00,0.3846818938211907,0.3906424052652811,0.3656541367191033,0.37115612626075745,1024908000
2011-06-17 00:00:00-04:00,0.3755118202530989,0.3757410811598831,0.35098205103481517,0.36244454979896545,1467884000
2011-06-20 00:00:00-04:00,0.35923507108105185,0.36680032594183076,0.3553377995297012,0.35808882117271423,745960000
2011-06-21 00:00:00-04:00,0.35946437398435827,0.3686344023481553,0.3560256235962189,0.36588338017463684,704276000
2011-06-22 00:00:00-04:00,0.36336151464556715,0.36817574704756606,0.360151999048819,0.36083975434303284,651720000
2011-06-23 00:00:00-04:00,0.35625486235124093,0.37413636872091405,0.3530453457917443,0.37161463499069214,744024000
2011-06-24 00:00:00-04:00,0.36978051851031457,0.3729900067783139,0.35854725491481937,0.36083975434303284,529052000
2011-06-27 00:00:00-04:00,0.36083986961444936,0.3631323697750091,0.3406658354070145,0.3532746136188507,1142152000
2011-06-28 00:00:00-04:00,0.35327455969734695,0.35946430372034494,0.35075279897413314,0.35533779859542847,692200000
2011-06-29 00:00:00-04:00,0.3576302387462847,0.3645077643596739,0.3452507527654316,0.36083975434303284,960544000
2011-06-30 00:00:00-04:00,0.3617568602411554,0.36932211626799705,0.3562548707645929,0.36542487144470215,652300000
2011-07-01 00:00:00-04:00,0.36542475957912474,0.3716145300063625,0.35808876674651813,0.3702390193939209,540804000
2011-07-05 00:00:00-04:00,0.36978062528262395,0.3732193754178661,0.36083985853374045,0.36404937505722046,535296000
2011-07-06 00:00:00-04:00,0.3638200778192786,0.3645078332434627,0.354879311962393,0.35923507809638977,529580000
2011-07-07 00:00:00-04:00,0.3610691261757418,0.3629031044189043,0.3541915984488531,0.36061060428619385,986136000
2011-07-08 00:00:00-04:00,0.3555671280164188,0.35808888922550963,0.35075286655497595,0.3537331223487854,619516000
2011-07-11 00:00:00-04:00,0.34708475184896465,0.3484602350851637,0.34043648722338316,0.34135347604751587,714388000
2011-07-12 00:00:00-04:00,0.3397487929666487,0.3429583090851039,0.33103728825763246,0.3367685377597809,867604000
2011-07-13 00:00:00-04:00,0.3413535749568098,0.34364607501015587,0.3328713302251804,0.3360808193683624,634368000
2011-07-14 00:00:00-04:00,0.3374564144204994,0.339519654051134,0.3211796490543354,0.3227843940258026,1088996000
2011-07-15 00:00:00-04:00,0.32461823454702843,0.32668147312611745,0.31659448645029464,0.323242723941803,827736000
2011-07-18 00:00:00-04:00,0.32072103780731537,0.3225550157773008,0.3122387667167433,0.3163652718067169,818200000
2011-07-19 00:00:00-04:00,0.317282244760382,0.3266815043610302,0.317282244760382,0.32599377632141113,602224000
2011-07-20 00:00:00-04:00,0.3271400421356461,0.32897402010253207,0.3209502708467699,0.32186728715896606,662956000
2011-07-21 00:00:00-04:00,0.3223259055586467,0.33929042690383865,0.3175116432229979,0.336997926235199,1143420000
2011-07-22 00:00:00-04:00,0.3399780743354247,0.3450215687350422,0.3356223080544444,0.34387531876564026,737192000
2011-07-25 00:00:00-04:00,0.33860265380692584,0.3399781650688066,0.3335591580613,0.3383733928203583,566920000
2011-07-26 00:00:00-04:00,0.32874478449075595,0.3369977946057857,0.3253060348309524,0.3301202952861786,698276000
2011-07-27 00:00:00-04:00,0.32553531726599455,0.327140089211076,0.3168238113546887,0.3177408277988434,652212000
2011-07-28 00:00:00-04:00,0.3165945552776119,0.3237012887396085,0.31155103351449503,0.31705304980278015,648176000
2011-07-29 00:00:00-04:00,0.3138435334690917,0.3200333052095069,0.31223878896662505,0.31705304980278015,677656000
2011-08-01 00:00:00-04:00,0.32438902391438024,0.33493453397783374,0.32163802960657817,0.3340175449848175,1019620000
2011-08-02 00:00:00-04:00,0.3317251436690711,0.3525869090776049,0.33057889342308044,0.33057889342308044,1356432000
2011-08-03 00:00:00-04:00,0.33126651860796547,0.3406657505271034,0.3280570027856068,0.3395195007324219,765236000
2011-08-04 00:00:00-04:00,0.33332985500234186,0.33332985500234186,0.3071953356266022,0.3071953356266022,979732000
2011-08-05 00:00:00-04:00,0.31430221933201025,0.3181994658227324,0.2888554182970953,0.2968791723251343,1270588000
2011-08-08 00:00:00-04:00,0.2824362615170369,0.29252327768911984,0.27166148989455546,0.27349549531936646,1084180000
2011-08-09 00:00:00-04:00,0.2787682435644105,0.2968790090959192,0.2751002601370036,0.29642051458358765,1329832000
2011-08-10 00:00:00-04:00,0.2877090212679627,0.29596203214153244,0.28129001584727026,0.2828947603702545,1140052000
2011-08-11 00:00:00-04:00,0.28289479996622985,0.3115510811047684,0.28289479996622985,0.3074245750904083,1078792000
2011-08-12 00:00:00-04:00,0.3402073613852218,0.3406658559792699,0.290460055705153,0.2952743172645569,3195784000
2011-08-15 00:00:00-04:00,0.2982545753628674,0.3071953429934874,0.2966498306072462,0.30650758743286133,864152000
2011-08-16 00:00:00-04:00,0.303068765928417,0.3071952709962871,0.2922939951043249,0.29779601097106934,716868000
2011-08-17 00:00:00-04:00,0.29871292518728904,0.30375644530166723,0.28977218921861175,0.2936694324016571,553328000
2011-08-18 00:00:00-04:00,0.2803730005107319,0.2831239947678672,0.2705152187092207,0.2737247347831726,802564000
2011-08-19 00:00:00-04:00,0.2691397881828113,0.2840410396127411,0.26707652158756606,0.2689105272293091,761332000
2011-08-22 00:00:00-04:00,0.27647572904030787,0.27968524511425985,0.270744479617629,0.2737247347831726,611876000
2011-08-23 00:00:00-04:00,0.28037297140760625,0.30352722760328443,0.2799144496383848,0.3032979667186737,938312000
2011-08-24 00:00:00-04:00,0.30261033889487543,0.3035273280793673,0.29114781011617213,0.29894232749938965,687500000
2011-08-25 00:00:00-04:00,0.2929817919881518,0.2982545476920887,0.2856457971225146,0.286104291677475,690968000
2011-08-26 00:00:00-04:00,0.28495798640878023,0.30123474492156926,0.2799144652952389,0.29825448989868164,732660000
2011-08-29 00:00:00-04:00,0.30673681023362087,0.3074245383799244,0.29963004920593145,0.3062782883644104,601528000
2011-08-30 00:00:00-04:00,0.3042149321835979,0.3161359222911145,0.30215166655251613,0.3136141896247864,684760000
2011-08-31 00:00:00-04:00,0.31590683406032877,0.31911632341307467,0.3026103274169735,0.30513206124305725,705808000
2011-09-01 00:00:00-04:00,0.30925857452315086,0.31590684166933936,0.3042150794207464,0.3044443130493164,762312000
2011-09-02 00:00:00-04:00,0.2975667586295071,0.30169326381619155,0.2938987479460645,0.2961912751197815,471356000
2011-09-06 00:00:00-04:00,0.2865627644164782,0.30283952484410337,0.28381176996739144,0.30215176939964294,696248000
2011-09-07 00:00:00-04:00,0.32668155431747437,0.33562232081602283,0.3177408151476819,0.32668155431747437,1606620000
2011-09-08 00:00:00-04:00,0.32347198490519447,0.33126649945563563,0.31980397484278106,0.32507672905921936,880164000
2011-09-09 00:00:00-04:00,0.32232575182294754,0.33103725567451364,0.31544825309730334,0.3181992471218109,869828000
2011-09-12 00:00:00-04:00,0.3138435158981135,0.32851553118335164,0.3138435158981135,0.325764536857605,916480000
2011-09-13 00:00:00-04:00,0.3285155867022357,0.3347053591421745,0.3234720916978944,0.3331005871295929,853836000
2011-09-14 00:00:00-04:00,0.3418120775229339,0.3546500880280086,0.34158281659904677,0.3502943217754364,1547192000
2011-09-15 00:00:00-04:00,0.35808882023120836,0.3599228255454772,0.3521283097920231,0.35533779859542847,752908000
2011-09-16 00:00:00-04:00,0.35602555534562974,0.3690928261785525,0.3525868056167034,0.35442081093788147,1391588000
2011-09-19 00:00:00-04:00,0.348460363618745,0.35098212480841295,0.33814411256261745,0.3470848798751831,968204000
2011-09-20 00:00:00-04:00,0.3514405378907959,0.35281604864413635,0.33653928982086684,0.3381440341472626,792436000
2011-09-21 00:00:00-04:00,0.3399779188653163,0.345938399583257,0.3314956511076343,0.3317249119281769,715252000
2011-09-22 00:00:00-04:00,0.3186577955893229,0.31911629011633874,0.3037565458243977,0.3097170293331146,1314632000
2011-09-23 00:00:00-04:00,0.30788290381028544,0.3250766453066577,0.3060488992515906,0.31613588333129883,1011440000
2011-09-26 00:00:00-04:00,0.3200332365774049,0.3209502254310905,0.3026102297273848,0.31682372093200684,972124000
2011-09-27 00:00:00-04:00,0.3248475415381917,0.3275985358104134,0.31476052610170774,0.3172822594642639,781388000
2011-09-28 00:00:00-04:00,0.3179700344032038,0.32599381146075657,0.3026102903881129,0.3076537847518921,1236532000
2011-09-29 00:00:00-04:00,0.3131557960340721,0.3184285512386109,0.29229400880730744,0.3000885248184204,866416000
2011-09-30 00:00:00-04:00,0.2952742845726345,0.29687902913851,0.2863335179991746,0.2867920398712158,677784000
2011-10-03 00:00:00-04:00,0.2831239252479351,0.29206468854919776,0.2707444131374359,0.2707444131374359,949896000
2011-10-04 00:00:00-04:00,0.26409615449073476,0.29573267698287964,0.2629499048640084,0.29573267698287964,1361548000
2011-10-05 00:00:00-04:00,0.2950450218151193,0.3090293102646489,0.28908453813170004,0.3062782883644104,856708000
2011-10-06 00:00:00-04:00,0.307883093579069,0.3193455949750842,0.3074245716602212,0.3184286057949066,773192000
2011-10-07 00:00:00-04:00,0.31980404061353224,0.3292033012510459,0.3131558017529771,0.3243890404701233,806976000
2011-10-10 00:00:00-04:00,0.32989107532318596,0.3388318419456482,0.329203319840111,0.3388318419456482,534376000
2011-10-11 00:00:00-04:00,0.33608085068842986,0.3415828677264586,0.33401761137964336,0.3351638615131378,816080000
2011-10-12 00:00:00-04:00,0.34158279846586065,0.3418120593775773,0.33470529905940116,0.3349345326423645,612064000
2011-10-13 00:00:00-04:00,0.333329790737464,0.35510856634941745,0.33241280174125176,0.35442081093788147,854832000
2011-10-14 00:00:00-04:00,0.3606105387921262,0.364278549269782,0.3516698008298747,0.3603813052177429,702452000
2011-10-17 00:00:00-04:00,0.35625488092156404,0.35625488092156404,0.3406658465264193,0.34249985218048096,611780000
2011-10-18 00:00:00-04:00,0.3406658269639309,0.3557963659088896,0.33860258780206565,0.35487934947013855,590916000
2011-10-19 00:00:00-04:00,0.3553378847439412,0.36152765759634803,0.3468556388538504,0.34777262806892395,557568000
2011-10-20 00:00:00-04:00,0.3383733451514633,0.33974885621956674,0.31728232119392213,0.3303495943546295,990308000
2011-10-21 00:00:00-04:00,0.33447606129195956,0.3399780775950945,0.3264523114292152,0.33195430040359497,628428000
2011-10-24 00:00:00-04:00,0.3333298218695174,0.34960658303813963,0.332642066393747,0.34433382749557495,535256000
2011-10-25 00:00:00-04:00,0.3395194740818481,0.342270495236143,0.3305787373166356,0.33126649260520935,577996000
2011-10-26 00:00:00-04:00,0.3376856227383292,0.33951960108891327,0.32553533852877714,0.3351638615131378,503116000
2011-10-27 00:00:00-04:00,0.3475433641653896,0.3530453536342369,0.3397488472009721,0.34960660338401794,577732000
2011-10-28 00:00:00-04:00,0.34662633633934997,0.3608398587706895,0.34570934723418595,0.35763034224510193,490156000
2011-10-31 00:00:00-04:00,0.34616779032349027,0.34823105649650754,0.3392902910709381,0.3392902910709381,519984000
2011-11-01 00:00:00-04:00,0.32691079566615683,0.32782778469010626,0.3191162796475689,0.32232579588890076,790824000
2011-11-02 00:00:00-04:00,0.3255352243570169,0.32713999584409054,0.3101754834209133,0.31682372093200684,961608000
2011-11-03 00:00:00-04:00,0.3202625186000922,0.3365393055109686,0.31178027476904,0.3358515501022339,749372000
2011-11-04 00:00:00-04:00,0.33287132945898723,0.3408950796272298,0.3275985738826766,0.3397488296031952,654840000
2011-11-07 00:00:00-05:00,0.3372270690048195,0.3429583464603093,0.3301203352449238,0.3379148244857788,613536000
2011-11-08 00:00:00-05:00,0.3422706034837092,0.347772592874878,0.3367685867637831,0.34570935368537903,549728000
2011-11-09 00:00:00-05:00,0.33768548886396893,0.3420412267129257,0.32691072001773736,0.32828623056411743,532244000
2011-11-10 00:00:00-05:00,0.33630990970908936,0.33974865804477367,0.3234719049910375,0.3317249119281769,990484000
2011-11-11 00:00:00-05:00,0.3411241917782469,0.3461676842184701,0.3225549112278349,0.343416690826416,1751560000
2011-11-14 00:00:00-05:00,0.3434168035795251,0.34685555328081413,0.3358515487709385,0.3367685377597809,500292000
2011-11-15 00:00:00-05:00,0.33355904154810134,0.3436460295159371,0.33264202525091,0.3411242961883545,505660000
2011-11-16 00:00:00-05:00,0.3347053958115675,0.3436461366929335,0.3331006236231715,0.3342468738555908,512420000
2011-11-17 00:00:00-05:00,0.3335590617404307,0.3344760507643802,0.3163652852469661,0.32232579588890076,657504000
2011-11-18 00:00:00-05:00,0.32415982469572513,0.32415982469572513,0.3159068135686374,0.3193455636501312,501352000
2011-11-21 00:00:00-05:00,0.3143020221528654,0.3386025300385162,0.30948776182478765,0.3353930413722992,1330788000
2011-11-22 00:00:00-05:00,0.3390610868982296,0.34754335925868773,0.3372270813249209,0.34570935368537903,1287480000
2011-11-23 00:00:00-05:00,0.34204131806994265,0.344563078968936,0.33080805181750117,0.331037312746048,825340000
2011-11-25 00:00:00-05:00,0.32668152031517145,0.3342467750792121,0.3209502708467699,0.32186728715896606,406620000
2011-11-28 00:00:00-05:00,0.33241278478127595,0.3450215331440302,0.33241278478127595,0.33997803926467896,690616000
2011-11-29 00:00:00-05:00,0.3395195765566408,0.34616784324778793,0.33631008734626416,0.3418121039867401,623440000
2011-11-30 00:00:00-05:00,0.3521282579206769,0.3592350172183028,0.34914800314009997,0.3583180010318756,730324000
2011-12-01 00:00:00-05:00,0.35533785622293196,0.3635908678112107,0.35373311156097714,0.36267387866973877,529760000
2011-12-02 00:00:00-05:00,0.36657104898612874,0.36794655974743773,0.35694255564322275,0.3603813052177429,546464000
2011-12-05 00:00:00-05:00,0.3663418773176068,0.3668003718726039,0.3518990938695222,0.35487934947013855,644696000
2011-12-06 00:00:00-05:00,0.3569425734522572,0.3576303015384724,0.3461678023848369,0.3498358130455017,573832000
2011-12-07 00:00:00-05:00,0.34754339442953563,0.35029438940351637,0.3404366323620552,0.34777262806892395,510016000
2011-12-08 00:00:00-05:00,0.3443337925683675,0.3500650420705159,0.3356222878593512,0.3367685377597809,491488000
2011-12-09 00:00:00-05:00,0.33424684187436293,0.3443338593517688,0.32966184138338533,0.34158286452293396,555840000
2011-12-12 00:00:00-05:00,0.33424683723643217,0.3356223482961426,0.3269108420184123,0.3331005871295929,573208000
2011-12-13 00:00:00-05:00,0.3374562971210435,0.341582802276707,0.3218672928267337,0.3239305317401886,516596000
2011-12-14 00:00:00-05:00,0.32117958084714004,0.3230135864230945,0.30788307458241654,0.31132182478904724,636020000
2011-12-15 00:00:00-05:00,0.31659454943110876,0.31865778842064224,0.30788304429876434,0.3085707724094391,435148000
2011-12-16 00:00:00-05:00,0.3110925402429175,0.31705305108038967,0.308341545752067,0.3097170293331146,619116000
2011-12-19 00:00:00-05:00,0.3110925515983444,0.3147605626058708,0.3005470404482732,0.30169329047203064,463276000
2011-12-20 00:00:00-05:00,0.30857082744831765,0.3198040954192968,0.30857082744831765,0.31865784525871277,445208000
2011-12-21 00:00:00-05:00,0.3168237364623169,0.3202624858253249,0.3083414934993137,0.31453123688697815,548424000
2011-12-22 00:00:00-05:00,0.31544838709234124,0.3289741294000243,0.31544838709234124,0.3280571401119232,576560000
2011-12-23 00:00:00-05:00,0.32966187318978285,0.33012039514612657,0.32209661618400787,0.32484763860702515,248948000
2011-12-27 00:00:00-05:00,0.32347204583321476,0.32736929017813154,0.3214087795361969,0.32232579588890076,195712000
2011-12-28 00:00:00-05:00,0.3223258680387057,0.32301362362499303,0.31407285566077897,0.31430211663246155,233960000
2011-12-29 00:00:00-05:00,0.3175114680815626,0.3209502171876853,0.312926469273399,0.32026246190071106,211112000
2011-12-30 00:00:00-05:00,0.3191163114719398,0.3225550616478166,0.3172823059123875,0.3177408277988434,186956000
2012-01-03 00:00:00-05:00,0.3278277702088518,0.3301202973249655,0.32117953175700725,0.32186728715896606,468044000
2012-01-04 00:00:00-05:00,0.3220966358903677,0.3269108980964305,0.31911637963560324,0.325535386800766,347372000
2012-01-05 00:00:00-05:00,0.3239305129904409,0.3388317883369192,0.3225550022419192,0.3372270166873932,563548000
2012-01-06 00:00:00-05:00,0.33699780750004765,0.33722704108888707,0.32943255249326625,0.33332979679107666,533252000
2012-01-09 00:00:00-05:00,0.3335590577086701,0.33974880186739886,0.3310372969301583,0.33332979679107666,508244000
2012-01-10 00:00:00-05:00,0.33837330575954144,0.33860256668712196,0.32966180044281085,0.33195430040359497,546328000
2012-01-11 00:00:00-05:00,0.3289741318453916,0.3319543880470166,0.3239306360658214,0.32530614733695984,484272000
2012-01-12 00:00:00-05:00,0.32599374515225393,0.3262229787006254,0.3161359646960534,0.323242723941803,652364000
2012-01-13 00:00:00-05:00,0.3209501889287401,0.32163794415515906,0.3131557025726485,0.3147604465484619,504300000
2012-01-17 00:00:00-05:00,0.31957482056938147,0.31957482056938147,0.3094878040598928,0.30994629859924316,627176000
2012-01-18 00:00:00-05:00,0.3159067028626209,0.3230134614720589,0.3143019588527065,0.3204917013645172,632676000
2012-01-19 00:00:00-05:00,0.3232428471422212,0.3294326198961497,0.31980409664726517,0.3289740979671478,608312000
2012-01-20 00:00:00-05:00,0.32851550956710207,0.33241278087828663,0.32484752648371024,0.32599377632141113,546272000
2012-01-23 00:00:00-05:00,0.32622302792843183,0.33516379355408116,0.32209652281880546,0.3349345326423645,562792000
2012-01-24 00:00:00-05:00,0.3326420957025633,0.3438753632532168,0.3324128620762796,0.34249985218048096,730920000
2012-01-25 00:00:00-05:00,0.33332978768834004,0.34135353698243776,0.32370126667242016,0.34043654799461365,1274152000
2012-01-26 00:00:00-05:00,0.3454800265210193,0.34937729786558014,0.335393038794367,0.3372270166873932,799672000
2012-01-27 00:00:00-05:00,0.33516383729559296,0.3436460822048085,0.3324128426397334,0.3418121039867401,449996000
2012-01-30 00:00:00-05:00,0.33585154144466206,0.3408950354307831,0.3308080201297883,0.3392902910709381,399076000
2012-01-31 00:00:00-05:00,0.34020725732758733,0.34043651821886806,0.33264200318908477,0.3386025130748749,357900000
2012-02-01 00:00:00-05:00,0.3424998165167665,0.3461678274429483,0.337685582921003,0.3422705829143524,428020000
2012-02-02 00:00:00-05:00,0.34410455475697044,0.3564840425979832,0.34066577776918583,0.3551085591316223,696236000
2012-02-03 00:00:00-05:00,0.36038137848730106,0.3656541343726593,0.3596936229668182,0.36267387866973877,495232000
2012-02-06 00:00:00-05:00,0.36083990491953816,0.3612983995307583,0.35671339876103586,0.3599229156970978,278868000
2012-02-07 00:00:00-05:00,0.3603812599231399,0.36290299289692535,0.35442075047828536,0.36083975434303284,410296000
2012-02-08 00:00:00-05:00,0.3608398470737999,0.38101385269226384,0.35900584159416576,0.3739071190357208,847612000
2012-02-09 00:00:00-05:00,0.37849214081646027,0.38055538001911837,0.37299012406144283,0.3736778795719147,561944000
2012-02-10 00:00:00-05:00,0.3700098732860415,0.371385384325142,0.3624446172285044,0.36450788378715515,440268000
2012-02-13 00:00:00-05:00,0.37367776859627555,0.3750532792087171,0.3626737656829909,0.3702390193939209,610668000
2012-02-14 00:00:00-05:00,0.3702390846263531,0.3755118397980535,0.36702956840808776,0.3723023235797882,453756000
2012-02-15 00:00:00-05:00,0.37574123025834655,0.38743299456870817,0.369780717604287,0.3706977069377899,1110856000
2012-02-16 00:00:00-05:00,0.34525082556927256,0.3800968460891771,0.3438753146907878,0.3771165907382965,1888588000
2012-02-17 00:00:00-05:00,0.3773458267273,0.37986756006622213,0.3599228176185978,0.36336156725883484,1020360000
2012-02-21 00:00:00-05:00,0.3631323061957413,0.374136310505536,0.362444550802238,0.3651955723762512,518176000
2012-02-22 00:00:00-05:00,0.3633616341902216,0.37230237397022536,0.3622153840990028,0.36267387866973877,492432000
2012-02-23 00:00:00-05:00,0.36336163951858325,0.36680038984266583,0.35763036164968737,0.3647371232509613,323968000
2012-02-24 00:00:00-05:00,0.3658833151529069,0.36634183698618117,0.360381326441155,0.36198607087135315,366668000
2012-02-27 00:00:00-05:00,0.35740107458619164,0.35900581903173473,0.3496065586197972,0.35465008020401,745268000
2012-02-28 00:00:00-05:00,0.35465006497884505,0.3587765700393432,0.34777253832551275,0.35144054889678955,699884000
2012-02-29 00:00:00-05:00,0.352586875433163,0.3585473870750566,0.34708488570892193,0.34731411933898926,689196000
2012-03-01 00:00:00-05:00,0.34868961424879596,0.3537331091500322,0.3473141032172053,0.34960660338401794,449944000
2012-03-02 00:00:00-05:00,0.34846035958467897,0.3576303604172995,0.34846035958467897,0.35258686542510986,684076000
2012-03-05 00:00:00-05:00,0.350065078349869,0.3507528338271537,0.3381440836157064,0.3406658172607422,514848000
2012-03-06 00:00:00-05:00,0.3367686197869629,0.33951961475230696,0.33149586349494337,0.3374563753604889,471400000
2012-03-07 00:00:00-05:00,0.33929026717073607,0.34089501141754003,0.33470526799201,0.3395195007324219,441984000
2012-03-08 00:00:00-05:00,0.34043658365415136,0.34410459464716575,0.33860257815764416,0.3406658172607422,430852000
2012-03-09 00:00:00-05:00,0.3415828351074019,0.3441045960917806,0.3379148240989885,0.3397488296031952,367836000
2012-03-12 00:00:00-04:00,0.3411243806370555,0.34341688095443584,0.3335591241239486,0.334476113319397,299948000
2012-03-13 00:00:00-04:00,0.33585153316424954,0.34089502702602337,0.3342467615152175,0.33906102180480957,553288000
2012-03-14 00:00:00-04:00,0.33906104088469124,0.33974879629744226,0.32828629718077057,0.32943254709243774,735708000
2012-03-15 00:00:00-04:00,0.3303496285311175,0.33608087969321393,0.32920337829869817,0.3342468738555908,382380000
2012-03-16 00:00:00-04:00,0.33447606205277874,0.3360808065632268,0.3326420566142287,0.33470532298088074,428340000
2012-03-19 00:00:00-04:00,0.33653929713451153,0.3381440414957815,0.3340175364748354,0.33562228083610535,405400000
2012-03-20 00:00:00-04:00,0.3337882785260506,0.3337882785260506,0.3271400401152649,0.3301202952861786,449616000
2012-03-21 00:00:00-04:00,0.3301203675107038,0.33447610710124626,0.32645235613958246,0.33149585127830505,467840000
2012-03-22 00:00:00-04:00,0.32897404637539285,0.3337883072448328,0.32805705731871637,0.331037312746048,425372000
2012-03-23 00:00:00-04:00,0.3301203751699249,0.3344761148615262,0.3278278475132152,0.33355912566185,315456000
2012-03-26 00:00:00-04:00,0.3367686197869629,0.3390611201462096,0.3335591302155214,0.3374563753604889,288600000
2012-03-27 00:00:00-04:00,0.33883184051546994,0.3438753351554712,0.3381440850352979,0.3397488296031952,419968000
2012-03-28 00:00:00-04:00,0.34410454959074677,0.35212829867468914,0.34158278894714955,0.34754329919815063,892448000
2012-03-29 00:00:00-04:00,0.34708491477156506,0.3518991493511991,0.34272914749045474,0.349148154258728,372700000
2012-03-30 00:00:00-04:00,0.3521284146914372,0.35510867079885117,0.34708491907130057,0.35304540395736694,527240000
2012-04-02 00:00:00-04:00,0.3521283042949981,0.3551085594680664,0.34639705485784866,0.35144054889678955,407776000
2012-04-03 00:00:00-04:00,0.3539623651008895,0.35442085966202735,0.3438753481120703,0.34570935368537903,430476000
2012-04-04 00:00:00-04:00,0.34043654972212734,0.3447922884295247,0.3337882838760298,0.3358515501022339,495896000
2012-04-05 00:00:00-04:00,0.33631003032586054,0.34043653527439116,0.3342467641872191,0.3353930413722992,369424000
2012-04-09 00:00:00-04:00,0.3301203236893715,0.33218356273127125,0.3246183073630465,0.331037312746048,365504000
2012-04-10 00:00:00-04:00,0.32966180424235497,0.33424680421676795,0.32301356521095836,0.32461830973625183,470360000
2012-04-11 00:00:00-04:00,0.328974032488812,0.3358515594385944,0.327827782551974,0.3287447988986969,372960000
2012-04-12 00:00:00-04:00,0.32920330635109707,0.3383733062063419,0.32782779544130825,0.3365393280982971,384868000
2012-04-13 00:00:00-04:00,0.33355907608361046,0.3353930815391267,0.324389048806029,0.32461830973625183,311324000
2012-04-16 00:00:00-04:00,0.32691089556970326,0.3278278848738835,0.31544839262363705,0.3207211494445801,463468000
2012-04-17 00:00:00-04:00,0.3216380095250258,0.32553525349514933,0.3202624987926284,0.321408748626709,460696000
2012-04-18 00:00:00-04:00,0.3193455483585621,0.3209502928539996,0.3140727930203347,0.31797003746032715,400764000
2012-04-19 00:00:00-04:00,0.313843528216005,0.32576454964337886,0.31155102829978,0.31315580010414124,667188000
2012-04-20 00:00:00-04:00,0.3149898782203895,0.31590689487539275,0.3062783703060568,0.3069661259651184,509592000
2012-04-23 00:00:00-04:00,0.301693222512649,0.3046734773688378,0.29596197368488214,0.3032979667186737,706244000
2012-04-24 00:00:00-04:00,0.30421503837129343,0.30673679924659963,0.2922940167739424,0.2938987612724304,730440000
2012-04-25 00:00:00-04:00,0.29825457042786796,0.3021518154352516,0.2927525533626567,0.29985931515693665,727112000
2012-04-26 00:00:00-04:00,0.29963003030688534,0.3026102856249946,0.2975667640118462,0.3000885248184204,539208000
2012-04-27 00:00:00-04:00,0.299629977836343,0.30146398289007054,0.2943572235551573,0.2975667119026184,475356000
2012-04-30 00:00:00-04:00,0.29596198192858775,0.29962999221202713,0.2938987158958716,0.2980252206325531,262268000
2012-05-01 00:00:00-04:00,0.2964204681253535,0.30650748245947324,0.2964204681253535,0.3032979667186737,408680000
2012-05-02 00:00:00-04:00,0.3021517340093027,0.3032979838395608,0.29298173536723787,0.2945864796638489,684008000
2012-05-03 00:00:00-04:00,0.29527428272323514,0.29710828821364427,0.28770902715577007,0.2895430326461792,419536000
2012-05-04 00:00:00-04:00,0.28770899110408626,0.2893137354588265,0.28106072545051575,0.28106072545051575,545092000
2012-05-07 00:00:00-04:00,0.28610425352030666,0.2909185140272146,0.2835824928112114,0.28587499260902405,604440000
2012-05-08 00:00:00-04:00,0.2833532556289895,0.28747976107637196,0.2783097611171912,0.2856457829475403,462312000
2012-05-09 00:00:00-04:00,0.280602267886222,0.2890845399163969,0.27785127329775594,0.2867920398712158,520608000
2012-05-10 00:00:00-04:00,0.2895430263797071,0.2900015209101973,0.2801437655252576,0.2847287654876709,597092000
2012-05-11 00:00:00-04:00,0.3083415033448067,0.3136142580021975,0.30169323796679176,0.3028394877910614,1435140000
2012-05-14 00:00:00-04:00,0.3003177570474077,0.3055905122280264,0.2941280128478789,0.3010055124759674,437472000
2012-05-15 00:00:00-04:00,0.3010054755717537,0.3076537407943937,0.2966497372728265,0.2980252206325531,599940000
2012-05-16 00:00:00-04:00,0.29848376088384665,0.30192251048906926,0.2911477398630365,0.29206475615501404,470484000
2012-05-17 00:00:00-04:00,0.293210997709254,0.29596199184967553,0.2900014817714691,0.2900014817714691,335364000
2012-05-18 00:00:00-04:00,0.29068932543015713,0.2920648365825293,0.2755588120691033,0.27693429589271545,567288000
2012-05-21 00:00:00-04:00,0.27739273517423046,0.28312398438676584,0.27555872996046876,0.2817484736442566,416260000
2012-05-22 00:00:00-04:00,0.281519278876533,0.28197777341098257,0.27418325701031737,0.27830976247787476,410140000
2012-05-23 00:00:00-04:00,0.2753295183418492,0.28564579609968105,0.27120301270446784,0.2851872742176056,496000000
2012-05-24 00:00:00-04:00,0.2867921034305356,0.2872505980754329,0.2755588343223598,0.2776220738887787,520420000
2012-05-25 00:00:00-04:00,0.27739278623895,0.2865627866670948,0.27739278623895,0.2842702865600586,391752000
2012-05-29 00:00:00-04:00,0.2888553416467595,0.2934403427318252,0.2877090913754931,0.2916063368320465,310000000
2012-05-30 00:00:00-04:00,0.288396856856933,0.2904600964841972,0.2831240999632141,0.2881675958633423,379792000
2012-05-31 00:00:00-04:00,0.28816758416585414,0.2893138344297523,0.28129008258246546,0.2849580943584442,358192000
2012-06-01 00:00:00-04:00,0.2789974883782949,0.2817484826222224,0.27418322795485717,0.2746417224407196,440984000
2012-06-04 00:00:00-04:00,0.27601728884277893,0.27762203353101966,0.26661802700931986,0.2689105272293091,432856000
2012-06-05 00:00:00-04:00,0.2675349975201227,0.2773927522378259,0.2675349975201227,0.2767049968242645,365224000
2012-06-06 00:00:00-04:00,0.2787682324874242,0.28472874289715394,0.27670499359953876,0.28404098749160767,368968000
2012-06-07 00:00:00-04:00,0.28816744984561615,0.28977222133006914,0.27234918717975304,0.2725784480571747,526780000
2012-06-08 00:00:00-04:00,0.2734953702308253,0.2787681231672755,0.2730368759165128,0.2778511345386505,370308000
2012-06-11 00:00:00-04:00,0.286792002138164,0.2918354961082416,0.2803729973904504,0.28106072545051575,839080000
2012-06-12 00:00:00-04:00,0.28427027889001416,0.2895430344596819,0.2838117843467292,0.2867920398712158,496128000
2012-06-13 00:00:00-04:00,0.2865628356737209,0.28725059128919983,0.27785132831143095,0.2792268395423889,494276000
2012-06-14 00:00:00-04:00,0.2787682948405091,0.2810607951525993,0.2730370440602835,0.2757880389690399,589884000
2012-06-15 00:00:00-04:00,0.2778512296454829,0.2819777345442588,0.27532946906046657,0.2817484736442566,385288000
2012-06-18 00:00:00-04:00,0.2796852863459862,0.2865627866670948,0.27739278623895,0.2842702865600586,304424000
2012-06-19 00:00:00-04:00,0.2959620980955568,0.30788312253143574,0.2945865868671826,0.3035273551940918,960476000
2012-06-20 00:00:00-04:00,0.3065075572100456,0.31407281297345035,0.30467355167213583,0.3083415627479553,972720000
2012-06-21 00:00:00-04:00,0.30811226908262557,0.30811226908262557,0.2936695145826013,0.2943572700023651,516376000
2012-06-22 00:00:00-04:00,0.2980252206325531,0.3014639973537468,0.2938987158958716,0.2980252206325531,865360000
2012-06-25 00:00:00-04:00,0.29825469112634895,0.299171680677261,0.2874799135948966,0.28862616419792175,494616000
2012-06-26 00:00:00-04:00,0.2902307129463952,0.29389869564838633,0.2861042084939998,0.2918354570865631,437152000
2012-06-27 00:00:00-04:00,0.2920647819838831,0.30329802075619183,0.2920647819838831,0.30123478174209595,506064000
2012-06-28 00:00:00-04:00,0.29848385957132234,0.3053613610556702,0.2959620980955568,0.3035273551940918,545896000
2012-06-29 00:00:00-04:00,0.31063397784775604,0.31751147623664566,0.31040471696996,0.31682372093200684,616508000
2012-07-02 00:00:00-04:00,0.3184285795420806,0.31865781315384634,0.30581980171723483,0.3083415627479553,581684000
2012-07-03 00:00:00-04:00,0.3083415225373944,0.3170530272098381,0.3081122616267696,0.3163652718067169,219284000
2012-07-05 00:00:00-04:00,0.31430205006225376,0.31567753361473594,0.30834153934856684,0.31315580010414124,280076000
2012-07-06 00:00:00-04:00,0.3108633196473798,0.3117803361491433,0.30375658523469634,0.3071953356266022,382760000
2012-07-09 00:00:00-04:00,0.305361346852308,0.30673685801670264,0.300547085105687,0.3030688464641571,306336000
2012-07-10 00:00:00-04:00,0.2998592720711059,0.30880003826911917,0.2916062613235175,0.2938987612724304,512028000
2012-07-11 00:00:00-04:00,0.2948158344983235,0.2984838460553855,0.2877090723548009,0.2890845835208893,485216000
2012-07-12 00:00:00-04:00,0.2858750311692325,0.2863335257248884,0.281748525510816,0.2842702865600586,472160000
2012-07-13 00:00:00-04:00,0.2844995760911057,0.2893138104024011,0.2826655703554295,0.28793832659721375,324260000
2012-07-16 00:00:00-04:00,0.28610420125638286,0.2911476944245029,0.28335318013854627,0.2888551950454712,334460000
2012-07-17 00:00:00-04:00,0.28977221931929037,0.2913769634638585,0.27876818919689716,0.2835824489593506,447476000
2012-07-18 00:00:00-04:00,0.2828947270210399,0.3035272517726865,0.2815192435900983,0.2994007468223572,616008000
2012-07-19 00:00:00-04:00,0.30146407931230906,0.30627831337331674,0.2994008127186559,0.30238106846809387,403036000
2012-07-20 00:00:00-04:00,0.3005469300171769,0.3026101956990806,0.2904599171171668,0.2936694324016571,451000000
2012-07-23 00:00:00-04:00,0.2858749535977611,0.299629977836343,0.2826654652503,0.2975667119026184,451584000
2012-07-24 00:00:00-04:00,0.2980252533598489,0.29985925870296776,0.29091852023229997,0.2943572700023651,351164000
2012-07-25 00:00:00-04:00,0.2934402587505222,0.30306878013652966,0.29206477521591706,0.3000885248184204,415044000
2012-07-26 00:00:00-04:00,0.30559049894032414,0.3090292759335975,0.2991714941008022,0.3014640212059021,338440000
2012-07-27 00:00:00-04:00,0.30261024700843686,0.3099462402431031,0.3003177200858059,0.3090292513370514,376516000
2012-07-30 00:00:00-04:00,0.3090293176279036,0.31292656230775984,0.3030688064737069,0.30559054017066956,363552000
2012-07-31 00:00:00-04:00,0.30559063414431703,0.31476066463560015,0.3051321394519441,0.310404896736145,387788000
2012-08-01 00:00:00-04:00,0.31223888291290636,0.31521913921633116,0.30559061464699516,0.3069661259651184,335912000
2012-08-02 00:00:00-04:00,0.3053612398412141,0.31269723304671215,0.30031771889173037,0.308112233877182,367912000
2012-08-03 00:00:00-04:00,0.3129264926499912,0.3177407526897027,0.3055904721459068,0.31453123688697815,326548000
2012-08-06 00:00:00-04:00,0.31751155775359285,0.3227843133378692,0.3170530632090376,0.3211795687675476,360324000
2012-08-07 00:00:00-04:00,0.32507679591436295,0.32782779036256665,0.3225550350617359,0.3243890404701233,407340000
2012-08-08 00:00:00-04:00,0.32415980658541593,0.3296617954769159,0.3232427902176627,0.3262230455875397,517064000
2012-08-09 00:00:00-04:00,0.3266815071587323,0.33791477206165405,0.3262230126854757,0.3372270166873932,822300000
2012-08-10 00:00:00-04:00,0.3461678682604365,0.3489188631150715,0.3308080946086035,0.3351638615131378,1278744000
2012-08-13 00:00:00-04:00,0.3356222568962549,0.3397487616228585,0.33424674621113676,0.3395195007324219,447244000
2012-08-14 00:00:00-04:00,0.34066585871057187,0.3411243806370555,0.33310060219746496,0.334476113319397,388828000
2012-08-15 00:00:00-04:00,0.3356223112723516,0.33837330575954144,0.33034955589679715,0.33195430040359497,594404000
2012-08-16 00:00:00-04:00,0.33493456998447535,0.33997809197452106,0.3337883199556025,0.3388318419456482,371008000
2012-08-17 00:00:00-04:00,0.3388318053209153,0.3388318053209153,0.3328712948835525,0.3358515501022339,309864000
2012-08-20 00:00:00-04:00,0.3347053001972605,0.3363100445984726,0.3308080286573484,0.3358515501022339,314392000
2012-08-21 00:00:00-04:00,0.33699779886155434,0.3390610377519908,0.33149578293913473,0.3349345326423645,340248000
2012-08-22 00:00:00-04:00,0.33287128659839216,0.3369977916193383,0.3317250367219489,0.33562228083610535,313556000
2012-08-23 00:00:00-04:00,0.334934641758968,0.33516390274537433,0.3266816288510094,0.3280571401119232,379040000
2012-08-24 00:00:00-04:00,0.3280570566822312,0.3363100674913288,0.3273693012266805,0.33470532298088074,347724000
2012-08-27 00:00:00-04:00,0.33447611515633324,0.3353931316855773,0.32874486433140654,0.3289740979671478,340944000
2012-08-28 00:00:00-04:00,0.32645226236458424,0.33080800070391975,0.3257645070139652,0.327598512172699,310764000
2012-08-29 00:00:00-04:00,0.3273692144236147,0.33034946905493945,0.3266814591504247,0.32828623056411743,250412000
2012-08-30 00:00:00-04:00,0.32759857292157296,0.3287448229422448,0.32049181186190534,0.3220965564250946,307488000
2012-08-31 00:00:00-04:00,0.32438901210045107,0.3266815118282544,0.3184285292054138,0.3216380178928375,485064000
2012-09-04 00:00:00-04:00,0.31636533625523816,0.3175115863843646,0.30146408457659474,0.3044443130493164,694452000
2012-09-05 00:00:00-04:00,0.30559056413847596,0.30994633104009556,0.30215181374029365,0.3053613305091858,480256000
2012-09-06 00:00:00-04:00,0.3076536880900431,0.32301345460799696,0.30742442723832136,0.3147604465484619,657296000
2012-09-07 00:00:00-04:00,0.30673684104009985,0.30925857493024217,0.29687905712212587,0.3071953356266022,781064000
2012-09-10 00:00:00-04:00,0.3065075796789992,0.3108633192381761,0.3037565848348476,0.3044443130493164,371108000
2012-09-11 00:00:00-04:00,0.30421499004883157,0.3129264939366889,0.30306874025644903,0.308112233877182,382808000
2012-09-12 00:00:00-04:00,0.3106340156828342,0.31315577633074276,0.30765376055223853,0.3115510046482086,322608000
2012-09-13 00:00:00-04:00,0.314301944835147,0.31544819440949945,0.30765368090665535,0.3136141896247864,433836000
2012-09-14 00:00:00-04:00,0.3133850153012203,0.3227842753374605,0.3133850153012203,0.3172822594642639,339468000
2012-09-17 00:00:00-04:00,0.31797003298121285,0.31797003298121285,0.3051320225410469,0.3085707724094391,493348000
2012-09-18 00:00:00-04:00,0.3051320597379075,0.31430208783357233,0.3049028261159896,0.3106340765953064,359952000
2012-09-19 00:00:00-04:00,0.3113218606443902,0.318657856464347,0.30765384907003157,0.31430211663246155,451936000
2012-09-20 00:00:00-04:00,0.3136142851339559,0.31521902956101466,0.30948777994383786,0.3120095133781433,320596000
2012-09-21 00:00:00-04:00,0.31246805051578486,0.3152190450010277,0.31132180053620406,0.3133850395679474,340136000
2012-09-24 00:00:00-04:00,0.30834153934856684,0.3136142946216353,0.30788304483107276,0.31315580010414124,357832000
2012-09-25 00:00:00-04:00,0.3172823318667242,0.3186578429810974,0.30696608049520374,0.3074245750904083,481544000
2012-09-26 00:00:00-04:00,0.3062782747376505,0.3065075356620556,0.29848378591044555,0.30215176939964294,436812000
2012-09-27 00:00:00-04:00,0.30283956833429115,0.30490283496397397,0.30031780711870953,0.3044443130493164,558888000
2012-09-28 00:00:00-04:00,0.303068844259107,0.3101756063421719,0.29917157176459785,0.3058198392391205,485508000
2012-10-01 00:00:00-04:00,0.3071952780054466,0.3090292833362072,0.2996300230965301,0.30077627301216125,504236000
2012-10-02 00:00:00-04:00,0.3028395189581249,0.3028395189581249,0.2984837801091251,0.3019225299358368,295492000
2012-10-03 00:00:00-04:00,0.30261033889487543,0.3035273280793673,0.2973375827621493,0.29894232749938965,430872000
2012-10-04 00:00:00-04:00,0.29963003314929776,0.31407278803656447,0.2980252613505701,0.31223878264427185,502608000
2012-10-05 00:00:00-04:00,0.31315574145657876,0.31636522980672144,0.30375648262884014,0.30490273237228394,483068000
2012-10-08 00:00:00-04:00,0.30375653530916724,0.3051320188425994,0.2996300300513623,0.3019225299358368,240596000
2012-10-09 00:00:00-04:00,0.30146406800364556,0.3023810571250318,0.2945865402782195,0.29550355672836304,366360000
2012-10-10 00:00:00-04:00,0.29412800108789633,0.29550351189001933,0.289313740609219,0.2904599905014038,326568000
2012-10-11 00:00:00-04:00,0.29321100602342154,0.29412799498664655,0.289772256418199,0.29206475615501404,320516000
2012-10-12 00:00:00-04:00,0.29000152718659244,0.2922940272174148,0.28770902715577007,0.2895430326461792,260696000
2012-10-15 00:00:00-04:00,0.2900014380204628,0.29344018700939145,0.2865626890315341,0.2932109534740448,249580000
2012-10-16 00:00:00-04:00,0.29573277941698933,0.3026103068882904,0.2929817848257226,0.30169329047203064,367696000
2012-10-17 00:00:00-04:00,0.2980252360626633,0.30077625758205107,0.29504498096916143,0.2994007468223572,391752000
2012-10-18 00:00:00-04:00,0.29871305339030463,0.29871305339030463,0.29366955844008275,0.2948158085346222,254772000
2012-10-19 00:00:00-04:00,0.2904600879184761,0.29252335481365727,0.27601732896725706,0.2776220738887787,709412000
2012-10-22 00:00:00-04:00,0.27876822149231956,0.28037299315155023,0.272119983268015,0.27441248297691345,480840000
2012-10-23 00:00:00-04:00,0.2718907493425539,0.2844995263212871,0.27120299389589503,0.28266552090644836,573948000
2012-10-24 00:00:00-04:00,0.28449943575773057,0.2856456853610294,0.2762464276824805,0.27899742126464844,332916000
2012-10-25 00:00:00-04:00,0.2812900790600642,0.284270335174632,0.27808058929284446,0.2792268395423889,307356000
2012-10-26 00:00:00-04:00,0.279685207482935,0.281289951639618,0.27624645829200745,0.27624645829200745,389376000
2012-10-31 00:00:00-04:00,0.2773927440133999,0.279685243771465,0.2739539943763023,0.2746417224407196,347112000
2012-11-01 00:00:00-04:00,0.27601726642490876,0.28793828846364466,0.27578800549002686,0.2877090275287628,473220000
2012-11-02 00:00:00-04:00,0.2906892978242994,0.2911477923886283,0.2844995528839655,0.28633353114128113,256700000
2012-11-05 00:00:00-05:00,0.28564580682208646,0.29963006886015725,0.28564580682208646,0.29848381876945496,444840000
2012-11-06 00:00:00-05:00,0.29917147883091555,0.29917147883091555,0.2932109961138919,0.29825448989868164,350804000
2012-11-07 00:00:00-05:00,0.29596208469381036,0.29779609047234135,0.2877090723548009,0.2890845835208893,324620000
2012-11-08 00:00:00-05:00,0.2922940041969706,0.29985925916861256,0.2900015043467006,0.29068925976753235,839024000
2012-11-09 00:00:00-05:00,0.2922939994852977,0.2957327492052714,0.278539000605403,0.2794559895992279,846280000
2012-11-12 00:00:00-05:00,0.27991440305080273,0.28106065262557994,0.2705151456061314,0.27326616644859314,643624000
2012-11-13 00:00:00-05:00,0.2718908563987656,0.2780806305271457,0.27097386699466186,0.27120310068130493,492120000
2012-11-14 00:00:00-05:00,0.2728077492012539,0.2755587434926164,0.26432547808715234,0.2645547389984131,619300000
2012-11-15 00:00:00-05:00,0.2661594307204802,0.27303692875226965,0.26386693137655043,0.26570093631744385,466688000
2012-11-16 00:00:00-05:00,0.2657010196291875,0.26661800872278635,0.2556140029558185,0.2608867585659027,624552000
2012-11-19 00:00:00-05:00,0.2657010451218458,0.26913979554590656,0.26249152832880035,0.26822277903556824,404092000
2012-11-20 00:00:00-05:00,0.2671845701616242,0.2683382157450218,0.26233924770932215,0.26510801911354065,336976000
2012-11-21 00:00:00-05:00,0.2651079127453148,0.2734141411100534,0.2648771727191821,0.2727219760417938,422312000
2012-11-23 00:00:00-05:00,0.27387556065614765,0.27779794769836247,0.2724911758153362,0.27456775307655334,276932000
2012-11-26 00:00:00-05:00,0.27502935164763614,0.28010538625245385,0.27456789895721234,0.2794131934642792,364600000
2012-11-27 00:00:00-05:00,0.27825949127232474,0.2847199101367638,0.27595220078538735,0.2805667817592621,451404000
2012-11-28 00:00:00-05:00,0.2794130534500338,0.2842583730341825,0.27595211874851727,0.2828739881515503,398332000
2012-11-29 00:00:00-05:00,0.2833355098387315,0.28471986742015504,0.2768750919435509,0.27779799699783325,488688000
2012-11-30 00:00:00-05:00,0.2775672175206447,0.27964379485515994,0.2745677627681186,0.2761828601360321,460504000
2012-12-03 00:00:00-05:00,0.2796439269301933,0.2796439269301933,0.2704147633202779,0.27110692858695984,391380000
2012-12-04 00:00:00-05:00,0.2715683407088128,0.27964385684353615,0.2699532154778119,0.27918240427970886,528068000
2012-12-05 00:00:00-05:00,0.2768750630190403,0.27872087293477743,0.27202974322756746,0.27595213055610657,633024000
2012-12-06 00:00:00-05:00,0.27525994473820575,0.2782594271813738,0.2743370397580306,0.27641358971595764,412896000
2012-12-07 00:00:00-05:00,0.27664432302704056,0.2780287079689086,0.27272193569850145,0.27595213055610657,338288000
2012-12-10 00:00:00-05:00,0.27595221106618434,0.2872579513764242,0.27526001839330055,0.2851813733577728,513644000
2012-12-11 00:00:00-05:00,0.28610418791660636,0.2955640863601678,0.28541199552962787,0.29187241196632385,816724000
2012-12-12 00:00:00-05:00,0.2927954323717319,0.29441053009036,0.28771937167737177,0.28887301683425903,399404000
2012-12-13 00:00:00-05:00,0.2884115835750342,0.294641262338145,0.2863350331556879,0.28910377621650696,377556000
2012-12-14 00:00:00-05:00,0.29025750069394174,0.29348769722926277,0.2881809222025958,0.29048821330070496,338660000
2012-12-17 00:00:00-05:00,0.28979604562101363,0.29141114387555295,0.2849507233523163,0.28933456540107727,445232000
2012-12-18 00:00:00-05:00,0.2893343956002075,0.29302607016269977,0.288411490712116,0.2897958755493164,416436000
2012-12-19 00:00:00-05:00,0.29187241196632385,0.29533334639615433,0.29071876715638034,0.29187241196632385,458544000
2012-12-20 00:00:00-05:00,0.29302615934917314,0.2932568993939564,0.2884115784940793,0.29164180159568787,334332000
2012-12-21 00:00:00-05:00,0.28771935670697923,0.28771935670697923,0.28172039120127096,0.2849506139755249,462172000
2012-12-24 00:00:00-05:00,0.28471992834996357,0.28564286110682074,0.2817204450240571,0.2826433777809143,127376000
2012-12-26 00:00:00-05:00,0.2819511360507113,0.28656571651717666,0.2812589434797277,0.282412588596344,196740000
2012-12-27 00:00:00-05:00,0.2828740722461994,0.2833355523476447,0.2773365860795787,0.2805667817592621,299804000
2012-12-28 00:00:00-05:00,0.27802875911760555,0.28356624489367344,0.277567279048708,0.27918240427970886,220600000
2012-12-31 00:00:00-05:00,0.2782594085495283,0.2840276330520558,0.27756721610821217,0.2828739881515503,326460000
2013-01-02 00:00:00-05:00,0.28979607800558355,0.2937184677778126,0.28864243233698195,0.2934877276420593,478836000
2013-01-03 00:00:00-05:00,0.2934875384210629,0.2969484731954901,0.2902573436336233,0.29371827840805054,298888000
2013-01-04 00:00:00-05:00,0.2941797626663908,0.3043318556047972,0.2932568576288391,0.3034089505672455,524968000
2013-01-07 00:00:00-05:00,0.30317825289476297,0.3041011580612002,0.29256470595537803,0.29464125633239746,610732000
2013-01-08 00:00:00-05:00,0.29533343916490135,0.2962563718058005,0.2861042777863327,0.2881808280944824,466424000
2013-01-09 00:00:00-05:00,0.2904880776332694,0.2918724626476136,0.27987456004187494,0.281720370054245,695020000
2013-01-10 00:00:00-05:00,0.2842584391203948,0.2856428243248777,0.2805667635784873,0.28218188881874084,506368000
2013-01-11 00:00:00-05:00,0.28333549507266875,0.2835662075716817,0.27895162753062325,0.281720370054245,513172000
2013-01-14 00:00:00-05:00,0.28356619036476316,0.28356619036476316,0.2782594181385498,0.28148964047431946,305684000
2013-01-15 00:00:00-05:00,0.28010526464679003,0.28010526464679003,0.2747984922481182,0.27641358971595764,375888000
2013-01-16 00:00:00-05:00,0.2759521032192852,0.2812588749639842,0.2759521032192852,0.27895158529281616,337376000
2013-01-17 00:00:00-05:00,0.27987463452049066,0.28379702309818033,0.2791824418291162,0.2826433777809143,580736000
2013-01-18 00:00:00-05:00,0.28264325916623284,0.28264325916623284,0.27733648743284567,0.28079742193222046,397088000
2013-01-22 00:00:00-05:00,0.28056683894287765,0.2831048699978254,0.2780288353930077,0.2794131934642792,308224000
2013-01-23 00:00:00-05:00,0.2803360754284109,0.280566787979176,0.27687513962127897,0.27987462282180786,421808000
2013-01-24 00:00:00-05:00,0.278951620928473,0.28241255587735437,0.27756723594689403,0.2812589108943939,396980000
2013-01-25 00:00:00-05:00,0.281720383685669,0.2865657039652544,0.2803360261094074,0.2863349914550781,393920000
2013-01-28 00:00:00-05:00,0.2877194781254602,0.2927955406978202,0.287027285274222,0.2909497022628784,422492000
2013-01-29 00:00:00-05:00,0.2897959450119991,0.29048811009144476,0.28356623925643026,0.28471988439559937,388872000
2013-01-30 00:00:00-05:00,0.28495064767907297,0.28887303597132336,0.2833355498534489,0.2842584550380707,287592000
2013-01-31 00:00:00-05:00,0.2842583730341825,0.2874885952586363,0.2810281783147927,0.2828739881515503,470544000
2013-02-01 00:00:00-05:00,0.2851812735521649,0.286334945939933,0.28287398378675577,0.2854120135307312,288816000
2013-02-04 00:00:00-05:00,0.2837970049440177,0.2895652311613611,0.28033606921361165,0.2805667817592621,511744000
2013-02-05 00:00:00-05:00,0.28195108843534267,0.28864224548476897,0.2810281834999357,0.28702712059020996,367296000
2013-02-06 00:00:00-05:00,0.280105303838923,0.2870271746739375,0.2784902061451002,0.28471988439559937,530688000
2013-02-07 00:00:00-05:00,0.28379694669701444,0.28610423671039936,0.2807974641786007,0.2835662066936493,440000000
2013-02-08 00:00:00-05:00,0.2854120135307312,0.2877193032961403,0.2835661762173912,0.2854120135307312,307232000
2013-02-11 00:00:00-05:00,0.287719354680304,0.2916417699860595,0.28495061196835253,0.2886422872543335,408308000
2013-02-12 00:00:00-05:00,0.28610431751903903,0.2900267061486379,0.28564286488704055,0.286796510219574,277804000
2013-02-13 00:00:00-05:00,0.28702711086550486,0.29233388282695855,0.284489108626593,0.2854120135307312,856396000
2013-02-14 00:00:00-05:00,0.28148963670406135,0.2939490183950382,0.27802870192963414,0.29371827840805054,882096000
2013-02-15 00:00:00-05:00,0.2930260859521522,0.2951026633198473,0.28725786132810677,0.29371827840805054,733860000
2013-02-19 00:00:00-05:00,0.29394900255585443,0.29417971502534573,0.28795003826807025,0.2897958755493164,433552000
2013-02-20 00:00:00-05:00,0.29071883557260714,0.295333415898352,0.28471987014711153,0.2856428027153015,713012000
2013-02-21 00:00:00-05:00,0.28518130420200544,0.28841152672378434,0.2828740141886205,0.2835662066936493,580408000
2013-02-22 00:00:00-05:00,0.28541208136359725,0.28910375686766454,0.2837969836449691,0.28887301683425903,370148000
2013-02-25 00:00:00-05:00,0.28956525231935903,0.2918725429748859,0.2833355730504515,0.283797025680542,644444000
2013-02-26 00:00:00-05:00,0.2843772907007313,0.2887880251538944,0.2834486960916708,0.28716301918029785,487504000
2013-02-27 00:00:00-05:00,0.2871630731927795,0.29459172076728746,0.2864666340234428,0.29250240325927734,476980000
2013-02-28 00:00:00-05:00,0.29157382900898066,0.298306009575474,0.29041310631311545,0.29389527440071106,591392000
2013-03-01 00:00:00-05:00,0.2918060043744136,0.2959846122934874,0.28925243063273604,0.2950560450553894,389396000
2013-03-04 00:00:00-05:00,0.2929666796397317,0.2966810033360251,0.2906452342480013,0.29389527440071106,353680000
2013-03-05 00:00:00-05:00,0.2955203007142243,0.29760959063917786,0.294127422315046,0.2971453070640564,366168000
2013-03-06 00:00:00-05:00,0.29900234663534747,0.3017880746194928,0.2955201797367151,0.2969130575656891,342928000
2013-03-07 00:00:00-05:00,0.29853805160232416,0.30155593499815153,0.29459160147261215,0.29621660709381104,314824000
2013-03-08 00:00:00-05:00,0.2969131859028344,0.29900247587556317,0.2955203074718055,0.2976095974445343,246464000
2013-03-11 00:00:00-04:00,0.2945916378794419,0.295984488152403,0.2922701654102304,0.2948237657546997,299748000
2013-03-12 00:00:00-04:00,0.2943595872815612,0.29668103290465786,0.29157385806860825,0.29575246572494507,310856000
2013-03-13 00:00:00-04:00,0.29575246572494507,0.3008596405609947,0.2929667088381774,0.29575246572494507,485840000
2013-03-14 00:00:00-04:00,0.29760960242822543,0.29853819728906617,0.2941274339661563,0.2959845960140228,383304000
2013-03-15 00:00:00-04:00,0.29598467753405594,0.29598467753405594,0.2922703524153243,0.2934311032295227,355776000
2013-03-18 00:00:00-04:00,0.2915738776589999,0.29412745141168795,0.28925243187992894,0.29134172201156616,298312000
2013-03-19 00:00:00-04:00,0.29157381826486567,0.292966668844292,0.2873952111789648,0.28948450088500977,355480000
2013-03-20 00:00:00-04:00,0.2922702841856694,0.29389531834189403,0.2897167104772606,0.29296672344207764,340588000
2013-03-21 00:00:00-04:00,0.29134173461775864,0.29180601825889885,0.2878595657984808,0.28832384943962097,339032000
2013-03-22 00:00:00-04:00,0.2892524071972999,0.29087741356922037,0.2880916844068118,0.2897166907787323,232476000
2013-03-25 00:00:00-04:00,0.29134161173222384,0.2915737672917815,0.2860022829266533,0.28809159994125366,362076000
2013-03-26 00:00:00-04:00,0.28878804338992264,0.2904130771399423,0.2876273208106568,0.29018092155456543,232540000
2013-03-27 00:00:00-04:00,0.28902028225900256,0.29528818045842586,0.28832384297599617,0.2936631739139557,254944000
2013-03-28 00:00:00-04:00,0.29296676925716186,0.29807397282029263,0.29087747883502324,0.2978418171405792,349276000
2013-04-01 00:00:00-04:00,0.2971452239831036,0.2971452239831036,0.2860022829266533,0.28809159994125366,442828000
2013-04-02 00:00:00-04:00,0.288323709147398,0.28902014810714466,0.2832165362322631,0.2850736975669861,371524000
2013-04-03 00:00:00-04:00,0.2846095111820475,0.28623454535808046,0.2795023360291601,0.28159165382385254,353156000
2013-04-04 00:00:00-04:00,0.28066301281522527,0.2853059035868817,0.2797344457304188,0.2843773365020752,294676000
2013-04-05 00:00:00-04:00,0.28019874624097013,0.2892524003982544,0.27950230704828466,0.2892524003982544,551352000
2013-04-08 00:00:00-04:00,0.28948451703111844,0.28948451703111844,0.28321661988957825,0.28855594992637634,326660000
2013-04-09 00:00:00-04:00,0.28878811995852244,0.29528817366058213,0.28669882983141803,0.2931988835334778,380584000
2013-04-10 00:00:00-04:00,0.2934310806165886,0.2983061008261855,0.2927346412512689,0.2978418171405792,384688000
2013-04-11 00:00:00-04:00,0.29366315709583135,0.2983060484848855,0.28553809716498657,0.29644888639450073,969220000
2013-04-12 00:00:00-04:00,0.2978416750208952,0.3071274549974521,0.2952880744578192,0.30387744307518005,770548000
2013-04-15 00:00:00-04:00,0.3029489278650589,0.3038775227103496,0.2957524631015818,0.2976095974445343,430420000
2013-04-16 00:00:00-04:00,0.30039531677782266,0.30294889001726844,0.29877028292003505,0.30085960030555725,468844000
2013-04-17 00:00:00-04:00,0.2985380632502903,0.3013237912344357,0.295055896351658,0.2969130575656891,532948000
2013-04-18 00:00:00-04:00,0.29760958506933566,0.2994667470088781,0.29110953211784363,0.29110953211784363,402548000
2013-04-19 00:00:00-04:00,0.29087741542094564,0.2927345774323121,0.28716309139821267,0.2918059825897217,303028000
2013-04-22 00:00:00-04:00,0.2915738911456417,0.2948239043171425,0.2892524452591932,0.292270302772522,245568000
2013-04-23 00:00:00-04:00,0.294823788656613,0.302948846071691,0.2943595051962271,0.29993098974227905,376948000
2013-04-24 00:00:00-04:00,0.30085959696593184,0.3126989789977041,0.30062744136773606,0.31014537811279297,556556000
2013-04-25 00:00:00-04:00,0.31177036360078536,0.3133953695147055,0.308984607549715,0.31269893050193787,353224000
2013-04-26 00:00:00-04:00,0.31223480341209625,0.31269908709517613,0.30968120164442625,0.3113062083721161,324332000
2013-04-29 00:00:00-04:00,0.311770399999377,0.31618113480550575,0.31037752181122596,0.3150204122066498,269712000
2013-04-30 00:00:00-04:00,0.31571683511014,0.31966328620910645,0.3136275179350578,0.31966328620910645,276712000
2013-05-01 00:00:00-04:00,0.3196631821722701,0.32175249866736816,0.315716732357706,0.31687745451927185,341316000
2013-05-02 00:00:00-04:00,0.3166454472389989,0.3215204936691018,0.31478828537639725,0.32059192657470703,323480000
2013-05-03 00:00:00-04:00,0.32268117718461614,0.3243061832393573,0.32082401554756534,0.32198473811149597,293864000
2013-05-06 00:00:00-04:00,0.32198475418082567,0.32384191591056205,0.31919902542312617,0.32105618715286255,217116000
2013-05-07 00:00:00-04:00,0.3210560598356688,0.32175249866736816,0.31385957136444076,0.31687745451927185,448068000
2013-05-08 00:00:00-04:00,0.31734191768429953,0.3245384102337231,0.3161811948649612,0.3226812481880188,334032000
2013-05-09 00:00:00-04:00,0.3168775507301989,0.324306169284951,0.3164132672593658,0.3229133188724518,566800000
2013-05-10 00:00:00-04:00,0.3296455207220965,0.3389313291370382,0.3296455207220965,0.3375384509563446,861136000
2013-05-13 00:00:00-04:00,0.33521698533671823,0.33660986343250404,0.3291812171533902,0.330574095249176,289812000
2013-05-14 00:00:00-04:00,0.3345205644730844,0.33823488781454886,0.33127055230466007,0.3354491591453552,454140000
2013-05-15 00:00:00-04:00,0.33382412727522737,0.3424134965917136,0.33382412727522737,0.34125277400016785,313172000
2013-05-16 00:00:00-04:00,0.3407885250813139,0.3442706932093194,0.3384670519888313,0.33962780237197876,308368000
2013-05-17 00:00:00-04:00,0.34125292334111895,0.34752082254369615,0.3386993214526734,0.3451993763446808,312116000
2013-05-20 00:00:00-04:00,0.34380636753242894,0.34589568492568173,0.3426456448718922,0.3445028066635132,236380000
2013-05-21 00:00:00-04:00,0.34648602834546965,0.3495192420089839,0.3425195310075107,0.3481192886829376,357784000
2013-05-22 00:00:00-04:00,0.3495193385253195,0.3495193385253195,0.3345866009100204,0.33598655462265015,480404000
2013-05-23 00:00:00-04:00,0.33201993406097424,0.3425195282943952,0.33108665039392204,0.3413529098033905,393884000
2013-05-24 00:00:00-04:00,0.33948646250048997,0.3422863425353668,0.3355199356521576,0.33925312757492065,283304000
2013-05-28 00:00:00-04:00,0.3418195629035367,0.34275284660135064,0.335753135424607,0.33901965618133545,279300000
2013-05-29 00:00:00-04:00,0.33691975474357605,0.33901965697576797,0.3355198013791949,0.33691975474357605,335052000
2013-05-30 00:00:00-04:00,0.33645310101541936,0.34485276527640457,0.3355197895339883,0.3413529098033905,284504000
2013-05-31 00:00:00-04:00,0.3394862571169739,0.3443860372601255,0.3376196622848511,0.3376196622848511,577508000
2013-06-03 00:00:00-04:00,0.3380864504455437,0.3406530229279478,0.3301534259272677,0.3371531665325165,444468000
2013-06-04 00:00:00-04:00,0.33925292233256826,0.345319348583374,0.3355197326683226,0.3376196622848511,363676000
2013-06-05 00:00:00-04:00,0.3371530722717371,0.33971961622220426,0.32945335697720035,0.3303866684436798,464520000
2013-06-06 00:00:00-04:00,0.33038678621775275,0.335053261770489,0.33015345131436064,0.33248668909072876,341044000
2013-06-07 00:00:00-04:00,0.3348199011211761,0.3392530692440208,0.3334199752516353,0.3371531665325165,274584000
2013-06-10 00:00:00-04:00,0.3362197780613855,0.33901965697576797,0.3343531828470038,0.33691975474357605,224148000
2013-06-11 00:00:00-04:00,0.3324866779419376,0.3371531811525871,0.3306201100349426,0.3306201100349426,296336000
2013-06-12 00:00:00-04:00,0.3322532894710947,0.3350531684601086,0.32595352697783775,0.3278201222419739,312588000
2013-06-13 00:00:00-04:00,0.32665344051462514,0.3369196985750259,0.32642013353570987,0.3352864384651184,236256000
2013-06-14 00:00:00-04:00,0.33645320153734776,0.3369198435102922,0.332486675231352,0.3348199129104614,236012000
2013-06-17 00:00:00-04:00,0.33738653868805984,0.34111973068910273,0.33551994268753843,0.3380865156650543,255336000
2013-06-18 00:00:00-04:00,0.33971971816568486,0.3434529095231063,0.33318664719739066,0.33598655462265015,486772000
2013-06-19 00:00:00-04:00,0.3390197510027006,0.36118553707637807,0.3378531321469485,0.34625279903411865,1159588000
2013-06-20 00:00:00-04:00,0.3434528240867218,0.34391946593672224,0.334586517679194,0.33691975474357605,628696000
2013-06-21 00:00:00-04:00,0.3387865570867739,0.3399531763322178,0.33085352952911773,0.33645331859588623,714228000
2013-06-24 00:00:00-04:00,0.33155330899441793,0.3357531413373001,0.3245535976944077,0.32945337891578674,580772000
2013-06-25 00:00:00-04:00,0.3329532510481377,0.3336531999028119,0.32828674919257467,0.3317866325378418,457360000
2013-06-26 00:00:00-04:00,0.3355198720957098,0.3359865418584487,0.32852015942725526,0.32992011308670044,579752000
2013-06-27 00:00:00-04:00,0.3308534206878132,0.3313200626695995,0.3233870655360691,0.326886922121048,808036000
2013-06-28 00:00:00-04:00,0.32688691240789364,0.33085341085679787,0.3226870790678358,0.3275868892669678,431536000
2013-07-01 00:00:00-04:00,0.32992019510657034,0.33062017211031086,0.3268869799666232,0.32898688316345215,199524000
2013-07-02 00:00:00-04:00,0.3271202422561581,0.3336533137049854,0.325720316254945,0.3287535309791565,256392000
2013-07-03 00:00:00-04:00,0.3259535698827369,0.33365325897681186,0.3259535698827369,0.3296867609024048,140388000
2013-07-05 00:00:00-04:00,0.3306200465917056,0.3329532838421078,0.32852011637771433,0.3322533071041107,184684000
2013-07-08 00:00:00-04:00,0.33318665481425436,0.33481991564006863,0.3287535143135603,0.3306201100349426,262084000
2013-07-09 00:00:00-04:00,0.3313199955153206,0.33435320950371994,0.3303867117409125,0.3322533071041107,157364000
2013-07-10 00:00:00-04:00,0.33225332231101334,0.337619773795432,0.3313200106795065,0.33668646216392517,208468000
2013-07-11 00:00:00-04:00,0.33855300317347625,0.34181955163691663,0.33785302651599763,0.3413529098033905,239832000
2013-07-12 00:00:00-04:00,0.3406529187554147,0.34485275070849014,0.3394863003136925,0.3415862023830414,216360000
2013-07-15 00:00:00-04:00,0.3422862184565947,0.3422862184565947,0.3355198140262074,0.34088626503944397,201332000
2013-07-16 00:00:00-04:00,0.34228614272623925,0.3446193793623443,0.34065288264384064,0.3427527844905853,162560000
2013-07-17 00:00:00-04:00,0.3427528603241846,0.34391947890034996,0.3399529813042641,0.34088626503944397,166100000
2013-07-18 00:00:00-04:00,0.3404196742274013,0.34158629297853405,0.3350532224093137,0.33948639035224915,344488000
2013-07-19 00:00:00-04:00,0.3373864234921192,0.3390196840045244,0.32875345122850735,0.3322533071041107,480532000
2013-07-22 00:00:00-04:00,0.3348198940185329,0.337853108393106,0.33062008868461606,0.33202001452445984,292384000
2013-07-23 00:00:00-04:00,0.33621981459399986,0.33621981459399986,0.32992007939853435,0.3315533399581909,246792000
2013-07-24 00:00:00-04:00,0.3345865540343433,0.33551983783575196,0.3310866980574866,0.3315533399581909,284252000
2013-07-25 00:00:00-04:00,0.33132002805688493,0.33715314957018966,0.32898679057731695,0.33271998167037964,243320000
2013-07-26 00:00:00-04:00,0.32875350268997244,0.3334199779212441,0.32875350268997244,0.33132004737854004,227360000
2013-07-29 00:00:00-04:00,0.3306201100349426,0.33481991564006863,0.32968679826705777,0.3306201100349426,179540000
2013-07-30 00:00:00-04:00,0.33178661876597265,0.3406529246390732,0.3315532839478471,0.33621975779533386,266076000
2013-07-31 00:00:00-04:00,0.334586517679194,0.340186275507959,0.3343531828470038,0.33691975474357605,270160000
2013-08-01 00:00:00-04:00,0.33808634705787477,0.3422861790109502,0.3341198499188948,0.3415862023830414,277648000
2013-08-02 00:00:00-04:00,0.3408863337421483,0.3450861670256598,0.33855309611957374,0.34438619017601013,209628000
2013-08-05 00:00:00-04:00,0.3434529337384843,0.3471861253591169,0.34158633792816795,0.3460195064544678,185188000
2013-08-06 00:00:00-04:00,0.34625271605268054,0.3469526927612559,0.3401862883308686,0.34088626503944397,206608000
2013-08-07 00:00:00-04:00,0.3390197731106881,0.34415291866224745,0.33878646601295587,0.34065306186676025,244380000
2013-08-08 00:00:00-04:00,0.34251970321929737,0.34461960644977535,0.33855317607267194,0.3429863452911377,345696000
2013-08-09 00:00:00-04:00,0.3294535126394416,0.34321963380569465,0.32922020552337117,0.3380865156650543,906224000
2013-08-12 00:00:00-04:00,0.32432020383922155,0.3401862187948408,0.30588761741490833,0.3352864384651184,257568000
2013-08-13 00:00:00-04:00,0.3357533414857406,0.33785324500178077,0.3336534101553036,0.33645331859588623,197468000
2013-08-14 00:00:00-04:00,0.335753159550596,0.3527857968674508,0.33551982470218605,0.35068589448928833,828508000
2013-08-15 00:00:00-04:00,0.3469527784951294,0.3558190874277739,0.3455528247320427,0.35301920771598816,723616000
2013-08-16 00:00:00-04:00,0.35231915222707694,0.35931886385200074,0.35161917550170824,0.354419082403183,660456000
2013-08-19 00:00:00-04:00,0.352319231639473,0.35348585050658166,0.3485860401389701,0.348819375038147,393432000
2013-08-20 00:00:00-04:00,0.34870209248539746,0.3529231012553237,0.34823309772310035,0.35057809948921204,234192000
2013-08-21 00:00:00-04:00,0.3484676244015735,0.3529231450832726,0.34752963476049453,0.34893664717674255,261540000
2013-08-22 00:00:00-04:00,0.3487020955830561,0.3540956052839509,0.3487020955830561,0.3508126139640808,129016000
2013-08-23 00:00:00-04:00,0.3512816087305442,0.3540956052839509,0.35010910783707255,0.3508126139640808,245120000
2013-08-26 00:00:00-04:00,0.35104704348492405,0.35245405552296677,0.3501090540959769,0.3515160381793976,300152000
2013-08-27 00:00:00-04:00,0.3482330021366864,0.35057800325911914,0.3458880010142536,0.34706050157546997,277464000
2013-08-28 00:00:00-04:00,0.34776400750312353,0.3503434919650285,0.34565348972016297,0.34706050157546997,318824000
2013-08-29 00:00:00-04:00,0.3458880826159454,0.34964009647885785,0.3449500651729048,0.3463570773601532,276216000
2013-08-30 00:00:00-04:00,0.34659161416034423,0.34752960371763786,0.34424661231248294,0.3458881080150604,378120000
2013-09-03 00:00:00-04:00,0.34682612869834933,0.35104713799424053,0.3440121318192984,0.3461226224899292,284680000
2013-09-04 00:00:00-04:00,0.3461225380635685,0.35151604707302964,0.34565354335722903,0.34940555691719055,222080000
2013-09-05 00:00:00-04:00,0.34799852406340603,0.3517505373993224,0.3477640407015494,0.3503435254096985,174904000
2013-09-06 00:00:00-04:00,0.3505781430259456,0.35245415026273313,0.346357133731831,0.34893664717674255,226756000
2013-09-09 00:00:00-04:00,0.35175061361661597,0.3547991216182709,0.35081262405670394,0.3547991216182709,246408000
2013-09-10 00:00:00-04:00,0.3573787092372468,0.3625377087999916,0.3557371852337359,0.3623031973838806,292132000
2013-09-11 00:00:00-04:00,0.3618341453843716,0.3693381740596836,0.35925463203290453,0.3684001564979553,396164000
2013-09-12 00:00:00-04:00,0.36652408874771814,0.3728556153903266,0.36652408874771814,0.36816561222076416,303808000
2013-09-13 00:00:00-04:00,0.3693380774759434,0.37215207351599716,0.3667585647990317,0.3705105781555176,159696000
2013-09-16 00:00:00-04:00,0.37355908683267763,0.3761385715640783,0.3693380787803785,0.37074506282806396,231412000
2013-09-17 00:00:00-04:00,0.3721521465662037,0.37496614315862037,0.37051065088351287,0.37191763520240784,168608000
2013-09-18 00:00:00-04:00,0.37215215104374577,0.3761386485938517,0.37027614397468794,0.37520065903663635,268168000
2013-09-19 00:00:00-04:00,0.3768421383819018,0.37754564449659056,0.3719176235337064,0.3735591471195221,227572000
2013-09-20 00:00:00-04:00,0.37449707168205026,0.3768420730212043,0.36957255768797836,0.3702760636806488,356036000
2013-09-23 00:00:00-04:00,0.37004160594686264,0.37309011372011064,0.36464809649490465,0.3667586147785187,271244000
2013-09-24 00:00:00-04:00,0.36699311142837354,0.36957259639885853,0.36488259322929606,0.36816561222076416,229732000
2013-09-25 00:00:00-04:00,0.36746202143913165,0.37144851762328185,0.36582049834452496,0.36863452196121216,233156000
2013-09-26 00:00:00-04:00,0.3695725887995369,0.37027609485143026,0.3653515804428002,0.3674620985984802,148816000
2013-09-27 00:00:00-04:00,0.36464805172346676,0.36769655912241944,0.3632410676617651,0.3653515577316284,151920000
2013-09-30 00:00:00-04:00,0.3615996564616223,0.36746216130342485,0.35948913794579646,0.3648826479911804,226640000
2013-10-01 00:00:00-04:00,0.3653516695420933,0.36699319338170844,0.36253767260288633,0.36464816331863403,226976000
2013-10-02 00:00:00-04:00,0.3608961459806817,0.365820633216222,0.3608961459806817,0.36441364884376526,162036000
2013-10-03 00:00:00-04:00,0.36464809328761766,0.36793111238171067,0.3590201004900651,0.3606615960597992,436768000
2013-10-04 00:00:00-04:00,0.3601925927328705,0.36863460968258416,0.3592545753192222,0.3655861020088196,246228000
2013-10-07 00:00:00-04:00,0.3641790898656592,0.3681656149530721,0.36230308299298686,0.3655861020088196,169952000
2013-10-08 00:00:00-04:00,0.3646480828997636,0.36980710876428213,0.35972359633084683,0.36253759264945984,290712000
2013-10-09 00:00:00-04:00,0.3648825952840851,0.36511710662573343,0.35503359416346536,0.3569095730781555,275860000
2013-10-10 00:00:00-04:00,0.3594890389735091,0.36183404026461896,0.3569095263714401,0.3608960509300232,223484000
2013-10-11 00:00:00-04:00,0.3552681473336398,0.3597236680177599,0.3540956463043392,0.357847660779953,213704000
2013-10-14 00:00:00-04:00,0.35690955019706516,0.3632410764694214,0.35690955019706516,0.3632410764694214,166628000
2013-10-15 00:00:00-04:00,0.3632412065097061,0.36535169738629864,0.3611306876784812,0.3613651990890503,208820000
2013-10-16 00:00:00-04:00,0.3634756146822257,0.3672276287464165,0.3630066199128585,0.36582061648368835,210072000
2013-10-17 00:00:00-04:00,0.3630065978155767,0.367462117739911,0.3630065978155767,0.3665241003036499,213324000
2013-10-18 00:00:00-04:00,0.3658205487746114,0.3719175635117792,0.36441356472692593,0.37074506282806396,255068000
2013-10-21 00:00:00-04:00,0.37520062316271974,0.37543510655229045,0.3705106199158122,0.37168312072753906,195008000
2013-10-22 00:00:00-04:00,0.3716830412192949,0.37191752455870636,0.36652401638758525,0.36980703473091125,179452000
2013-10-23 00:00:00-04:00,0.3691036116730205,0.3691036116730205,0.3623030901201328,0.36347559094429016,252216000
2013-10-24 00:00:00-04:00,0.364413552866688,0.3667585541577978,0.3601925449517661,0.3608960509300232,236436000
2013-10-25 00:00:00-04:00,0.3627721416408548,0.36300662505154446,0.35620613091288633,0.35737863183021545,330492000
2013-10-28 00:00:00-04:00,0.3569095717917882,0.3585510952681619,0.35175057388573605,0.35667508840560913,394024000
2013-10-29 00:00:00-04:00,0.3562061575355517,0.35784765335157165,0.3529231379488828,0.35714414715766907,387952000
2013-10-30 00:00:00-04:00,0.3583165852187972,0.3599580807464632,0.35386106540984785,0.3569095730781555,204032000
2013-10-31 00:00:00-04:00,0.357378590038411,0.3599580749821143,0.355502583199139,0.35620608925819397,293368000
2013-11-01 00:00:00-04:00,0.35808214421303536,0.35948915663004793,0.3552681473336398,0.357847660779953,206136000
2013-11-04 00:00:00-05:00,0.3590201155078897,0.3590201155078897,0.3468260840120744,0.3475295901298523,410264000
2013-11-05 00:00:00-05:00,0.34541900638069073,0.3487019967702492,0.3416669934029509,0.34706050157546997,422368000
2013-11-06 00:00:00-05:00,0.3470605554308703,0.3496400682476717,0.3435430532013899,0.34940555691719055,198044000
2013-11-07 00:00:00-05:00,0.34823315275328615,0.3491711424261079,0.3404946401112996,0.3411981463432312,553076000
2013-11-08 00:00:00-05:00,0.35175062596369144,0.36605514895954094,0.3503436136198076,0.3648826479911804,734532000
2013-11-11 00:00:00-05:00,0.3634755779999949,0.36886908718996725,0.3627720998942529,0.3679310977458954,297624000
2013-11-12 00:00:00-05:00,0.36957251119702955,0.37168302890954497,0.36441351449079884,0.36863452196121216,316032000
2013-11-13 00:00:00-05:00,0.36769657845875386,0.3787181079387665,0.3669931003682196,0.3787181079387665,332792000
2013-11-14 00:00:00-05:00,0.37754562350818643,0.3827046214713967,0.37731111216478513,0.38035961985588074,307980000
2013-11-15 00:00:00-05:00,0.38176667997384484,0.3822356747649497,0.37543515245273196,0.3791871666908264,450332000
2013-11-18 00:00:00-05:00,0.37097953662833805,0.37426252702887314,0.3691035301331958,0.37004151940345764,316948000
2013-11-19 00:00:00-05:00,0.3682733655928,0.37157413673304207,0.3635579621890135,0.36402949690818787,206716000
2013-11-20 00:00:00-05:00,0.3642651676890311,0.36520826501973874,0.35789938015731826,0.3586066961288452,204776000
2013-11-21 00:00:00-05:00,0.3590782485179303,0.3621432658089424,0.3574278632400057,0.3614359498023987,213568000
2013-11-22 00:00:00-05:00,0.361907544443206,0.361907544443206,0.3571921410924444,0.3578994572162628,158668000
2013-11-25 00:00:00-05:00,0.3578994976898743,0.36615145448689224,0.3578994976898743,0.36567991971969604,248208000
2013-11-26 00:00:00-05:00,0.3696880091043991,0.3727530272643423,0.3673303071515234,0.36874493956565857,753176000
2013-11-27 00:00:00-05:00,0.3685090635671381,0.3713383276694084,0.36615136221925754,0.37015947699546814,181272000
2013-11-29 00:00:00-05:00,0.3701595751528104,0.37110264469963494,0.365444143100614,0.36780184507369995,116964000
2013-12-02 00:00:00-05:00,0.3663872122635891,0.37393185236959614,0.3656798961054586,0.3713383972644806,373872000
2013-12-03 00:00:00-05:00,0.3713383827018869,0.37628953940258897,0.3687448995924564,0.37110260128974915,290560000
2013-12-04 00:00:00-05:00,0.37015953882491315,0.3769968626334294,0.3692164412646208,0.3762895464897156,493176000
2013-12-05 00:00:00-05:00,0.3769967996619149,0.3769967996619149,0.3696879142410784,0.37015947699546814,271812000
2013-12-06 00:00:00-05:00,0.37463916708537426,0.37463916708537426,0.36379372765185347,0.3647368252277374,281000000
2013-12-09 00:00:00-05:00,0.3647367304073924,0.3659155809912657,0.35789938015731826,0.3586066961288452,385220000
2013-12-10 00:00:00-05:00,0.3586067942370452,0.36850913622947606,0.3581352594956957,0.36685875058174133,524268000
2013-12-11 00:00:00-05:00,0.3675660974317589,0.3680376322124729,0.3626149119691996,0.3633222281932831,414156000
2013-12-12 00:00:00-05:00,0.362143287976729,0.3640294547409644,0.3555417183549141,0.35624903440475464,258724000
2013-12-13 00:00:00-05:00,0.3569564034726606,0.35954985856591953,0.3536556041184826,0.3541271388530731,184588000
2013-12-16 00:00:00-05:00,0.35436282853767054,0.35766359893133914,0.3541270471784021,0.3545985817909241,237620000
2013-12-17 00:00:00-05:00,0.3543628676405192,0.3571921037338633,0.3512978501618889,0.35624903440475464,274104000
2013-12-18 00:00:00-05:00,0.35695637307635564,0.36190752952697797,0.3524767232141509,0.361200213432312,426232000
2013-12-19 00:00:00-05:00,0.36072864376585756,0.36308634511548926,0.35837094241622586,0.36261481046676636,258544000
2013-12-20 00:00:00-05:00,0.36332219969740376,0.37015955185258065,0.3623791021039193,0.36992377042770386,382080000
2013-12-23 00:00:00-05:00,0.3720456063747406,0.3751106236722794,0.3689806171832182,0.3720456063747406,168568000
2013-12-24 00:00:00-05:00,0.37416761129534615,0.37416761129534615,0.3692164265921289,0.372988760471344,79600000
2013-12-26 00:00:00-05:00,0.3744033627858336,0.37558221351563964,0.3685090810307851,0.36945217847824097,168920000
2013-12-27 00:00:00-05:00,0.3713383803299566,0.37228144976044136,0.36921643195233433,0.37157413363456726,210976000
2013-12-30 00:00:00-05:00,0.37180993879873186,0.37676112389014194,0.37133840405336493,0.376525342464447,248180000
2013-12-31 00:00:00-05:00,0.3772326386061617,0.379590340313836,0.37487493689848744,0.3777041733264923,235776000
2014-01-02 00:00:00-05:00,0.3753465172044444,0.37676114964326385,0.3706311132164127,0.373931884765625,260092000
2014-01-03 00:00:00-05:00,0.3746391160681838,0.37534643212727103,0.36827332774843496,0.36945217847824097,259332000
2014-01-06 00:00:00-05:00,0.3732245083950833,0.3772326236237579,0.3696879559740318,0.3744033873081207,409492000
2014-01-07 00:00:00-05:00,0.37817569556784814,0.3819480294180567,0.37558224063859763,0.3805333971977234,333288000
2014-01-08 00:00:00-05:00,0.38194800875159485,0.3876065092207373,0.3805333766078045,0.3857203423976898,308192000
2014-01-09 00:00:00-05:00,0.3798261068439801,0.3805334230021106,0.3701595463696038,0.3713383972644806,292172000
2014-01-10 00:00:00-05:00,0.3725172787930284,0.3751107341114147,0.36756609338498,0.3708668649196625,218492000
2014-01-13 00:00:00-05:00,0.3708667370296641,0.37322443820026985,0.36143593234724114,0.36214324831962585,243332000
2014-01-14 00:00:00-05:00,0.364029602482788,0.37416772836235734,0.3623791883279983,0.37346041202545166,241828000
2014-01-15 00:00:00-05:00,0.37511067573503937,0.37888300956420184,0.3734602902245384,0.37746837735176086,175044000
2014-01-16 00:00:00-05:00,0.37746838717708286,0.37935455414076014,0.37581800162362317,0.37864723801612854,220652000
2014-01-17 00:00:00-05:00,0.3786472903933405,0.3831269410649841,0.37463920260736194,0.3769969046115875,340400000
2014-01-21 00:00:00-05:00,0.3774684932531309,0.38076929339366095,0.3744035026951065,0.37841159105300903,246076000
2014-01-22 00:00:00-05:00,0.3791187305146398,0.3795902651415899,0.373460230673191,0.3779398798942566,337940000
2014-01-23 00:00:00-05:00,0.37676112389014194,0.3807692113847952,0.3736961058862225,0.376525342464447,185028000
2014-01-24 00:00:00-05:00,0.37346032127870277,0.374874953608774,0.36685875058174133,0.36685875058174133,246696000
2014-01-27 00:00:00-05:00,0.3668587309395412,0.37204566902871444,0.36237908087151166,0.364501029253006,233812000
2014-01-28 00:00:00-05:00,0.36379374224939787,0.3682733926760465,0.36237910988181976,0.368037611246109,167996000
2014-01-29 00:00:00-05:00,0.36662294952847924,0.3687448979099736,0.36426524784194403,0.364501029253006,162944000
2014-01-30 00:00:00-05:00,0.36662286510895586,0.3713382955022603,0.36544401453713343,0.37063097953796387,202896000
2014-01-31 00:00:00-05:00,0.36544404619369,0.3722813969661538,0.36520829292251217,0.37015947699546814,335348000
2014-02-03 00:00:00-05:00,0.3727529367641553,0.37322447141904225,0.3637936658972323,0.36520829796791077,431728000
2014-02-04 00:00:00-05:00,0.3649725811291712,0.3680375990869804,0.36308641407005615,0.36733028292655945,280692000
2014-02-05 00:00:00-05:00,0.36473681303996014,0.36591566389090674,0.36120023238109894,0.36402949690818787,214676000
2014-02-06 00:00:00-05:00,0.36450107042927754,0.3696880091043991,0.36402953565990726,0.36874493956565857,168380000
2014-02-07 00:00:00-05:00,0.369688000468599,0.37463918569638943,0.3663872290540878,0.37416765093803406,157248000
2014-02-10 00:00:00-05:00,0.37369612585242756,0.3802976969583486,0.37346034441413506,0.37534651160240173,324372000
2014-02-11 00:00:00-05:00,0.37746832513326906,0.3840698943680405,0.37558218658563414,0.383126825094223,235384000
2014-02-12 00:00:00-05:00,0.38430570781086754,0.39963079558444486,0.38430570781086754,0.39680153131484985,744528000
2014-02-13 00:00:00-05:00,0.406703803505004,0.41165498669548856,0.39963070072203294,0.40929725766181946,902836000
2014-02-14 00:00:00-05:00,0.4055250910489099,0.42320785402411076,0.4052893096334985,0.42226478457450867,817536000
2014-02-18 00:00:00-05:00,0.42250049174308646,0.42391509566889846,0.41849237702157743,0.42202892899513245,428988000
2014-02-19 00:00:00-05:00,0.4220290244480897,0.4314598599499511,0.42014285734771745,0.42768752574920654,450340000
2014-02-20 00:00:00-05:00,0.42863047457768694,0.44371977902667853,0.42792318670693424,0.44277670979499817,398088000
2014-02-21 00:00:00-05:00,0.44206949633114856,0.4477279973514441,0.4366467767264568,0.43947601318359375,451052000
2014-02-24 00:00:00-05:00,0.43853293262166365,0.4491425901466156,0.43452484540010816,0.44584181904792786,403112000
2014-02-25 00:00:00-05:00,0.44524972166454924,0.4471444051756906,0.4390920073115716,0.4438287019729614,242184000
2014-02-26 00:00:00-05:00,0.4428813387976802,0.44951271643811896,0.4416971652273492,0.4431181848049164,360884000
2014-02-27 00:00:00-05:00,0.4431181944321846,0.4476180428040371,0.43696048043950964,0.43814465403556824,388848000
2014-02-28 00:00:00-05:00,0.4357763385967075,0.4400393694997334,0.42890811429935255,0.4353026747703552,321692000
2014-03-03 00:00:00-05:00,0.42559250557230716,0.43317121267318726,0.42180313790540114,0.43317121267318726,375948000
2014-03-04 00:00:00-05:00,0.4353025991678566,0.44051295681866237,0.43459208943526423,0.4376709461212158,260344000
2014-03-05 00:00:00-05:00,0.4371973105029586,0.4416971872341703,0.4353026552823709,0.44146034121513367,241472000
2014-03-06 00:00:00-05:00,0.4421708708347825,0.4445392181994716,0.434592164914363,0.4353026747703552,290144000
2014-03-07 00:00:00-05:00,0.43719719427575837,0.4379077039110557,0.43151317365921765,0.43482884764671326,268452000
2014-03-10 00:00:00-04:00,0.4334079419439816,0.4353026252668511,0.42653971842769506,0.4284344017505646,300888000
2014-03-11 00:00:00-04:00,0.43056600473118295,0.4364869021036019,0.42914501307746444,0.4326975345611572,297220000
2014-03-12 00:00:00-04:00,0.43056587814655173,0.4364867737782513,0.4289080409214788,0.43388158082962036,239428000
2014-03-13 00:00:00-04:00,0.43482899172518014,0.4364868575011725,0.41801371379413194,0.4201452434062958,385172000
2014-03-14 00:00:00-04:00,0.4158822099501792,0.42582926338254157,0.4158822099501792,0.4220398962497711,460048000
2014-03-17 00:00:00-04:00,0.4232240699496459,0.42630292721590585,0.42156623241640684,0.4220398962497711,299656000
2014-03-18 00:00:00-04:00,0.4236978007364612,0.43482902888594926,0.4218031169969263,0.4319870173931122,293904000
2014-03-19 00:00:00-04:00,0.43530268559554686,0.4478549325871363,0.4341184836508258,0.4395656883716583,366168000
2014-03-20 00:00:00-04:00,0.4371972747583278,0.4435918344202434,0.4353026196926444,0.43980246782302856,191800000
2014-03-21 00:00:00-04:00,0.44359179683469463,0.4471443171312319,0.43672357398830297,0.43909192085266113,566116000
2014-03-24 00:00:00-04:00,0.43932877586622954,0.4428812962358176,0.4305658697015744,0.4369604289531708,306096000
2014-03-25 00:00:00-04:00,0.44169712277928824,0.44217078651531555,0.43364472633513523,0.4369604289531708,304424000
2014-03-26 00:00:00-04:00,0.44098660095544095,0.44927581492364027,0.4232239713620924,0.4270133376121521,557756000
2014-03-27 00:00:00-04:00,0.4260661036191053,0.4296186246703979,0.41659268591606397,0.42132940888404846,540728000
2014-03-28 00:00:00-04:00,0.4206188446978256,0.4265397123518757,0.4194346711670156,0.4239345192909241,398820000
2014-03-31 00:00:00-04:00,0.424645111611731,0.4284344789401879,0.4218031002318531,0.42417144775390625,273404000
2014-04-01 00:00:00-04:00,0.437671054702813,0.4469075988192347,0.432460667526442,0.44169723987579346,656272000
2014-04-02 00:00:00-04:00,0.4416971522399355,0.4426444797751757,0.4369604580978865,0.4388551414012909,239948000
2014-04-03 00:00:00-04:00,0.43980252562403666,0.4542494559125654,0.4395656795932368,0.4435918927192688,599548000
2014-04-04 00:00:00-04:00,0.44596023345449615,0.4485654268227887,0.42796078236957585,0.42985546588897705,368032000
2014-04-07 00:00:00-04:00,0.4300922967163511,0.4395656863675005,0.42772394930356367,0.43127647042274475,428576000
2014-04-08 00:00:00-04:00,0.43127645497806644,0.4478549145068058,0.43056594513308905,0.4466707408428192,470692000
2014-04-09 00:00:00-04:00,0.4488021662371368,0.4525915326141542,0.4426444529327141,0.446196973323822,421968000
2014-04-10 00:00:00-04:00,0.4443024004027593,0.45046008661119435,0.43388165505837073,0.4353026747703552,372748000
2014-04-11 00:00:00-04:00,0.4319869898347872,0.43861836838364976,0.42346092766725996,0.4291449785232544,353112000
2014-04-14 00:00:00-04:00,0.43198689761542725,0.4355394180546933,0.42914488691059893,0.43388158082962036,290184000
2014-04-15 00:00:00-04:00,0.43435523605563725,0.43932877586622954,0.4300922059655471,0.4369604289531708,304636000
2014-04-16 00:00:00-04:00,0.43909207824316104,0.43956574213923094,0.432460698999387,0.4379079043865204,235136000
2014-04-17 00:00:00-04:00,0.4362500132718098,0.4435919015780965,0.43530268559554686,0.4395656883716583,153532000
2014-04-21 00:00:00-04:00,0.43980248186823456,0.4443023583752474,0.436960470946025,0.4431181848049164,117004000
2014-04-22 00:00:00-04:00,0.44382875217640455,0.44974964940580797,0.4414604045778153,0.4469076097011566,255120000
2014-04-23 00:00:00-04:00,0.44761810232339727,0.45330215328003687,0.4469075924247012,0.4521179795265198,261580000
2014-04-24 00:00:00-04:00,0.455196826384118,0.46088084897611425,0.455196826384118,0.45614415407180786,391492000
2014-04-25 00:00:00-04:00,0.4551968118028373,0.45945984272674145,0.4426445368289969,0.4435918927192688,313600000
2014-04-28 00:00:00-04:00,0.44714444486649874,0.44951279240742015,0.43625003488508823,0.44169723987579346,226788000
2014-04-29 00:00:00-04:00,0.4433549866538259,0.44430234241581645,0.43767096501357816,0.44264447689056396,171300000
2014-04-30 00:00:00-04:00,0.44193398328765143,0.4424076470392454,0.43648677956201287,0.4374341070652008,305740000
2014-05-01 00:00:00-04:00,0.44406549818666424,0.44501282571950596,0.4362499472254861,0.43980246782302856,198104000
2014-05-02 00:00:00-04:00,0.44193407490533293,0.44193407490533293,0.4338816765271941,0.4364868700504303,156376000
2014-05-05 00:00:00-04:00,0.43601317475567514,0.44453923692079345,0.435539510909375,0.4412235617637634,239260000
2014-05-06 00:00:00-04:00,0.4454865834613796,0.4492759223848808,0.43103965293953667,0.4322238266468048,416188000
2014-05-07 00:00:00-04:00,0.4322238706765844,0.43625005604484995,0.4279608392495669,0.4326975345611572,293900000
2014-05-08 00:00:00-04:00,0.43103961245921657,0.4450128495995379,0.42890808304655575,0.43814465403556824,432728000
2014-05-09 00:00:00-04:00,0.42488193990549256,0.4289081248781826,0.41943473518576924,0.4274871051311493,539532000
2014-05-12 00:00:00-04:00,0.42843447655285766,0.4409867239963815,0.42819763050880033,0.44003939628601074,299856000
2014-05-13 00:00:00-04:00,0.4341185475031393,0.44122361905187363,0.43151338189377136,0.43293437361717224,221104000
2014-05-14 00:00:00-04:00,0.4331711475661229,0.4348289850838663,0.42843445281089737,0.428671270608902,214320000
2014-05-15 00:00:00-04:00,0.42772395942787617,0.4300923068967228,0.4220399085628869,0.4263029396533966,325896000
2014-05-16 00:00:00-04:00,0.4229872361193411,0.42843444057891605,0.4229872361193411,0.42535558342933655,283960000
2014-05-19 00:00:00-04:00,0.4298553793748329,0.4414602677170193,0.42796069623676203,0.43909192085266113,360076000
2014-05-20 00:00:00-04:00,0.4392109769009521,0.4404006046595499,0.431835301815424,0.4339766204357147,256200000
2014-05-21 00:00:00-04:00,0.43564209362515893,0.4394489137978569,0.4313594280216145,0.4339766204357147,216712000
2014-05-22 00:00:00-04:00,0.43302496379064903,0.4382593206694932,0.43302496379064903,0.43588006496429443,130364000
2014-05-23 00:00:00-04:00,0.4382593032990727,0.44206612362169334,0.4356421107819005,0.43992477655410767,182656000
2014-05-27 00:00:00-04:00,0.44254199047422504,0.44777634739875793,0.44111442569345904,0.44777634739875793,209680000
2014-05-28 00:00:00-04:00,0.4494417986786587,0.4544382181249074,0.4451591331797581,0.4515831172466278,224676000
2014-05-29 00:00:00-04:00,0.45134519706227566,0.4551520172828678,0.44991766075177614,0.4508693516254425,171884000
2014-05-30 00:00:00-04:00,0.4508693431769191,0.45324859867946515,0.44849008767437304,0.45205897092819214,239128000
2014-06-02 00:00:00-04:00,0.4534865406482253,0.456341641610629,0.4468246194939744,0.45063143968582153,181500000
2014-06-03 00:00:00-04:00,0.4515830959005625,0.45205894129728913,0.4427798284277957,0.4487279951572418,243212000
2014-06-04 00:00:00-04:00,0.4475383460462386,0.45253476501697415,0.4473004091777923,0.44920381903648376,161236000
2014-06-05 00:00:00-04:00,0.449917695304782,0.4525348595898404,0.44730050265675797,0.45110732316970825,188696000
2014-06-06 00:00:00-04:00,0.4532484924588106,0.45681737487624735,0.45158301966993136,0.4527726471424103,161052000
2014-06-09 00:00:00-04:00,0.45229692913259406,0.45753128581220787,0.44920389116097004,0.45324862003326416,247456000
2014-06-10 00:00:00-04:00,0.45158312991746397,0.4577692056297783,0.44967971982421623,0.4556278586387634,217608000
2014-06-11 00:00:00-04:00,0.45396246249879435,0.4627657321289602,0.45396246249879435,0.46157610416412354,266228000
2014-06-12 00:00:00-04:00,0.46157597658801136,0.4665723956415722,0.4575312199351324,0.4644310772418976,337148000
2014-06-13 00:00:00-04:00,0.4691895961622275,0.46942753303886586,0.46038632880805797,0.4649069309234619,227852000
2014-06-16 00:00:00-04:00,0.46276561596940186,0.4665724074835495,0.45943464148619173,0.4634793698787689,198620000
2014-06-17 00:00:00-04:00,0.46395526971506323,0.46847584375564527,0.46157601424887007,0.46657243371009827,157608000
2014-06-18 00:00:00-04:00,0.4653827679720513,0.46823789698869217,0.4611001028100501,0.46609655022621155,215536000
2014-06-19 00:00:00-04:00,0.4575312653111842,0.4599105208192141,0.4520589719701229,0.45538994669914246,474592000
2014-06-20 00:00:00-04:00,0.45657960381001167,0.4582450771001255,0.446824644254686,0.45039352774620056,353148000
2014-06-23 00:00:00-04:00,0.44444541444123054,0.44539710541579586,0.4392110289922219,0.4451591968536377,414200000
2014-06-24 00:00:00-04:00,0.44444528883817663,0.4480141715286574,0.43635580438864513,0.43825921416282654,275780000
2014-06-25 00:00:00-04:00,0.4394488040846007,0.4430176864693829,0.435404076387772,0.4427797496318817,215420000
2014-06-26 00:00:00-04:00,0.4427796701490721,0.44301760694386155,0.4354039982289598,0.436831533908844,256908000
2014-06-27 00:00:00-04:00,0.4363559067172325,0.43992479024464204,0.4337387141186128,0.4373076260089874,302820000
2014-06-30 00:00:00-04:00,0.4356420140868637,0.442303933991289,0.4356420140868637,0.44111430644989014,180512000
2014-07-01 00:00:00-04:00,0.4406384628208305,0.4487279471516009,0.43921089842041283,0.4461107552051544,321180000
2014-07-02 00:00:00-04:00,0.4444452226161957,0.44634863210677067,0.44182803102128587,0.4444452226161957,179284000
2014-07-03 00:00:00-04:00,0.44040062683634695,0.4496797408384458,0.44040062683634695,0.44849011301994324,136892000
2014-07-07 00:00:00-04:00,0.4492038609984266,0.4494417978890995,0.444207413197993,0.44492119550704956,127496000
2014-07-08 00:00:00-04:00,0.44373150330098426,0.4456349130608965,0.43706958332277057,0.4413522481918335,221940000
2014-07-09 00:00:00-04:00,0.4451590711606513,0.4565795014456494,0.4418280969642577,0.45467609167099,387668000
2014-07-10 00:00:00-04:00,0.44611080755732957,0.45420029283742047,0.4425419245004263,0.4522968828678131,266308000
2014-07-11 00:00:00-04:00,0.45277277458292914,0.4546761847472335,0.4511073013252744,0.45324862003326416,191188000
2014-07-14 00:00:00-04:00,0.4551520142147826,0.46014846217525934,0.4534865410156114,0.45895883440971375,272636000
2014-07-15 00:00:00-04:00,0.45967256190769035,0.46205181715496224,0.45657952441364497,0.4608621895313263,395440000
2014-07-16 00:00:00-04:00,0.46276561956365503,0.4663345025900531,0.4577691719815134,0.46038633584976196,319728000
2014-07-17 00:00:00-04:00,0.45515204712890195,0.4639553159209144,0.45515204712890195,0.4591967761516571,324832000
2014-07-18 00:00:00-04:00,0.44967986680183303,0.4532487512570493,0.43802149389700984,0.4387352764606476,567816000
2014-07-21 00:00:00-04:00,0.43706958332277057,0.4444452855063211,0.43706958332277057,0.4413522481918335,243364000
2014-07-22 00:00:00-04:00,0.4446831588166578,0.4470624137375647,0.43849711304007344,0.4394488036632538,298816000
2014-07-23 00:00:00-04:00,0.4396867802863046,0.43992468878214924,0.42969388602390746,0.4301697313785553,297352000
2014-07-24 00:00:00-04:00,0.43254899977586986,0.4337386273804404,0.42779048935758773,0.430883526802063,254576000
2014-07-25 00:00:00-04:00,0.42945603467437005,0.4304077539361217,0.42255620475075056,0.42326998710632324,266132000
2014-07-28 00:00:00-04:00,0.4251733677246879,0.4251733677246879,0.41446671750968495,0.4216044843196869,330352000
2014-07-29 00:00:00-04:00,0.4218422689804428,0.42874212475770096,0.42160433216079624,0.42303189635276794,217972000
2014-07-30 00:00:00-04:00,0.42564915796496305,0.4313593589466541,0.4244595303968642,0.4301697313785553,246184000
2014-07-31 00:00:00-04:00,0.42493524215108536,0.42826618694932356,0.4156561330195083,0.4163699150085449,401880000
2014-08-01 00:00:00-04:00,0.4163700277126211,0.4232698843237128,0.4149424633481312,0.4208906292915344,219884000
2014-08-04 00:00:00-04:00,0.4204148567837476,0.4239837401910044,0.4177976926362045,0.4199390113353729,241724000
2014-08-05 00:00:00-04:00,0.4187492695485244,0.42636290810192834,0.415180387112725,0.42017683386802673,298136000
2014-08-06 00:00:00-04:00,0.41732178581383406,0.4249354258374314,0.41422877646257966,0.41970106959342957,223456000
2014-08-07 00:00:00-04:00,0.42326999540327276,0.4270767874360076,0.41256331658573836,0.41541844606399536,407696000
2014-08-08 00:00:00-04:00,0.43350077233574036,0.45443822643073817,0.43350077233574036,0.45205897092819214,894348000
2014-08-11 00:00:00-04:00,0.4525347733773522,0.4544381832712084,0.44849004507975804,0.4496796727180481,344624000
2014-08-12 00:00:00-04:00,0.4494417642081662,0.4520589279946282,0.44468322529204574,0.4496796727180481,296152000
2014-08-13 00:00:00-04:00,0.45039347289820575,0.4561037028070278,0.4475383721252754,0.4522968828678131,256596000
2014-08-14 00:00:00-04:00,0.45396244554641807,0.45396244554641807,0.44539711317426295,0.447300523519516,255992000
2014-08-15 00:00:00-04:00,0.4487279833056486,0.455627812283352,0.4444453181222988,0.4530106484889984,369796000
2014-08-18 00:00:00-04:00,0.4549141102134013,0.4596726499826585,0.45039353572261,0.4591967761516571,284076000
2014-08-19 00:00:00-04:00,0.4593161771107804,0.465290627253778,0.45764330828000066,0.462900847196579,248260000
2014-08-20 00:00:00-04:00,0.46122797895262035,0.4633787980998913,0.4588381988923808,0.4600330889225006,221468000
2014-08-21 00:00:00-04:00,0.4588381710991964,0.46122795101467995,0.45501454032747696,0.45573145151138306,272796000
2014-08-22 00:00:00-04:00,0.45525361569130807,0.45979421576543333,0.4523858847693732,0.45597055554389954,251224000
2014-08-25 00:00:00-04:00,0.45788234054940424,0.46098906061230854,0.4557315212035037,0.45668745040893555,153380000
2014-08-26 00:00:00-04:00,0.4578823457952198,0.4657686265103496,0.45620950527708404,0.4648127257823944,269636000
2014-08-27 00:00:00-04:00,0.4619449591503566,0.4655296295548541,0.4588382391021064,0.45955517888069153,182972000
2014-08-28 00:00:00-04:00,0.45859925652922595,0.46433471751042354,0.4571653770397132,0.46337881684303284,179704000
2014-08-29 00:00:00-04:00,0.465051686720169,0.4657686265103496,0.4600331366773332,0.4648127257823944,207932000
2014-09-02 00:00:00-04:00,0.46600767970085144,0.46600767970085144,0.46170606885960247,0.46600767970085144,192636000
2014-09-03 00:00:00-04:00,0.46839748679802473,0.4719821579535075,0.46529076609891956,0.470309317111969,259456000
2014-09-04 00:00:00-04:00,0.46959231645123745,0.4815412472459363,0.46935332700974,0.4786734879016876,491832000
2014-09-05 00:00:00-04:00,0.4781955394168654,0.48034635906177625,0.4741329180721654,0.4772396385669708,253792000
2014-09-08 00:00:00-04:00,0.4767615711873442,0.47771747180274615,0.471026082029657,0.4729379117488861,319288000
2014-09-09 00:00:00-04:00,0.4707872496739901,0.4738939702550106,0.4664856387532258,0.46696358919143677,198588000
2014-09-10 00:00:00-04:00,0.4695922929745048,0.47030923277472436,0.46433475343184716,0.4686363637447357,172376000
2014-09-11 00:00:00-04:00,0.46529072582759456,0.46696356652434723,0.45883829551544203,0.46385684609413147,250720000
2014-09-12 00:00:00-04:00,0.46672448540884587,0.46672448540884587,0.45644842530637564,0.4569263756275177,262536000
2014-09-15 00:00:00-04:00,0.45836033030310336,0.45907727014668986,0.4488012083577653,0.45071303844451904,294152000
2014-09-16 00:00:00-04:00,0.44951809471211146,0.4597941552782628,0.4480842151955593,0.45740437507629395,219936000
2014-09-17 00:00:00-04:00,0.4562095087965266,0.46194497018536096,0.4540586894093922,0.4576433598995209,173584000
2014-09-18 00:00:00-04:00,0.46051109055075706,0.46505166149489774,0.4590772110481721,0.4645737111568451,219604000
2014-09-19 00:00:00-04:00,0.466007656503318,0.466485606908902,0.45525361569130807,0.45597055554389954,601316000
2014-09-22 00:00:00-04:00,0.4652907565990812,0.4652907565990812,0.4509520437814696,0.4514300227165222,221464000
2014-09-23 00:00:00-04:00,0.44904007593512435,0.4545365756083786,0.44736723564024466,0.4495180547237396,196144000
2014-09-24 00:00:00-04:00,0.4492790680652375,0.4535806777699967,0.44880111776213644,0.4521467983722687,159592000
2014-09-25 00:00:00-04:00,0.45166887837697056,0.4528637684591149,0.4413928179728437,0.4423487186431885,298440000
2014-09-26 00:00:00-04:00,0.44378260828219473,0.4466503388472134,0.44187077840937317,0.4433046579360962,241188000
2014-09-29 00:00:00-04:00,0.43971997299668575,0.4456944233454669,0.43541836304787807,0.4425877034664154,208540000
2014-09-30 00:00:00-04:00,0.4406758798957665,0.444021589231505,0.4356573301363722,0.4409148693084717,277204000
2014-10-01 00:00:00-04:00,0.44163187177642405,0.4447385636522267,0.4354184310479569,0.4366133213043213,350976000
2014-10-02 00:00:00-04:00,0.4358963627258578,0.4380471536995391,0.4246643720078362,0.43470147252082825,288996000
2014-10-03 00:00:00-04:00,0.4373301912891708,0.4433046416165311,0.4356573224067688,0.4356573224067688,239140000
2014-10-06 00:00:00-04:00,0.43733024886256505,0.4409149195308939,0.4301608790374774,0.4330286383628845,199032000
2014-10-07 00:00:00-04:00,0.4311167858772419,0.4354183961531046,0.4280100657619839,0.42848801612854004,301896000
2014-10-08 00:00:00-04:00,0.4280100753668395,0.43852512610918354,0.42466436574900895,0.436374306678772,260172000
2014-10-09 00:00:00-04:00,0.4344624776126176,0.43494045647935325,0.42442540571446696,0.42801007628440857,306956000
2014-10-10 00:00:00-04:00,0.4246644045248725,0.4260982842760736,0.4024394393118458,0.40267840027809143,691376000
2014-10-13 00:00:00-04:00,0.40530708196117315,0.4134323512991302,0.4007665112196866,0.40124446153640747,397628000
2014-10-14 00:00:00-04:00,0.40674100114177913,0.4217966227643135,0.40435122083624764,0.410564661026001,376620000
2014-10-15 00:00:00-04:00,0.4045901962269943,0.41892890706083635,0.4019614548900597,0.4167780876159668,404428000
2014-10-16 00:00:00-04:00,0.409369751714749,0.4217966030242512,0.40841382254421676,0.41701704263687134,351116000
2014-10-17 00:00:00-04:00,0.42203563794822063,0.4268151988509933,0.4146273071535509,0.4163001477718353,290716000
2014-10-20 00:00:00-04:00,0.41630013038359653,0.4237084608688313,0.4134323996593998,0.4198848009109497,200336000
2014-10-21 00:00:00-04:00,0.4229915535111551,0.4382861660274226,0.4217966632437169,0.43780821561813354,351092000
2014-10-22 00:00:00-04:00,0.4370911972583179,0.4385250767170911,0.4275320768356323,0.4275320768356323,239512000
2014-10-23 00:00:00-04:00,0.43494049979000965,0.4401980114517725,0.43183377928901234,0.43709129095077515,214476000
2014-10-24 00:00:00-04:00,0.4397199938780684,0.4442605649633937,0.4370912242043994,0.44163182377815247,210156000
2014-10-27 00:00:00-04:00,0.44139285822262364,0.44354364917123934,0.43661329745820704,0.4418708086013794,145092000
2014-10-28 00:00:00-04:00,0.44067590226332987,0.4528637931613835,0.4401979519020868,0.4523858428001404,192580000
2014-10-29 00:00:00-04:00,0.450473955324121,0.4531027247078066,0.44545540595105737,0.4495180547237396,168340000
2014-10-30 00:00:00-04:00,0.4483231353209099,0.4502349363962663,0.44091480644442393,0.44665026664733887,170260000
2014-10-31 00:00:00-04:00,0.4569264875468424,0.46720257865475867,0.45453670686735476,0.46696358919143677,256316000
2014-11-03 00:00:00-05:00,0.47771755094675517,0.4793904200334924,0.47246003971417627,0.4748498201370239,308732000
2014-11-04 00:00:00-05:00,0.47795652656939946,0.48273608727694484,0.4700702457042638,0.48106324672698975,360196000
2014-11-05 00:00:00-05:00,0.48393100594226013,0.48416996688458,0.4774785761963307,0.48106324672698975,335652000
2014-11-06 00:00:00-05:00,0.4820192210905426,0.4839310798516683,0.47461088946702246,0.4832141399383545,394088000
2014-11-07 00:00:00-05:00,0.4887104998104195,0.49444596047968153,0.468158351695026,0.4729379117488861,450800000
2014-11-10 00:00:00-05:00,0.4724600237349762,0.4815412232207754,0.4712651335639651,0.4784345030784607,293388000
2014-11-11 00:00:00-05:00,0.4755666870983379,0.47819542806765386,0.46863630784084925,0.47269895672798157,212992000
2014-11-12 00:00:00-05:00,0.47102606450041845,0.47222095446941564,0.46313978500735226,0.46959221363067627,204584000
2014-11-13 00:00:00-05:00,0.4712651954317576,0.47198213532617006,0.46337891357008565,0.4672025740146637,225328000
2014-11-14 00:00:00-05:00,0.46768040138732503,0.4729379117488861,0.4631398022431029,0.4729379117488861,160248000
2014-11-17 00:00:00-05:00,0.47078707814216614,0.4758056271359491,0.4676803586930825,0.47078707814216614,158732000
2014-11-18 00:00:00-05:00,0.4710261841180681,0.4832141047807697,0.46983129384562716,0.48201918601989746,207772000
2014-11-19 00:00:00-05:00,0.48237910691700253,0.48381905462678726,0.47517942558605997,0.48021918535232544,240300000
2014-11-20 00:00:00-05:00,0.47685935915091743,0.4886188561599528,0.4754194113999363,0.4881388545036316,220968000
2014-11-21 00:00:00-05:00,0.4924588135976637,0.4931787876425137,0.48669907845685945,0.4907788932323456,198976000
2014-11-24 00:00:00-05:00,0.4919788292269937,0.4960586441467603,0.4900589365181617,0.49389877915382385,136004000
2014-11-25 00:00:00-05:00,0.4929385986235278,0.4972584414946354,0.4919786526137186,0.49365857243537903,190240000
2014-11-26 00:00:00-05:00,0.49077877236526335,0.5025382692444029,0.4905387429307628,0.5020582675933838,219264000
2014-11-28 00:00:00-05:00,0.5037381703319743,0.5061380640691003,0.499178355066041,0.5032581686973572,124832000
2014-12-01 00:00:00-05:00,0.501098462638941,0.503978301702189,0.4931788050835123,0.49389877915382385,190060000
2014-12-02 00:00:00-05:00,0.4934185299845943,0.49677836914954193,0.4888587155647542,0.4946185052394867,245952000
2014-12-03 00:00:00-05:00,0.4970185564762336,0.5075780788722829,0.49557860859995695,0.5073381066322327,284424000
2014-12-04 00:00:00-05:00,0.5066178934007425,0.5085377848502877,0.499418214638007,0.5027780532836914,185332000
2014-12-05 00:00:00-05:00,0.5030181671053793,0.508297955905831,0.5027781949110786,0.5056580901145935,165680000
2014-12-08 00:00:00-05:00,0.5049382009488727,0.5099779611817858,0.4950985954995834,0.499178409576416,226944000
2014-12-09 00:00:00-05:00,0.4960582969144801,0.49869821906372164,0.48861864635288593,0.4974982440471649,239448000
2014-12-10 00:00:00-05:00,0.49605838107289996,0.4979783299815266,0.48597886386998923,0.48645880818367004,204364000
2014-12-11 00:00:00-05:00,0.48933891677421115,0.49269875731006735,0.485259102235244,0.48621904850006104,135652000
2014-12-12 00:00:00-05:00,0.47973924593652645,0.48405906075960176,0.47061964322314354,0.4710996448993683,323964000
2014-12-15 00:00:00-05:00,0.4766193064350052,0.4852589633913335,0.46821967888969784,0.46965962648391724,254696000
2014-12-16 00:00:00-05:00,0.4691797231446886,0.4766193771953673,0.46413993442568646,0.4643799066543579,185308000
2014-12-17 00:00:00-05:00,0.4737394665922114,0.4840590153092245,0.45838012961998564,0.4833390414714813,345596000
2014-12-18 00:00:00-05:00,0.4893389604009768,0.4950986957213783,0.4806993288113755,0.48525914549827576,226156000
2014-12-19 00:00:00-05:00,0.48861892118086275,0.4919787615682602,0.4840591051019718,0.49005886912345886,325528000
2014-12-22 00:00:00-05:00,0.4895788413050473,0.49869847297668457,0.4878989212009009,0.49869847297668457,148976000
2014-12-23 00:00:00-05:00,0.5025383873385489,0.5049382817216443,0.49509867469835617,0.49557867646217346,109280000
2014-12-24 00:00:00-05:00,0.496778439880742,0.4974984136925933,0.4931786280394632,0.49365857243537903,45644000
2014-12-26 00:00:00-05:00,0.4936587158979801,0.49677858425001076,0.4924587973415036,0.4941387176513672,52636000
2014-12-29 00:00:00-05:00,0.4926983624884483,0.496778173758077,0.4902984701405521,0.4934183359146118,82944000
2014-12-30 00:00:00-05:00,0.4900589140185884,0.4924588084034436,0.488138964179907,0.4888589382171631,112120000
2014-12-31 00:00:00-05:00,0.4895787165365382,0.4922186393571192,0.4797391420485794,0.4811791181564331,166300000
2015-01-02 00:00:00-05:00,0.4830991327762604,0.48669900243823877,0.4754194489760312,0.4830991327762604,113680000
2015-01-05 00:00:00-05:00,0.48309906160145744,0.48453900925410187,0.4727795130481441,0.47493940591812134,197952000
2015-01-06 00:00:00-05:00,0.4756594233332865,0.4761393963918223,0.4600601129724243,0.4605400860309601,197764000
2015-01-07 00:00:00-05:00,0.4638999422535139,0.4679797849160554,0.45790020728976816,0.4593401551246643,321808000
2015-01-08 00:00:00-05:00,0.46462000969745904,0.47949937828991135,0.4643800088070006,0.4766194820404053,283780000
2015-01-09 00:00:00-05:00,0.4782992860329545,0.48213912746203824,0.4718195500452519,0.47853925824165344,209540000
2015-01-12 00:00:00-05:00,0.47973928614912614,0.4799792870073558,0.4682197885250047,0.47253960371017456,190732000
2015-01-13 00:00:00-05:00,0.4761393943273643,0.4857389698924266,0.4684597395971128,0.47181957960128784,236720000
2015-01-14 00:00:00-05:00,0.46677976517976055,0.47517939281999605,0.46557981837401263,0.4737394452095032,155260000
2015-01-15 00:00:00-05:00,0.4770993590695871,0.4799792259570681,0.4701396497651008,0.47037965059280396,188932000
2015-01-16 00:00:00-05:00,0.46965971023715014,0.47949928713134393,0.46821976238614843,0.47901931405067444,181512000
2015-01-20 00:00:00-05:00,0.4823791053851313,0.48501897136603267,0.47445945022444647,0.48045921325683594,140308000
2015-01-21 00:00:00-05:00,0.4778193468897856,0.4883788972640718,0.4744594782488341,0.4871789216995239,144780000
2015-01-22 00:00:00-05:00,0.4881389638219807,0.4970186245356298,0.4830992027828789,0.49557867646217346,159712000
2015-01-23 00:00:00-05:00,0.49605857223508876,0.4979785218835913,0.4919787579067569,0.49701857566833496,120416000
2015-01-26 00:00:00-05:00,0.49485859274864197,0.4972584865998427,0.49173872502028276,0.49485859274864197,133240000
2015-01-27 00:00:00-05:00,0.4871789286101002,0.48765893028632495,0.4701396701559113,0.4710996448993683,357948000
2015-01-28 00:00:00-05:00,0.47685936108152427,0.47877928188760827,0.4631799432187956,0.46341994404792786,272728000
2015-01-29 00:00:00-05:00,0.46365997336634474,0.47733936346060324,0.4615000515984135,0.4746994972229004,235340000
2015-01-30 00:00:00-05:00,0.47133969602950626,0.4768594587491522,0.4600601983209239,0.46078014373779297,298200000
2015-02-02 00:00:00-05:00,0.4636599355732553,0.4727795377624166,0.454540333384094,0.4708596169948578,259604000
2015-02-03 00:00:00-05:00,0.4742194780690705,0.4830991084396407,0.4718195841546444,0.48261910676956177,183468000
2015-02-04 00:00:00-05:00,0.48117914213935065,0.48933876874899396,0.47973916595972577,0.48381900787353516,181516000
2015-02-05 00:00:00-05:00,0.4842989080568109,0.4919785895874121,0.48381896372237976,0.49173861742019653,140448000
2015-02-06 00:00:00-05:00,0.4912587333225385,0.49701852445657935,0.48741889163917257,0.48957881331443787,210524000
2015-02-09 00:00:00-05:00,0.4866988641519779,0.4905386477431036,0.4835789970707101,0.48909875750541687,273944000
2015-02-10 00:00:00-05:00,0.4895786136096961,0.5030180254103944,0.48741869281548733,0.5027780532836914,226204000
2015-02-11 00:00:00-05:00,0.5039782862359378,0.5039782862359378,0.4960586289235501,0.4994185268878937,320832000
2015-02-12 00:00:00-05:00,0.5279769560464477,0.5399764206165568,0.5248570895364232,0.5351766347885132,676904000
2015-02-13 00:00:00-05:00,0.5339768936840409,0.5361368154184166,0.5258172656448248,0.535416841506958,310084000
2015-02-17 00:00:00-05:00,0.5344570506654653,0.5397368418110207,0.531097209581022,0.5370969176292419,203340000
2015-02-18 00:00:00-05:00,0.536376728203123,0.5373367314573279,0.5298970209361253,0.5308569669723511,170948000
2015-02-19 00:00:00-05:00,0.5375768654095783,0.5385368117346355,0.5298971803731282,0.5322970747947693,169432000
2015-02-20 00:00:00-05:00,0.531816842463044,0.5363765993441765,0.527977002022644,0.5361366271972656,157752000
2015-02-23 00:00:00-05:00,0.5358967728653468,0.5358967728653468,0.5291770363128453,0.5318169593811035,125008000
2015-02-24 00:00:00-05:00,0.5338648328625638,0.537478506565094,0.529046562966985,0.537478506565094,149356000
2015-02-25 00:00:00-05:00,0.5353102969053387,0.5377194894220634,0.5309738767395183,0.5333830118179321,123820000
2015-02-26 00:00:00-05:00,0.5338644250704898,0.5379599456095396,0.5304915927692746,0.5348280668258667,152864000
2015-02-27 00:00:00-05:00,0.5333828011413495,0.5345873969239183,0.5295281750507331,0.5314555168151855,157492000
2015-03-02 00:00:00-05:00,0.5300101379476179,0.5473559303375789,0.5292873918115111,0.5444649457931519,301512000
2015-03-03 00:00:00-05:00,0.5403696269175212,0.5430196587928087,0.5326603701770023,0.5343467593193054,160344000
2015-03-04 00:00:00-05:00,0.5324194180247347,0.5415741091856234,0.5302511790241361,0.5403695702552795,226840000
2015-03-05 00:00:00-05:00,0.5403693945423078,0.551692321021897,0.5389239023452757,0.5507286787033081,323056000
2015-03-06 00:00:00-05:00,0.5475967547316921,0.5502467852575625,0.5427784860819498,0.5432603359222412,257392000
2015-03-09 00:00:00-04:00,0.5435013291090993,0.5488014485449204,0.5422967330125613,0.544705867767334,222388000
2015-03-10 00:00:00-04:00,0.5471149596595793,0.5577151977007692,0.5461513173208254,0.5541014671325684,527212000
2015-03-11 00:00:00-04:00,0.5541017491626002,0.5613291565393521,0.5497653277118802,0.5512108206748962,262120000
2015-03-12 00:00:00-04:00,0.545910384194307,0.5500059069358941,0.5357919967256071,0.5461512804031372,406972000
2015-03-13 00:00:00-04:00,0.5435011510523304,0.5483194189833598,0.5360327955524358,0.546873927116394,359288000
2015-03-16 00:00:00-04:00,0.551210461013904,0.5567514754644398,0.5475967309642977,0.5533786416053772,236956000
2015-03-17 00:00:00-04:00,0.5521743053019957,0.5603653531611849,0.5483196776511092,0.5601244568824768,299900000
2015-03-18 00:00:00-04:00,0.5601245285128045,0.5630154565419359,0.5459106123617055,0.5509697794914246,413844000
2015-03-19 00:00:00-04:00,0.5528969143336492,0.5613288563785284,0.5488013914206653,0.5594015717506409,310756000
2015-03-20 00:00:00-04:00,0.5639791262829884,0.5687973968437002,0.558679005690879,0.5654245615005493,462084000
2015-03-23 00:00:00-04:00,0.5485603410257303,0.5557877432632135,0.5468739529141462,0.5471148490905762,426012000
2015-03-24 00:00:00-04:00,0.5454284763797415,0.549283102502896,0.5372374317669685,0.539646565914154,330480000
2015-03-25 00:00:00-04:00,0.5394059020457307,0.5394059020457307,0.505196102008395,0.5068825483322144,542552000
2015-03-26 00:00:00-04:00,0.4965231367643135,0.5073642136576336,0.4929094061743407,0.5051959753036499,311920000
2015-03-27 00:00:00-04:00,0.5080871469470247,0.517000942434929,0.4998960978433636,0.5150736570358276,318288000
2015-03-30 00:00:00-04:00,0.5174827318812641,0.519891867067073,0.5107371188980109,0.5172418355941772,253252000
2015-03-31 00:00:00-04:00,0.5157962277834544,0.5162780202500117,0.5037505545450088,0.5042323470115662,357276000
2015-04-01 00:00:00-04:00,0.506159782409668,0.5078461712297943,0.4974868845930819,0.506159782409668,330768000
2015-04-02 00:00:00-04:00,0.5090505421258037,0.5104960341914337,0.5030277351034019,0.5073641538619995,192204000
2015-04-06 00:00:00-04:00,0.5051960351590602,0.5237464253215975,0.49989597291688315,0.5220600366592407,515864000
2015-04-07 00:00:00-04:00,0.5220599430936388,0.5324192269045614,0.5191689587972713,0.5266373157501221,413964000
2015-04-08 00:00:00-04:00,0.5271192894568643,0.5324194100102168,0.5220601226366064,0.5304920673370361,366432000
2015-04-09 00:00:00-04:00,0.5263965173409164,0.5444650596452646,0.5261556210579409,0.5427786707878113,379432000
2015-04-10 00:00:00-04:00,0.5432604126059106,0.5485604744057792,0.5413330704109847,0.5483195781707764,258728000
2015-04-13 00:00:00-04:00,0.5471149048914007,0.5502467852575625,0.540851144159077,0.5432603359222412,236724000
2015-04-14 00:00:00-04:00,0.5410921915737524,0.5432604300733966,0.5333829374227751,0.5386830568313599,220276000
2015-04-15 00:00:00-04:00,0.5401287231722386,0.5492834151672832,0.5374786338950424,0.5451878905296326,243560000
2015-04-16 00:00:00-04:00,0.5420559387850512,0.5466333129120852,0.5379604146749787,0.5418150424957275,155284000
2015-04-17 00:00:00-04:00,0.5304915927692746,0.5401281826378357,0.5302506966899964,0.5348280668258667,293636000
2015-04-20 00:00:00-04:00,0.5372373871909175,0.540610163229471,0.5312145236035427,0.5321782231330872,231624000
2015-04-21 00:00:00-04:00,0.5386829191957331,0.5386829191957331,0.5288054290688495,0.5314555168151855,230456000
2015-04-22 00:00:00-04:00,0.5345875790907315,0.5382012527932616,0.5263964743176012,0.537478506565094,207420000
2015-04-23 00:00:00-04:00,0.5276010122783912,0.5403694318362326,0.5215781468545181,0.5353102087974548,259380000
2015-04-24 00:00:00-04:00,0.5350694095493326,0.5353103058296967,0.524710122795619,0.5307329893112183,240960000
2015-04-27 00:00:00-04:00,0.5324189337182924,0.5442237031768856,0.5278415635824221,0.5348280668258667,248456000
2015-04-28 00:00:00-04:00,0.5338648328625638,0.5394058489863103,0.5288056092653906,0.537478506565094,234484000
2015-04-29 00:00:00-04:00,0.5336239080942802,0.5389240282421147,0.5312147730158665,0.5333830118179321,195156000
2015-04-30 00:00:00-04:00,0.5307325462868169,0.5374780960127192,0.5295279510138977,0.5348280668258667,218844000
2015-05-01 00:00:00-04:00,0.539164748025248,0.5497649848509761,0.5367556137354539,0.5480785965919495,256968000
2015-05-04 00:00:00-04:00,0.5475968524483825,0.5512105832996931,0.5430194791828235,0.544705867767334,200720000
2015-05-05 00:00:00-04:00,0.5427786649041048,0.5435014111835091,0.5283238541926409,0.5307329893112183,292928000
2015-05-06 00:00:00-04:00,0.5336237431596618,0.538682965467423,0.5254326979124392,0.5324192047119141,316484000
2015-05-07 00:00:00-04:00,0.530251159033481,0.5435014313976213,0.5285647701315872,0.5418150424957275,534564000
2015-05-08 00:00:00-04:00,0.5061595432435146,0.5261553607974463,0.4936320237124737,0.5018230676651001,1146552000
2015-05-11 00:00:00-04:00,0.4948367175361477,0.5020641791056679,0.49098214795013995,0.4970049560070038,544144000
2015-05-12 00:00:00-04:00,0.49339112754865655,0.5059185896414133,0.4931501739465552,0.5018230676651001,388800000
2015-05-13 00:00:00-04:00,0.5054367580195434,0.5092913835323687,0.49989574461453434,0.5047140121459961,308524000
2015-05-14 00:00:00-04:00,0.5061597448831517,0.5155553882743894,0.5049551487076206,0.5129052996635437,293052000
2015-05-15 00:00:00-04:00,0.5150733269879306,0.5174824609122464,0.5100141629783528,0.5131460428237915,215824000
2015-05-18 00:00:00-04:00,0.5119416653542623,0.5155553965002068,0.5095325304030687,0.5124235153198242,324972000
2015-05-19 00:00:00-04:00,0.5131011780381814,0.5147954304506379,0.5082606052419103,0.5092287659645081,253808000
2015-05-20 00:00:00-04:00,0.5094707772930678,0.5155215221404965,0.5087446856032092,0.5092287659645081,196824000
2015-05-21 00:00:00-04:00,0.5094707163659872,0.5116489911750655,0.5051141667478308,0.505598247051239,239692000
2015-05-22 00:00:00-04:00,0.5068081673983833,0.5087443722426165,0.5036617912483963,0.5048719048500061,212592000
2015-05-26 00:00:00-04:00,0.5024516457461596,0.5058400332496511,0.49785308687476576,0.5017255544662476,259732000
2015-05-27 00:00:00-04:00,0.5051141507474861,0.5310112632239544,0.5034199562954826,0.528590977191925,432332000
2015-05-28 00:00:00-04:00,0.5285910368930162,0.5375460904525259,0.5276229339116973,0.5358518958091736,327656000
2015-05-29 00:00:00-04:00,0.5358517333833789,0.5392401216430053,0.5348836306955085,0.5356097221374512,335168000
2015-06-01 00:00:00-04:00,0.5389984276855238,0.5469853805443583,0.5356100374312773,0.541660726070404,372660000
2015-06-02 00:00:00-04:00,0.5382720209302962,0.5411763867087248,0.5305270839905937,0.531011164188385,224304000
2015-06-03 00:00:00-04:00,0.5324633697927519,0.5365778496849447,0.5242343523042039,0.5252025127410889,250788000
2015-06-04 00:00:00-04:00,0.522056057145391,0.5363357578461257,0.522056057145391,0.5346415638923645,323712000
2015-06-05 00:00:00-04:00,0.5329474002347875,0.5411764178457447,0.5273807373086237,0.5387561321258545,313320000
2015-06-08 00:00:00-04:00,0.5370620914285418,0.5406924921941603,0.520362097875829,0.5264127850532532,342812000
2015-06-09 00:00:00-04:00,0.5268966925403229,0.5329473777324926,0.5259285898340751,0.5290749669075012,256888000
2015-06-10 00:00:00-04:00,0.5227824132455644,0.5261708028689458,0.516731668028798,0.5196360349655151,529460000
2015-06-11 00:00:00-04:00,0.5196358498977309,0.5288329124148392,0.5196358498977309,0.5252025127410889,283052000
2015-06-12 00:00:00-04:00,0.5218139849906713,0.5249603616579401,0.5097125584643121,0.5109227299690247,323728000
2015-06-15 00:00:00-04:00,0.5082604984812952,0.5123750364276245,0.5043880872210256,0.5099547505378723,306548000
2015-06-16 00:00:00-04:00,0.5089866523515781,0.5169736025362972,0.5039040686719113,0.5162475109100342,256892000
2015-06-17 00:00:00-04:00,0.5160055794307091,0.5252027029834216,0.514795465002511,0.5222983360290527,233544000
2015-06-18 00:00:00-04:00,0.5266546732249022,0.5343995524604449,0.525202490335688,0.531011164188385,299404000
2015-06-19 00:00:00-04:00,0.5310114548519068,0.5353679482000343,0.5244766859776196,0.5293172597885132,355656000
2015-06-22 00:00:00-04:00,0.530285147093003,0.5331895132786415,0.5191518203202798,0.5271387696266174,514236000
2015-06-23 00:00:00-04:00,0.5281069881524427,0.5322214693473933,0.5094707882561907,0.5135852694511414,414064000
2015-06-24 00:00:00-04:00,0.512859154513224,0.5155215098807848,0.5060823758412759,0.5085026621818542,253368000
2015-06-25 00:00:00-04:00,0.508502587625639,0.5155214342954723,0.508502587625639,0.5123750567436218,350460000
2015-06-26 00:00:00-04:00,0.5082604827979845,0.5087445630426648,0.499789511297323,0.50196772813797,421296000
2015-06-29 00:00:00-04:00,0.4961590232431571,0.5012416635354886,0.48623586932220847,0.4869619607925415,391724000
2015-06-30 00:00:00-04:00,0.48986631355552523,0.4920445881647829,0.4833315474319195,0.48671993613243103,315916000
2015-07-01 00:00:00-04:00,0.4988214713342449,0.5058402606889855,0.48938233815544835,0.4937388300895691,302892000
2015-07-02 00:00:00-04:00,0.4934968473660064,0.49736931692289926,0.49107656110597037,0.4942229390144348,145764000
2015-07-06 00:00:00-04:00,0.4901084968883116,0.4968852758704802,0.48454183227973857,0.4881722331047058,214776000
2015-07-07 00:00:00-04:00,0.4852678115075233,0.48720401713816397,0.463727220919767,0.4789750277996063,594252000
2015-07-08 00:00:00-04:00,0.4763127144663049,0.47921705166578205,0.47171415411939027,0.4755866229534149,332492000
2015-07-09 00:00:00-04:00,0.4830895124778568,0.48526778698035533,0.4668735747502249,0.469777911901474,357588000
2015-07-10 00:00:00-04:00,0.47582871386057,0.4823635097182001,0.4746185707539108,0.4780069887638092,216708000
2015-07-13 00:00:00-04:00,0.48284759344428885,0.4838156964534498,0.47800702069430534,0.4811533987522125,212472000
2015-07-14 00:00:00-04:00,0.4818793546209465,0.4823634059891006,0.4751025489105449,0.48139527440071106,249216000
2015-07-15 00:00:00-04:00,0.4801852348149609,0.4833316126626925,0.4736504678094184,0.4780069887638092,265732000
2015-07-16 00:00:00-04:00,0.4809112552011033,0.4886561930179596,0.47921706087319715,0.4886561930179596,282848000
2015-07-17 00:00:00-04:00,0.48696221843379783,0.4874462412006646,0.4794592885054376,0.48575204610824585,220372000
2015-07-20 00:00:00-04:00,0.485751797605868,0.48768806079535326,0.4755866033996001,0.4767967462539673,188412000
2015-07-21 00:00:00-04:00,0.4758286503716897,0.4857518340630998,0.4758286503716897,0.4789750277996063,149720000
2015-07-22 00:00:00-04:00,0.4755866150560545,0.4755866150560545,0.46396923759897574,0.469777911901474,356472000
2015-07-23 00:00:00-04:00,0.47074605133692543,0.4826054402564916,0.4697779197023779,0.4755866229534149,169916000
2015-07-24 00:00:00-04:00,0.4789749878384658,0.47945903920574134,0.4680837022404012,0.4700199365615845,188844000
2015-07-27 00:00:00-04:00,0.4659054821770032,0.47268228866590356,0.4620330419348349,0.46735766530036926,192420000
2015-07-28 00:00:00-04:00,0.4685678280888488,0.48066925845472497,0.4637272559424983,0.47752290964126587,198308000
2015-07-29 00:00:00-04:00,0.47655481341290135,0.4872040902396922,0.4746185786396586,0.4833316206932068,232680000
2015-07-30 00:00:00-04:00,0.4821213994778328,0.4893822859144781,0.4821213994778328,0.48454171419143677,190180000
2015-07-31 00:00:00-04:00,0.4864778806639249,0.48671989191935816,0.4799431151339296,0.4828474521636963,218340000
2015-08-03 00:00:00-04:00,0.48671989080625605,0.49156046212882404,0.48042716539816627,0.49107643961906433,397132000
2015-08-04 00:00:00-04:00,0.4893824148174399,0.4944649991541322,0.4874461509957129,0.49301281571388245,260100000
2015-08-05 00:00:00-04:00,0.5051142733919808,0.5055983537975922,0.4971273217765913,0.49809548258781433,234628000
2015-08-06 00:00:00-04:00,0.4968852786898222,0.5005157372395694,0.48672005245471084,0.494949072599411,655676000
2015-08-07 00:00:00-04:00,0.543596871771521,0.5656214613263699,0.5295591756299575,0.5561823844909668,1405248000
2015-08-10 00:00:00-04:00,0.5523097229309542,0.5796589563077847,0.5489212768871845,0.5755444765090942,662304000
2015-08-11 00:00:00-04:00,0.5670735171912669,0.5782068439842701,0.5670735171912669,0.5726401805877686,435008000
2015-08-12 00:00:00-04:00,0.5634431411727086,0.578206868629487,0.5634431411727086,0.5740923881530762,384048000
2015-08-13 00:00:00-04:00,0.5748184389807078,0.5760286107607724,0.5677995926871663,0.5692517757415771,276884000
2015-08-14 00:00:00-04:00,0.5687677241120018,0.5731242734944781,0.5653793352839664,0.5697358846664429,214652000
2015-08-17 00:00:00-04:00,0.5687676028451907,0.5687676028451907,0.5590864609982498,0.566105306148529,273880000
2015-08-18 00:00:00-04:00,0.5643553675609331,0.5682441290063747,0.55657784467005,0.5609527230262756,287084000
2015-08-19 00:00:00-04:00,0.5602237044951924,0.5665429360429252,0.552689209366608,0.5587654113769531,249248000
2015-08-20 00:00:00-04:00,0.5524463696801234,0.5551198693510189,0.535919138572008,0.5385926961898804,426932000
2015-08-21 00:00:00-04:00,0.5347038889505239,0.5436966216080211,0.5213362757913435,0.5218223929405212,382664000
2015-08-24 00:00:00-04:00,0.4926562725845035,0.530571639165406,0.4860940154291695,0.5033503770828247,682284000
2015-08-25 00:00:00-04:00,0.5254679322633675,0.5274123424080781,0.49289965629577637,0.49289965629577637,622684000
2015-08-26 00:00:00-04:00,0.5089407844393676,0.5305719787246231,0.5050520219463951,0.5300858616828918,614976000
2015-08-27 00:00:00-04:00,0.5356757286305367,0.5502585385769297,0.5325161140141247,0.5500155091285706,463764000
2015-08-28 00:00:00-04:00,0.5500158359830615,0.555848951838641,0.5461270727636851,0.5524463057518005,320944000
2015-08-31 00:00:00-04:00,0.5497724931258094,0.5536612541293409,0.5441824100482838,0.5463697910308838,219352000
2015-09-01 00:00:00-04:00,0.5305718434042709,0.5395645717805437,0.5201208222216954,0.5240095257759094,353408000
2015-09-02 00:00:00-04:00,0.538349622031847,0.5400509453145206,0.5293568884175816,0.539807915687561,344044000
2015-09-03 00:00:00-04:00,0.5478284060252896,0.5505019633836492,0.5402939669857563,0.541266143321991,262556000
2015-09-04 00:00:00-04:00,0.5320300399683717,0.5405367087615344,0.5283843661619737,0.5286273956298828,287972000
2015-09-08 00:00:00-04:00,0.5415092063967982,0.5534185266061097,0.5393218239917832,0.5512310862541199,238448000
2015-09-09 00:00:00-04:00,0.5529323363548265,0.5575501876298946,0.5390786086887394,0.5402938723564148,289392000
2015-09-10 00:00:00-04:00,0.5371341222624949,0.5556056965922634,0.534703653480866,0.5488003492355347,357076000
2015-09-11 00:00:00-04:00,0.5427245338689993,0.5541477382435438,0.5405370932610073,0.5505020618438721,301584000
2015-09-14 00:00:00-04:00,0.5531755369032364,0.554876860206314,0.5485576262537518,0.5514742136001587,192460000
2015-09-15 00:00:00-04:00,0.5517170179110135,0.5604667184299125,0.5500156953027492,0.5575501322746277,327976000
2015-09-16 00:00:00-04:00,0.5565781568808476,0.5645987137527574,0.5524463636357692,0.5614390969276428,173508000
2015-09-17 00:00:00-04:00,0.5711607742929785,0.57626480009337,0.5653276598966297,0.56654292345047,268712000
2015-09-18 00:00:00-04:00,0.5587654395603181,0.5709177862469991,0.5553627940774394,0.5660568475723267,326412000
2015-09-21 00:00:00-04:00,0.5667860279996518,0.5731052602433125,0.5638694414419735,0.5718899965286255,281840000
2015-09-22 00:00:00-04:00,0.559494768156564,0.5633835319506858,0.5534185638631901,0.5563351511955261,228356000
2015-09-23 00:00:00-04:00,0.5568210392914931,0.5624111246621462,0.5546336574116,0.5590084791183472,161632000
2015-09-24 00:00:00-04:00,0.5556058091135238,0.5755356803378554,0.5468561081382816,0.5697025656700134,382440000
2015-09-25 00:00:00-04:00,0.5767508281088888,0.5850144691680585,0.5682442154777688,0.5738343000411987,369692000
2015-09-28 00:00:00-04:00,0.5738345321258106,0.5774802081716374,0.5626543584771835,0.5663000345230103,395584000
2015-09-29 00:00:00-04:00,0.5723760956068726,0.5772370344188534,0.5643555407724082,0.5762648582458496,380736000
2015-09-30 00:00:00-04:00,0.5816119139479572,0.5998404652771833,0.5782092680309454,0.5991113185882568,556380000
2015-10-01 00:00:00-04:00,0.5991111289015726,0.6008124513214168,0.5704315613740296,0.5874449014663696,489296000
2015-10-02 00:00:00-04:00,0.5842855718024768,0.6027571558952332,0.5782093676634089,0.6027571558952332,386144000
2015-10-05 00:00:00-04:00,0.6066458130247272,0.625360423452529,0.6034861966989593,0.617825984954834,482024000
2015-10-06 00:00:00-04:00,0.6112636299383025,0.6285199443737626,0.6088331606679437,0.6258464455604553,453216000
2015-10-07 00:00:00-04:00,0.6273048880468753,0.6387280905422483,0.617096891502492,0.632408857345581,310152000
2015-10-08 00:00:00-04:00,0.6297351653646672,0.6377557192087507,0.619041054941253,0.6360543966293335,460068000
2015-10-09 00:00:00-04:00,0.6326518426142315,0.6387280457843142,0.6217147580338379,0.6336240768432617,423248000
2015-10-12 00:00:00-04:00,0.634353056224089,0.6440749912094303,0.6297352051937276,0.6404292583465576,227588000
2015-10-13 00:00:00-04:00,0.6353253056319,0.6455332420006024,0.6331378658613384,0.6416445374488831,298444000
2015-10-14 00:00:00-04:00,0.6423736446157505,0.6754280978342061,0.6416445559514986,0.6649770736694336,612148000
2015-10-15 00:00:00-04:00,0.6661920733252253,0.6802888261856898,0.6593867843215137,0.6666781902313232,526048000
2015-10-16 00:00:00-04:00,0.6688657450469051,0.6834485593881473,0.6671643645548357,0.677129328250885,448396000
2015-10-19 00:00:00-04:00,0.6793169318213331,0.6824765481529191,0.6681367598706389,0.6759142279624939,294712000
2015-10-20 00:00:00-04:00,0.6729974264346847,0.6781013932341765,0.6678934016882494,0.6749417781829834,264824000
2015-10-21 00:00:00-04:00,0.6790737869866681,0.6832056371846432,0.6649770874212693,0.6661922931671143,386280000
2015-10-22 00:00:00-04:00,0.6739698914072205,0.6924414727271898,0.6729977151160577,0.6902540326118469,306884000
2015-10-23 00:00:00-04:00,0.696330195792181,0.6994898120169742,0.6858791708825492,0.6948719024658203,381776000
2015-10-26 00:00:00-04:00,0.6953579335063745,0.6970592561942682,0.6853929689740507,0.6917122006416321,247436000
2015-10-27 00:00:00-04:00,0.6883095978957035,0.6956010061298172,0.6878234808346445,0.6912261843681335,208268000
2015-10-28 00:00:00-04:00,0.6956010614119349,0.6968163251876831,0.685393065894122,0.6968163251876831,217036000
2015-10-29 00:00:00-04:00,0.6856361381008588,0.6926844592336656,0.6715393799413153,0.6727545857429504,327168000
2015-10-30 00:00:00-04:00,0.6800458625362676,0.6943856462644367,0.6749418373424582,0.6895246505737305,301160000
2015-11-02 00:00:00-05:00,0.6917121164618879,0.6982743768728544,0.6875803250159812,0.6975452303886414,190088000
2015-11-03 00:00:00-05:00,0.6934135586126133,0.6973023212172251,0.6849069447403009,0.6926844120025635,376768000
2015-11-04 00:00:00-05:00,0.6907399085316728,0.6958438757382518,0.6781014473188695,0.6812610626220703,442264000
2015-11-05 00:00:00-05:00,0.6846638402383816,0.6866082504658871,0.671539317477297,0.673483669757843,478800000
2015-11-06 00:00:00-05:00,0.7400785939016987,0.7762926022759816,0.7247666321849738,0.7668137550354004,1172272000
2015-11-09 00:00:00-05:00,0.7592795499997038,0.7655987834249627,0.752717229017876,0.7634113430976868,492568000
2015-11-10 00:00:00-05:00,0.7534461427820563,0.757577992549193,0.7327871836811539,0.7488282918930054,552260000
2015-11-11 00:00:00-05:00,0.7493143822515805,0.7546614378611309,0.7388633585240221,0.7415369153022766,619896000
2015-11-12 00:00:00-05:00,0.7398355847566576,0.7466409339885375,0.735703792484106,0.7388634085655212,291080000
2015-11-13 00:00:00-05:00,0.7395926200650988,0.7427522364236432,0.7206349219138326,0.7242806553840637,292940000
2015-11-16 00:00:00-05:00,0.7337594401018332,0.7393495256345707,0.7279262670610898,0.7388634085655212,344280000
2015-11-17 00:00:00-05:00,0.7408078188947566,0.7451826407283516,0.735703792484106,0.7388634085655212,257048000
2015-11-18 00:00:00-05:00,0.7419128008985013,0.7580148765991648,0.7338617921316621,0.757038950920105,350216000
2015-11-19 00:00:00-05:00,0.7597228682166434,0.7667979532501252,0.753623592796606,0.7592349052429199,254072000
2015-11-20 00:00:00-05:00,0.7648461256879215,0.770213485085249,0.7602106815796384,0.7658219933509827,239744000
2015-11-23 00:00:00-05:00,0.772165233891026,0.772165233891026,0.7516717799410124,0.7543554306030273,242552000
2015-11-24 00:00:00-05:00,0.7543553211808356,0.7670417736828601,0.7509397557124404,0.7604545950889587,195428000
2015-11-25 00:00:00-05:00,0.7589910813739268,0.7680179616639942,0.7567953348708257,0.7594789862632751,138300000
2015-11-27 00:00:00-05:00,0.7609425968686828,0.7682616915921325,0.7570390680494442,0.7658219933509827,86996000
2015-11-30 00:00:00-05:00,0.7665539361532266,0.7772886553331728,0.7658220208379123,0.7738730311393738,327244000
2015-12-01 00:00:00-05:00,0.7807042251120057,0.7997339070676417,0.7799723097931738,0.7990019917488098,409496000
2015-12-02 00:00:00-05:00,0.8002217428392031,0.8085167048480982,0.7911948655745829,0.7929026484489441,294240000
2015-12-03 00:00:00-05:00,0.7992461065617622,0.8075410709716286,0.7872915648140084,0.7911950945854187,246656000
2015-12-04 00:00:00-05:00,0.7911949074282516,0.824862778304645,0.7911949074282516,0.8233989477157593,458756000
2015-12-07 00:00:00-05:00,0.8231549595467265,0.8231549595467265,0.8053451572126937,0.8077848553657532,333588000
2015-12-08 00:00:00-05:00,0.7977823684484191,0.8221793596495574,0.7926590177462847,0.818763792514801,314488000
2015-12-09 00:00:00-05:00,0.8185194145757413,0.8233988102795948,0.7897309450228139,0.798025906085968,372676000
2015-12-10 00:00:00-05:00,0.8004657527476485,0.8090047259003138,0.7977821020617233,0.8046132922172546,236596000
2015-12-11 00:00:00-05:00,0.7965623350292342,0.8021736473221422,0.7909510227363263,0.792658805847168,227320000
2015-12-14 00:00:00-05:00,0.7933906802482039,0.7990019922514474,0.7850956593518897,0.7946105003356934,275892000
2015-12-15 00:00:00-05:00,0.803637295952682,0.8099805226245729,0.7992458626543678,0.8043692111968994,307296000
2015-12-16 00:00:00-05:00,0.8060770721933594,0.8119323947147711,0.7990019877583143,0.809248685836792,236356000
2015-12-17 00:00:00-05:00,0.810468608276199,0.8187635714111634,0.7965623328635827,0.7970502376556396,254160000
2015-12-18 00:00:00-05:00,0.7914390001163086,0.7994900116155292,0.7831440361980222,0.7841199040412903,395896000
2015-12-21 00:00:00-05:00,0.7926587331682343,0.8033933938094052,0.7855835908098969,0.8026614785194397,284216000
2015-12-22 00:00:00-05:00,0.8051012065747718,0.8114444338780193,0.7985140268881675,0.8033934235572815,130012000
2015-12-23 00:00:00-05:00,0.8046131919667282,0.8097365403197879,0.8031493615324288,0.8065649271011353,122524000
2015-12-24 00:00:00-05:00,0.8041253367975532,0.8112004793995946,0.8029054585499269,0.809248685836792,52448000
2015-12-28 00:00:00-05:00,0.8007097413357293,0.8085167407989502,0.7894871178049178,0.8085167407989502,142024000
2015-12-29 00:00:00-05:00,0.80900470136316,0.8241308536651349,0.8068089555047296,0.8216911554336548,203660000
2015-12-30 00:00:00-05:00,0.8209592516180468,0.8280343940382924,0.8143720721177128,0.8146160244941711,180344000
2015-12-31 00:00:00-05:00,0.8133960766337849,0.8170555943736096,0.804125189781189,0.804125189781189,148528000
2016-01-04 00:00:00-05:00,0.7877794093963554,0.7948544942407694,0.781680134139309,0.7897311449050903,358076000
2016-01-05 00:00:00-05:00,0.8046133223201956,0.8158359465786573,0.7929027351155841,0.8024175763130188,490272000
2016-01-06 00:00:00-05:00,0.7892431287197467,0.7929027052605814,0.7602107014414428,0.7692376375198364,449344000
2016-01-07 00:00:00-05:00,0.74996390329342,0.7550873101636593,0.7289824874129915,0.7387413382530212,645304000
2016-01-08 00:00:00-05:00,0.7482562572587841,0.7489881726598385,0.7214195724991299,0.722883403301239,398472000
2016-01-11 00:00:00-05:00,0.723615247976909,0.7292265600585479,0.7111727455421023,0.7241031527519226,409372000
2016-01-12 00:00:00-05:00,0.7370335758830483,0.7470363801578739,0.731178311287418,0.7363016605377197,469356000
2016-01-13 00:00:00-05:00,0.7419129610698657,0.7467924160176329,0.7131245433301252,0.7138564586639404,481672000
2016-01-14 00:00:00-05:00,0.6992181052452918,0.7075131250616292,0.6787246534742579,0.6994621157646179,600236000
2016-01-15 00:00:00-05:00,0.671405625136856,0.6794566352221211,0.6499362455204839,0.6614028215408325,841452000
2016-01-19 00:00:00-05:00,0.6750650620549223,0.6940947411136662,0.664086392110726,0.6667701005935669,457140000
2016-01-20 00:00:00-05:00,0.6540837920007515,0.6789687400346581,0.6453008657436667,0.6704297661781311,481180000
2016-01-21 00:00:00-05:00,0.6777487586564591,0.6887273702412068,0.663842428126399,0.6782366633415222,481456000
2016-01-22 00:00:00-05:00,0.6911672941854754,0.6987304009470258,0.6897034633176266,0.6940949559211731,257996000
2016-01-25 00:00:00-05:00,0.6938507949343385,0.7019018041204494,0.6918990016415608,0.693362832069397,270728000
2016-01-26 00:00:00-05:00,0.6948267593746991,0.7031217220663265,0.6877516167650184,0.7001940608024597,227944000
2016-01-27 00:00:00-05:00,0.6992180353349352,0.7014137807873967,0.6787245856129108,0.6918989419937134,231700000
2016-01-28 00:00:00-05:00,0.6975102436417098,0.699949941390415,0.6709175207307287,0.6843358874320984,276776000
2016-01-29 00:00:00-05:00,0.6901912440889112,0.7160520553691821,0.6875075936511252,0.7145882248878479,310504000
2016-02-01 00:00:00-05:00,0.713856557259954,0.718491944125014,0.7077572813580771,0.7148324251174927,289884000
2016-02-02 00:00:00-05:00,0.7075134861420354,0.7111730059626871,0.6797008679367961,0.6845802664756775,341908000
2016-02-03 00:00:00-05:00,0.6899474660832868,0.6940949480504911,0.6721376597827603,0.6879956722259521,326772000
2016-02-04 00:00:00-05:00,0.6889715509117978,0.7038537539109953,0.6814085022840128,0.6882396936416626,348140000
2016-02-05 00:00:00-05:00,0.683604162565221,0.6911672102412115,0.6428611464711463,0.6448128819465637,600428000
2016-02-08 00:00:00-05:00,0.6350540274520498,0.6382256409212848,0.6062655538596067,0.615292489528656,608852000
2016-02-09 00:00:00-05:00,0.6079735388726646,0.6477406346699167,0.6050458770796863,0.6218798160552979,425372000
2016-02-10 00:00:00-05:00,0.6257832860324328,0.6438370435883658,0.6170003596582758,0.6204159259796143,335800000
2016-02-11 00:00:00-05:00,0.6045577309788208,0.6235874105363617,0.6045577309788208,0.6172441840171814,340144000
2016-02-12 00:00:00-05:00,0.6270031033550763,0.6289548970776428,0.6038259382559799,0.6277350187301636,340816000
2016-02-16 00:00:00-05:00,0.6367618285982285,0.659451086437988,0.634810093253752,0.6584751605987549,485352000
2016-02-17 00:00:00-05:00,0.6667701289253151,0.6811643650044028,0.6640864203284405,0.674821138381958,771468000
2016-02-18 00:00:00-05:00,0.7302026033784993,0.7558194715711111,0.7294706878729665,0.7328862547874451,1068660000
2016-02-19 00:00:00-05:00,0.7289824658629492,0.7492320240445796,0.7233711544251341,0.7426447868347168,525628000
2016-02-22 00:00:00-05:00,0.7533795004124976,0.7775325288675602,0.7519156699303137,0.7689935564994812,449668000
2016-02-23 00:00:00-05:00,0.7628944194821329,0.7782645248047668,0.7592348428972218,0.7709454298019409,369380000
2016-02-24 00:00:00-05:00,0.7677739119124701,0.7775327064667519,0.7465484814066038,0.7763128280639648,336852000
2016-02-25 00:00:00-05:00,0.779240498763049,0.7819241498465981,0.764114343761127,0.7780206203460693,349616000
2016-02-26 00:00:00-05:00,0.7816802303082578,0.7836319660571119,0.7650902437749705,0.7728973031044006,361964000
2016-02-29 00:00:00-05:00,0.7739991353715904,0.7840383251190115,0.7673879559399791,0.7678776383399963,323344000
2016-03-01 00:00:00-05:00,0.769836607175485,0.8019131422042847,0.7686122843156569,0.8019131422042847,348700000
2016-03-02 00:00:00-05:00,0.7975053420897517,0.8095034329411854,0.7960361785766937,0.8065651059150696,233812000
2016-03-03 00:00:00-05:00,0.8055859627167155,0.8090139731847207,0.7886906932086436,0.7994645237922668,302004000
2016-03-04 00:00:00-05:00,0.8055859312151403,0.8063205131979772,0.7908944083162501,0.797015905380249,175304000
2016-03-07 00:00:00-05:00,0.792608454300787,0.7979953696593631,0.7815897823697211,0.7918738722801208,239968000
2016-03-08 00:00:00-05:00,0.7837935351504137,0.7884458685282038,0.7749786092057844,0.7774271965026855,274940000
2016-03-09 00:00:00-05:00,0.7842830056818404,0.7855072697189222,0.7668980009998125,0.7769372463226318,222788000
2016-03-10 00:00:00-05:00,0.7815896831687683,0.7859971747333572,0.7600421412271727,0.7757130861282349,286084000
2016-03-11 00:00:00-05:00,0.7872213584304738,0.7891802628293771,0.7779167522671476,0.7889353632926941,277400000
2016-03-14 00:00:00-04:00,0.7852626921867354,0.7940776180525889,0.7815897820847441,0.7908944487571716,190312000
2016-03-15 00:00:00-04:00,0.7867317346754448,0.7918737496448525,0.7730196363781079,0.7869765758514404,226216000
2016-03-16 00:00:00-04:00,0.7810999376161508,0.8131764651297998,0.7774270282761129,0.8104829788208008,363644000
2016-03-17 00:00:00-04:00,0.8075447649310411,0.8114624573230085,0.792608343765725,0.8036270141601562,353680000
2016-03-18 00:00:00-04:00,0.813176464186447,0.8386417548584857,0.8080343911163591,0.8278679847717285,545512000
2016-03-21 00:00:00-04:00,0.820522255753577,0.8305614443558258,0.8117073313906416,0.8303166031837463,337780000
2016-03-22 00:00:00-04:00,0.8276231441012993,0.8347240048565034,0.8185633205272977,0.8288474082946777,242012000
2016-03-23 00:00:00-04:00,0.8325204760712555,0.8491708458950119,0.8288475660342948,0.8430494070053101,429008000
2016-03-24 00:00:00-04:00,0.8354585835958729,0.845742671324746,0.8327651556773948,0.8442735075950623,244956000
2016-03-28 00:00:00-04:00,0.842804395058112,0.8565164934031909,0.8418249719718028,0.8528436422348022,265388000
2016-03-29 00:00:00-04:00,0.8491707422812297,0.8685145965647746,0.8472118960864806,0.8665557503700256,261812000
2016-03-30 00:00:00-04:00,0.8697389400626078,0.8876136309389712,0.8692491993127259,0.8756155371665955,376700000
2016-03-31 00:00:00-04:00,0.8795330304030752,0.8814918760709953,0.8655760944771644,0.8724321126937866,379884000
2016-04-01 00:00:00-04:00,0.8670452702986383,0.8856545975571044,0.8604340926562393,0.8851648569107056,348292000
2016-04-04 00:00:00-04:00,0.8925106232709602,0.8971629551217405,0.8731667724608909,0.8765947818756104,393940000
2016-04-05 00:00:00-04:00,0.8687594432030075,0.883450963905446,0.8653313750026407,0.8753706216812134,339568000
2016-04-06 00:00:00-04:00,0.8643518494095361,0.877084522525816,0.8479463257428873,0.8765947818756104,453376000
2016-04-07 00:00:00-04:00,0.8709630642445885,0.878798564708575,0.8638622039766919,0.8675350546836853,378104000
2016-04-08 00:00:00-04:00,0.8746359631625698,0.8802677181095436,0.8645967173637509,0.8731667995452881,255936000
2016-04-11 00:00:00-04:00,0.8783087294228904,0.8930003058049628,0.8756153019693137,0.8785536289215088,387524000
2016-04-12 00:00:00-04:00,0.881492016568113,0.8827163390898788,0.860434159576595,0.8775743246078491,292764000
2016-04-13 00:00:00-04:00,0.8814919461150256,0.8998563738213607,0.8814919461150256,0.8996115326881409,350716000
2016-04-14 00:00:00-04:00,0.8971630372699668,0.9059779611284552,0.8934901280043832,0.9020602107048035,416564000
2016-04-15 00:00:00-04:00,0.9018153901355135,0.9172414926453236,0.8988770626559636,0.9091611504554749,436972000
2016-04-18 00:00:00-04:00,0.907447142360946,0.907447142360946,0.8964284727302951,0.9052433967590332,307320000
2016-04-19 00:00:00-04:00,0.9086714852349286,0.9103854902807483,0.8834510335367087,0.8890827894210815,309152000
2016-04-20 00:00:00-04:00,0.887613538672671,0.8978976263198208,0.886634115653636,0.892510712146759,200172000
2016-04-21 00:00:00-04:00,0.8927554931156887,0.8969181428290319,0.8876134788282536,0.891531229019165,178280000
2016-04-22 00:00:00-04:00,0.8944697637424098,0.9005912024028028,0.8851650975832781,0.8881034255027771,223540000
2016-04-25 00:00:00-04:00,0.8883481205316756,0.897407885620847,0.8858995337946316,0.892510712146759,191972000
2016-04-26 00:00:00-04:00,0.8978976719440688,0.9081817601137767,0.8893275887394929,0.8932453393936157,214536000
2016-04-27 00:00:00-04:00,0.8910417678476782,0.914058535546898,0.8893277625475651,0.9135687947273254,352396000
2016-04-28 00:00:00-04:00,0.9079367326878284,0.9133236463759143,0.8841854493146861,0.8863891363143921,381224000
2016-04-29 00:00:00-04:00,0.8827164681745554,0.8846753144411407,0.8604342854028206,0.8699837923049927,321904000
2016-05-02 00:00:00-04:00,0.8783087908006456,0.8868788727575049,0.8741461995800821,0.8814919590950012,256076000
2016-05-03 00:00:00-04:00,0.8714527180316257,0.8751255683724352,0.8633723772271608,0.8709629774093628,224024000
2016-05-04 00:00:00-04:00,0.8604340773404103,0.8611686591074798,0.8423145494297793,0.8511294722557068,525764000
2016-05-05 00:00:00-04:00,0.8582304095713724,0.8663107508105607,0.8499051688184251,0.856271505355835,246884000
2016-05-06 00:00:00-04:00,0.8548025262764628,0.8672903609116143,0.8530885212047595,0.8650866150856018,183240000
2016-05-09 00:00:00-04:00,0.8672902260831156,0.8709630768432376,0.8567612977231035,0.8638622164726257,333336000
2016-05-10 00:00:00-04:00,0.8692491436653933,0.8819818185580157,0.8609239601027933,0.8805126547813416,269676000
2016-05-11 00:00:00-04:00,0.8832060535084865,0.8927555003512752,0.8783088219459745,0.8829611539840698,328176000
2016-05-12 00:00:00-04:00,0.8893274042501206,0.8932451540915132,0.8552920364226958,0.8709629774093628,670540000
2016-05-13 00:00:00-04:00,0.9596016772735072,1.0039211215370065,0.9549494050748235,1.0034314393997192,2110256000
2016-05-16 00:00:00-04:00,0.9958409439100983,1.0479959529923957,0.9926577759861712,1.0330594778060913,973032000
2016-05-17 00:00:00-04:00,1.0284074018358438,1.0426092404657752,1.015185044640257,1.0352635383605957,628392000
2016-05-18 00:00:00-04:00,1.0284073622642458,1.073706362787076,1.0284073622642458,1.0617082118988037,541072000
2016-05-19 00:00:00-04:00,1.057546083039061,1.0739517331597848,1.0560770353569107,1.0663610696792603,398880000
2016-05-20 00:00:00-04:00,1.0729717563570402,1.0898670812452727,1.0712577514272577,1.085459589958191,391084000
2016-05-23 00:00:00-04:00,1.0901121476738294,1.0942746818958078,1.0805626396240864,1.0871738195419312,413636000
2016-05-24 00:00:00-04:00,1.0904877775365514,1.1170012818074844,1.0875418196107773,1.1135642528533936,415788000
2016-05-25 00:00:00-04:00,1.1170011566293274,1.1216654529178889,1.1000619589849565,1.1088998317718506,458076000
2016-05-26 00:00:00-04:00,1.1108632975139616,1.1287843954494632,1.107671864303764,1.1206830739974976,309964000
2016-05-27 00:00:00-04:00,1.1219109129691691,1.1285392582373488,1.1182284078838436,1.1268208026885986,277416000
2016-05-31 00:00:00-04:00,1.1317309299984706,1.149406560111359,1.130994382002376,1.1469515562057495,412524000
2016-06-01 00:00:00-04:00,1.1415509654787912,1.1602085076561555,1.138114052895094,1.1491613388061523,387132000
2016-06-02 00:00:00-04:00,1.1552985134935179,1.167082346520897,1.1440057515496427,1.1572625637054443,329208000
2016-06-03 00:00:00-04:00,1.1459695251439914,1.1474423868558452,1.1209290030662122,1.1410595178604126,461076000
2016-06-06 00:00:00-04:00,1.1440051130829454,1.1528429829210844,1.12927544708036,1.1351673603057861,322512000
2016-06-07 00:00:00-04:00,1.1420417956282638,1.1484246660371482,1.1368864273120978,1.137377381324768,193400000
2016-06-08 00:00:00-04:00,1.1376227530210992,1.1417962129255865,1.124366059417835,1.1336948871612549,234616000
2016-06-09 00:00:00-04:00,1.1297666857204607,1.1648723422309122,1.1273116824915075,1.163153886795044,472168000
2016-06-10 00:00:00-04:00,1.1494064131282546,1.1597171472668342,1.1327126930635363,1.1341856718063354,400024000
2016-06-13 00:00:00-04:00,1.1354131475849252,1.1710098794213635,1.1354131475849252,1.1486698389053345,475588000
2016-06-14 00:00:00-04:00,1.1459694930023065,1.156280227062191,1.1332037553694896,1.1508793830871582,298344000
2016-06-15 00:00:00-04:00,1.1604536925712172,1.172728359319049,1.1476879548695424,1.1626631021499634,301036000
2016-06-16 00:00:00-04:00,1.1540709494025931,1.1692915752870061,1.1427781892106006,1.167327642440796,246456000
2016-06-17 00:00:00-04:00,1.1688006461337621,1.1690461231121172,1.142287142433915,1.1469515562057495,471000000
2016-06-20 00:00:00-04:00,1.1653638035797262,1.1825483636962628,1.1646272555398538,1.1675732135772705,293768000
2016-06-21 00:00:00-04:00,1.1724832281542916,1.1756746635209092,1.158735461551536,1.1604540348052979,212508000
2016-06-22 00:00:00-04:00,1.1629085423132326,1.1705189127164393,1.1575076984798982,1.1594716310501099,202620000
2016-06-23 00:00:00-04:00,1.1705189017175224,1.1916314400361838,1.1697823538474827,1.190403938293457,297880000
2016-06-24 00:00:00-04:00,1.1415505337937595,1.16266307243909,1.1120911938785556,1.1226474046707153,1017684000
2016-06-27 00:00:00-04:00,1.1133188361265571,1.1219112333852876,1.0941702256336674,1.1106184720993042,449088000
2016-06-28 00:00:00-04:00,1.1317306924080281,1.132958077042132,1.1113545856888434,1.1268208026885986,381920000
2016-06-29 00:00:00-04:00,1.1366408743441527,1.1540710283005617,1.133694916342924,1.145233154296875,318932000
2016-06-30 00:00:00-04:00,1.1471967957016151,1.1611900341203627,1.1378680871501219,1.1540707349777222,430940000
2016-07-01 00:00:00-04:00,1.1476882526463892,1.162663403812232,1.1415508591495707,1.1454787254333496,218488000
2016-07-05 00:00:00-04:00,1.1390954670786593,1.1643814634866838,1.1300122354922557,1.1624175310134888,371084000
2016-07-06 00:00:00-04:00,1.1543162989805682,1.176656339925865,1.148424384031167,1.1697824001312256,273104000
2016-07-07 00:00:00-04:00,1.1776380509832274,1.2043970236704336,1.172237207889174,1.2002235651016235,395400000
2016-07-08 00:00:00-04:00,1.2129894712577471,1.254232640692579,1.2083250582227951,1.2483407258987427,481932000
2016-07-11 00:00:00-04:00,1.2662619218284972,1.2863924370630802,1.2647889430234034,1.2770637273788452,448776000
2016-07-12 00:00:00-04:00,1.2913021877867557,1.3079957881783348,1.275099424151287,1.296212077140808,436760000
2016-07-13 00:00:00-04:00,1.298667250171139,1.3060321443596672,1.2937573597324605,1.2957212924957275,324604000
2016-07-14 00:00:00-04:00,1.3025953280671356,1.3207619123133578,1.2917935214872869,1.3089780807495117,316892000
2016-07-15 00:00:00-04:00,1.2922846978792344,1.299649593874298,1.2726451313071325,1.293757677078247,428616000
2016-07-18 00:00:00-04:00,1.309714540583628,1.3116784733583813,1.2954758231098753,1.3003857135772705,252992000
2016-07-19 00:00:00-04:00,1.2996493547047379,1.3190434406848257,1.2971943508044848,1.3138880729675293,382652000
2016-07-20 00:00:00-04:00,1.318306475966041,1.3381916266769858,1.312905632978163,1.331072211265564,296460000
2016-07-21 00:00:00-04:00,1.3281264577524388,1.3322999168783962,1.3021040293674366,1.3065229654312134,361308000
2016-07-22 00:00:00-04:00,1.311187491962684,1.342119812965393,1.3016131881926765,1.342119812965393,315768000
2016-07-25 00:00:00-04:00,1.350221380734785,1.370106422728016,1.3443294644133648,1.366914987564087,312528000
2016-07-26 00:00:00-04:00,1.3789438581548927,1.3973559152053763,1.3769799256934152,1.3902366161346436,514508000
2016-07-27 00:00:00-04:00,1.4022660223769352,1.404721026130299,1.3678967892569966,1.3762435913085938,446676000
2016-07-28 00:00:00-04:00,1.379434968224832,1.3895002256581646,1.3750160318903137,1.3791894912719727,221916000
2016-07-29 00:00:00-04:00,1.3843448512462486,1.4054573908752743,1.3595499232215018,1.4017750024795532,409588000
2016-08-01 00:00:00-04:00,1.4076672379362787,1.4128226062758154,1.3836087352907305,1.392691969871521,301120000
2016-08-02 00:00:00-04:00,1.399320236878374,1.4000567849194214,1.3624961125350246,1.3757528066635132,282748000
2016-08-03 00:00:00-04:00,1.3740344553788477,1.3821357820816385,1.366424082700152,1.3794353008270264,299828000
2016-08-04 00:00:00-04:00,1.38606322547769,1.4113492229799753,1.3833628621080643,1.4049663543701172,272712000
2016-08-05 00:00:00-04:00,1.4211692304751478,1.4295160329801837,1.4142954068899452,1.4287796020507812,371588000
2016-08-08 00:00:00-04:00,1.4484191406205469,1.451856052355535,1.4268155281991555,1.4420362710952759,305064000
2016-08-09 00:00:00-04:00,1.449155438259106,1.459711766526586,1.4420361384715377,1.44571852684021,372344000
2016-08-10 00:00:00-04:00,1.4584841277266378,1.4606935371281162,1.4317251526771537,1.4363895654678345,375740000
2016-08-11 00:00:00-04:00,1.4440002137142174,1.4717411018153685,1.4410542559039838,1.4656037092208862,681064000
2016-08-12 00:00:00-04:00,1.51961259349434,1.555945760271839,1.4884347942521725,1.547598958015442,1425744000
2016-08-15 00:00:00-04:00,1.5493173233591049,1.5588916269630313,1.5252588258718816,1.546125888824463,573304000
2016-08-16 00:00:00-04:00,1.543916825027081,1.5463717121861833,1.532133109129092,1.5367975234985352,287652000
2016-08-17 00:00:00-04:00,1.536797657093979,1.5402345696521234,1.4891716012201397,1.501200795173645,595212000
2016-08-18 00:00:00-04:00,1.4989905953472002,1.5269769521959073,1.4930986814586336,1.524522066116333,331684000
2016-08-19 00:00:00-04:00,1.5237860750218946,1.539988727073641,1.517157728006274,1.5284504890441895,291560000
2016-08-22 00:00:00-04:00,1.5331148560854784,1.537042839012795,1.514948271597106,1.534833312034607,244748000
2016-08-23 00:00:00-04:00,1.5504506857951792,1.5573371754241896,1.542826290976357,1.5472533702850342,339764000
2016-08-24 00:00:00-04:00,1.5526644294301506,1.5534022174122943,1.5162641916126598,1.523396611213684,298448000
2016-08-25 00:00:00-04:00,1.5238885987147535,1.5246263867024987,1.4943749682235759,1.513312816619873,406032000
2016-08-26 00:00:00-04:00,1.5172483806709065,1.5342186809923732,1.5051969025997245,1.5256105661392212,300024000
2016-08-29 00:00:00-04:00,1.5317586715843734,1.5379072556340656,1.5221667256615785,1.5246261358261108,274652000
2016-08-30 00:00:00-04:00,1.5226588329997062,1.5307750872390649,1.5115911922593548,1.5157723426818848,285544000
2016-08-31 00:00:00-04:00,1.518723735938856,1.5229047691032425,1.5042128499750427,1.5086398124694824,388544000
2016-09-01 00:00:00-04:00,1.5098696453468723,1.55881310256478,1.5086398813637054,1.5531563758850098,428492000
2016-09-02 00:00:00-04:00,1.556353708517335,1.5580753312014786,1.5204454442174822,1.537907600402832,323148000
2016-09-06 00:00:00-04:00,1.5433182613516176,1.5524182319641113,1.5354479372565353,1.5524182319641113,306812000
2016-09-07 00:00:00-04:00,1.547499558636523,1.5551239547316476,1.5206913835459477,1.5295454263687134,397988000
2016-09-08 00:00:00-04:00,1.5280694840186153,1.543072344418608,1.5106073305640846,1.540612816810608,315808000
2016-09-09 00:00:00-04:00,1.5236426031475478,1.5322507156807317,1.4510881767200356,1.4638774394989014,697760000
2016-09-12 00:00:00-04:00,1.4444475837396846,1.497080209590553,1.4097689705097198,1.4941288232803345,598260000
2016-09-13 00:00:00-04:00,1.490439672477443,1.5076560147067293,1.4641233591380196,1.4724855422973633,471768000
2016-09-14 00:00:00-04:00,1.475928536671295,1.4904394193968786,1.4636312519756909,1.4855204820632935,319048000
2016-09-15 00:00:00-04:00,1.487980191842109,1.5435642022556584,1.4845368297372887,1.5418425798416138,515212000
2016-09-16 00:00:00-04:00,1.5472534914767335,1.555615674863621,1.527823667589624,1.5455318689346313,902444000
2016-09-19 00:00:00-04:00,1.5617643558209369,1.605051082661887,1.5546319364259071,1.5659455060958862,417128000
2016-09-20 00:00:00-04:00,1.5838994083108915,1.5838994083108915,1.5430722151086163,1.551680326461792,331112000
2016-09-21 00:00:00-04:00,1.556353877254408,1.5981649194482594,1.5561079478838316,1.595213532447815,336212000
2016-09-22 00:00:00-04:00,1.6045594267232308,1.6094783655804188,1.590048539503013,1.5991485118865967,308732000
2016-09-23 00:00:00-04:00,1.6011157054939629,1.6057885963345446,1.59029399631302,1.597426414489746,276132000
2016-09-26 00:00:00-04:00,1.5792268476557454,1.5888187961435876,1.5625024787790356,1.5824241638183594,230040000
2016-09-27 00:00:00-04:00,1.5762750527493141,1.6389915957147652,1.575537264876688,1.6365320682525635,402752000
2016-09-28 00:00:00-04:00,1.6389920666560471,1.6436650763555745,1.6215297919423943,1.6424353122711182,319788000
2016-09-29 00:00:00-04:00,1.6397297174017695,1.6628488346014774,1.6244810427726732,1.6576838493347168,336684000
2016-09-30 00:00:00-04:00,1.6667840270473595,1.7017085754025385,1.6569461492272326,1.6852301359176636,429932000
2016-10-03 00:00:00-04:00,1.685230016849183,1.7095787803251694,1.680557007623277,1.683508276939392,242596000
2016-10-04 00:00:00-04:00,1.685967809595274,1.7142516770900333,1.6672757726391398,1.679819107055664,281624000
2016-10-05 00:00:00-04:00,1.6940840662080565,1.7113004098849354,1.672932618575932,1.6780974864959717,305440000
2016-10-06 00:00:00-04:00,1.6579298994155909,1.6682596354171932,1.6296459141667892,1.6562082767486572,360212000
2016-10-07 00:00:00-04:00,1.667275813773013,1.6717028937839635,1.6394838042671982,1.644156813621521,286260000
2016-10-10 00:00:00-04:00,1.6527643233329594,1.661618480120782,1.6348101977804765,1.650304913520813,287876000
2016-10-11 00:00:00-04:00,1.644894619030985,1.6473540295920934,1.613905178113126,1.6264485120773315,388540000
2016-10-12 00:00:00-04:00,1.6198080620912205,1.6424352037321843,1.6062810098863998,1.6338270902633667,419920000
2016-10-13 00:00:00-04:00,1.614643104279419,1.6183322788072152,1.5666833663110917,1.6072646379470825,390116000
2016-10-14 00:00:00-04:00,1.62694013577955,1.63800777489806,1.6134130864551075,1.6230050325393677,330636000
2016-10-17 00:00:00-04:00,1.6227592316664468,1.638007904524791,1.6114456623596962,1.613659143447876,195328000
2016-10-18 00:00:00-04:00,1.6360403269682458,1.6475998254052244,1.6293997665316142,1.6382538080215454,269372000
2016-10-19 00:00:00-04:00,1.6271861705606632,1.6424348421018036,1.6188238710015892,1.634810447692871,199060000
2016-10-20 00:00:00-04:00,1.6539949020973608,1.6712112483747938,1.6306299696206974,1.6658003330230713,312084000
2016-10-21 00:00:00-04:00,1.659897564804657,1.6640785984484785,1.6453866771768952,1.6611273288726807,279508000
2016-10-24 00:00:00-04:00,1.6724408084420872,1.7410600212501226,1.6721947618205897,1.739092469215393,339836000
2016-10-25 00:00:00-04:00,1.7361408144928183,1.7781977751472149,1.7277786316786412,1.7676219940185547,397460000
2016-10-26 00:00:00-04:00,1.7528651741281367,1.7941843467209233,1.7511435517098315,1.774754524230957,333792000
2016-10-27 00:00:00-04:00,1.7882813657381575,1.7917246101732476,1.7312216687284743,1.7383540868759155,388664000
2016-10-28 00:00:00-04:00,1.7467167501724092,1.7732789940826006,1.7322058642978715,1.7354031801223755,290856000
2016-10-31 00:00:00-04:00,1.7410598901357244,1.761719478136443,1.7400760555540744,1.7501599788665771,252388000
2016-11-01 00:00:00-04:00,1.756554669118067,1.7661466168217106,1.6795731581544766,1.6982651948928833,473224000
2016-11-02 00:00:00-04:00,1.7113003947842047,1.7344193941899468,1.688181278101717,1.691132664680481,295848000
2016-11-03 00:00:00-04:00,1.6990030126661932,1.7004787059754374,1.6389919147716656,1.6714569330215454,309664000
2016-11-04 00:00:00-04:00,1.6603887071204069,1.6903943041393148,1.6375156447971873,1.6618643999099731,328780000
2016-11-07 00:00:00-05:00,1.7105625376121645,1.7639330750362112,1.709332773623634,1.7528654336929321,487580000
2016-11-08 00:00:00-05:00,1.7595058796469158,1.7651627232571059,1.7339274705681713,1.7501599788665771,429884000
2016-11-09 00:00:00-05:00,1.702692602851315,1.7437658616420386,1.6901493825766256,1.7206467390060425,456532000
2016-11-10 00:00:00-05:00,1.7582764536942697,1.758522383051363,1.641943423862674,1.6667840480804443,869280000
2016-11-11 00:00:00-05:00,1.9555254521275596,2.1832723794074984,1.9306847189371337,2.1635966300964355,2175344000
2016-11-14 00:00:00-05:00,2.166548869782372,2.1690083980539097,2.0566105830441175,2.0571024417877197,1348796000
2016-11-15 00:00:00-05:00,2.0730881291773215,2.1508074108116295,2.064233971451613,2.1198182106018066,626092000
2016-11-16 00:00:00-05:00,2.148102864361834,2.2764871432830263,2.123754097543657,2.2536141872406006,987984000
2016-11-17 00:00:00-05:00,2.2703385343454716,2.331333474100646,2.229511210078917,2.272306203842163,832988000
2016-11-18 00:00:00-05:00,2.2723057027096805,2.320019273308138,2.257794817713175,2.2961626052856445,576060000
2016-11-21 00:00:00-05:00,2.3141172271459625,2.3205118597673677,2.2725519978300683,2.2868170738220215,436436000
2016-11-22 00:00:00-05:00,2.2946870222831266,2.3055086168170984,2.272059881309554,2.303295135498047,330368000
2016-11-23 00:00:00-05:00,2.3084679522939315,2.3461541798527614,2.285068157539486,2.3146259784698486,443236000
2016-11-25 00:00:00-05:00,2.32571034187409,2.3424597513330245,2.3008322903535734,2.3193061351776123,195564000
2016-11-28 00:00:00-05:00,2.3121626156020274,2.333592028491485,2.3055119947513236,2.3180742263793945,278736000
2016-11-29 00:00:00-05:00,2.315364100716171,2.3262021297674096,2.279155903612745,2.2968904972076416,444568000
2016-11-30 00:00:00-05:00,2.3055115632418013,2.3193053974421654,2.2685643551554526,2.2710275650024414,440500000
2016-12-01 00:00:00-05:00,2.26856478558088,2.2702889858199886,2.0880156508424204,2.158708095550537,1035524000
2016-12-02 00:00:00-05:00,2.1244704587394354,2.1872809178820334,2.0966368374588673,2.1786599159240723,478292000
2016-12-05 00:00:00-05:00,2.2165927461198,2.2811274179280407,2.192207520984514,2.26314640045166,602284000
2016-12-06 00:00:00-05:00,2.2712740002272716,2.3087140424131896,2.2555097843018665,2.3003392219543457,498796000
2016-12-07 00:00:00-05:00,2.2867918845450754,2.3473852992029913,2.2685644597038044,2.3417201042175293,480804000
2016-12-08 00:00:00-05:00,2.344675600182646,2.3798986053382363,2.2919641824596737,2.302555561065674,381544000
2016-12-09 00:00:00-05:00,2.3202907648176465,2.3220149648614385,2.2343267077841453,2.2616677284240723,382312000
2016-12-12 00:00:00-05:00,2.213143870364127,2.2156070808368873,2.1562450239095754,2.206739664077759,601332000
2016-12-13 00:00:00-05:00,2.219055193660024,2.273244642507379,2.2180700035606002,2.245657205581665,387796000
2016-12-14 00:00:00-05:00,2.2794026503031692,2.3919689690094366,2.255510026329355,2.3757121562957764,983980000
2016-12-15 00:00:00-05:00,2.3867951211018066,2.4616751817554348,2.37940572797583,2.4313783645629883,746548000
2016-12-16 00:00:00-05:00,2.458966342455727,2.4803957537948573,2.4072401042529363,2.473252773284912,1089528000
2016-12-19 00:00:00-05:00,2.4557639916890412,2.5235006158442306,2.438521758251387,2.503302812576294,744656000
2016-12-20 00:00:00-05:00,2.575966075861562,2.6141448908272,2.56463545092775,2.590498685836792,848056000
2016-12-21 00:00:00-05:00,2.6020757280761044,2.609711538746373,2.5545368988016435,2.6067557334899902,576136000
2016-12-22 00:00:00-05:00,2.631141466216267,2.6816361106409117,2.6239982492049947,2.638284683227539,718612000
2016-12-23 00:00:00-05:00,2.6203023383458834,2.7055276070023146,2.617592948672328,2.704049587249756,647692000
2016-12-27 00:00:00-05:00,2.760210734345605,2.8907578438690376,2.739520093936904,2.889772653579712,1194272000
2016-12-28 00:00:00-05:00,2.945931824258892,2.954060229561132,2.677201854252198,2.690995454788208,2295764000
2016-12-29 00:00:00-05:00,2.583848629190376,2.746170584278597,2.5321223830001776,2.74469256401062,2175368000
2016-12-30 00:00:00-05:00,2.7427219214653475,2.7567619381462167,2.6183326214429705,2.6291704177856445,1212932000
2017-01-03 00:00:00-05:00,2.571531611056876,2.6200558488546646,2.447881367007939,2.512662410736084,1501996000
2017-01-04 00:00:00-05:00,2.546900985275173,2.598627222815942,2.5008399430367447,2.571286201477051,1199220000
2017-01-05 00:00:00-05:00,2.574734740196662,2.606509353498511,2.489016856420168,2.5060126781463623,984296000
2017-01-06 00:00:00-05:00,2.5333536551373332,2.567837893031262,2.4927116266823632,2.5395116806030273,822856000
2017-01-09 00:00:00-05:00,2.5493645010805395,2.660206384843895,2.5493645010805395,2.6424715518951416,916248000
2017-01-10 00:00:00-05:00,2.6555264295859655,2.6895178410275076,2.60182956952486,2.6225202083587646,880920000
2017-01-11 00:00:00-05:00,2.610943035379718,2.6158692206659406,2.5653745882327783,2.59025239944458,525664000
2017-01-12 00:00:00-05:00,2.5673451637819418,2.5789219691667533,2.5030566967464556,2.5478861331939697,625616000
2017-01-13 00:00:00-05:00,2.5518272606496613,2.586311498529057,2.5385262545158813,2.547640085220337,457820000
2017-01-17 00:00:00-05:00,2.5370481222207433,2.541974307012554,2.4771934853559046,2.4904944896698,580612000
2017-01-18 00:00:00-05:00,2.469065925370132,2.5427141867303344,2.4412323022972284,2.5358173847198486,654424000
2017-01-19 00:00:00-05:00,2.5387725769351017,2.6222734259712808,2.536555781811069,2.59025239944458,644872000
2017-01-20 00:00:00-05:00,2.612913595889409,2.6306484279151077,2.5400043573072986,2.5619263648986816,492024000
2017-01-23 00:00:00-05:00,2.556753309762058,2.608479541617822,2.554290099934493,2.5885279178619385,369904000
2017-01-24 00:00:00-05:00,2.59862759850183,2.6498612484107644,2.5838485706801455,2.6437032222747803,428052000
2017-01-25 00:00:00-05:00,2.686069432632412,2.692227458715992,2.6190718001567306,2.655033826828003,522760000
2017-01-26 00:00:00-05:00,2.6577423960861255,2.708237019844626,2.628184584732706,2.700847625732422,458800000
2017-01-27 00:00:00-05:00,2.7077445138853284,2.756022344487354,2.6811425062833947,2.7530665397644043,471996000
2017-01-30 00:00:00-05:00,2.732131035015737,2.7343478308933604,2.6579901712145895,2.7099626064300537,496004000
2017-01-31 00:00:00-05:00,2.6836060164811637,2.7107006220862115,2.6651321761683286,2.6892712116241455,362756000
2017-02-01 00:00:00-05:00,2.7237558579068124,2.8109515403985896,2.706021258285368,2.8067643642425537,590004000
2017-02-02 00:00:00-05:00,2.7907528864060027,2.850853938700657,2.7602098827183075,2.8422327041625977,483240000
2017-02-03 00:00:00-05:00,2.8437114684790914,2.854795680882198,2.80553264514877,2.8173556327819824,372744000
2017-02-06 00:00:00-05:00,2.807995413663829,2.890018485435644,2.807995413663829,2.889525890350342,506768000
2017-02-07 00:00:00-05:00,2.923763880262227,2.9784459311957443,2.9040586663101986,2.9343554973602295,746224000
2017-02-08 00:00:00-05:00,2.9163740972575307,2.9387886988133984,2.8666182389536847,2.921546697616577,449580000
2017-02-09 00:00:00-05:00,2.927704647291367,2.9326310678467475,2.847406012418752,2.8666183948516846,842568000
2017-02-10 00:00:00-05:00,2.9540601299359235,2.973026330033305,2.773511019308627,2.798635244369507,1651092000
2017-02-13 00:00:00-05:00,2.792970024219749,2.807502635358754,2.6651323291922826,2.6695661544799805,1180724000
2017-02-14 00:00:00-05:00,2.659959297102269,2.7131635475877682,2.618085670619137,2.6794183254241943,850632000
2017-02-15 00:00:00-05:00,2.6823743662257757,2.704542551398942,2.654294336139944,2.6848373413085938,373020000
2017-02-16 00:00:00-05:00,2.6944441249818953,2.6956757301395724,2.602568447380235,2.641732692718506,647176000
2017-02-17 00:00:00-05:00,2.6281855268198533,2.645673945914416,2.5811392857767115,2.641240119934082,563740000
2017-02-21 00:00:00-05:00,2.6658718595318036,2.739766534734324,2.6656254445048067,2.735825538635254,551952000
2017-02-22 00:00:00-05:00,2.7479100400980268,2.757281865010354,2.712642333675081,2.731632709503174,433772000
2017-02-23 00:00:00-05:00,2.6019066602198855,2.623856331640825,2.4583702551779543,2.478346824645996,1592888000
2017-02-24 00:00:00-05:00,2.3940001119691847,2.515586817971168,2.3602123069081054,2.5022690296173096,1029904000
2017-02-27 00:00:00-05:00,2.5205202745996447,2.5900687736645462,2.504736163027208,2.5750246047973633,715400000
2017-02-28 00:00:00-05:00,2.584642890279217,2.5945081657027256,2.4854992713242905,2.502763032913208,625360000
2017-03-01 00:00:00-05:00,2.559733857639716,2.574038319828025,2.4936381071179294,2.53507137298584,504804000
2017-03-02 00:00:00-05:00,2.5222465378987975,2.5363042726639202,2.4388867979379465,2.4415996074676514,754332000
2017-03-03 00:00:00-05:00,2.4309947232140816,2.435927125281352,2.3730374113162935,2.427541971206665,864692000
2017-03-06 00:00:00-05:00,2.3912877325785775,2.4194031992634644,2.3471416658933406,2.4087982177734375,883568000
2017-03-07 00:00:00-05:00,2.40879895300764,2.454671409620668,2.3959743750125004,2.435187816619873,603400000
2017-03-08 00:00:00-05:00,2.4835261778725077,2.498323855858337,2.4285286313608268,2.430748224258423,638712000
2017-03-09 00:00:00-05:00,2.4147177880841606,2.4526980663240456,2.4021397021310236,2.430255174636841,478060000
2017-03-10 00:00:00-05:00,2.456644444166287,2.4684823530029667,2.42630937647022,2.4445595741271973,499740000
2017-03-13 00:00:00-04:00,2.454917619433923,2.5217533054392867,2.454177676766404,2.511888265609741,774136000
2017-03-14 00:00:00-04:00,2.524713307593988,2.53408489724343,2.4778541833410506,2.510162353515625,522016000
2017-03-15 00:00:00-04:00,2.5217534334749505,2.540003628725611,2.4741543727995414,2.5291521549224854,615036000
2017-03-16 00:00:00-04:00,2.5397576021975428,2.560720846131669,2.525699864236848,2.560227394104004,523100000
2017-03-17 00:00:00-04:00,2.5777369441550397,2.6171973334873657,2.5602264595991078,2.61596417427063,1119688000
2017-03-20 00:00:00-04:00,2.633475343582517,2.703270574030616,2.6174445047976884,2.699324369430542,748568000
2017-03-21 00:00:00-04:00,2.682060539907008,2.7119023884498743,2.604126646602583,2.612018585205078,913484000
2017-03-22 00:00:00-04:00,2.600920039833912,2.6699755518506354,2.596974071056095,2.6652896404266357,616764000
2017-03-23 00:00:00-04:00,2.6573977626235017,2.677374569880068,2.631502119143807,2.641120433807373,533940000
2017-03-24 00:00:00-04:00,2.6874857856966137,2.6953777225107487,2.624596076305153,2.650491714477539,439500000
2017-03-27 00:00:00-04:00,2.6038809022199763,2.673676157251184,2.554555679357168,2.6697301864624023,506644000
2017-03-28 00:00:00-04:00,2.670962530493759,2.685513484433273,2.6455601013997603,2.6559183597564697,432444000
2017-03-29 00:00:00-04:00,2.6633167791909846,2.675648138537329,2.645066583743422,2.6472861766815186,349992000
2017-03-30 00:00:00-04:00,2.6544374695673647,2.7128879892037787,2.648765125737982,2.6980903148651123,525532000
2017-03-31 00:00:00-04:00,2.688473413578614,2.7101766022625626,2.6734292406412923,2.686500310897827,440808000
2017-04-03 00:00:00-04:00,2.6869932222082245,2.7042569851863427,2.64925919923999,2.6729354858398438,445232000
2017-04-04 00:00:00-04:00,2.5501154806738917,2.575271416681744,2.474647907851456,2.485499382019043,1271280000
2017-04-05 00:00:00-04:00,2.466755427450267,2.5247127399317955,2.4539308526646697,2.4670021533966064,747048000
2017-04-06 00:00:00-04:00,2.472181992342699,2.497091206438683,2.4270492416687204,2.48500657081604,635120000
2017-04-07 00:00:00-04:00,2.49141850753168,2.5089289962465395,2.459357065884833,2.4744012355804443,429068000
2017-04-10 00:00:00-04:00,2.4751412951372656,2.481800074562135,2.4070724393210363,2.4112651348114014,756332000
2017-04-11 00:00:00-04:00,2.381175916864622,2.439133224921991,2.3762435151241865,2.419896364212036,618148000
2017-04-12 00:00:00-04:00,2.4198967935606213,2.4342010198669835,2.394740858138009,2.3999199867248535,414092000
2017-04-13 00:00:00-04:00,2.37575062321637,2.3974535701626243,2.3550338745117188,2.3550338745117188,506892000
2017-04-17 00:00:00-04:00,2.3678587566895626,2.4475190299308363,2.362679627643022,2.447272539138794,497292000
2017-04-18 00:00:00-04:00,2.4329680518668093,2.4549179625967446,2.4070724068948204,2.4487521648406982,370116000
2017-04-19 00:00:00-04:00,2.4662621460005667,2.4904314096612854,2.451711195575946,2.4583702087402344,380828000
2017-04-20 00:00:00-04:00,2.4729206415627383,2.5020225363207196,2.4517106824132435,2.4973366260528564,404016000
2017-04-21 00:00:00-04:00,2.4869791622020805,2.5104087231981578,2.475141253910221,2.5076959133148193,341896000
2017-04-24 00:00:00-04:00,2.539263929679822,2.5520885068600805,2.5183009227671183,2.53901743888855,371820000
2017-04-25 00:00:00-04:00,2.553568611876106,2.5977146930250106,2.532112151134531,2.5831637382507324,388440000
2017-04-26 00:00:00-04:00,2.5967278200465844,2.5991939037597125,2.5634332203076284,2.565406322479248,327004000
2017-04-27 00:00:00-04:00,2.5728046636605733,2.6137444696594105,2.554800961610241,2.6053593158721924,319700000
2017-04-28 00:00:00-04:00,2.598453525165128,2.605359028180693,2.566638583870632,2.5723111629486084,348248000
2017-05-01 00:00:00-04:00,2.583163402172405,2.6352016513715513,2.576011171122024,2.6300222873687744,307732000
2017-05-02 00:00:00-04:00,2.6031398304673488,2.60437298979295,2.5293984080834004,2.5520880222320557,629972000
2017-05-03 00:00:00-04:00,2.5451828980130906,2.58069709220683,2.53038545429969,2.5710787773132324,336904000
2017-05-04 00:00:00-04:00,2.577243375316195,2.588341571549124,2.553320607223039,2.5612127780914307,209788000
2017-05-05 00:00:00-04:00,2.54962258582708,2.5686127268182646,2.5340849625422317,2.561460494995117,228428000
2017-05-08 00:00:00-04:00,2.5732983047159825,2.5747779549691323,2.5232331588670482,2.5345780849456787,365240000
2017-05-09 00:00:00-04:00,2.5402505611896538,2.5878493905332265,2.5318651703866544,2.5387706756591797,847672000
2017-05-10 00:00:00-04:00,2.818691344577951,3.004400972021573,2.8120325657586873,2.9913296699523926,2129096000
2017-05-11 00:00:00-04:00,2.960747760929341,3.2167458003120966,2.9572950089469856,3.119821548461914,1939792000
2017-05-12 00:00:00-04:00,3.1230282682909536,3.1962762485023846,3.102065027376503,3.1541030406951904,962620000
2017-05-15 00:00:00-04:00,3.195289271520774,3.3149028992169103,3.190849851074445,3.312436580657959,1087540000
2017-05-16 00:00:00-04:00,3.36348854966512,3.3896311531607988,3.2890076490229876,3.374093532562256,1120700000
2017-05-17 00:00:00-04:00,3.3072583787562593,3.326002028730319,3.145718231134995,3.1499109268188477,1271368000
2017-05-18 00:00:00-04:00,3.1938106205167287,3.2907349075692673,3.133387203678981,3.2818562984466553,1156032000
2017-05-19 00:00:00-04:00,3.3830785043112916,3.4124578070084066,3.3383922034819054,3.357649326324463,1018372000
2017-05-22 00:00:00-04:00,3.401349039405061,3.443566434976416,3.3904858993156544,3.4292471408843994,836608000
2017-05-23 00:00:00-04:00,3.448997666393976,3.451219597187652,3.3504901058005867,3.3830790519714355,681248000
2017-05-24 00:00:00-04:00,3.4801050226401857,3.4828209250065685,3.4090018275275833,3.4210994243621826,815996000
2017-05-25 00:00:00-04:00,3.4564047858364537,3.4571455080469455,3.3685133630388933,3.4134466648101807,608228000
2017-05-26 00:00:00-04:00,3.4052977514172715,3.5867588286322927,3.385053159399102,3.5018301010131836,779140000
2017-05-30 00:00:00-04:00,3.5477519385553506,3.611695371878802,3.531704451488779,3.5766377449035645,989652000
2017-05-31 00:00:00-04:00,3.6215710030858386,3.629224503730299,3.507015950170833,3.5637998580932617,887316000
2017-06-01 00:00:00-04:00,3.579600612531894,3.5805883205693894,3.518619824380495,3.564046859741211,503340000
2017-06-02 00:00:00-04:00,3.5610833977438894,3.5872532989896584,3.5403450653996726,3.5462703704833984,487456000
2017-06-05 00:00:00-04:00,3.5299758307417206,3.666997389762582,3.518372206614892,3.6541593074798584,817376000
2017-06-06 00:00:00-04:00,3.6494689176902693,3.6956366696172878,3.624286721592667,3.6376185417175293,758728000
2017-06-07 00:00:00-04:00,3.662059979436414,3.7003272424263813,3.646506229686417,3.6815638542175293,612612000
2017-06-08 00:00:00-04:00,3.7887128618836603,3.950176391582456,3.7474829410027,3.948695182800293,1161744000
2017-06-09 00:00:00-04:00,4.067199799407885,4.160028790787869,3.524297214074723,3.6934142112731934,3692928000
2017-06-12 00:00:00-04:00,3.601573679987133,3.7452613028375445,3.5084976772738057,3.702549934387207,1697532000
2017-06-13 00:00:00-04:00,3.8119196131524307,3.8210545568458723,3.5958943701371346,3.73785400390625,1672504000
2017-06-14 00:00:00-04:00,3.740816644552211,3.803525614747419,3.6662570639001206,3.7457542419433594,1184640000
2017-06-15 00:00:00-04:00,3.628236546600474,3.7921687353029223,3.616879672353342,3.7618019580841064,963824000
2017-06-16 00:00:00-04:00,3.771430740570632,3.819326687371752,3.7092155010773826,3.743285655975342,924960000
2017-06-19 00:00:00-04:00,3.7874784098736822,3.8891956141167197,3.7837752701876197,3.8840110301971436,778176000
2017-06-20 00:00:00-04:00,3.9262276002832395,3.993133676393856,3.874134786156898,3.8783316612243652,1095444000
2017-06-21 00:00:00-04:00,3.90598313725354,3.9407940097832412,3.844014656075381,3.9370906352996826,682652000
2017-06-22 00:00:00-04:00,3.9452379379336686,3.9585699921218,3.8859853578814496,3.90993332862854,469132000
2017-06-23 00:00:00-04:00,3.9175871371160897,3.933387873466174,3.782787259642738,3.7978475093841553,1088588000
2017-06-26 00:00:00-04:00,3.830682412830728,3.8662340034050735,3.6620594022491675,3.7563698291778564,1063960000
2017-06-27 00:00:00-04:00,3.73884087208538,3.747481842737762,3.613175965779047,3.618854284286499,999492000
2017-06-28 00:00:00-04:00,3.6865014697526326,3.7511856168257096,3.5983630888012526,3.746494770050049,994948000
2017-06-29 00:00:00-04:00,3.718102693218508,3.721065110034716,3.5571329404311425,3.621323347091675,1064424000
2017-06-30 00:00:00-04:00,3.638605537619662,3.652184341807676,3.542813892670972,3.568983793258667,731060000
2017-07-03 00:00:00-04:00,3.58108115566627,3.5958941825632773,3.4213458499360705,3.4398622512817383,709072000
2017-07-05 00:00:00-04:00,3.503312119400299,3.560589756132536,3.484301980913183,3.5317041873931885,820188000
2017-07-06 00:00:00-04:00,3.5025708354572744,3.5892277573963445,3.45047779380799,3.5423192977905273,746284000
2017-07-07 00:00:00-04:00,3.5991043975055486,3.641568775768978,3.5761438960528964,3.6232991218566895,654972000
2017-07-10 00:00:00-04:00,3.6968713140861973,3.8020446716778977,3.670701408753094,3.794638156890869,958492000
2017-07-11 00:00:00-04:00,3.798340660246315,3.856112027403214,3.756370027004459,3.8484585285186768,757956000
2017-07-12 00:00:00-04:00,3.9082056681992845,4.024241927792125,3.8652475535649624,4.012144565582275,1145208000
2017-07-13 00:00:00-04:00,4.024239880793829,4.105712206916238,3.9193135642822687,3.9657280445098877,1369132000
2017-07-14 00:00:00-04:00,3.9820247445080827,4.073866284507373,3.9751119657391976,4.072385311126709,941948000
2017-07-17 00:00:00-04:00,4.106454681365219,4.135340486423277,3.993380848530274,4.055102348327637,930792000
2017-07-18 00:00:00-04:00,3.9941214453058373,4.1118863570659965,3.9822708348384137,4.097320079803467,776640000
2017-07-19 00:00:00-04:00,4.106455691040599,4.1328725860943,4.063991541140288,4.076088905334473,687044000
2017-07-20 00:00:00-04:00,4.096580160907767,4.135587917871247,4.046709263736524,4.135341167449951,699596000
2017-07-21 00:00:00-04:00,4.114849497432932,4.179780645145055,4.100529968026616,4.150154113769531,648332000
2017-07-24 00:00:00-04:00,4.1573134192901025,4.166941863791711,4.091394810029202,4.102010726928711,652524000
2017-07-25 00:00:00-04:00,4.079049063773973,4.096578224251817,4.038559881628466,4.082258701324463,496556000
2017-07-26 00:00:00-04:00,4.139784679676103,4.195334128127012,4.094604398816335,4.129415512084961,640404000
2017-07-27 00:00:00-04:00,4.154350546008143,4.1659544062445795,3.8899356214479486,3.993134021759033,782856000
2017-07-28 00:00:00-04:00,3.9573361787571875,4.08300136554048,3.93240096554613,4.058559417724609,513348000
2017-07-31 00:00:00-04:00,4.072137875829814,4.108183212058507,3.9654833113442844,4.012144565582275,559672000
2017-08-01 00:00:00-04:00,4.002762417798597,4.062755721261433,3.9748645569302257,4.061027526855469,431384000
2017-08-02 00:00:00-04:00,4.092136311030897,4.0960862013744,3.9815313761510276,4.058559417724609,478444000
2017-08-03 00:00:00-04:00,4.058064444861401,4.11386062835481,4.041029253965558,4.110157489776611,442420000
2017-08-04 00:00:00-04:00,4.132871592428813,4.198790203544708,4.110158313944947,4.128180980682373,589096000
2017-08-07 00:00:00-04:00,4.157313858729348,4.255574200722938,4.147684942312275,4.255080699920654,717412000
2017-08-08 00:00:00-04:00,4.293101589825642,4.309642816103705,4.16521470014469,4.204469680786133,755336000
2017-08-09 00:00:00-04:00,4.1583005226083465,4.251623483942954,4.139537136020637,4.249154567718506,530784000
2017-08-10 00:00:00-04:00,4.25039076261894,4.262735349469231,4.057079194431996,4.067201614379883,1328088000
2017-08-11 00:00:00-04:00,3.879566380771384,3.925487142843824,3.7751337596780177,3.850433826446533,1497196000
2017-08-14 00:00:00-04:00,3.942029283167676,4.16126396514846,3.930425656591445,4.1575608253479,1279020000
2017-08-15 00:00:00-04:00,4.162744770459658,4.188914437256059,4.088185188781027,4.122502326965332,764532000
2017-08-16 00:00:00-04:00,4.137561563308384,4.161015557533838,4.044979337985076,4.0773210525512695,596632000
2017-08-17 00:00:00-04:00,4.0689278943444,4.085962615653815,3.9842459049098853,3.9864675998687744,525444000
2017-08-18 00:00:00-04:00,4.040783343066302,4.05781853750104,3.941288078821383,3.987208843231201,601204000
2017-08-21 00:00:00-04:00,4.011650216931008,4.023006854640392,3.8852445809962997,3.929190158843994,623672000
2017-08-22 00:00:00-04:00,3.965761372560483,4.022595026523247,3.9464872954538515,4.016664505004883,450456000
2017-08-23 00:00:00-04:00,3.9833056437236203,4.108092610375723,3.97465659409458,4.096972942352295,579520000
2017-08-24 00:00:00-04:00,4.12909685705876,4.133545102062433,4.05546044525129,4.081900119781494,469700000
2017-08-25 00:00:00-04:00,4.106116469186,4.1162477969266815,4.04137513573927,4.047800064086914,357200000
2017-08-28 00:00:00-04:00,4.066827254221535,4.079676640600883,4.011228902453947,4.0764641761779785,389496000
2017-08-29 00:00:00-04:00,4.017652880915877,4.091536717291689,4.009498237973236,4.069791316986084,324096000
2017-08-30 00:00:00-04:00,4.089559248268559,4.105127158933365,4.059165743529334,4.09400749206543,384400000
2017-08-31 00:00:00-04:00,4.114270673031117,4.190872579373662,4.106857874189338,4.186919212341309,612684000
2017-09-01 00:00:00-04:00,4.199522398824385,4.247707485363938,4.190873346405596,4.212124347686768,445432000
2017-09-05 00:00:00-04:00,4.160725367565706,4.165667546875775,4.041621956853304,4.099690914154053,695364000
2017-09-06 00:00:00-04:00,4.132556102916921,4.146393828338983,4.062378662866032,4.097219944000244,397672000
2017-09-07 00:00:00-04:00,4.114023055035759,4.148617367661026,4.075969311147965,4.116247177124023,352868000
2017-09-08 00:00:00-04:00,4.1046342517521675,4.119460322553987,4.020619065021366,4.044835090637207,498856000
2017-09-11 00:00:00-04:00,4.090548453751768,4.186671627408024,4.08511186791555,4.176045894622803,567444000
2017-09-12 00:00:00-04:00,4.200758025151452,4.200758025151452,4.125885815364921,4.1911211013793945,411488000
2017-09-13 00:00:00-04:00,4.165915631365629,4.238811146140501,4.133545432223916,4.209900379180908,580960000
2017-09-14 00:00:00-04:00,4.170856746382945,4.264014895173297,4.146393759720119,4.185930252075195,513712000
2017-09-15 00:00:00-04:00,4.271429110845419,4.4505791664123535,4.2662399621754545,4.4505791664123535,1364792000
2017-09-18 00:00:00-04:00,4.574871539143307,4.724616396033959,4.567952675307166,4.63442325592041,1684460000
2017-09-19 00:00:00-04:00,4.58401429639944,4.691257151812325,4.562021925269508,4.629481315612793,874280000
2017-09-20 00:00:00-04:00,4.63318709454472,4.680630790884457,4.551889988107026,4.592167854309082,724920000
2017-09-21 00:00:00-04:00,4.488384448053834,4.5145776215748485,4.388801843521078,4.466639518737793,1075600000
2017-09-22 00:00:00-04:00,4.455273763389031,4.504941591679999,4.413266173214753,4.423150062561035,491232000
2017-09-25 00:00:00-04:00,4.392261770895819,4.3934975515297205,4.204710614995346,4.225467205047607,874580000
2017-09-26 00:00:00-04:00,4.3601386259142245,4.415242566152371,4.209405434980537,4.2491888999938965,1125620000
2017-09-27 00:00:00-04:00,4.339628610880572,4.3556904587855625,4.268709795301719,4.342346668243408,713720000
2017-09-28 00:00:00-04:00,4.349513755778791,4.35346759482977,4.2936684303155035,4.3411126136779785,435244000
2017-09-29 00:00:00-04:00,4.425126878001439,4.441188255871013,4.379906826951018,4.417466640472412,619092000
2017-10-02 00:00:00-04:00,4.467628742899948,4.496786947005479,4.37372967320511,4.423150062561035,503480000
2017-10-03 00:00:00-04:00,4.4293274415840935,4.4621925157710844,4.388061226622081,4.432292938232422,390332000
2017-10-04 00:00:00-04:00,4.438470524225703,4.491597784310326,4.401899049746309,4.469358444213867,427848000
2017-10-05 00:00:00-04:00,4.493822507283587,4.497281939702499,4.436988368714201,4.466887950897217,437364000
2017-10-06 00:00:00-04:00,4.439211996407988,4.493327599487475,4.423150145692116,4.479983806610107,318800000
2017-10-09 00:00:00-04:00,4.516802036926859,4.614161007149303,4.498022129256416,4.581048965454102,563492000
2017-10-10 00:00:00-04:00,4.730299146558308,4.767858959777782,4.627257099118826,4.66852331161499,974876000
2017-10-11 00:00:00-04:00,4.685080053928779,4.719674849063674,4.63911909103768,4.718192100524902,529508000
2017-10-12 00:00:00-04:00,4.721650424640594,4.771318247220583,4.693233597983145,4.720415115356445,528292000
2017-10-13 00:00:00-04:00,4.7826851709240685,4.818515269375385,4.735735874310858,4.808383941650391,628728000
2017-10-16 00:00:00-04:00,4.838283496925128,4.8938818440501874,4.775024912137852,4.890916347503662,576640000
2017-10-17 00:00:00-04:00,4.870160544459828,4.914886197000404,4.851875040944224,4.88646936416626,478596000
2017-10-18 00:00:00-04:00,4.895364776685337,4.896105679537642,4.777002246843906,4.882267951965332,567316000
2017-10-19 00:00:00-04:00,4.804677069748121,4.89264560382851,4.755503655551142,4.887703895568848,570772000
2017-10-20 00:00:00-04:00,4.90475325337545,4.931934293786602,4.856567717690011,4.865463733673096,451620000
2017-10-23 00:00:00-04:00,4.887210053484048,4.913650198803454,4.838283601221757,4.858546257019043,428696000
2017-10-24 00:00:00-04:00,4.867688482006802,4.911178816310077,4.841742744771415,4.909449100494385,407244000
2017-10-25 00:00:00-04:00,4.869912834321434,4.9227931243089955,4.723874853485716,4.785403251647949,828160000
2017-10-26 00:00:00-04:00,4.813080209204081,4.847180127929383,4.789111149112389,4.835566520690918,322744000
2017-10-27 00:00:00-04:00,4.887704530268436,4.98827549392316,4.861758319803051,4.988028526306152,572192000
2017-10-30 00:00:00-04:00,4.988028899967289,5.0925532385731955,4.972214016361434,5.0369553565979,504056000
2017-10-31 00:00:00-04:00,5.068831227404192,5.1370315231905135,5.063147673041896,5.110344409942627,411908000
2017-11-01 00:00:00-04:00,5.17310854734825,5.1884290230566,5.055734360767916,5.119981288909912,502576000
2017-11-02 00:00:00-04:00,5.090329908870656,5.135055561962296,5.0322604616219335,5.0888471603393555,342308000
2017-11-03 00:00:00-04:00,5.1199818252631255,5.156800270080566,5.074020864635591,5.156800270080566,353640000
2017-11-06 00:00:00-05:00,5.119982304519939,5.188677019907373,5.107627322981667,5.180028438568115,389944000
2017-11-07 00:00:00-05:00,5.202762143800699,5.260831593412942,5.190654130030988,5.239333152770996,427700000
2017-11-08 00:00:00-05:00,5.234884699185342,5.2385915701835755,5.120970408938795,5.168414115905762,522988000
2017-11-09 00:00:00-05:00,5.072292026393548,5.098484740156043,4.9512114067099064,5.0735273361206055,978564000
2017-11-10 00:00:00-05:00,5.265277803895005,5.403408566741535,5.229447708551055,5.340891361236572,1253256000
2017-11-13 00:00:00-05:00,5.340891243966466,5.366342573005229,5.238837546292489,5.254158020019531,582376000
2017-11-14 00:00:00-05:00,5.263300810210557,5.307779485609824,5.219563508909573,5.292459011077881,529292000
2017-11-15 00:00:00-05:00,5.237355845527989,5.238591626311397,5.134808192182004,5.188676357269287,501948000
2017-11-16 00:00:00-05:00,5.262807733761844,5.292954281241875,5.220058767179072,5.228954315185547,441768000
2017-11-17 00:00:00-05:00,5.286035482421665,5.321371178561878,5.207703851530446,5.222776889801025,515664000
2017-11-20 00:00:00-05:00,5.238343539063812,5.302096528591393,5.201525100058695,5.2899885177612305,396100000
2017-11-21 00:00:00-05:00,5.329772798276893,5.350282423811702,5.297896534286735,5.338668346405029,399176000
2017-11-22 00:00:00-05:00,5.365869079891151,5.365869079891151,5.282042659593676,5.314682960510254,356640000
2017-11-24 00:00:00-05:00,5.331002665432702,5.365868631441403,5.306522205971333,5.364879131317139,180752000
2017-11-27 00:00:00-05:00,5.373533452156746,5.374769619682362,5.291932246276559,5.295146942138672,422896000
2017-11-28 00:00:00-05:00,5.300341076612108,5.30973755583147,5.149255991377432,5.210332870483398,512752000
2017-11-29 00:00:00-05:00,5.193022602347227,5.195742548354368,4.728640046784727,4.85697603225708,1396788000
2017-11-30 00:00:00-05:00,4.925718740855473,5.011770347821256,4.862663814134601,4.963057041168213,823768000
2017-12-01 00:00:00-05:00,4.928438427370283,4.948715160383721,4.7593023077166645,4.888132572174072,811548000
2017-12-04 00:00:00-05:00,4.946737355142259,4.952919608938266,4.5622250340018695,4.615636348724365,1240844000
2017-12-05 00:00:00-05:00,4.5102966451246544,4.764990104540665,4.465292784324947,4.642341613769531,981488000
2017-12-06 00:00:00-05:00,4.591897683962394,4.701687868467153,4.5706319198672025,4.679927825927734,467032000
2017-12-07 00:00:00-05:00,4.746691296339431,4.787244763750005,4.701192686741941,4.747433185577393,542600000
2017-12-08 00:00:00-05:00,4.797382789750694,4.816423356338265,4.726662302332996,4.735069751739502,466876000
2017-12-11 00:00:00-05:00,4.749164017992392,4.816423138563607,4.733338619998979,4.813455581665039,372748000
2017-12-12 00:00:00-05:00,4.7699350153313596,4.793178831563081,4.695505092572108,4.718996047973633,455016000
2017-12-13 00:00:00-05:00,4.7600437571981455,4.761279924678576,4.59634754470657,4.603765964508057,554280000
2017-12-14 00:00:00-05:00,4.597337392460388,4.681905695368325,4.564697094139371,4.610937595367432,438164000
2017-12-15 00:00:00-05:00,4.654951850396986,4.757076447130137,4.589918407636639,4.736799716949463,670036000
2017-12-18 00:00:00-05:00,4.777354644141011,4.896541323823812,4.747681897578534,4.893574237823486,477704000
2017-12-19 00:00:00-05:00,4.884176360558587,4.889369113303249,4.82087382759918,4.849310398101807,373100000
2017-12-20 00:00:00-05:00,4.8886273753593645,4.897776241922263,4.810735610139797,4.866372585296631,288820000
2017-12-21 00:00:00-05:00,4.869835363026742,4.894810103972342,4.835464142866382,4.843871593475342,300904000
2017-12-22 00:00:00-05:00,4.807025996671043,4.8379353708004915,4.7291342418057365,4.82853889465332,466276000
2017-12-26 00:00:00-05:00,4.773149110886078,4.889862938880074,4.743228764758515,4.882197380065918,355080000
2017-12-27 00:00:00-05:00,4.868845599859197,4.944758839848784,4.854256368935231,4.875521659851074,329488000
2017-12-28 00:00:00-05:00,4.89926187639585,4.930171266343813,4.875029020323975,4.881210803985596,240248000
2017-12-29 00:00:00-05:00,4.907421872856657,4.907421872856657,4.784773349761963,4.784773349761963,279964000
2018-01-02 00:00:00-05:00,4.841150818968295,4.933137547134403,4.809500019352987,4.9294281005859375,355616000
2018-01-03 00:00:00-05:00,5.046884114963718,5.284268426193226,5.038229525289494,5.2538533210754395,914704000
2018-01-04 00:00:00-05:00,5.335205024271449,5.391831017361649,5.259291329931697,5.281546115875244,583268000
2018-01-05 00:00:00-05:00,5.296385507531665,5.363644176082057,5.2194827478875,5.326305866241455,580124000
2018-01-08 00:00:00-05:00,5.449941801379268,5.563688086992966,5.4049374711935725,5.489505767822266,881216000
2018-01-09 00:00:00-05:00,5.494945520956376,5.534509486398789,5.406421112906003,5.4880218505859375,497000000
2018-01-10 00:00:00-05:00,5.395541488161039,5.534510133472043,5.341141147227366,5.53104829788208,582664000
2018-01-11 00:00:00-05:00,5.5636888795995585,5.595093012361886,5.51942643232947,5.540939807891846,406032000
2018-01-12 00:00:00-05:00,5.52907022994735,5.563441446562578,5.473186110545603,5.513739109039307,359916000
2018-01-16 00:00:00-05:00,5.54019854583602,5.625755421115539,5.358204065009575,5.442771911621094,702348000
2018-01-17 00:00:00-05:00,5.457358996580982,5.566654403411684,5.363394707166462,5.556763648986816,538408000
2018-01-18 00:00:00-05:00,5.537476416657203,5.604240783338405,5.506319900861838,5.549840450286865,408632000
2018-01-19 00:00:00-05:00,5.640095886151266,5.714278202853523,5.6131430940872304,5.690045356750488,609380000
2018-01-22 00:00:00-05:00,5.697957990604967,5.7803006158928305,5.640342961149676,5.77856969833374,550944000
2018-01-23 00:00:00-05:00,5.831981514049555,5.93039715599044,5.813436169281299,5.907648086547852,475228000
2018-01-24 00:00:00-05:00,5.910862183187626,5.946717175925777,5.775108243804384,5.830745220184326,579972000
2018-01-25 00:00:00-05:00,5.885145225391306,5.92841863641957,5.829508723788727,5.8443450927734375,409884000
2018-01-26 00:00:00-05:00,5.888114117769155,6.01719154765798,5.875255802628519,6.016944408416748,516356000
2018-01-29 00:00:00-05:00,6.002354954856891,6.135141826686134,5.949685528382828,6.103984832763672,455116000
2018-01-30 00:00:00-05:00,5.962047609343641,6.093350669826824,5.895283245374639,6.001858711242676,570832000
2018-01-31 00:00:00-05:00,6.077277729828221,6.163824076119077,6.044637436634151,6.078019618988037,478576000
2018-02-01 00:00:00-05:00,5.898004765274062,6.105221582380116,5.886630229072852,5.946965217590332,519224000
2018-02-02 00:00:00-05:00,5.8604184560445685,5.884404164370299,5.716257066890043,5.77436637878418,718464000
2018-02-05 00:00:00-05:00,5.613143692313274,5.767195844883345,5.069138406386627,5.284267902374268,1165204000
2018-02-06 00:00:00-05:00,5.054302467187162,5.5809981487959375,5.044411238187303,5.578031063079834,1114800000
2018-02-07 00:00:00-05:00,5.676941039803043,5.810222191644457,5.6057257940156875,5.657653331756592,802932000
2018-02-08 00:00:00-05:00,5.783268339439121,5.816402913200287,5.378478871561731,5.378726482391357,1144000000
2018-02-09 00:00:00-05:00,5.891326901332945,5.9071522971485875,5.378725851775921,5.738758087158203,1674604000
2018-02-12 00:00:00-05:00,5.819864322458013,5.822831879078935,5.564429480949992,5.638611793518066,1093172000
2018-02-13 00:00:00-05:00,5.602264282621945,5.798600852107893,5.569871118646702,5.7523603439331055,625524000
2018-02-14 00:00:00-05:00,5.712053157758772,5.998645009128932,5.700925762795593,5.9697136878967285,744988000
2018-02-15 00:00:00-05:00,6.053044425212608,6.141568821446678,5.972185587528272,6.095328330993652,698900000
2018-02-16 00:00:00-05:00,6.068129304699802,6.181875589153176,6.020405028949434,6.02955436706543,637656000
2018-02-20 00:00:00-05:00,6.052056061086709,6.228115844616961,6.048346615162287,6.159126281738281,686240000
2018-02-21 00:00:00-05:00,6.223664461285995,6.230588130913704,5.968229159264793,5.971938133239746,892292000
2018-02-22 00:00:00-05:00,6.005836121027781,6.077590187971404,5.925916674117579,5.991485118865967,534364000
2018-02-23 00:00:00-05:00,6.051364118117525,6.085014343261719,6.000641251642441,6.085014343261719,415300000
2018-02-26 00:00:00-05:00,6.131282385699838,6.135736014759475,6.038743930626205,6.101096153259277,469312000
2018-02-27 00:00:00-05:00,6.074375143138919,6.158748713984361,6.065220589701177,6.088231563568115,455436000
2018-02-28 00:00:00-05:00,6.099118454420662,6.138707015765794,5.9761464326498945,5.987775802612305,523116000
2018-03-01 00:00:00-05:00,5.9855477202076,6.0394872791261225,5.644343612231053,5.745542049407959,1040120000
2018-03-02 00:00:00-05:00,5.637909261294251,5.859110732051971,5.48920467847542,5.852677345275879,913428000
2018-03-05 00:00:00-05:00,5.802449581834848,5.870245076477378,5.678982544082047,5.8306565284729,620776000
2018-03-06 00:00:00-05:00,5.9160194844504455,6.011032286640439,5.8729669485631355,5.991732597351074,636808000
2018-03-07 00:00:00-05:00,5.888802387630274,6.036022754077321,5.887565451882281,5.9838151931762695,581208000
2018-03-08 00:00:00-05:00,6.0112803193301945,6.0112803193301945,5.9231954788803955,5.967485427856445,411912000
2018-03-09 00:00:00-05:00,6.014992474191167,6.083035282591159,5.998909946051459,6.070169448852539,505524000
2018-03-12 00:00:00-04:00,6.111488963129783,6.259945802774405,6.103323582105625,6.179779052734375,605060000
2018-03-13 00:00:00-04:00,6.222584568756178,6.297060756505597,6.08773590510817,6.129056453704834,619772000
2018-03-14 00:00:00-04:00,6.172111587562353,6.199328907670425,6.092192093289541,6.154544353485107,505496000
2018-03-15 00:00:00-04:00,6.16814992792827,6.250543253781907,6.127323968189306,6.169386863708496,401952000
2018-03-16 00:00:00-04:00,6.18571607736184,6.216644657748649,6.148106817898559,6.197592735290527,399456000
2018-03-19 00:00:00-04:00,6.140686168511116,6.169635000282222,5.86406085203501,5.963032245635986,713772000
2018-03-20 00:00:00-04:00,5.966000091639307,6.214171116882688,5.966000091639307,6.1753249168396,554696000
2018-03-21 00:00:00-04:00,6.168892951639787,6.235204236931698,6.11965478120095,6.150088787078857,438688000
2018-03-22 00:00:00-04:00,6.086745318424108,6.13326183998283,5.946700696313178,5.984062194824219,551196000
2018-03-23 00:00:00-04:00,5.997672082455746,6.000146426273777,5.753212765201287,5.764347076416016,735620000
2018-03-26 00:00:00-04:00,5.888803133296438,6.050374051383135,5.836843330511811,6.049137115478516,611424000
2018-03-27 00:00:00-04:00,6.130047289931568,6.185718854004184,5.439721311229807,5.580013275146484,1409000000
2018-03-28 00:00:00-04:00,5.545619927975961,5.675767204397146,5.369203412954883,5.476834774017334,945904000
2018-03-29 00:00:00-04:00,5.5451243087033655,5.826945577141952,5.460751221889714,5.730201244354248,916628000
2018-04-02 00:00:00-04:00,5.659683801729473,5.805914054467844,5.38157382755221,5.4694108963012695,922092000
2018-04-03 00:00:00-04:00,5.636426384661498,5.69952050031067,5.476834747757414,5.575806140899658,667432000
2018-04-04 00:00:00-04:00,5.319964260088515,5.608218917635553,5.294974003307055,5.597826957702637,789168000
2018-04-05 00:00:00-04:00,5.656220285909689,5.669333882542056,5.406069947155247,5.477576732635498,701240000
2018-04-06 00:00:00-04:00,5.374893212980324,5.483019616171758,5.271962789515742,5.301159381866455,662988000
2018-04-09 00:00:00-04:00,5.364255174463649,5.4921758825003595,5.3098205494667425,5.329862594604492,499524000
2018-04-10 00:00:00-04:00,5.560218880776571,5.666118260816281,5.503062616973948,5.639148712158203,761676000
2018-04-11 00:00:00-04:00,5.624301915026737,5.665622461978892,5.565166377361246,5.597826957702637,460244000
2018-04-12 00:00:00-04:00,5.690860502889642,5.822492478671164,5.646570551028203,5.804677486419678,593920000
2018-04-13 00:00:00-04:00,5.868267327617842,5.87668000313358,5.679726838598095,5.727975368499756,503036000
2018-04-16 00:00:00-04:00,5.734654909638067,5.761129866997035,5.633456474615821,5.727726936340332,350792000
2018-04-17 00:00:00-04:00,5.779935161128163,5.898700835743247,5.7242636036733305,5.877421855926514,447224000
2018-04-18 00:00:00-04:00,5.826946797511802,5.919732577548187,5.759399044131432,5.848473072052002,391364000
2018-04-19 00:00:00-04:00,5.734158816729118,5.767561741354259,5.6116818983696355,5.667105674743652,471996000
2018-04-20 00:00:00-04:00,5.658446688269372,5.742819774963384,5.6277658661560475,5.658941745758057,386200000
2018-04-23 00:00:00-04:00,5.676757451285827,5.727974906806164,5.513454530043167,5.539434432983398,427508000
2018-04-24 00:00:00-04:00,5.565167455876372,5.661169457471036,5.40780285391034,5.473124027252197,414596000
2018-04-25 00:00:00-04:00,5.4434313470708915,5.482525315369427,5.203425680300388,5.360790252685547,588492000
2018-04-26 00:00:00-04:00,5.522608407170399,5.580754301622121,5.456544896401421,5.572588920593262,375824000
2018-04-27 00:00:00-04:00,5.67848853614771,5.6982828121632085,5.557743122100233,5.600053310394287,400848000
2018-04-30 00:00:00-04:00,5.6163849876668746,5.6661182187301895,5.545373246780413,5.564672470092773,327844000
2018-05-01 00:00:00-04:00,5.556507032192569,5.622817843342413,5.497866073527672,5.620096206665039,253788000
2018-05-02 00:00:00-04:00,5.6166309920440485,5.661167756175122,5.573330691678573,5.599558353424072,268248000
2018-05-03 00:00:00-04:00,5.631476657535085,5.791068264980953,5.58619707065647,5.764840602874756,443144000
2018-05-04 00:00:00-04:00,5.736139174344388,5.918246696218617,5.718819242416038,5.915030002593994,400660000
2018-05-07 00:00:00-04:00,6.019693134692205,6.210213352505904,6.009795759876155,6.153057098388672,687616000
2018-05-08 00:00:00-04:00,6.153304152573014,6.198336451147336,6.1043132817720185,6.195614814758301,506616000
2018-05-09 00:00:00-04:00,6.215656903327681,6.330958587878234,6.188439593299769,6.328731536865234,596760000
2018-05-10 00:00:00-04:00,6.381680835836272,6.445517295475662,6.363865845262682,6.4363627433776855,994080000
2018-05-11 00:00:00-04:00,6.254502614778557,6.427950185402755,6.199078827906049,6.297802448272705,1214456000
2018-05-14 00:00:00-04:00,6.335906568545893,6.395784455152984,6.294586022511352,6.318338871002197,523140000
2018-05-15 00:00:00-04:00,6.254750895170489,6.2574730039337565,5.975403921997549,6.075860023498535,963528000
2018-05-16 00:00:00-04:00,6.037260943344137,6.1490986467206055,6.00039402088692,6.086994171142578,553828000
2018-05-17 00:00:00-04:00,6.088725548198389,6.222831861545531,6.072642550167121,6.129056453704834,519784000
2018-05-18 00:00:00-04:00,6.181016023116278,6.244357421068519,6.080312181252456,6.08526086807251,483716000
2018-05-21 00:00:00-04:00,6.182748154126198,6.18645943335759,5.950412352426224,6.043198108673096,640624000
2018-05-22 00:00:00-04:00,6.0565602228785895,6.081797774272421,5.944474762424761,6.0050950050354,518264000
2018-05-23 00:00:00-04:00,5.9488925788208515,6.129875009851797,5.948149769558059,6.128636837005615,442956000
2018-05-24 00:00:00-04:00,6.124923296574117,6.174687267433492,6.071693197285714,6.132350444793701,437372000
2018-05-25 00:00:00-04:00,6.144977914720774,6.188057079007608,6.109326371672047,6.171716690063477,292112000
2018-05-29 00:00:00-04:00,6.153643266975334,6.222718869822855,6.107840783010052,6.154633522033691,352684000
2018-05-30 00:00:00-04:00,6.188305250231472,6.272235154201632,6.1635469839823696,6.2635698318481445,390996000
2018-05-31 00:00:00-04:00,6.231631995253564,6.318285692866062,6.220986162484391,6.243763446807861,493868000
2018-06-01 00:00:00-04:00,6.288575592434188,6.384389974947322,6.279910270013704,6.378200054168701,421968000
2018-06-04 00:00:00-04:00,6.412365847431681,6.579235858049275,6.380180434652828,6.557201385498047,642024000
2018-06-05 00:00:00-04:00,6.560418914976268,6.600279862435215,6.515606692990221,6.562647342681885,391712000
2018-06-06 00:00:00-04:00,6.472529213518326,6.567848238194199,6.456188822780311,6.564629554748535,371356000
2018-06-07 00:00:00-04:00,6.560914502900998,6.5727985066215515,6.418554848382183,6.508922576904297,369448000
2018-06-08 00:00:00-04:00,6.43613461832035,6.536157469361578,6.417318354262653,6.4935736656188965,360456000
2018-06-11 00:00:00-04:00,6.480945476217229,6.52253901601607,6.439599382091125,6.4524736404418945,265372000
2018-06-12 00:00:00-04:00,6.478965455370088,6.5131313775443385,6.428706118762056,6.500999927520752,319160000
2018-06-13 00:00:00-04:00,6.502486841301292,6.577503984281436,6.487384151074166,6.49654483795166,338208000
2018-06-14 00:00:00-04:00,6.5416036820386845,6.664899164373072,6.526748440524005,6.608202934265137,430016000
2018-06-15 00:00:00-04:00,6.551011429975196,6.622314984655343,6.520063718067396,6.567351818084717,432260000
2018-06-18 00:00:00-04:00,6.523281828603697,6.580720863753857,6.496048165627211,6.563142776489258,356268000
2018-06-19 00:00:00-04:00,6.459901160317715,6.527243692919579,6.313828399042309,6.441332817077637,594932000
2018-06-20 00:00:00-04:00,6.4824335236974475,6.547299731102404,6.444058179938474,6.494317531585693,369780000
2018-06-21 00:00:00-04:00,6.526253487451147,6.544574385143214,6.357897863006337,6.365572929382324,359516000
2018-06-22 00:00:00-04:00,6.386370637031852,6.399740261784072,6.197713577273264,6.2130632400512695,434160000
2018-06-25 00:00:00-04:00,6.106602725316786,6.110316299624727,5.831539447444642,5.920173645019531,665816000
2018-06-26 00:00:00-04:00,6.033566841039264,6.0818452018183935,5.939732966895347,5.991230010986328,478884000
2018-06-27 00:00:00-04:00,6.034805617251649,6.1011574444309495,5.8305504690086165,5.835997581481934,453892000
2018-06-28 00:00:00-04:00,5.826093011786842,5.97513750390956,5.818417944362928,5.963253498077393,338012000
2018-06-29 00:00:00-04:00,6.028369420167953,6.040995766954804,5.8639747438939995,5.865212917327881,392300000
2018-07-02 00:00:00-04:00,5.795641060288909,6.001133885968887,5.775091730498442,5.997420310974121,357572000
2018-07-03 00:00:00-04:00,6.032080822658521,6.038022825215759,5.855307309086149,5.863725185394287,222732000
2018-07-05 00:00:00-04:00,5.918936801795874,6.01450327806782,5.880066569003421,6.009552001953125,306216000
2018-07-06 00:00:00-04:00,5.985040645286968,6.131856712126516,5.963748507103263,6.123438835144043,296352000
2018-07-09 00:00:00-04:00,6.197714461602236,6.207370040731743,6.092244484009526,6.170975208282471,303880000
2018-07-10 00:00:00-04:00,6.183352498125883,6.29204065069007,6.1429966581958215,6.27000617980957,360016000
2018-07-11 00:00:00-04:00,6.17716355453527,6.211824841146455,6.117743531452364,6.128389835357666,367508000
2018-07-12 00:00:00-04:00,6.1736967002812495,6.268024972361684,6.163793206856516,6.219994068145752,345508000
2018-07-13 00:00:00-04:00,6.238564001704697,6.238564001704697,6.130618170682277,6.1727070808410645,246988000
2018-07-16 00:00:00-04:00,6.144978046417236,6.197960706823715,6.13259914964639,6.144978046417236,197036000
2018-07-17 00:00:00-04:00,6.095708627882336,6.296002211201512,6.070207556121228,6.280899524688721,362136000
2018-07-18 00:00:00-04:00,6.273473220354727,6.287337735884095,6.18063007767088,6.231631755828857,277640000
2018-07-19 00:00:00-04:00,6.212815661270541,6.2734733905820805,6.197713444541109,6.23980188369751,235752000
2018-07-20 00:00:00-04:00,6.2373268924378715,6.2761971231198626,6.2006846178303485,6.211578369140625,222352000
2018-07-23 00:00:00-04:00,6.1850867591406775,6.186819823665211,6.023168004509986,6.174935817718506,301584000
2018-07-24 00:00:00-04:00,6.222965285976325,6.309618964278737,6.1400251815845195,6.157603740692139,354620000
2018-07-25 00:00:00-04:00,6.167012638488926,6.2484671345699825,6.109078233811533,6.235840320587158,319112000
2018-07-26 00:00:00-04:00,6.215787411829768,6.346262622877679,6.198951656997938,6.309372901916504,325124000
2018-07-27 00:00:00-04:00,6.346015105015212,6.352947363461371,6.185581961129691,6.2395548820495605,295420000
2018-07-30 00:00:00-04:00,6.25366663518394,6.259608637807858,6.009303134921157,6.044212341308594,340340000
2018-07-31 00:00:00-04:00,6.033814059503845,6.137055589521377,5.9949438321755375,6.062285900115967,283988000
2018-08-01 00:00:00-04:00,6.093729697038945,6.148940320323307,6.038271155785921,6.102147102355957,283556000
2018-08-02 00:00:00-04:00,6.030842447078503,6.208853655434134,5.971918259350224,6.204892635345459,269668000
2018-08-03 00:00:00-04:00,6.229403258976132,6.265302720418206,6.2125679784011485,6.24153470993042,214288000
2018-08-06 00:00:00-04:00,6.228909221052597,6.292785167710131,6.182363920990153,6.289319038391113,207508000
2018-08-07 00:00:00-04:00,6.338091751102867,6.380180659899347,6.311352976037703,6.361611843109131,258132000
2018-08-08 00:00:00-04:00,6.362850258823024,6.4430665870787545,6.327941051926506,6.398006439208984,262100000
2018-08-09 00:00:00-04:00,6.415832923400414,6.418556243131363,6.341806038076488,6.349481105804443,204280000
2018-08-10 00:00:00-04:00,6.267531737773424,6.340568368301257,6.256390540837833,6.308135032653809,256396000
2018-08-13 00:00:00-04:00,6.316799644318496,6.461882633878757,6.315066579928648,6.341062545776367,375208000
2018-08-14 00:00:00-04:00,6.4465315419831235,6.486639934919087,6.363343991409246,6.472527503967285,466220000
2018-08-15 00:00:00-04:00,6.493325325430524,6.527244276563652,6.335615991620843,6.414347171783447,591136000
2018-08-16 00:00:00-04:00,6.484165724598258,6.486641598597169,6.313581642203329,6.373744010925293,801260000
2018-08-17 00:00:00-04:00,6.262331925799989,6.263074735152323,6.034308815843685,6.061295509338379,1143188000
2018-08-20 00:00:00-04:00,6.020692031240301,6.268768624871967,5.910270331378359,6.1360650062561035,854388000
2018-08-21 00:00:00-04:00,6.1524064260260305,6.27619729788883,6.1325999054169715,6.271740913391113,673988000
2018-08-22 00:00:00-04:00,6.239060072540304,6.511894974022817,6.235593943271688,6.506943225860596,749856000
2018-08-23 00:00:00-04:00,6.468320312936721,6.671832625042857,6.454455796135041,6.606471061706543,720684000
2018-08-24 00:00:00-04:00,6.6148896172444775,6.754278081210668,6.610433232419091,6.739670753479004,531512000
2018-08-27 00:00:00-04:00,6.769379960259736,6.905054842090355,6.737937350076276,6.830780506134033,505776000
2018-08-28 00:00:00-04:00,6.824838569237897,6.847616328414422,6.673070739985606,6.793148040771484,475384000
2018-08-29 00:00:00-04:00,6.785468517822038,6.923694833404426,6.764660367031418,6.898675441741943,420108000
2018-08-30 00:00:00-04:00,6.8674634325045565,6.978688773938898,6.84492126688502,6.881831169128418,346608000
2018-08-31 00:00:00-04:00,6.861764344743381,6.965805553007864,6.851855433250143,6.9529242515563965,306592000
2018-09-04 00:00:00-04:00,6.939796234218534,7.065388829457466,6.9113088169089085,7.027736186981201,391720000
2018-09-05 00:00:00-04:00,7.010147628000871,7.045571093782171,6.815937282654182,6.8969407081604,393156000
2018-09-06 00:00:00-04:00,6.8805909613547955,6.8830681894208094,6.722795360661526,6.755741596221924,322796000
2018-09-07 00:00:00-04:00,6.663590546375625,6.860030516912524,6.618753807373963,6.734437942504883,295420000
2018-09-10 00:00:00-04:00,6.756980110715454,6.835258718276348,6.713134168340059,6.805532455444336,220140000
2018-09-11 00:00:00-04:00,6.759211197999991,6.846903107567813,6.738403044370281,6.757725238800049,243112000
2018-09-12 00:00:00-04:00,6.717840926990192,6.737410698039075,6.488207129063572,6.643773555755615,419092000
2018-09-13 00:00:00-04:00,6.709666158354438,6.812220938503509,6.692326035199151,6.721556663513184,305536000
2018-09-14 00:00:00-04:00,6.811974235155938,6.913785812790336,6.775064337191274,6.847645282745361,386936000
2018-09-17 00:00:00-04:00,6.822129834172369,6.871177813474078,6.76639338667431,6.785715103149414,205528000
2018-09-18 00:00:00-04:00,6.789678195710554,6.892480548087068,6.7069407737656235,6.713628768920898,299520000
2018-09-19 00:00:00-04:00,6.695052928306146,6.755248215987982,6.64501413662915,6.737412452697754,224860000
2018-09-20 00:00:00-04:00,6.615286046414121,6.657645559164156,6.54220947296444,6.596211910247803,430584000
2018-09-21 00:00:00-04:00,6.608102960567568,6.653682920773438,6.49291444593147,6.526108264923096,435128000
2018-09-24 00:00:00-04:00,6.495144177506731,6.5853133088490425,6.407947909303922,6.581845283508301,293912000
2018-09-25 00:00:00-04:00,6.6479845756142035,6.673994760806731,6.562274282523101,6.648975372314453,280388000
2018-09-26 00:00:00-04:00,6.653929664058539,6.694307581615347,6.596211623468054,6.612065315246582,268548000
2018-09-27 00:00:00-04:00,6.647242058892301,6.668545843877897,6.592496873704649,6.623956680297852,214428000
2018-09-28 00:00:00-04:00,6.755989943097624,6.983641684198066,6.727997689970946,6.9613471031188965,709396000
2018-10-01 00:00:00-04:00,7.03913044944934,7.234826747374432,7.000486540994957,7.167943477630615,622060000
2018-10-02 00:00:00-04:00,7.1404474355383085,7.252167456847368,7.074306903665383,7.096601486206055,383964000
2018-10-03 00:00:00-04:00,7.166952153590877,7.174383837942458,6.9987524750351024,7.1027936935424805,320552000
2018-10-04 00:00:00-04:00,7.066625115089822,7.090901282640527,6.841450195296531,6.918490409851074,391220000
2018-10-05 00:00:00-04:00,6.8937202068026355,6.955897071068789,6.627424100013318,6.684894561767578,426636000
2018-10-08 00:00:00-04:00,6.601662405264776,6.717098506796521,6.442627934931541,6.583579063415527,408612000
2018-10-09 00:00:00-04:00,6.563017015678022,6.6576449445975685,6.510005852489921,6.577880382537842,273500000
2018-10-10 00:00:00-04:00,6.47185745646731,6.517685464672325,6.083932443408722,6.086162090301514,684940000
2018-10-11 00:00:00-04:00,5.998964563231712,6.132484438255185,5.803020725858894,5.8245720863342285,725436000
2018-10-12 00:00:00-04:00,6.08170323873686,6.1815332091416275,5.93654089493424,6.107217788696289,608236000
2018-10-15 00:00:00-04:00,6.093840881045725,6.093840881045725,5.829774450741792,5.830765247344971,449760000
2018-10-16 00:00:00-04:00,5.943476985459218,6.100777416473267,5.894181425017347,6.089630126953125,408712000
2018-10-17 00:00:00-04:00,6.151806916376552,6.18995565932942,5.971964327402189,6.021012306213379,329668000
2018-10-18 00:00:00-04:00,6.090372778343487,6.128768626757862,5.8731246795940075,5.933567523956299,524020000
2018-10-19 00:00:00-04:00,5.988809843673759,6.008379142817454,5.640519503858318,5.676933765411377,613608000
2018-10-22 00:00:00-04:00,5.729201446602878,5.829278993816547,5.6249126593352194,5.727715015411377,368844000
2018-10-23 00:00:00-04:00,5.4604294853689685,5.55357147920634,5.368278760893251,5.476036071777344,626436000
2018-10-24 00:00:00-04:00,5.437639321363186,5.484210078457417,4.9258556830033955,4.939727783203125,884288000
2018-10-25 00:00:00-04:00,4.842127376195214,5.195867343552785,4.797785794435547,5.148553371429443,951720000
2018-10-26 00:00:00-04:00,4.9124781752553695,5.074237428443422,4.783913209754917,4.911983013153076,664784000
2018-10-29 00:00:00-04:00,5.053181277330152,5.05664930168815,4.360068732894026,4.598124980926514,758016000
2018-10-30 00:00:00-04:00,4.621163564013239,5.038566825915497,4.598125767202992,5.028657913208008,807192000
2018-10-31 00:00:00-04:00,5.1933893830812945,5.266218370276679,5.053676661062571,5.222620010375977,745772000
2018-11-01 00:00:00-04:00,5.259034890748294,5.412372147931398,5.13245150865027,5.402958869934082,566528000
2018-11-02 00:00:00-04:00,5.39354500682376,5.499320227921108,5.2072615331002945,5.323936462402344,452960000
2018-11-05 00:00:00-05:00,5.310805620330487,5.334091461448435,5.085135562100617,5.245903968811035,379332000
2018-11-06 00:00:00-05:00,5.237979073324328,5.32220293927977,5.191160265184493,5.228318214416504,299012000
2018-11-07 00:00:00-05:00,5.294953893956803,5.385618174876774,5.23129059621843,5.295944690704346,483812000
2018-11-08 00:00:00-05:00,5.23674009439684,5.237483310061179,5.049218230342911,5.102725505828857,511352000
2018-11-09 00:00:00-05:00,5.013793261711331,5.185213328197293,4.980103820767114,5.094796657562256,413240000
2018-11-12 00:00:00-05:00,5.003391982053015,5.025438986672991,4.6734324910245615,4.695231914520264,617116000
2018-11-13 00:00:00-05:00,4.793079056389045,5.05863147629245,4.78688575005263,4.937250137329102,644712000
2018-11-14 00:00:00-05:00,5.110403791117048,5.1247715234073965,4.776729284904137,4.8847336769104,526580000
2018-11-15 00:00:00-05:00,4.878789601499221,5.085633684731668,4.842870498350622,5.013547897338867,840708000
2018-11-16 00:00:00-05:00,4.045715535734159,4.227539687409006,4.0033555597079005,4.073212146759033,1963520000
2018-11-19 00:00:00-05:00,4.007815921116741,4.008558664330263,3.5827331601585435,3.5844671726226807,1697820000
2018-11-20 00:00:00-05:00,3.3208958481062703,3.8212843232360005,3.302317110776272,3.692966938018799,1692032000
2018-11-21 00:00:00-05:00,3.830202124755048,3.8470468494102006,3.557465614238944,3.584714412689209,1025496000
2018-11-23 00:00:00-05:00,3.5500352695145043,3.705601498913642,3.5371539637928815,3.5918993949890137,411968000
2018-11-26 00:00:00-05:00,3.7130326441297896,3.801715339549664,3.6305427833025696,3.791311264038086,814832000
2018-11-27 00:00:00-05:00,3.7653006250508363,3.8894070171134008,3.72938176121987,3.8081557750701904,738060000
2018-11-28 00:00:00-05:00,3.9258214041280914,3.970410568051565,3.7932927627349775,3.9652085304260254,804524000
2018-11-29 00:00:00-05:00,3.96744004627284,4.004634702115506,3.871725634613067,3.901977300643921,549172000
2018-11-30 00:00:00-05:00,3.911647363160509,4.063153977134155,3.8613104565034506,4.052491664886475,729564000
2018-12-03 00:00:00-05:00,4.279876945609237,4.331453722929666,4.149447083320433,4.216397762298584,890804000
2018-12-04 00:00:00-05:00,4.171763729579344,4.1767231439412535,3.880652822507347,3.8957788944244385,812112000
2018-12-06 00:00:00-05:00,3.7551815141666696,3.9299967988770335,3.7395597891820684,3.9250376224517822,692308000
2018-12-07 00:00:00-05:00,3.9292531060850457,3.939419761339045,3.610866201521821,3.6602110862731934,681676000
2018-12-10 00:00:00-05:00,3.6153293868251084,3.7903927439248406,3.6116098269958217,3.7655961513519287,629472000
2018-12-11 00:00:00-05:00,3.8573427843752808,3.865525626008924,3.5954918520986885,3.6745927333831787,671912000
2018-12-12 00:00:00-05:00,3.680296350702711,3.7884090532190964,3.591029040229565,3.6921987533569336,654136000
2018-12-13 00:00:00-05:00,3.739064521006694,3.803287415392628,3.655996232799381,3.691951036453247,471384000
2018-12-14 00:00:00-05:00,3.6502919912388125,3.734104218861193,3.6078901017067655,3.6314468383789062,471820000
2018-12-17 00:00:00-05:00,3.60144403819437,3.6736017142675355,3.5022578870381813,3.560281753540039,662868000
2018-12-18 00:00:00-05:00,3.6041713071227375,3.7276579154643223,3.576895241725319,3.6435978412628174,564372000
2018-12-19 00:00:00-05:00,3.6098746099821173,3.6634351915936723,3.382986629578919,3.434563398361206,745364000
2018-12-20 00:00:00-05:00,3.426132592355907,3.516143868933268,3.290247685511563,3.3500072956085205,749588000
2018-12-21 00:00:00-05:00,3.3765388833016194,3.409518316810805,3.18535791529359,3.2128820419311523,863740000
2018-12-24 00:00:00-05:00,3.1365088459595687,3.2230486120221418,3.087163729605887,3.1511387825012207,463840000
2018-12-26 00:00:00-05:00,3.197260328885302,3.3014056349580083,3.0861720339381256,3.3004138469696045,695100000
2018-12-27 00:00:00-05:00,3.24809375597327,3.282560878243769,3.1040259995719848,3.2525570392608643,637044000
2018-12-28 00:00:00-05:00,3.2731383611407705,3.4067916395707325,3.2312323522599384,3.3140525817871094,628728000
2018-12-31 00:00:00-05:00,3.357446020076929,3.389929326561289,3.279584979550039,3.310332775115967,465140000
2019-01-02 00:00:00-05:00,3.2394146399426385,3.433819052704614,3.2247847018464455,3.377779006958008,508752000
2019-01-03 00:00:00-05:00,3.317522839020773,3.351494056392197,3.166264311726206,3.173703193664551,705552000
2019-01-04 00:00:00-05:00,3.246853385740272,3.415221581097662,3.216105828755128,3.377035140991211,585620000
2019-01-07 00:00:00-05:00,3.4343150593304554,3.59276466603475,3.382986126978943,3.5558178424835205,709160000
2019-01-08 00:00:00-05:00,3.6373984079374995,3.639630285844697,3.394640656623528,3.467294454574585,786016000
2019-01-09 00:00:00-05:00,3.5186232126306787,3.5828463399884547,3.4680384722945203,3.535485029220581,617260000
2019-01-10 00:00:00-05:00,3.516144412966452,3.6098750277990463,3.4556408341664095,3.6011962890625,523156000
2019-01-11 00:00:00-05:00,3.578879093014986,3.7132763270259823,3.5511071314183558,3.6904635429382324,874764000
2019-01-14 00:00:00-05:00,3.638142854723856,3.755678271704441,3.6145861109734994,3.7303857803344727,730168000
2019-01-15 00:00:00-05:00,3.7631172757641576,3.8025438146360644,3.6979025870726665,3.716252088546753,617012000
2019-01-16 00:00:00-05:00,3.7435281239360836,3.776507329462538,3.685256426461529,3.690711498260498,470104000
2019-01-17 00:00:00-05:00,3.65773186610097,3.802047443243775,3.630455564376065,3.762125015258789,493436000
2019-01-18 00:00:00-05:00,3.811965786256249,3.9173509531694863,3.7603890234866792,3.8913145065307617,651336000
2019-01-22 00:00:00-05:00,3.861063357283856,3.872717696216375,3.6587239044189133,3.6889755725860596,661552000
2019-01-23 00:00:00-05:00,3.7442716222606327,3.833043043729244,3.6706260337428103,3.701869487762451,591020000
2019-01-24 00:00:00-05:00,3.7864254082577964,3.931484696460281,3.78171406033264,3.91387939453125,708972000
2019-01-25 00:00:00-05:00,3.8543680092020285,3.9892608924225734,3.7517106054506666,3.9711594581604004,1154572000
2019-01-28 00:00:00-05:00,3.3859615774685716,3.5121757028789755,3.2483411808041596,3.4221644401550293,2511528000
2019-01-29 00:00:00-05:00,3.3760431657623244,3.4243964979510797,3.2485891804287648,3.263219118118286,1153932000
2019-01-30 00:00:00-05:00,3.3393448863930435,3.4211733230985906,3.259748091328944,3.4067914485931396,974228000
2019-01-31 00:00:00-05:00,3.403567662025022,3.6002039684535703,3.3817466675153294,3.5644969940185547,842852000
2019-02-01 00:00:00-05:00,3.583093956476168,3.639877960275876,3.53548481974273,3.588797092437744,625048000
2019-02-04 00:00:00-05:00,3.604666951855927,3.7363363943570573,3.582598130384192,3.69914174079895,528592000
2019-02-05 00:00:00-05:00,3.7110439611245734,3.754933775932104,3.677320801767023,3.7182350158691406,542424000
2019-02-06 00:00:00-05:00,3.7514623550728396,3.8583354443589557,3.74600728407035,3.7938644886016846,702464000
2019-02-07 00:00:00-05:00,3.747495266403964,3.7497269080362785,3.612602379033736,3.6555001735687256,637120000
2019-02-08 00:00:00-05:00,3.588301480661377,3.6847598514853512,3.5739196070014203,3.6740975379943848,461604000
2019-02-11 00:00:00-05:00,3.6299589200218203,3.684263210499329,3.583093511896322,3.6314468383789062,495180000
2019-02-12 00:00:00-05:00,3.669882460265143,3.764109199245761,3.6555003486518447,3.7484872341156006,591060000
2019-02-13 00:00:00-05:00,3.777994833117407,3.864038720162632,3.764356682162985,3.790889024734497,605372000
2019-02-14 00:00:00-05:00,3.789897080627852,3.8600711722964594,3.746750988006149,3.8318030834198,827264000
2019-02-15 00:00:00-05:00,4.040590464627925,4.063403014393204,3.8786693190119514,3.901482105255127,1516748000
2019-02-19 00:00:00-05:00,3.8908189633889885,3.9647126195192244,3.871725740882443,3.8841238021850586,551892000
2019-02-20 00:00:00-05:00,3.9133830294867753,3.9986829445713377,3.902224823467355,3.9314844608306885,540988000
2019-02-21 00:00:00-05:00,3.9441310946020987,3.968679386020676,3.847920559122508,3.8625504970550537,448548000
2019-02-22 00:00:00-05:00,3.914375355567139,3.966199947153265,3.900737205580121,3.947354555130005,401740000
2019-02-25 00:00:00-05:00,4.030919511405337,4.098365838227387,3.9262780530559076,3.9349570274353027,656020000
2019-02-26 00:00:00-05:00,3.9302461311820225,3.9862861907776557,3.8620556006478073,3.895530939102173,488464000
2019-02-27 00:00:00-05:00,3.881147995106965,3.9076800986647706,3.7965917983401463,3.853623867034912,500256000
2019-02-28 00:00:00-05:00,3.84741823398628,3.86975811967197,3.80671017670419,3.829049825668335,324944000
2019-03-01 00:00:00-05:00,3.8789423344777187,3.9256077277242167,3.820610592919596,3.8834104537963867,357188000
2019-03-04 00:00:00-05:00,3.92188464290107,3.94472093484492,3.835007357804544,3.891601800918579,409992000
2019-03-05 00:00:00-05:00,3.875964439002518,3.923374567696612,3.8216041641193343,3.885148763656616,362924000
2019-03-06 00:00:00-05:00,3.876212236061873,3.8846515966987245,3.7714631787438155,3.774193525314331,403524000
2019-03-07 00:00:00-05:00,3.7506124272354757,3.7602931555732804,3.6587708520941855,3.704939842224121,450104000
2019-03-08 00:00:00-05:00,3.6155807539530342,3.7498681708144153,3.5942336754772803,3.739194631576538,422416000
2019-03-11 00:00:00-04:00,3.7627758007205285,4.022662489381917,3.7156137588335008,3.999826431274414,859728000
2019-03-12 00:00:00-04:00,4.027626528786553,4.080497342102679,3.9514227815646,4.034080505371094,579576000
2019-03-13 00:00:00-04:00,4.071561291435047,4.214784452798531,4.064114505153796,4.185494422912598,768900000
2019-03-14 00:00:00-04:00,4.194680722856987,4.2065953971468115,4.10184606524568,4.109540939331055,519384000
2019-03-15 00:00:00-04:00,4.152729364068374,4.25772673185729,4.14925429178952,4.215033054351807,661484000
2019-03-18 00:00:00-04:00,4.246557784686769,4.300421891081058,4.1666306300903395,4.1936869621276855,486992000
2019-03-19 00:00:00-04:00,4.288258484298324,4.4059152695797685,4.271379761446527,4.361483573913574,854972000
2019-03-20 00:00:00-04:00,4.390525114567102,4.443892571839304,4.294215417896174,4.3289666175842285,719148000
2019-03-21 00:00:00-04:00,4.352050367618375,4.592079362152888,4.347085843870799,4.565767765045166,824312000
2019-03-22 00:00:00-04:00,4.53846416510248,4.587115175766267,4.392014017879543,4.405914306640625,747644000
2019-03-25 00:00:00-04:00,4.36520613460403,4.429494968417297,4.2473012939946,4.3135762214660645,525212000
2019-03-26 00:00:00-04:00,4.455310476682251,4.511408278972324,4.33393054894447,4.390276908874512,703508000
2019-03-27 00:00:00-04:00,4.415843746800536,4.462260583700479,4.311591098396251,4.381092548370361,474372000
2019-03-28 00:00:00-04:00,4.4071560156405525,4.465488001140087,4.3465903252875435,4.399709701538086,480264000
2019-03-29 00:00:00-04:00,4.466480824345446,4.481374399479685,4.416092268126456,4.457048416137695,456896000
2019-04-01 00:00:00-04:00,4.548890253033545,4.5548475884213175,4.477154617603219,4.524564743041992,483824000
2019-04-02 00:00:00-04:00,4.548640583270767,4.586866371361509,4.505698355980619,4.5424346923828125,440920000
2019-04-03 00:00:00-04:00,4.5920810067023154,4.741013458365087,4.587116481176807,4.681936740875244,783504000
2019-04-04 00:00:00-04:00,4.666546834881286,4.7154464153904465,4.61020093978387,4.673000812530518,457376000
2019-04-05 00:00:00-04:00,4.716191058105563,4.75714768138921,4.6797027916276575,4.739771842956543,481744000
2019-04-08 00:00:00-04:00,4.709240661826758,4.7856927371604385,4.685163236351504,4.760622501373291,424192000
2019-04-09 00:00:00-04:00,4.7271116454872795,4.738281587605998,4.6556241106160865,4.697821617126465,439972000
2019-04-10 00:00:00-04:00,4.697078694812877,4.794132665644127,4.692610810938389,4.768317699432373,444772000
2019-04-11 00:00:00-04:00,4.770799019021911,4.802323231055334,4.705020721761634,4.754416465759277,374600000
2019-04-12 00:00:00-04:00,4.793137958687939,4.797109672473371,4.707750136567103,4.716437816619873,471708000
2019-04-15 00:00:00-04:00,4.708744114097643,4.713708639199531,4.544918573280712,4.584633827209473,440092000
2019-04-16 00:00:00-04:00,4.623851891231275,4.690622987361421,4.59108679030608,4.67175817489624,394964000
2019-04-17 00:00:00-04:00,4.706758744602291,4.7276091830110625,4.626583506356754,4.648923397064209,351004000
2019-04-18 00:00:00-04:00,4.655624286786486,4.689630282756506,4.59654758605925,4.624348163604736,380988000
2019-04-22 00:00:00-04:00,4.600767764441382,4.69385046883139,4.569244027924534,4.678212642669678,279936000
2019-04-23 00:00:00-04:00,4.6913677295083955,4.76409663345037,4.6816872390750355,4.732820510864258,346856000
2019-04-24 00:00:00-04:00,4.743246964736514,4.785941124958199,4.682433186647897,4.745233058929443,318204000
2019-04-25 00:00:00-04:00,4.705021302374951,4.727361193530183,4.559812483309151,4.639491081237793,499296000
2019-04-26 00:00:00-04:00,4.485593452863211,4.49006180919831,4.301662214134944,4.420559883117676,868988000
2019-04-29 00:00:00-04:00,4.428503190112689,4.479140304941098,4.356270911723266,4.4513397216796875,391920000
2019-04-30 00:00:00-04:00,4.419070405179102,4.51835853225463,4.399957505815495,4.492792129516602,362920000
2019-05-01 00:00:00-04:00,4.545166881895001,4.5873643960625055,4.479388111507241,4.4796366691589355,354280000
2019-05-02 00:00:00-04:00,4.489317648502222,4.588853872897308,4.446127319368874,4.547152996063232,394684000
2019-05-03 00:00:00-04:00,4.5555920353623955,4.5655206114381555,4.481125584300073,4.542684555053711,336824000
2019-05-06 00:00:00-04:00,4.35626953898072,4.476408547547768,4.319036559067975,4.464245796203613,422176000
2019-05-07 00:00:00-04:00,4.415843712232229,4.415843712232229,4.248791202521124,4.296946048736572,555220000
2019-05-08 00:00:00-04:00,4.269393210117564,4.397226628713527,4.257478541617423,4.317051410675049,419168000
2019-05-09 00:00:00-04:00,4.248045666730961,4.257726156278676,4.105567249115717,4.224464416503906,660248000
2019-05-10 00:00:00-04:00,4.193686716908691,4.25921693338127,4.07081732430102,4.190459728240967,569500000
2019-05-13 00:00:00-04:00,4.058405845877312,4.081490457918425,3.9171683007245237,3.9330544471740723,656912000
2019-05-14 00:00:00-04:00,3.9727705037319643,4.057414103491751,3.9340482926774833,4.022166728973389,524880000
2019-05-15 00:00:00-04:00,3.9665643709042584,3.9975919404015254,3.9072398152086056,3.961103677749634,502320000
2019-05-16 00:00:00-04:00,3.9556428112474094,4.018939082442502,3.913197212909019,3.9762449264526367,781088000
2019-05-17 00:00:00-04:00,3.9342962983605236,4.063619198166043,3.8459297848972365,3.885396718978882,1022068000
2019-05-20 00:00:00-04:00,3.786604623445056,3.841709617370362,3.7419248474577116,3.766746997833252,572064000
2019-05-21 00:00:00-04:00,3.827560868877688,3.8647938563869233,3.7888384293040094,3.848907709121704,361848000
2019-05-22 00:00:00-04:00,3.81018608968705,3.8362491375899883,3.766995524028242,3.7779173851013184,325868000
2019-05-23 00:00:00-04:00,3.7156136414344476,3.7156136414344476,3.596964287794492,3.656785488128662,591844000
2019-05-24 00:00:00-04:00,3.675650657313042,3.7108980327973,3.596220138706413,3.602922201156616,357584000
2019-05-28 00:00:00-04:00,3.6205450823390795,3.653310187637295,3.5557593610655602,3.5577452182769775,428356000
2019-05-29 00:00:00-04:00,3.5100868721445884,3.5450859198163482,3.4487764584867997,3.483527421951294,559800000
2019-05-30 00:00:00-04:00,3.486757748307108,3.5225423179781874,3.418667647891877,3.456937313079834,394300000
2019-05-31 00:00:00-04:00,3.407982295901955,3.4753268275582676,3.3644940676131325,3.3662335872650146,389720000
2019-06-03 00:00:00-04:00,3.3774162284144906,3.4161828688993725,3.295161597313659,3.3244850635528564,478644000
2019-06-04 00:00:00-04:00,3.388598851975445,3.558824115253672,3.3664820690651194,3.553605556488037,641836000
2019-06-05 00:00:00-04:00,3.627411357441452,3.6328785208222416,3.474581520082958,3.5108630657196045,511616000
2019-06-06 00:00:00-04:00,3.5150876300215126,3.597590866336708,3.5126025342489897,3.572988986968994,408140000
2019-06-07 00:00:00-04:00,3.5789531985054914,3.6500251379808932,3.5598182450382985,3.615731716156006,348856000
2019-06-10 00:00:00-04:00,3.6718934624785766,3.7571303986218307,3.6718934624785766,3.6885433197021484,402780000
2019-06-11 00:00:00-04:00,3.7484327614973827,3.7862054607206415,3.7066842880297246,3.7461962699890137,383872000
2019-06-12 00:00:00-04:00,3.70270799945214,3.7089207391207837,3.6179682685012025,3.633126974105835,358892000
2019-06-13 00:00:00-04:00,3.6552436812465916,3.7027079211490617,3.6375998801476244,3.684318780899048,308080000
2019-06-14 00:00:00-04:00,3.5911294401018217,3.615482712929414,3.5496293397574727,3.594359874725342,394428000
2019-06-17 00:00:00-04:00,3.5926205304850263,3.6410789481356645,3.569758171678047,3.6040518283843994,276040000
2019-06-18 00:00:00-04:00,3.6654322264627153,3.8545435993309813,3.6544981372784355,3.7991273403167725,581920000
2019-06-19 00:00:00-04:00,3.834415085999431,3.8458461473541314,3.778998587891173,3.805091619491577,331644000
2019-06-20 00:00:00-04:00,3.895795715351258,3.909711873308816,3.815031993929556,3.8294451236724854,350168000
2019-06-21 00:00:00-04:00,3.8145346916961733,3.863738449062333,3.7648337255959237,3.7712948322296143,434428000
2019-06-24 00:00:00-04:00,3.7926659820532356,3.8232319932579597,3.745450115316913,3.7936599254608154,282948000
2019-06-25 00:00:00-04:00,3.798630963370674,3.8736791581849213,3.761603837778138,3.7643373012542725,311868000
2019-06-26 00:00:00-04:00,3.8918189867947004,4.018804615728701,3.8788967747895136,3.957672357559204,584072000
2019-06-27 00:00:00-04:00,4.043406560517009,4.075463488609279,4.007373384590604,4.056328773498535,445440000
2019-06-28 00:00:00-04:00,4.100313377501718,4.109508182671275,4.034460011295337,4.081178665161133,397668000
2019-07-01 00:00:00-04:00,4.288431128834214,4.322724783049094,4.091864483451066,4.129388809204102,709756000
2019-07-02 00:00:00-04:00,4.1127386052180706,4.133861679336552,4.018307348995678,4.031477928161621,400228000
2019-07-03 00:00:00-04:00,4.054837331736692,4.060553098718158,3.984510978445289,4.044400215148926,246636000
2019-07-05 00:00:00-04:00,3.98600252173469,3.990475504427953,3.918409150648736,3.9817779064178467,396552000
2019-07-08 00:00:00-04:00,3.922136768704108,3.941023116827051,3.8766606549792244,3.9067294597625732,329788000
2019-07-09 00:00:00-04:00,3.8644839583677153,3.9372956541388673,3.8518103489092463,3.909214735031128,342860000
2019-07-10 00:00:00-04:00,3.952702883972033,4.034957515585697,3.938786726888166,3.977553367614746,452076000
2019-07-11 00:00:00-04:00,4.050613458639774,4.172877523892178,4.013337967716553,4.132122993469238,682560000
2019-07-12 00:00:00-04:00,4.15995449551296,4.236245456165438,4.15995449551296,4.165173053741455,506392000
2019-07-15 00:00:00-04:00,4.186296761391783,4.202449173219055,4.128395403436278,4.156724452972412,289840000
2019-07-16 00:00:00-04:00,4.141813585829977,4.17908906820373,4.096337241382922,4.152002334594727,341444000
2019-07-17 00:00:00-04:00,4.153742889857145,4.22431809882267,4.124419420919609,4.217360019683838,348204000
2019-07-18 00:00:00-04:00,4.227797357976233,4.29191122593789,4.171138304345604,4.229039669036865,442192000
2019-07-19 00:00:00-04:00,4.267309130804441,4.27377000080973,4.179835463467045,4.185799598693848,344896000
2019-07-22 00:00:00-04:00,4.207169449442763,4.270289343191487,4.1997141647385625,4.257367134094238,315940000
2019-07-23 00:00:00-04:00,4.296631807856715,4.367206526089207,4.280975659526411,4.365218639373779,428176000
2019-07-24 00:00:00-04:00,4.40845886866737,4.445485989290337,4.332416740429885,4.439770221710205,366236000
2019-07-25 00:00:00-04:00,4.398269319191523,4.41094316292276,4.28520009087594,4.308559417724609,392700000
2019-07-26 00:00:00-04:00,4.335647702705201,4.397276469423345,4.335647702705201,4.350557804107666,274160000
2019-07-29 00:00:00-04:00,4.343350672530743,4.360497499730886,4.2561258584134745,4.344344615936279,248160000
2019-07-30 00:00:00-04:00,4.297874170069618,4.372176769263432,4.283460806251316,4.360000133514404,197772000
2019-07-31 00:00:00-04:00,4.328439137352237,4.329433554520233,4.150510509757347,4.192756175994873,359416000
2019-08-01 00:00:00-04:00,4.2031945913840305,4.293650084947921,4.046140144004301,4.098326206207275,421212000
2019-08-02 00:00:00-04:00,4.005634307861328,4.0749672043607745,3.958170302883718,4.005634307861328,428348000
2019-08-05 00:00:00-04:00,3.8219900612493567,3.8232326092048896,3.7002232055085913,3.747190475463867,589156000
2019-08-06 00:00:00-04:00,3.821989798427285,3.867465912912005,3.7382440153158742,3.785956621170044,361272000
2019-08-07 00:00:00-04:00,3.7250730525241433,3.8361544104711895,3.707677857003392,3.824226140975952,372560000
2019-08-08 00:00:00-04:00,3.8818794246834787,3.93406525223203,3.8244750380792505,3.9328227043151855,309300000
2019-08-09 00:00:00-04:00,3.8918190267083976,3.8952980655922635,3.7809862801400764,3.831432580947876,341816000
2019-08-12 00:00:00-04:00,3.7792472047557633,3.8314330311372755,3.7417231116766367,3.7635915279388428,279200000
2019-08-13 00:00:00-04:00,3.7621000423066087,3.92387606605476,3.7230850374128925,3.8779027462005615,351956000
2019-08-14 00:00:00-04:00,3.789684571599608,3.8008672663439995,3.685561516370671,3.7292981147766113,419880000
2019-08-15 00:00:00-04:00,3.7481837975894,3.7680640875982334,3.6626985031530666,3.6969919204711914,477200000
2019-08-16 00:00:00-04:00,3.9599093862778543,4.01433146424985,3.8985287560977477,3.965127944946289,1007960000
2019-08-19 00:00:00-04:00,4.078445739504549,4.2598534536068735,4.0622928549935535,4.243948936462402,815112000
2019-08-20 00:00:00-04:00,4.238483445542804,4.238980654427718,4.150513021689377,4.17163610458374,463188000
2019-08-21 00:00:00-04:00,4.2377360509065225,4.310299129980614,4.21611624238742,4.255131244659424,427244000
2019-08-22 00:00:00-04:00,4.264823948981501,4.30731799688016,4.222081059715049,4.261344909667969,303488000
2019-08-23 00:00:00-04:00,4.184803907661924,4.239226204145203,4.016815195886807,4.03669548034668,568056000
2019-08-26 00:00:00-04:00,4.115472218843759,4.139577121189208,4.07322654790724,4.1114959716796875,318208000
2019-08-27 00:00:00-04:00,4.14976674668129,4.1525002101288875,3.9914699682769803,4.020793437957764,290968000
2019-08-28 00:00:00-04:00,3.9944266216826265,4.063081372639578,3.955123896377885,4.010346412658691,255612000
2019-08-29 00:00:00-04:00,4.101884170720872,4.186459141206052,4.098401688681574,4.1541218757629395,357976000
2019-08-30 00:00:00-04:00,4.200389891914572,4.250140051749213,4.148649877511405,4.166808605194092,290616000
2019-09-03 00:00:00-04:00,4.093924285396339,4.127007864816894,4.060840705975783,4.083725452423096,296140000
2019-09-04 00:00:00-04:00,4.144421890072433,4.2053658240488945,4.144421890072433,4.197903156280518,227728000
2019-09-05 00:00:00-04:00,4.300139929603487,4.477249841928727,4.298398687795488,4.471031188964844,695676000
2019-09-06 00:00:00-04:00,4.4476478942215945,4.504611642699052,4.405858094235799,4.4439167976379395,376976000
2019-09-09 00:00:00-04:00,4.475010062052532,4.57650024338145,4.473517433795505,4.489934921264648,417524000
2019-09-10 00:00:00-04:00,4.45710163683001,4.583217859970045,4.447400498385292,4.5566020011901855,352812000
2019-09-11 00:00:00-04:00,4.5712770519909265,4.633464526154595,4.542173169848685,4.585206985473633,361512000
2019-09-12 00:00:00-04:00,4.6317238957685865,4.686448709452249,4.575755066743911,4.583714962005615,327840000
2019-09-13 00:00:00-04:00,4.517048245688697,4.5541120119795115,4.481974333797242,4.525754451751709,324592000
2019-09-16 00:00:00-04:00,4.450631721173688,4.517296584022552,4.4401842745337445,4.482720375061035,231832000
2019-09-17 00:00:00-04:00,4.48943742904578,4.508342471006578,4.442921138228117,4.504113674163818,223048000
2019-09-18 00:00:00-04:00,4.49714833809561,4.512819509217272,4.390434447430027,4.476999282836914,258152000
2019-09-19 00:00:00-04:00,4.482969795639282,4.501377611612964,4.390683525912575,4.4013800621032715,245476000
2019-09-20 00:00:00-04:00,4.400385505594887,4.424016573367991,4.285463087720507,4.295661449432373,350244000
2019-09-23 00:00:00-04:00,4.295909436968199,4.3946629545220395,4.29217786709974,4.349141597747803,249712000
2019-09-24 00:00:00-04:00,4.380485074727759,4.410086178261831,4.256110147899171,4.291681289672852,317268000
2019-09-25 00:00:00-04:00,4.291182848005648,4.4531192177009835,4.246407806164493,4.433467864990234,308432000
2019-09-26 00:00:00-04:00,4.42376752367828,4.432473730654292,4.3603360449071165,4.411329746246338,234564000
2019-09-27 00:00:00-04:00,4.369540962500298,4.420286062353161,4.211833324278693,4.272528648376465,362056000
2019-09-30 00:00:00-04:00,4.298397522363803,4.34018731442526,4.26705470386503,4.329988479614258,186184000
2019-10-01 00:00:00-04:00,4.353122628488708,4.502372642070292,4.323521523666123,4.328247547149658,366008000
2019-10-02 00:00:00-04:00,4.306357873856296,4.318297951275508,4.231981714896169,4.304368019104004,293372000
2019-10-03 00:00:00-04:00,4.308845042225726,4.516302326766023,4.278497624943742,4.5100836753845215,450588000
2019-10-04 00:00:00-04:00,4.512322160107603,4.555853668846923,4.447149915282378,4.526501178741455,265524000
2019-10-07 00:00:00-04:00,4.5914256379994445,4.684955462499203,4.5827194295727525,4.585206985473633,480984000
2019-10-08 00:00:00-04:00,4.493416772043233,4.493416772043233,4.390434451398755,4.40859317779541,444436000
2019-10-09 00:00:00-04:00,4.485458489126236,4.544661186887699,4.456603691763184,4.49515962600708,292412000
2019-10-10 00:00:00-04:00,4.492919846140023,4.603862066367149,4.487696122078728,4.552868366241455,309124000
2019-10-11 00:00:00-04:00,4.636947103185603,4.70983064218771,4.61804205751928,4.626499652862549,446404000
2019-10-14 00:00:00-04:00,4.617793238473011,4.660827057470917,4.586699498954072,4.639932155609131,200040000
2019-10-15 00:00:00-04:00,4.730227976474921,4.957336646960812,4.716297569258884,4.884701251983643,664124000
2019-10-16 00:00:00-04:00,4.850622120157369,4.955594777980669,4.819528388617898,4.830970764160156,428944000
2019-10-17 00:00:00-04:00,4.875498632547472,4.920522308313219,4.77848583901719,4.832962512969971,263436000
2019-10-18 00:00:00-04:00,4.83345866485696,4.866045026889002,4.664060064060241,4.738436222076416,307440000
2019-10-21 00:00:00-04:00,4.799876523654458,4.88917799963376,4.780971483744399,4.8757452964782715,261868000
2019-10-22 00:00:00-04:00,4.932708609031692,5.037929859940702,4.858083857390495,4.865795135498047,328720000
2019-10-23 00:00:00-04:00,4.783709911051118,4.867040906088538,4.75186985692801,4.852862358093262,279916000
2019-10-24 00:00:00-04:00,4.894153520097107,4.930470978474188,4.860075004134802,4.896890163421631,232020000
2019-10-25 00:00:00-04:00,4.9774847276947565,5.108824622675186,4.969773447917292,5.087929725646973,423092000
2019-10-28 00:00:00-04:00,5.131710274242045,5.1963853057561336,5.102357778187682,5.143899440765381,330792000
2019-10-29 00:00:00-04:00,5.12996875175571,5.136436491779533,5.0282304230784325,5.047632694244385,211236000
2019-10-30 00:00:00-04:00,5.074497619391619,5.080219045208822,4.981465024654051,5.049622535705566,205960000
2019-10-31 00:00:00-04:00,5.028727112780852,5.04962201009923,4.920521055630176,5.000369548797607,209732000
2019-11-01 00:00:00-04:00,4.965046838364448,5.07176073786102,4.939923144962163,5.03942346572876,283640000
2019-11-04 00:00:00-05:00,5.120517267905628,5.248623809151795,5.097383895543667,5.2361860275268555,376716000
2019-11-05 00:00:00-05:00,5.235935826221247,5.262054448032809,5.166037080383131,5.214046001434326,300868000
2019-11-06 00:00:00-05:00,5.1899162272882995,5.215537143233391,5.077232306625586,5.164792537689209,269012000
2019-11-07 00:00:00-05:00,5.251358887951694,5.266035135103547,5.1376800072228965,5.182455062866211,280340000
2019-11-08 00:00:00-05:00,5.165540436613924,5.2001166563749655,5.127978960050416,5.168525218963623,189100000
2019-11-11 00:00:00-05:00,5.167778366615428,5.20160826865297,5.081462132826022,5.1784749031066895,243436000
2019-11-12 00:00:00-05:00,5.216782170226102,5.27001481563961,5.181708253470068,5.214046001434326,283504000
2019-11-13 00:00:00-05:00,5.182702866548759,5.210314114918946,5.121759419350489,5.188175678253174,300188000
2019-11-14 00:00:00-05:00,5.197131378516157,5.22076292177979,5.13718284844087,5.218523979187012,518080000
2019-11-15 00:00:00-05:00,5.216284481565721,5.268024498867721,4.9909170704358345,5.0792236328125,1053628000
2019-11-18 00:00:00-05:00,5.071761412803243,5.307078592512595,5.068776630520327,5.280462741851807,574588000
2019-11-19 00:00:00-05:00,5.249369150039043,5.273000219064942,5.11554168107026,5.173748970031738,414564000
2019-11-20 00:00:00-05:00,5.150863425798844,5.336928116030888,5.13817703517415,5.25309944152832,472588000
2019-11-21 00:00:00-05:00,5.248622426151944,5.304342154900513,5.206583541906653,5.228224754333496,288388000
2019-11-22 00:00:00-05:00,5.250861440076874,5.2973777395825765,5.222255258582235,5.24588680267334,224100000
2019-11-25 00:00:00-05:00,5.373991704712721,5.507570535449033,5.361056701312303,5.5025954246521,506476000
2019-11-26 00:00:00-05:00,5.484935977766684,5.489662477129648,5.391406137130287,5.397873878479004,385244000
2019-11-27 00:00:00-05:00,5.443426519798096,5.477778973963019,5.406335403339309,5.432722091674805,215784000
2019-11-29 00:00:00-05:00,5.401855393170712,5.4302334079582915,5.3714851057615185,5.395382881164551,141556000
2019-12-02 00:00:00-05:00,5.3884130961771595,5.401855714341308,5.193747253108004,5.208931922912598,372036000
2019-12-03 00:00:00-05:00,5.025219010053087,5.173334223792447,4.987879092072044,5.169351577758789,465232000
2019-12-04 00:00:00-05:00,5.252993164288042,5.275397211411367,5.184536564656922,5.21316385269165,273424000
2019-12-05 00:00:00-05:00,5.235071220897312,5.250753961662542,5.16561847276181,5.196237564086914,184884000
2019-12-06 00:00:00-05:00,5.265439695532855,5.314479703590132,5.2554821310367785,5.281620025634766,232236000
2019-12-09 00:00:00-05:00,5.258718386978284,5.336385680757568,5.250005755445621,5.281620025634766,211880000
2019-12-10 00:00:00-05:00,5.311740500326746,5.378455036133057,5.258966648356525,5.326676845550537,256388000
2019-12-11 00:00:00-05:00,5.33713227349042,5.415795224748547,5.334642882493308,5.410318374633789,233796000
2019-12-12 00:00:00-05:00,5.381442468181327,5.596022946179587,5.3724810401434215,5.577850818634033,404348000
2019-12-13 00:00:00-05:00,5.580838328862524,5.700077456204017,5.521840756864818,5.575859546661377,454704000
2019-12-16 00:00:00-05:00,5.623405091030793,5.677174602340793,5.595275402586512,5.604734897613525,320976000
2019-12-17 00:00:00-05:00,5.623406213001277,5.705554225782321,5.613946716086924,5.682901382446289,321196000
2019-12-18 00:00:00-05:00,5.717750900956038,5.773761007689279,5.709287067084748,5.71327018737793,343548000
2019-12-19 00:00:00-05:00,5.747872813226766,5.874828916776241,5.742894030781023,5.861386299133301,445360000
2019-12-20 00:00:00-05:00,5.927850898812793,5.9841098046043175,5.908683110859449,5.958718776702881,603044000
2019-12-23 00:00:00-05:00,5.9873455674294815,6.019457900744599,5.9343229217047755,5.945026874542236,355060000
2019-12-24 00:00:00-05:00,5.929593537347026,5.957225160058684,5.89524060645085,5.940048694610596,138864000
2019-12-26 00:00:00-05:00,5.943533985610506,5.9823676319209165,5.924614993192397,5.954238414764404,182852000
2019-12-27 00:00:00-05:00,5.969423112990972,5.982865729966805,5.870098639700798,5.896485805511475,254644000
2019-12-30 00:00:00-05:00,5.874579469037705,5.879807047585535,5.751855296687879,5.7832207679748535,258056000
2019-12-31 00:00:00-05:00,5.747872913485271,5.866863252078768,5.728705123017932,5.857403755187988,231004000
2020-01-02 00:00:00-05:00,5.943284736428357,5.972160816192627,5.892751478140193,5.972160816192627,237536000
2020-01-03 00:00:00-05:00,5.852425081823098,5.920384087732343,5.827531643498655,5.8765716552734375,205384000
2020-01-06 00:00:00-05:00,5.783220886910184,5.906442655101871,5.757082993633497,5.901215076446533,262636000
2020-01-07 00:00:00-05:00,5.929593548989243,6.018462860706855,5.88453666408317,5.972659111022949,314856000
2020-01-08 00:00:00-05:00,5.968427030697477,6.025184004233772,5.928348928870455,5.983860969543457,277108000
2020-01-09 00:00:00-05:00,6.070241617025367,6.122019814933287,5.995810576233439,6.049580097198486,255112000
2020-01-10 00:00:00-05:00,6.156870718144113,6.187240533231211,6.067752596061456,6.081941604614258,316296000
2020-01-13 00:00:00-05:00,6.165085449519322,6.2977667270316795,6.142432131580578,6.272624492645264,319840000
2020-01-14 00:00:00-05:00,6.229807106111832,6.255198609471692,6.142431523520895,6.155625343322754,359088000
2020-01-15 00:00:00-05:00,6.168320380188481,6.190724423550592,6.087168040863995,6.1130571365356445,263104000
2020-01-16 00:00:00-05:00,6.166577653863015,6.20267310864171,6.143177949858142,6.1966986656188965,284192000
2020-01-17 00:00:00-05:00,6.215866590995436,6.223334763640799,6.15786516037779,6.205411434173584,253792000
2020-01-21 00:00:00-05:00,6.1688185119156165,6.205660832998418,6.137950634111181,6.172054767608643,217916000
2020-01-22 00:00:00-05:00,6.2173615862913,6.312702949940994,6.1984425915801635,6.22607421875,239240000
2020-01-23 00:00:00-05:00,6.266152376360802,6.302994226877726,6.177283056528043,6.294530391693115,244516000
2020-01-24 00:00:00-05:00,6.410034523672277,6.45982138950539,6.1810157954848854,6.235283374786377,373512000
2020-01-27 00:00:00-05:00,5.930588451380124,6.030410975725212,5.780979537978467,5.979379653930664,470536000
2020-01-28 00:00:00-05:00,6.045347807566463,6.205163105735064,5.992075883242663,6.172801971435547,310976000
2020-01-29 00:00:00-05:00,6.158361990923276,6.194457439251504,6.07247968456972,6.112309455871582,258848000
2020-01-30 00:00:00-05:00,6.0144798564624296,6.132474522783302,5.959465881327927,6.11903190612793,290504000
2020-01-31 00:00:00-05:00,6.073228093460578,6.085176980409224,5.843711749632916,5.885532379150391,370420000
2020-02-03 00:00:00-05:00,5.867360888297709,6.0020339655297725,5.861137647487947,5.982617378234863,255564000
2020-02-04 00:00:00-05:00,6.124509353868219,6.171059973771777,6.074473681129222,6.151891708374023,271544000
2020-02-05 00:00:00-05:00,6.272872865388671,6.283079226385113,6.158861317756116,6.242254257202148,208220000
2020-02-06 00:00:00-05:00,6.276606073914962,6.32913064956665,6.195453743306459,6.32913064956665,218284000
2020-02-07 00:00:00-05:00,6.289053983566939,6.311209232941691,6.237524582680928,6.262916088104248,189752000
2020-02-10 00:00:00-05:00,6.2855677633141225,6.54694761899619,6.280588981826168,6.546201229095459,529608000
2020-02-11 00:00:00-05:00,6.6544878466622785,6.783435262639754,6.592503292289817,6.668676853179932,638556000
2020-02-12 00:00:00-05:00,6.721451236748671,6.79090396963494,6.682617588464696,6.784431457519531,374644000
2020-02-13 00:00:00-05:00,6.726429698792062,6.807830840901522,6.699046871551731,6.740618705749512,528016000
2020-02-14 00:00:00-05:00,7.150861692554667,7.342789344942508,7.119496217011924,7.213841915130615,1041924000
2020-02-18 00:00:00-05:00,7.110533633972161,7.401039349225762,7.091117048530455,7.382617950439453,620164000
2020-02-19 00:00:00-05:00,7.505093482457831,7.8516088414469225,7.505093482457831,7.833934307098389,694332000
2020-02-20 00:00:00-05:00,7.785889433473881,7.874260669430962,7.377140774089348,7.684573650360107,810052000
2020-02-21 00:00:00-05:00,7.572306351822997,7.597448587097608,7.235499253096412,7.320385456085205,768180000
2020-02-24 00:00:00-05:00,6.725931724643267,7.016686246225031,6.671415340872214,6.802852153778076,856916000
2020-02-25 00:00:00-05:00,6.878030602828271,6.940015164910747,6.421486774021762,6.523300647735596,1055496000
2020-02-26 00:00:00-05:00,6.523549714324081,6.856871772437385,6.52205645930819,6.662703514099121,747732000
2020-02-27 00:00:00-05:00,6.349107911870958,6.6504977486511425,6.199409488033335,6.291819095611572,906416000
2020-02-28 00:00:00-05:00,6.0392493015615685,6.786496174779631,6.022560928685381,6.726965427398682,1133252000
2020-03-02 00:00:00-05:00,6.897089742048544,6.914276483358853,6.5010488055819176,6.885382652282715,890744000
2020-03-03 00:00:00-05:00,6.941175614613719,7.000955301129526,6.537413191333911,6.6228485107421875,652792000
2020-03-04 00:00:00-05:00,6.730203658172349,7.096105511692178,6.655478685361388,7.086640357971191,597408000
2020-03-05 00:00:00-05:00,6.887125597678066,7.0540107600488415,6.762584445911422,6.807170391082764,540328000
2020-03-06 00:00:00-05:00,6.627582694348243,6.685120937749185,6.426324027829726,6.626586437225342,515412000
2020-03-09 00:00:00-04:00,5.9754849320614145,6.461195656847714,5.932643026719614,6.113476753234863,614160000
2020-03-10 00:00:00-04:00,6.389957305900693,6.503040790557861,6.127175872348924,6.503040790557861,580648000
2020-03-11 00:00:00-04:00,6.363056584922278,6.391452048128108,6.041989596972966,6.139131546020508,499964000
2020-03-12 00:00:00-04:00,5.6158094578778455,5.881331187763637,5.375196053186379,5.387899398803711,816540000
2020-03-13 00:00:00-04:00,5.741346375628971,6.003380946123381,5.470096072412743,5.998897552490234,634836000
2020-03-16 00:00:00-04:00,5.290756056713327,5.631750014317947,4.832195717827856,4.891975402832031,726972000
2020-03-17 00:00:00-04:00,5.004311876934305,5.501231223478114,4.757471536800723,5.411810398101807,833632000
2020-03-18 00:00:00-04:00,4.984136339903638,5.229233110309666,4.500418706347469,5.051886558532715,874268000
2020-03-19 00:00:00-04:00,5.030465592002757,5.398360421718481,4.817002462405313,5.304705619812012,765512000
2020-03-20 00:00:00-04:00,5.454902655235575,5.736863830889269,5.109425697692478,5.124868869781494,804636000
2020-03-23 00:00:00-04:00,5.1238724206528605,5.392134482741824,4.944782258783055,5.297731876373291,643876000
2020-03-24 00:00:00-04:00,5.70398505471387,6.293314107330515,5.680322405254976,6.2066330909729,1101644000
2020-03-25 00:00:00-04:00,6.321709035304789,6.521473066169563,6.0691395795160865,6.117959976196289,793432000
2020-03-26 00:00:00-04:00,6.325195367925752,6.531435756080723,6.227057171149388,6.407392978668213,696108000
2020-03-27 00:00:00-04:00,6.227057648597609,6.55385370240851,6.1941787918144025,6.29505729675293,638828000
2020-03-30 00:00:00-04:00,6.360566489333126,6.624594113037859,6.3164789035436195,6.615377902984619,602252000
2020-03-31 00:00:00-04:00,6.655479033659384,6.859726923295402,6.420096330914564,6.565809726715088,949960000
2020-04-01 00:00:00-04:00,6.367788225109039,6.51424843320848,6.009856942602055,6.054442405700684,656912000
2020-04-02 00:00:00-04:00,6.083585879611175,6.376506804819798,6.03551327444498,6.363305568695068,675764000
2020-04-03 00:00:00-04:00,6.3256944931640025,6.367291194451505,5.937873523633539,6.075366973876953,663212000
2020-04-06 00:00:00-04:00,6.357577616461794,6.72223433295234,6.300039372327948,6.685369968414307,727884000
2020-04-07 00:00:00-04:00,6.907051444220359,6.930714564649222,6.408886888992002,6.4519782066345215,784520000
2020-04-08 00:00:00-04:00,6.561076780658091,6.674160262941182,6.491084619989947,6.649251937866211,542444000
2020-04-09 00:00:00-04:00,6.775039840327325,6.7979551799719955,6.486602254866638,6.549620151519775,525564000
2020-04-13 00:00:00-04:00,6.489839013642981,6.7302034567472955,6.401414916462178,6.721485614776611,398408000
2020-04-14 00:00:00-04:00,6.849763148211364,7.106815975372771,6.822114998119444,7.072691917419434,530948000
2020-04-15 00:00:00-04:00,6.904562710350161,7.078173237227748,6.859229919371176,6.9952287673950195,366148000
2020-04-16 00:00:00-04:00,7.150654563277259,7.44756051799299,7.137453327078443,7.340455055236816,745620000
2020-04-17 00:00:00-04:00,7.42265265770683,7.4440738466150815,7.147167873331114,7.281174182891846,539120000
2020-04-20 00:00:00-04:00,7.154640880780786,7.310566278221043,7.105571537705695,7.149908065795898,449388000
2020-04-21 00:00:00-04:00,7.031843993981685,7.093117848745228,6.653238710820322,6.713018417358398,735160000
2020-04-22 00:00:00-04:00,6.905309041918552,7.170332899901606,6.8597273118792295,7.127490520477295,483356000
2020-04-23 00:00:00-04:00,7.169584695451171,7.301598004382565,7.049028578889608,7.074185848236084,424160000
2020-04-24 00:00:00-04:00,7.063973352458555,7.215165903175002,6.989248386160776,7.2131733894348145,352328000
2020-04-27 00:00:00-04:00,7.347678299224149,7.559647277254532,7.323018921713234,7.399736404418945,479388000
2020-04-28 00:00:00-04:00,7.547193933556048,7.577084020311435,7.251782578633784,7.257262229919434,442904000
2020-04-29 00:00:00-04:00,7.392015576110446,7.486916063529084,7.3167927086062665,7.434110641479492,379160000
2020-04-30 00:00:00-04:00,7.380060813403959,7.434111922339759,7.266230473071985,7.280179023742676,375916000
2020-05-01 00:00:00-04:00,7.0826553577426115,7.1959877898838185,6.995227508667212,7.043549537658691,342096000
2020-05-04 00:00:00-04:00,6.996224123851713,7.269218517045699,6.996224123851713,7.255518913269043,317556000
2020-05-05 00:00:00-04:00,7.359634900393483,7.479194289752949,7.255518206879686,7.3165435791015625,368896000
2020-05-06 00:00:00-04:00,7.396000628885586,7.522285342216522,7.358140014415435,7.417421340942383,323464000
2020-05-07 00:00:00-04:00,7.556659104625478,7.65703924710628,7.505348303593929,7.5937724113464355,373732000
2020-05-08 00:00:00-04:00,7.665507869307592,7.790049022261694,7.631632755518658,7.783822059631348,339216000
2020-05-11 00:00:00-04:00,7.77884013356439,8.082720844345966,7.750195726006368,8.035893440246582,469060000
2020-05-12 00:00:00-04:00,8.093679830683575,8.1424997468575,7.764143971249282,7.773858070373535,493060000
2020-05-13 00:00:00-04:00,7.888437525879459,8.048846324512736,7.566872141913277,7.7514424324035645,625852000
2020-05-14 00:00:00-04:00,7.812964929554271,8.006501990035128,7.659281000499965,8.001022338867188,602312000
2020-05-15 00:00:00-04:00,7.860787295320807,8.469294998261924,7.8450951808578635,8.45958137512207,987660000
2020-05-18 00:00:00-04:00,8.72834257799141,8.883770081893816,8.648636311914329,8.718130111694336,774460000
2020-05-19 00:00:00-04:00,8.757983872797709,9.054142566130526,8.730584663711264,8.773178100585938,717320000
2020-05-20 00:00:00-04:00,8.957996530775512,9.009805697784032,8.856121765358052,8.937073707580566,587536000
2020-05-21 00:00:00-04:00,9.018275970218983,9.019271752328489,8.705428406382124,8.743040084838867,761068000
2020-05-22 00:00:00-04:00,8.792853995602819,9.059621877759398,8.681265611055084,8.99311637878418,1038764000
2020-05-26 00:00:00-04:00,9.123138732558434,9.148047537042254,8.64016827317592,8.685750007629395,770780000
2020-05-27 00:00:00-04:00,8.593340942368105,8.601062054218312,7.967396884856851,8.49395751953125,1175892000
2020-05-28 00:00:00-04:00,8.381373114114767,8.728345279595475,8.348494245426938,8.455849647521973,734896000
2020-05-29 00:00:00-04:00,8.523099422935942,8.842921257019043,8.453854560503746,8.842921257019043,745256000
2020-06-01 00:00:00-04:00,8.800823275507494,8.808295439028976,8.657600790247615,8.773921966552734,389876000
2020-06-02 00:00:00-04:00,8.763960479468725,8.804809388620695,8.6262176271479,8.792853355407715,391320000
2020-06-03 00:00:00-04:00,8.789866411031502,8.833704572769488,8.668064600878465,8.737309455871582,365440000
2020-06-04 00:00:00-04:00,8.69993003369928,8.914487794883852,8.649592527704726,8.738306999206543,424280000
2020-06-05 00:00:00-04:00,8.766217431862364,8.96806558794157,8.679995446646968,8.891313552856445,481748000
2020-06-08 00:00:00-04:00,8.848698945943744,8.861158553658532,8.657815132077493,8.776681900024414,387736000
2020-06-09 00:00:00-04:00,8.771698559133752,9.08045197843133,8.723105419785812,9.01690673828125,468488000
2020-06-10 00:00:00-04:00,9.138265701793136,9.469446785903406,9.124060778733396,9.336625099182129,632180000
2020-06-11 00:00:00-04:00,9.120573115586287,9.231465258271147,8.757744374933589,8.767961502075195,583652000
2020-06-12 00:00:00-04:00,9.133033152688672,9.157703311638054,8.675259683456822,8.903772354125977,570908000
2020-06-15 00:00:00-04:00,8.786900466028952,9.1527198178345,8.71562963502627,9.144247055053711,400004000
2020-06-16 00:00:00-04:00,9.195330819969957,9.23694649746912,8.810322587730733,9.03933334350586,535716000
2020-06-17 00:00:00-04:00,9.084438592297996,9.26909211752352,9.041077600680904,9.206295013427734,408304000
2020-06-18 00:00:00-04:00,9.197325372464938,9.252646909884222,9.085186992478928,9.1883544921875,254408000
2020-06-19 00:00:00-04:00,9.21277544845155,9.414623578684754,9.197574288730356,9.231464385986328,524160000
2020-06-22 00:00:00-04:00,9.270090738006576,9.500596831669908,9.2434262051228,9.496110916137695,398468000
2020-06-23 00:00:00-04:00,9.520283127566138,9.611489140165338,9.377245254661855,9.419608116149902,375108000
2020-06-24 00:00:00-04:00,9.445773236990211,9.525765883557868,9.11509025800938,9.205798149108887,449372000
2020-06-25 00:00:00-04:00,9.325662340438853,9.474432388422377,9.152720249131848,9.459480285644531,376072000
2020-06-26 00:00:00-04:00,9.469445701137108,9.469445701137108,9.095651791881695,9.125555038452148,592084000
2020-06-29 00:00:00-04:00,9.140259752452296,9.174897979179185,8.87137669129066,9.170412063598633,342248000
2020-06-30 00:00:00-04:00,9.284043038927212,9.495610125137222,9.23669615780364,9.467202186584473,367892000
2020-07-01 00:00:00-04:00,9.490129655526301,9.544953070141963,9.382726259130546,9.499349594116211,326648000
2020-07-02 00:00:00-04:00,9.607999601931159,9.706183063471682,9.547444974602962,9.58133602142334,364056000
2020-07-06 00:00:00-04:00,9.710419463836537,9.876882195050138,9.681263389843593,9.807605743408203,315892000
2020-07-07 00:00:00-04:00,9.914261588677919,10.03761332716337,9.819068736124418,9.840001106262207,357800000
2020-07-08 00:00:00-04:00,9.961608415928094,10.192115446243932,9.933449530178866,10.183143615722656,365480000
2020-07-09 00:00:00-04:00,10.346865834460065,10.536005294070955,10.200587351568608,10.475201606750488,494548000
2020-07-10 00:00:00-04:00,10.554695830541807,10.620981673566826,10.345371165118713,10.445548057556152,497676000
2020-07-13 00:00:00-04:00,10.560926145450688,10.75754119269287,9.992758651355837,10.01992130279541,457076000
2020-07-14 00:00:00-04:00,10.042600027246783,10.36929623468642,9.754030782768783,10.343628883361816,542676000
2020-07-15 00:00:00-04:00,10.380757699464882,10.399446638177576,10.023410171683457,10.194358825683594,403984000
2020-07-16 00:00:00-04:00,9.9827907942497,10.173923675334947,9.863674962154512,10.102155685424805,344964000
2020-07-17 00:00:00-04:00,10.192616529615805,10.215542329534061,10.05530983865121,10.168693542480469,266284000
2020-07-20 00:00:00-04:00,10.24120577258552,10.497379173388488,10.124083374349883,10.476944923400879,284852000
2020-07-21 00:00:00-04:00,10.479188735913805,10.526038461641557,10.253666681461006,10.295282363891602,277036000
2020-07-22 00:00:00-04:00,10.334158203285151,10.568402096059184,10.258402407968518,10.405179023742676,367292000
2020-07-23 00:00:00-04:00,10.41639433216957,10.513082517834142,9.99899115327581,10.097174644470215,411660000
2020-07-24 00:00:00-04:00,9.843241169450092,10.33141600100073,9.745556771564546,10.161713600158691,473292000
2020-07-27 00:00:00-04:00,10.199342918423486,10.408168519865557,10.184888934966365,10.387984275817871,292132000
2020-07-28 00:00:00-04:00,10.34088674251749,10.348611377375835,10.176417421816467,10.182646751403809,271636000
2020-07-29 00:00:00-04:00,10.357332306514728,10.482428412987407,10.313723200733138,10.431841850280762,284508000
2020-07-30 00:00:00-04:00,10.341633765622548,10.588836336512387,10.262140182585282,10.579865455627441,308880000
2020-07-31 00:00:00-04:00,10.529276541514152,10.73187374020232,10.399445468499222,10.580611228942871,386080000
2020-08-03 00:00:00-04:00,10.697983417269828,11.063055563257992,10.680788833939834,10.97484016418457,412720000
2020-08-04 00:00:00-04:00,11.014463809837823,11.191641807556152,10.870926855134206,11.191641807556152,310336000
2020-08-05 00:00:00-04:00,11.207838217205914,11.335176800869487,11.130338066331815,11.250450134277344,249924000
2020-08-06 00:00:00-04:00,11.313247628235027,11.321471331155298,11.142798052946382,11.299043655395508,244316000
2020-08-07 00:00:00-04:00,11.276120139418081,11.467752133742245,11.002004891962478,11.163483619689941,342516000
2020-08-10 00:00:00-04:00,11.297798378444579,11.371559793938696,10.821584094052726,11.1290922164917,427796000
2020-08-11 00:00:00-04:00,11.038134994023002,11.100933055062995,10.761029198085874,10.815105438232422,354512000
2020-08-12 00:00:00-04:00,10.955402269493776,11.43012026772217,10.923006528617766,11.403456687927246,464412000
2020-08-13 00:00:00-04:00,11.508865973672156,11.684051467097131,11.319228399501068,11.406197547912598,374460000
2020-08-14 00:00:00-04:00,11.49291674099156,11.667105033915533,11.40370511723223,11.52680778503418,366436000
2020-08-17 00:00:00-04:00,11.813135235638537,12.369839349029562,11.779245137203514,12.297323226928711,621300000
2020-08-18 00:00:00-04:00,12.409957657095925,12.45581018929201,12.047378057682662,12.22131633758545,503448000
2020-08-19 00:00:00-04:00,12.25695340371678,12.275393282226384,12.059091168815021,12.099461555480957,622624000
2020-08-20 00:00:00-04:00,11.936488900057252,12.335202123816478,11.840547906754143,12.101954460144043,921388000
2020-08-21 00:00:00-04:00,12.162507651881219,12.767555823919658,12.156028313230228,12.642708778381348,999868000
2020-08-24 00:00:00-04:00,12.84231532663013,12.870973283791967,12.467275094925899,12.679341316223145,490564000
2020-08-25 00:00:00-04:00,12.590129976948981,12.720210137156435,12.533313125792226,12.708996772766113,289076000
2020-08-26 00:00:00-04:00,12.758086660677401,12.827114055891018,12.636977395177562,12.731921195983887,321244000
2020-08-27 00:00:00-04:00,12.740393828304285,12.808674045517998,12.526085128500187,12.587636947631836,317604000
2020-08-28 00:00:00-04:00,12.634236572458697,13.10571494807348,12.601840828385242,13.10546588897705,537160000
2020-08-31 00:00:00-04:00,13.140353802146526,13.531342380353253,12.995820618913966,13.331487655639648,500840000
2020-09-01 00:00:00-04:00,13.440667445417443,13.952918495863635,13.397294423464833,13.780673027038574,511316000
2020-09-02 00:00:00-04:00,14.660845707915952,14.683779311477837,13.859440925316628,14.304638862609863,874012000
2020-09-03 00:00:00-04:00,13.788398488115515,13.843985707642728,12.841170701150945,12.977521896362305,945128000
2020-09-04 00:00:00-04:00,12.746448173086115,13.136557162328767,11.670597041485369,12.58566951751709,1463684000
2020-09-08 00:00:00-04:00,11.70025841605904,12.51337902871138,11.670097089367253,11.8782377243042,795728000
2020-09-09 00:00:00-04:00,12.363817029003448,12.771873116257286,12.19605789055686,12.677898406982422,736200000
2020-09-10 00:00:00-04:00,12.951347363833996,13.027125807738164,12.131496336044219,12.275824546813965,698684000
2020-09-11 00:00:00-04:00,12.449070842560646,12.615583396748905,11.861041292987165,12.129007339477539,636928000
2020-09-14 00:00:00-04:00,13.04283268112524,13.276149172140206,12.59439501163075,12.834691047668457,1201744000
2020-09-15 00:00:00-04:00,13.24124980982187,13.259945289075963,12.79031990895631,12.953093528747559,727556000
2020-09-16 00:00:00-04:00,12.919442534464558,13.054547122279164,12.477237027566652,12.477984428405762,556384000
2020-09-17 00:00:00-04:00,12.096848046884402,12.553013522827698,11.99963270306475,12.427131652832031,792512000
2020-09-18 00:00:00-04:00,12.557003402123641,12.59564003138331,11.953769154171695,12.15368366241455,698460000
2020-09-21 00:00:00-04:00,11.890204485124078,12.48596090038017,11.869764119068916,12.48072624206543,721044000
2020-09-22 00:00:00-04:00,12.53830718247085,12.611094129925739,12.120031843646952,12.600873947143555,646452000
2020-09-23 00:00:00-04:00,12.538805789732296,12.689864431415549,12.044004584311867,12.088374137878418,647012000
2020-09-24 00:00:00-04:00,12.037027014694765,12.532825786759474,11.978946545427723,12.311971664428711,731240000
2020-09-25 00:00:00-04:00,12.411180625544045,12.845908325364043,12.210019494133983,12.836186408996582,588016000
2020-09-28 00:00:00-04:00,13.002199112626233,13.013665913811485,12.712796220684117,12.996964454650879,573808000
2020-09-29 00:00:00-04:00,12.899751564802479,13.40352734705288,12.895514391254116,13.18716049194336,621460000
2020-09-30 00:00:00-04:00,13.1191093501162,13.582752726579443,13.111880671502549,13.491021156311035,689184000
2020-10-01 00:00:00-04:00,13.717855391558192,13.722590831499897,13.421472002917705,13.574773788452148,525004000
2020-10-02 00:00:00-04:00,13.186410942210593,13.48005101500636,13.01291792169018,13.02413558959961,552496000
2020-10-05 00:00:00-04:00,13.197377938185285,13.60443653635295,13.184166251231318,13.602691650390625,479820000
2020-10-06 00:00:00-04:00,13.789644159976978,14.100734021805321,13.625125665912279,13.696416854858398,784420000
2020-10-07 00:00:00-04:00,13.958901997870477,14.078053483349857,13.823049050430603,13.923255920410156,418084000
2020-10-08 00:00:00-04:00,14.03393288092139,14.043405664638808,13.717858361537509,13.798372268676758,378900000
2020-10-09 00:00:00-04:00,13.72683143191848,13.783914413129807,13.620891633818578,13.722593307495117,346892000
2020-10-12 00:00:00-04:00,13.948680493281143,14.305137430572008,13.871905504040015,14.184490203857422,434744000
2020-10-13 00:00:00-04:00,14.254783983347785,14.306632296500368,13.977844423886534,14.206674575805664,344604000
2020-10-14 00:00:00-04:00,14.248802781976442,14.300900235329213,13.919267466775741,14.054122924804688,276100000
2020-10-15 00:00:00-04:00,13.770452723605999,13.964883444400389,13.727577969263605,13.929238319396973,267224000
2020-10-16 00:00:00-04:00,13.995793185410296,14.08029607546171,13.75225556530927,13.771200180053711,242392000
2020-10-19 00:00:00-04:00,13.862433547837183,13.942698314099715,13.367631359550169,13.458366394042969,298068000
2020-10-20 00:00:00-04:00,13.543865864306463,13.759485306727719,13.467589137472377,13.605685234069824,229212000
2020-10-21 00:00:00-04:00,13.585245403451541,13.7512596862729,13.43817573627759,13.4852876663208,219596000
2020-10-22 00:00:00-04:00,13.483044519972317,13.572033721212627,13.193142358953583,13.322015762329102,290480000
2020-10-23 00:00:00-04:00,13.410753367087764,13.553585834623085,13.252467010222349,13.550594329833984,233484000
2020-10-26 00:00:00-04:00,13.38782188167736,13.652796390775253,13.000455258958455,13.1029052734375,336896000
2020-10-27 00:00:00-04:00,13.267175346468049,13.402779155391,13.1530093903305,13.357661247253418,250520000
2020-10-28 00:00:00-04:00,13.159490579429658,13.22130994850956,12.572209425845594,12.590156555175781,376520000
2020-10-29 00:00:00-04:00,12.80103832931287,13.15425461112847,12.712796542256983,12.985997200012207,320080000
2020-10-30 00:00:00-04:00,12.81250588144576,12.898752703035122,12.264110514178018,12.497427940368652,416820000
2020-11-02 00:00:00-05:00,12.620816623897126,12.799294228587504,12.35883361795099,12.544041633605957,299652000
2020-11-03 00:00:00-05:00,12.671417759004495,13.066760445964261,12.565976243397154,12.981510162353516,272900000
2020-11-04 00:00:00-05:00,13.350179862264408,13.787151585321038,13.298082419473205,13.753997802734375,410228000
2020-11-05 00:00:00-05:00,14.121175145319006,14.297159498641282,13.950175365544007,14.118681907653809,319028000
2020-11-06 00:00:00-05:00,14.068580320112584,14.546182783638443,13.854457580182475,14.519511222839355,383348000
2020-11-09 00:00:00-05:00,14.510038239373735,14.648632601948703,13.57103651956659,13.590977668762207,582976000
2020-11-10 00:00:00-05:00,13.566798895480682,13.566798895480682,12.591403662862831,12.73274040222168,644068000
2020-11-11 00:00:00-05:00,13.015660731924338,13.395798669653004,12.91046834790044,13.3788480758667,404744000
2020-11-12 00:00:00-05:00,13.439669534835307,13.725831796974465,13.277145048240593,13.417484283447266,365812000
2020-11-13 00:00:00-05:00,13.587488751442725,13.628867755925464,13.02114619562696,13.25820255279541,346312000
2020-11-16 00:00:00-05:00,13.134062503547183,13.609670860642074,13.117611129544894,13.475812911987305,413776000
2020-11-17 00:00:00-05:00,13.51295613681123,13.556578292397134,13.264932208572795,13.383086204528809,312028000
2020-11-18 00:00:00-05:00,13.425959895699158,13.56605000060591,13.146528037574518,13.389566421508789,510924000
2020-11-19 00:00:00-05:00,13.174195381440649,13.44814341236239,13.061774334804165,13.401031494140625,565936000
2020-11-20 00:00:00-05:00,13.414741872105525,13.45512338173227,13.026876079084584,13.049560546875,341088000
2020-11-23 00:00:00-05:00,13.132819547866056,13.343452520481213,12.977523718062494,13.10166072845459,361356000
2020-11-24 00:00:00-05:00,13.104150504299037,13.123593383278829,12.847402185837863,12.919939994812012,346500000
2020-11-25 00:00:00-05:00,12.994475146742712,13.230783161453504,12.982011808357385,13.196134567260742,259916000
2020-11-27 00:00:00-05:00,13.3359727492746,13.368378182952382,13.132069267210525,13.222554206848145,167276000
2020-11-30 00:00:00-05:00,13.226295119524549,13.373364775324069,12.934398961308828,13.362396240234375,286952000
2020-12-01 00:00:00-05:00,13.452881000808961,13.48927447354429,13.18965044428198,13.350929260253906,296948000
2020-12-02 00:00:00-05:00,13.311544958763958,13.633602438103843,13.195634124198149,13.504979133605957,283360000
2020-12-03 00:00:00-05:00,13.551855309334533,13.624165347184348,13.294034288848101,13.360857963562012,199520000
2020-12-04 00:00:00-05:00,13.413218412557537,13.524426637646167,13.353625558496512,13.52268123626709,202244000
2020-12-07 00:00:00-05:00,13.565570000052025,13.695229089623341,13.464585910101487,13.57105541229248,223244000
2020-12-08 00:00:00-05:00,13.549363709771498,13.563077716707136,13.246659679447056,13.314980506896973,271920000
2020-12-09 00:00:00-05:00,13.26560870892222,13.378810606682494,12.834492607705123,12.896828651428223,401300000
2020-12-10 00:00:00-05:00,12.835242273734892,13.034468233177286,12.815792695936159,12.938220977783203,207764000
2020-12-11 00:00:00-05:00,12.933232817765063,12.985845024344064,12.789361313226891,12.97911262512207,209264000
2020-12-14 00:00:00-05:00,13.053667269076458,13.35362810753663,13.04319485880294,13.27383804321289,270156000
2020-12-15 00:00:00-05:00,13.404493338692761,13.428679754315336,13.152157723854899,13.325451850891113,193016000
2020-12-16 00:00:00-05:00,13.387289897303875,13.402001684650632,13.177840729039612,13.207762718200684,223116000
2020-12-17 00:00:00-05:00,13.331684931306457,13.344402108355627,13.143929176149829,13.306252479553223,231384000
2020-12-18 00:00:00-05:00,13.343902274173757,13.369834090607293,13.036212231295044,13.237183570861816,342064000
2020-12-21 00:00:00-05:00,13.040451339761614,13.334926758248798,12.93348247246831,13.29727554321289,302332000
2020-12-22 00:00:00-05:00,13.284309595767821,13.302262026171132,13.019755223073906,13.243416786193848,185580000
2020-12-23 00:00:00-05:00,13.22122600117891,13.240176213034147,12.970884980318413,12.975123405456543,179144000
2020-12-24 00:00:00-05:00,13.003048268354469,13.09804852342096,12.904807368604905,12.959662437438965,97884000
2020-12-28 00:00:00-05:00,13.028232572525456,13.028232572525456,12.729767958168171,12.866158485412598,212564000
2020-12-29 00:00:00-05:00,12.891096302143335,13.03820942928166,12.808563046126832,12.909297943115234,170372000
2020-12-30 00:00:00-05:00,12.956171747816942,13.17908568167089,12.862917844630886,13.1112642288208,225396000
2020-12-31 00:00:00-05:00,13.102040119393992,13.116501747550478,12.881120772141596,13.020753860473633,192424000
2021-01-04 00:00:00-05:00,13.0698742321973,13.616686233298404,12.928495743054027,13.079099655151367,560640000
2021-01-05 00:00:00-05:00,13.065386706781853,13.408234992402004,13.05267047939134,13.369586944580078,322760000
2021-01-06 00:00:00-05:00,13.18781234029951,13.210253352525344,12.552982708724837,12.58140754699707,580424000
2021-01-07 00:00:00-05:00,12.933483697020373,13.342658201023344,12.852696798257327,13.308996200561523,461480000
2021-01-08 00:00:00-05:00,13.327447059797182,13.385792937864828,13.007787437418735,13.241921424865723,292528000
2021-01-11 00:00:00-05:00,13.383550339013926,13.924378564406092,13.32744827199197,13.585768699645996,518344000
2021-01-12 00:00:00-05:00,13.716424494239064,13.71842005450195,13.309994119134455,13.449377059936523,291476000
2021-01-13 00:00:00-05:00,13.454610677100126,13.589256752099574,13.349886586215547,13.496251106262207,210028000
2021-01-14 00:00:00-05:00,13.539388821333265,13.564073651721584,13.145923924873552,13.165621757507324,283120000
2021-01-15 00:00:00-05:00,13.193299661324813,13.290294537427819,12.81479573848984,12.825766563415527,277780000
2021-01-19 00:00:00-05:00,12.98210407137599,13.059650314910332,12.810306141016198,12.991081237792969,226188000
2021-01-20 00:00:00-05:00,13.077352251448168,13.395266422351042,13.022497185386248,13.330686569213867,258572000
2021-01-21 00:00:00-05:00,13.38329895675612,13.962525929112546,13.218233427837582,13.831121444702148,337780000
2021-01-22 00:00:00-05:00,13.703955989146737,13.805439443893087,13.591501710006616,13.676527976989746,246820000
2021-01-25 00:00:00-05:00,13.745595479607013,13.792222906843277,13.201775917820182,13.617432594299316,251112000
2021-01-26 00:00:00-05:00,13.544873671973665,13.60895511614543,13.352380132256862,13.400005340576172,163980000
2021-01-27 00:00:00-05:00,13.195293514907451,13.198036696568142,12.760188188261171,12.88386344909668,371272000
2021-01-28 00:00:00-05:00,12.96215686988838,13.30475589750108,12.926500265389267,13.016762733459473,228316000
2021-01-29 00:00:00-05:00,13.040699478065463,13.299768427548274,12.877628563577591,12.955673217773438,271552000
2021-02-01 00:00:00-05:00,13.019008103662717,13.235937275956195,12.868902609137884,13.202276229858398,217204000
2021-02-02 00:00:00-05:00,13.363600375597834,13.536395122770351,13.250646742172403,13.521185874938965,220440000
2021-02-03 00:00:00-05:00,13.600229078172731,13.895203869099124,13.481043347618648,13.495006561279297,245408000
2021-02-04 00:00:00-05:00,13.49550299497314,13.637629085257705,13.302760262597763,13.628403663635254,201340000
2021-02-05 00:00:00-05:00,13.688994781359979,13.701212591949396,13.510214303137671,13.55534553527832,169152000
2021-02-08 00:00:00-05:00,13.691238583595812,14.435780260750432,13.691238583595812,14.400872230529785,434624000
2021-02-09 00:00:00-05:00,14.303129021239856,14.544993164702273,14.185189338195658,14.22583293914795,287560000
2021-02-10 00:00:00-05:00,14.425309142366958,14.865899886486943,14.303878647303545,14.725519180297852,485352000
2021-02-11 00:00:00-05:00,14.94095143652178,15.232185226295876,14.885846210981674,15.21074104309082,450828000
2021-02-12 00:00:00-05:00,15.010518902999053,15.251136059946582,14.736239751165302,14.922001838684082,374756000
2021-02-16 00:00:00-05:00,15.024729479893274,15.332171223344139,14.910779027991765,15.290031433105469,321960000
2021-02-17 00:00:00-05:00,15.131202776712273,15.183565780965669,14.741228658115656,14.866898536682129,274756000
2021-02-18 00:00:00-05:00,14.690363938021383,14.834235467115235,14.536767619242058,14.790102005004883,233868000
2021-02-19 00:00:00-05:00,14.985083975800366,15.137184052947557,14.807800658023885,14.887341499328613,271724000
2021-02-22 00:00:00-05:00,14.735990942930265,15.093550964129731,14.287420831821091,14.318090438842773,325884000
2021-02-23 00:00:00-05:00,14.038328742356542,14.201400647621458,13.35437753249848,14.104904174804688,391780000
2021-02-24 00:00:00-05:00,14.085701908686909,14.468694382045006,13.71991329290749,14.46096420288086,448320000
2021-02-25 00:00:00-05:00,14.008652562508509,14.337039136425972,13.181578649551222,13.272588729858398,824436000
2021-02-26 00:00:00-05:00,13.71642348961757,13.818156155148777,13.325950967006433,13.678524017333984,500932000
2021-03-01 00:00:00-05:00,13.838603537780813,13.888472569592935,13.517697854213665,13.805440902709961,353184000
2021-03-02 00:00:00-05:00,13.86353472740816,13.883981130875826,13.360857196825735,13.37108039855957,264116000
2021-03-03 00:00:00-05:00,13.391030778653375,13.416214025530346,12.76517630114152,12.771161079406738,377592000
2021-03-04 00:00:00-05:00,12.767168792156996,12.940962272659407,12.052049734320216,12.337798118591309,573344000
2021-03-05 00:00:00-05:00,12.51707894231135,12.51707894231135,11.648612673686339,12.428811073303223,542840000
2021-03-08 00:00:00-05:00,12.417338592681904,12.438532617343244,11.536156259646987,11.562836647033691,543112000
2021-03-09 00:00:00-05:00,12.102603013291521,12.58799398146457,12.031764735768222,12.491714477539062,521824000
2021-03-10 00:00:00-05:00,12.811238771544117,12.950420542111663,12.429112135684447,12.439837455749512,384376000
2021-03-11 00:00:00-05:00,12.92048735611561,13.016518539638954,12.705478592482818,12.963888168334961,299916000
2021-03-12 00:00:00-05:00,12.61942336785706,12.85937570040176,12.561306648968404,12.826700210571289,243964000
2021-03-15 00:00:00-04:00,12.835430391734757,13.176650961364134,12.738152752171693,13.161186218261719,221988000
2021-03-16 00:00:00-04:00,13.32605940722556,13.481704010875045,13.086855903214838,13.260958671569824,272128000
2021-03-17 00:00:00-04:00,13.010033113546163,13.422590598761918,12.959897577681296,13.310846328735352,243864000
2021-03-18 00:00:00-04:00,13.106561307017516,13.153952708479773,12.6880170282532,12.693504333496094,293896000
2021-03-19 00:00:00-04:00,12.720942322961571,12.89205167424167,12.58375588036706,12.816473960876465,299208000
2021-03-22 00:00:00-04:00,12.88332137939055,13.363972980433424,12.877334536102579,13.156197547912598,297804000
2021-03-23 00:00:00-04:00,13.224041429491782,13.31408575333248,12.991572664437872,13.040960311889648,222048000
2021-03-24 00:00:00-04:00,13.121274254469862,13.129256393065871,12.607947288748298,12.614182472229004,245840000
2021-03-25 00:00:00-04:00,12.47101348103624,12.685772934062374,12.244031999468016,12.506681442260742,295144000
2021-03-26 00:00:00-04:00,12.52588513810668,12.826947565645098,12.345297920819599,12.809986114501953,363968000
2021-03-29 00:00:00-04:00,12.79103078624209,13.032729113108836,12.671055100531017,12.918739318847656,273520000
2021-03-30 00:00:00-04:00,12.81273373778391,12.945680303731645,12.67604587013705,12.842415809631348,200204000
2021-03-31 00:00:00-04:00,12.985835304641256,13.439798198245036,12.952910525438126,13.317827224731445,314776000
2021-04-01 00:00:00-04:00,13.541320149383736,13.838391118237665,13.480458342054213,13.780274391174316,308276000
2021-04-05 00:00:00-04:00,13.835897212748327,13.982062983810486,13.701703226731373,13.955623626708984,255672000
2021-04-06 00:00:00-04:00,13.967845565199847,14.022220990053293,13.742111479557002,13.829910278320312,191744000
2021-04-07 00:00:00-04:00,13.84911434068528,14.211037657105146,13.680250539584906,14.111266136169434,251284000
2021-04-08 00:00:00-04:00,14.220267811953875,14.438519272007431,14.216525559092238,14.284371376037598,244416000
2021-04-09 00:00:00-04:00,14.181605804476893,14.37516391880831,14.142695127627215,14.367181777954102,195172000
2021-04-12 00:00:00-04:00,14.257183774806016,15.317511631737263,14.107026467268174,15.174338340759277,869324000
2021-04-13 00:00:00-04:00,15.196787430678915,15.664219866852763,15.091278348791171,15.643766403198242,676212000
2021-04-14 00:00:00-04:00,15.58939113199646,15.684673482983216,15.192796983538434,15.24218463897705,385500000
2021-04-15 00:00:00-04:00,15.626806713438363,16.177299499104574,15.595877223105832,16.100475311279297,598480000
2021-04-16 00:00:00-04:00,16.01641295672224,16.128906991938468,15.829090996501154,15.87623405456543,335208000
2021-04-19 00:00:00-04:00,15.501094266497413,15.771476600565046,15.198285729382626,15.326742172241211,404420000
2021-04-20 00:00:00-04:00,15.288327945921406,15.461681891457701,14.92889943956875,15.136674880981445,334132000
2021-04-21 00:00:00-04:00,15.084293105718238,15.32748815614186,15.06783118973771,15.325492858886719,216776000
2021-04-22 00:00:00-04:00,15.339962066236414,15.40331776015778,14.74980974802764,14.816408157348633,277788000
2021-04-23 00:00:00-04:00,14.900215133185853,15.300051994809602,14.866293173927307,15.230461120605469,227500000
2021-04-26 00:00:00-04:00,15.150395533306847,15.443725213478553,15.09053184781211,15.442727088928223,197796000
2021-04-27 00:00:00-04:00,15.542995273129279,15.634785606127947,15.319505808067337,15.346693992614746,164572000
2021-04-28 00:00:00-04:00,15.329484273830236,15.496852328511068,15.180823678106417,15.241933822631836,209416000
2021-04-29 00:00:00-04:00,15.364902661965958,15.401319454782774,15.037151526614625,15.289824485778809,173196000
2021-04-30 00:00:00-04:00,15.139918040773958,15.329983201869698,14.96282183706927,14.975293159484863,201912000
2021-05-03 00:00:00-04:00,15.090529591591428,15.2120019972556,14.753799146594277,14.802936553955078,203912000
2021-05-04 00:00:00-04:00,14.603889950710407,14.604139243915204,13.978319101299036,14.318541526794434,405324000
2021-05-05 00:00:00-04:00,14.67547738242069,14.779739992598865,14.354710265640383,14.425548553466797,292024000
2021-05-06 00:00:00-04:00,14.462213818419057,14.538040820971824,14.185596357430091,14.489900588989258,193380000
2021-05-07 00:00:00-04:00,14.774501379415508,14.936630459546414,14.638312114784819,14.778491973876953,229328000
2021-05-10 00:00:00-04:00,14.75354836535136,14.77225582305998,14.217523230425485,14.233237266540527,268904000
2021-05-11 00:00:00-04:00,13.793490526103017,14.322033015651146,13.718661652842208,14.273643493652344,285584000
2021-05-12 00:00:00-04:00,13.977573602105673,14.227752713766495,13.678008733601683,13.72714614868164,303408000
2021-05-13 00:00:00-04:00,14.001766578694564,14.048660348398045,13.428326490766908,13.634106636047363,285404000
2021-05-14 00:00:00-04:00,13.85834276712681,14.295344219658235,13.717164796760631,14.210537910461426,258616000
2021-05-17 00:00:00-04:00,14.124734224043227,14.136956251657669,13.821926710452308,14.133214950561523,216980000
2021-05-18 00:00:00-04:00,14.234485222964608,14.371422372294175,13.97208412168046,13.983807563781738,186256000
2021-05-19 00:00:00-04:00,13.535579807689949,14.047411097919806,13.512383170597976,14.033692359924316,344000000
2021-05-20 00:00:00-04:00,14.2699030303963,14.650284506427553,14.237976372451099,14.57919692993164,321592000
2021-05-21 00:00:00-04:00,15.12919040471807,15.187308074997416,14.835611486234109,14.957582473754883,672992000
2021-05-24 00:00:00-04:00,15.17783039783231,15.709117099060474,15.141413604010136,15.576420783996582,554816000
2021-05-25 00:00:00-04:00,15.730067640638532,15.782447759983752,15.44721404467354,15.61208724975586,435408000
2021-05-26 00:00:00-04:00,15.69839110432169,15.75775524271262,15.550728638016997,15.66421890258789,370440000
2021-05-27 00:00:00-04:00,15.663969004454568,15.714104534109342,15.424765504557204,15.452701568603516,581476000
2021-05-28 00:00:00-04:00,15.465675040588696,16.24040521683252,15.465675040588696,16.20747947692871,644536000
2021-06-01 00:00:00-04:00,16.23292050791609,16.350900905100538,15.867005629586217,16.227432250976562,472804000
2021-06-02 00:00:00-04:00,16.215212773462195,16.88019395155139,16.19850061077245,16.740013122558594,594168000
2021-06-03 00:00:00-04:00,16.662689988589232,17.219668184761648,16.5452081688085,16.931076049804688,580008000
2021-06-04 00:00:00-04:00,17.073498763976346,17.62074875852088,17.05653921314601,17.538188934326172,617120000
2021-06-07 00:00:00-04:00,17.531202426199087,17.7719016544645,17.153565120653145,17.578842163085938,575756000
2021-06-08 00:00:00-04:00,17.487302887476424,17.581337802642874,17.211681668021765,17.417213439941406,323848000
2021-06-09 00:00:00-04:00,17.479838745757142,17.53896714503137,17.22037158933601,17.322660446166992,381656000
2021-06-10 00:00:00-04:00,17.31442760468904,17.456136659465507,17.140784570786124,17.389272689819336,287772000
2021-06-11 00:00:00-04:00,17.44366012443171,17.902468587072715,17.407983989088986,17.7887020111084,416308000
2021-06-14 00:00:00-04:00,17.86928407777206,18.002509484726332,17.62653296585785,17.981801986694336,321376000
2021-06-15 00:00:00-04:00,17.878269225821697,17.97931132521287,17.69165236370676,17.75202751159668,243032000
2021-06-16 00:00:00-04:00,17.75427619748611,17.917939525767537,17.548447905803894,17.77373504638672,307124000
2021-06-17 00:00:00-04:00,17.738056049490442,18.796380852352936,17.71984395555316,18.618995666503906,809656000
2021-06-18 00:00:00-04:00,18.74548694805198,19.335274805560704,18.545896253200052,18.600534439086914,968856000
2021-06-21 00:00:00-04:00,18.397446441426432,18.498490419453486,17.786203180845938,18.389463424682617,672384000
2021-06-22 00:00:00-04:00,18.43362504750395,18.92486614279743,18.348299647421335,18.8480224609375,580144000
2021-06-23 00:00:00-04:00,18.9687771045024,19.11348026123593,18.86898175836073,19.01817512512207,332356000
2021-06-24 00:00:00-04:00,19.188327943979132,19.380183071571224,19.049112393678936,19.166122436523438,320924000
2021-06-25 00:00:00-04:00,19.240960577062,19.305827810098805,18.855752493320598,18.991971969604492,278364000
2021-06-28 00:00:00-04:00,19.32155139135176,20.03758090623226,19.279388341021416,19.94402313232422,495436000
2021-06-29 00:00:00-04:00,19.84173026779028,20.05753631027192,19.61669255304675,19.985685348510742,367632000
2021-06-30 00:00:00-04:00,19.95824717255962,20.12116244061837,19.82302502560131,19.961490631103516,326568000
2021-07-01 00:00:00-04:00,20.083733615151363,20.414054274133893,19.977950070109877,20.170555114746094,480136000
2021-07-02 00:00:00-04:00,20.398342612876753,20.463209879079102,20.24615512492398,20.444995880126953,342764000
2021-07-06 00:00:00-04:00,20.694980768484587,20.799266327520442,20.308525759156822,20.65606117248535,446708000
2021-07-07 00:00:00-04:00,20.810745538325772,20.8322010925538,20.290315107629393,20.32998275756836,418428000
2021-07-08 00:00:00-04:00,19.815787729327422,20.09171960290555,19.660356798187884,19.861942291259766,503300000
2021-07-09 00:00:00-04:00,19.92156664846601,20.039075370392204,19.713743617995966,20.009136199951172,296624000
2021-07-12 00:00:00-04:00,20.19850332797306,20.49065253232822,20.14636054330938,20.47044563293457,321984000
2021-07-13 00:00:00-04:00,20.358675448691407,20.419301861973285,20.072763788578875,20.208484649658203,290708000
2021-07-14 00:00:00-04:00,20.31600373927188,20.375880168547923,19.712244826858598,19.800811767578125,380100000
2021-07-15 00:00:00-04:00,19.771127841795916,19.806305274882078,18.819831529208127,18.92736053466797,550564000
2021-07-16 00:00:00-04:00,18.991484423851034,19.117724253551092,18.035947016227496,18.12376594543457,688224000
2021-07-19 00:00:00-04:00,17.878515954774446,19.002954619617093,17.828866686933285,18.741243362426758,749060000
2021-07-20 00:00:00-04:00,18.691595362338763,18.799373720092376,18.12675590967269,18.573837280273438,434687000
2021-07-21 00:00:00-04:00,18.843283856723506,19.486961789834456,18.703571525234402,19.370201110839844,371017000
2021-07-22 00:00:00-04:00,19.601727296802768,19.846223896044886,19.236476596697116,19.55382537841797,323826000
2021-07-23 00:00:00-04:00,19.615701026405628,19.65961144108396,19.210533278395555,19.517902374267578,195672000
2021-07-26 00:00:00-04:00,19.271403739834394,19.402133739466528,18.87521652192213,19.254438400268555,203943000
2021-07-27 00:00:00-04:00,19.225503413331946,19.58177186301999,18.702577520018085,19.168621063232422,248863000
2021-07-28 00:00:00-04:00,19.279388051239483,19.605717226720746,18.95605298334581,19.463010787963867,202191000
2021-07-29 00:00:00-04:00,19.478976686884963,19.8122933800188,19.288368334942337,19.621685028076172,190781000
2021-07-30 00:00:00-04:00,19.378185414523912,19.589750632003597,19.223504438237402,19.459020614624023,183497000
2021-08-02 00:00:00-04:00,19.65960645881375,19.920070965789094,19.3213008684283,19.709503173828125,217444000
2021-08-03 00:00:00-04:00,19.69952701866113,20.180539128422065,19.18059271338219,19.77437400817871,301811000
2021-08-04 00:00:00-04:00,19.949013314665788,20.276341820757914,19.7873448162624,20.232431411743164,231309000
2021-08-05 00:00:00-04:00,20.457966376428395,20.690488430456615,20.300289398787864,20.594684600830078,211435000
2021-08-06 00:00:00-04:00,20.48192054791588,20.527825763716436,20.168563249678193,20.324243545532227,178497000
2021-08-09 00:00:00-04:00,20.40408075678187,20.465953918473094,20.10170246990849,20.25339126586914,146443000
2021-08-10 00:00:00-04:00,20.28033072447217,20.38810907508134,19.7943278902407,19.895122528076172,179238000
2021-08-11 00:00:00-04:00,20.001903929821303,20.00789214540426,19.39016183516955,19.65860939025879,185925000
2021-08-12 00:00:00-04:00,19.829261061279524,19.987933553534155,19.57977364024572,19.86418914794922,151652000
2021-08-13 00:00:00-04:00,19.864182023283888,20.172548380307738,19.810291906929088,20.1466007232666,183063000
2021-08-16 00:00:00-04:00,20.09371591167451,20.245404680922952,19.413113156362577,19.909095764160156,210876000
2021-08-17 00:00:00-04:00,19.644638023102544,19.729464731826763,19.22749580678188,19.41810417175293,204585000
2021-08-18 00:00:00-04:00,19.46001915963666,19.593745196105584,18.961044309389564,19.00096321105957,285913000
2021-08-19 00:00:00-04:00,19.4540268298558,20.45297562405578,18.7235274533364,19.757404327392578,766555000
2021-08-20 00:00:00-04:00,19.95001371122014,20.82222238618525,19.892133962736114,20.77332305908203,675741000
2021-08-23 00:00:00-04:00,20.92800510656321,21.95190063240399,20.907048252948616,21.912981033325195,575807000
2021-08-24 00:00:00-04:00,21.708395007580243,21.913971973389025,21.490841612701267,21.74831199645996,297299000
2021-08-25 00:00:00-04:00,21.692429924717715,22.42392678210335,21.677461289847624,22.16745376586914,347701000
2021-08-26 00:00:00-04:00,22.154482079765433,22.29419441591644,21.745322892376493,22.02275276184082,237940000
2021-08-27 00:00:00-04:00,22.138517123604025,22.675414192164936,22.12155178000806,22.589590072631836,304722000
2021-08-30 00:00:00-04:00,22.783188528597606,22.99575113149389,22.50476126953537,22.6414794921875,262580000
2021-08-31 00:00:00-04:00,22.652460784760265,22.652460784760265,22.078539691889592,22.343042373657227,259850000
2021-09-01 00:00:00-04:00,22.4428572885443,22.654459833301413,22.315096938238806,22.39893913269043,201767000
2021-09-02 00:00:00-04:00,22.475790220167823,22.55065039604721,22.25320865455279,22.354019165039062,187834000
2021-09-03 00:00:00-04:00,22.283153658089955,22.94291394583907,22.158387964380097,22.800182342529297,280532000
2021-09-07 00:00:00-04:00,22.79019724986239,22.856073510479824,22.479779430635315,22.619518280029297,198107000
2021-09-08 00:00:00-04:00,22.47080039788564,22.56761869550648,21.935803914105733,22.29712677001953,254434000
2021-09-09 00:00:00-04:00,22.270180391945427,22.49575662754275,22.089519887989418,22.135433197021484,196856000
2021-09-10 00:00:00-04:00,22.306111815053313,22.58359062659003,22.228258896952823,22.435869216918945,248376000
2021-09-13 00:00:00-04:00,22.64147982499128,22.92095566229526,21.817027913529255,22.110477447509766,297500000
2021-09-14 00:00:00-04:00,22.23324884827066,22.36799604174789,22.04460391966671,22.2003116607666,199755000
2021-09-15 00:00:00-04:00,22.267184155866353,22.325076004521907,21.9248266618489,22.299123764038086,166538000
2021-09-16 00:00:00-04:00,22.14142223119242,22.23524590680437,21.885901542653063,22.2003116607666,156033000
2021-09-17 00:00:00-04:00,22.258201451764013,22.27916199923843,21.78908307702213,21.858951568603516,294503000
2021-09-20 00:00:00-04:00,21.106366296788366,21.39282903214641,20.62327419657783,21.073429107666016,349440000
2021-09-21 00:00:00-04:00,21.37685384034194,21.384838265665675,20.91073017197917,21.206174850463867,204688000
2021-09-22 00:00:00-04:00,21.32595261044499,21.91883913030428,21.156271167832312,21.89987564086914,268726000
2021-09-23 00:00:00-04:00,22.098497607860224,22.49275763096914,21.84896623684546,22.439857482910156,248555000
2021-09-24 00:00:00-04:00,22.028628941311577,22.107481326017684,21.820021082441105,22.039608001708984,217655000
2021-09-27 00:00:00-04:00,21.66930745391913,21.75814133943312,21.285030745012563,21.619401931762695,245215000
2021-09-28 00:00:00-04:00,21.174238025483074,21.37885370551217,20.61229166058771,20.660202026367188,343069000
2021-09-29 00:00:00-04:00,20.900749775141833,20.97760510825539,20.42863490757935,20.47854232788086,218394000
2021-09-30 00:00:00-04:00,20.729070465227082,21.02651220548309,20.64922049971576,20.677167892456055,221009000
2021-10-01 00:00:00-04:00,20.7111075192128,20.81990247026338,20.165131897885484,20.703123092651367,240978000
2021-10-04 00:00:00-04:00,20.465565305506654,20.50349418175342,19.518344784114188,19.69501304626465,345635000
2021-10-05 00:00:00-04:00,19.91260595666777,20.609297561414326,19.81678523146507,20.41266632080078,279282000
2021-10-06 00:00:00-04:00,20.08228682900517,20.681160633760157,20.04236089334236,20.66119956970215,297202000
2021-10-07 00:00:00-04:00,21.052464094730574,21.282034428331333,20.932690089504817,21.035497665405273,256919000
2021-10-08 00:00:00-04:00,21.06144648113882,21.166249204087748,20.73605734760595,20.79195213317871,151258000
2021-10-11 00:00:00-04:00,20.53643403794635,21.02351827271409,20.47255292113807,20.656208038330078,163388000
2021-10-12 00:00:00-04:00,20.788958953630814,21.01752980565477,20.489522037442182,20.632253646850586,162134000
2021-10-13 00:00:00-04:00,20.878791116440304,20.950656664118235,20.674175439233597,20.899751663208008,180652000
2021-10-14 00:00:00-04:00,21.248098528115012,21.714222253274098,21.082409307932014,21.70524024963379,243589000
2021-10-15 00:00:00-04:00,21.76912326086939,21.88989677257521,21.621401829773355,21.821025848388672,226994000
2021-10-18 00:00:00-04:00,21.708234455215166,22.249218353447674,21.60342981922469,22.180347442626953,189494000
2021-10-19 00:00:00-04:00,22.23424103023094,22.337048588636605,21.995690637681346,22.24821662902832,161473000
2021-10-20 00:00:00-04:00,22.26319023572242,22.390950562386468,21.940795735447892,22.061569213867188,146276000
2021-10-21 00:00:00-04:00,22.05558337136621,22.66843286145896,22.04160967270452,22.64946746826172,187590000
2021-10-22 00:00:00-04:00,22.780221323580307,23.086645101577915,22.51871327531193,22.68340301513672,249384000
2021-10-25 00:00:00-04:00,22.929940528822996,23.311224503277625,22.727321901708653,23.12257957458496,230235000
2021-10-26 00:00:00-04:00,23.94403538165205,25.211655352856283,23.879156684477824,24.670669555664062,485898000
2021-10-27 00:00:00-04:00,24.428124228118715,25.04296875464928,24.23648279333658,24.405166625976562,245990000
2021-10-28 00:00:00-04:00,24.831365425286712,24.90323096092324,24.477031344284796,24.89424705505371,234204000
2021-10-29 00:00:00-04:00,24.954138212280494,25.66081133782431,24.953140634941878,25.51907730102539,292503000
2021-11-01 00:00:00-04:00,25.60092718484113,25.845466924187715,25.17971724065715,25.778593063354492,265740000
2021-11-02 00:00:00-04:00,25.773601486490804,26.627996052602402,25.751641457702068,26.35151481628418,294112000
2021-11-03 00:00:00-04:00,26.62001084272468,26.733797485295405,26.185826723233117,26.548145294189453,239910000
2021-11-04 00:00:00-04:00,27.177958918675024,31.306205604228296,27.067166928934654,29.74513816833496,1153631000
2021-11-05 00:00:00-04:00,30.130417853663417,31.341143555275014,29.354873833641875,29.69623374938965,851260000
2021-11-08 00:00:00-05:00,30.092488648394927,31.04170629985102,29.850941676322343,30.746261596679688,503101000
2021-11-09 00:00:00-05:00,32.22149294128175,32.249440336959736,29.90783694894827,30.599536895751953,646746000
2021-11-10 00:00:00-05:00,29.30097241609474,30.79217136165462,28.724054869676802,29.403778076171875,636206000
2021-11-11 00:00:00-05:00,30.41089315231929,30.53266422445553,29.721188333490694,30.333038330078125,332172000
2021-11-12 00:00:00-05:00,29.953751415289407,30.622495686548,29.574462596727063,30.333038330078125,413054000
2021-11-15 00:00:00-05:00,30.494730136829745,30.586556738001526,29.192176062622174,29.968717575073242,384909000
2021-11-16 00:00:00-05:00,29.703224745373877,30.33304070289269,29.6503226798482,30.146390914916992,264484000
2021-11-17 00:00:00-05:00,30.360980851932446,30.45181178059182,28.746013755877232,29.20615005493164,428508000
2021-11-18 00:00:00-05:00,32.306327639035906,32.6985886943481,31.262286966657477,31.615623474121094,781711000
2021-11-19 00:00:00-05:00,32.182569715269366,33.025987221984835,31.845203854847487,32.923179626464844,533867000
2021-11-22 00:00:00-05:00,33.45417397567859,34.58205696797993,31.8402062080976,31.896100997924805,754335000
2021-11-23 00:00:00-05:00,31.475891783715838,32.299346195049736,30.822118806678535,31.68649673461914,532163000
2021-11-24 00:00:00-05:00,31.40202915429508,32.793415307155215,30.870027278590047,32.612754821777344,435162000
2021-11-26 00:00:00-05:00,32.53889461478636,32.64868904531779,31.29123945806128,31.443952560424805,283069000
2021-11-29 00:00:00-05:00,32.305333266978955,33.34937023539346,31.975950001854695,33.313438415527344,454964000
2021-11-30 00:00:00-05:00,33.10682584631962,33.290482870726514,31.804273572928185,32.614749908447266,622066000
2021-12-01 00:00:00-05:00,33.16079744251858,33.23067448810756,31.325017022507975,31.379920959472656,484368000
2021-12-02 00:00:00-05:00,31.159308990581952,32.421094208004575,30.970639066061615,32.06970977783203,472890000
2021-12-03 00:00:00-05:00,31.943930302637863,32.07270588626798,30.077206037814552,30.63922119140625,544325000
2021-12-06 00:00:00-05:00,29.827646678222976,30.18801423424058,27.988874974536508,29.984373092651367,658938000
2021-12-07 00:00:00-05:00,30.902760248148258,32.39214665890669,30.59729473760389,32.370182037353516,593053000
2021-12-08 00:00:00-05:00,31.942936103571245,32.23342661716294,31.365947778704214,31.770238876342773,475551000
2021-12-09 00:00:00-05:00,31.67839665588183,32.14857396938357,30.37468520213008,30.43657684326172,488507000
2021-12-10 00:00:00-05:00,31.095419803403907,31.250148903888093,29.80867878068913,30.14508819580078,488825000
2021-12-13 00:00:00-05:00,30.19599683965419,30.24091806471552,28.06673305655488,28.11165428161621,598344000
2021-12-14 00:00:00-05:00,27.650465209942464,28.627749897244694,27.20225254192556,28.2873477935791,667035000
2021-12-15 00:00:00-05:00,28.350237826437468,30.44655863805575,27.78922227506093,30.405630111694336,698297000
2021-12-16 00:00:00-05:00,31.097415740907646,31.105401144450823,28.043775720321822,28.33725929260254,707366000
2021-12-17 00:00:00-05:00,27.93596643631338,28.871324937395045,27.711360291314012,27.752288818359375,713758000
2021-12-20 00:00:00-05:00,27.25715510319622,28.094683761647232,27.097435615605775,27.670429229736328,461847000
2021-12-21 00:00:00-05:00,28.324281700128683,29.06897479771501,27.35298517924628,29.0240535736084,524385000
2021-12-22 00:00:00-05:00,28.840380800512104,29.50321696381351,28.39915388867012,29.348487854003906,395184000
2021-12-23 00:00:00-05:00,29.70286437703643,30.006332580906882,29.37943266291663,29.58806610107422,343022000
2021-12-27 00:00:00-05:00,29.60803115692007,31.032530888330538,29.58806574290571,30.890779495239258,403686000
2021-12-28 00:00:00-05:00,31.25713249472459,31.275100603124315,29.959409332433424,30.26886749267578,420591000
2021-12-29 00:00:00-05:00,30.219957599311112,30.49447537471948,29.314545314998263,29.94843292236328,343139000
2021-12-30 00:00:00-05:00,29.774737563181823,30.403634759640468,29.48824168622337,29.534160614013672,308864000
2021-12-31 00:00:00-05:00,29.622004297954177,29.97738140497539,29.279604899449346,29.359464645385742,266530000
2022-01-03 00:00:00-05:00,29.762760353092375,30.657190340475623,29.73281223197668,30.06822395324707,391547000
2022-01-04 00:00:00-05:00,30.223946064458318,30.41461136008436,28.29932499992016,29.238676071166992,527154000
2022-01-05 00:00:00-05:00,28.898276208088276,29.36445891031009,27.4847588010758,27.555633544921875,498064000
2022-01-06 00:00:00-05:00,27.591566578391287,28.3881686000291,27.017575277491524,28.128623962402344,454186000
2022-01-07 00:00:00-05:00,28.091691414138594,28.372199176316535,27.009589286388195,27.199256896972656,409939000
2022-01-10 00:00:00-05:00,26.53442824269258,27.42087291333491,25.59906963554946,27.351993560791016,594681000
2022-01-11 00:00:00-05:00,27.27512701669273,28.015827528910936,26.79197578494251,27.768260955810547,404089000
2022-01-12 00:00:00-05:00,28.017815639919164,28.544890266181575,27.559620343771442,27.949935913085938,383413000
2022-01-13 00:00:00-05:00,28.329274682646453,28.43009754522804,26.451570009485632,26.5284366607666,540171000
2022-01-14 00:00:00-05:00,26.253915387974256,27.149344895054742,26.164072937043017,26.894790649414062,395832000
2022-01-18 00:00:00-05:00,26.213987424363868,26.591325351246454,25.724846231443944,25.85761260986328,424270000
2022-01-19 00:00:00-05:00,26.03330680371319,26.496492614370172,25.00810580961453,25.02307891845703,488315000
2022-01-20 00:00:00-05:00,25.25966433666662,25.534182113390173,24.035810741574327,24.107685089111328,435181000
2022-01-21 00:00:00-05:00,23.465812345644732,24.779506510314803,23.22224038640984,23.333045959472656,718958000
2022-01-24 00:00:00-05:00,22.29087122277176,23.33903055359547,20.85139859275891,23.331045150756836,913982000
2022-01-25 00:00:00-05:00,22.506494634650444,22.902800279174155,21.961451803005843,22.284883499145508,664616000
2022-01-26 00:00:00-05:00,23.199279940872195,24.01484787549454,22.260926423275635,22.732099533081055,755959000
2022-01-27 00:00:00-05:00,23.526702932775176,23.95295475266017,21.63701845512592,21.905548095703125,573353000
2022-01-28 00:00:00-05:00,21.9734262788222,22.817944456137784,21.258681361513368,22.799976348876953,543774000
2022-01-31 00:00:00-05:00,23.14138195748147,24.46605848577613,23.011610568627187,24.443098068237305,564680000
2022-02-01 00:00:00-05:00,25.060012633846654,25.100941158842325,23.84813911503411,24.594829559326172,518925000
2022-02-02 00:00:00-05:00,25.74880779143588,25.77176630577957,24.509980980222984,25.19777488708496,543419000
2022-02-03 00:00:00-05:00,24.415148787050356,25.03306375636469,23.73833717286738,23.906042098999023,410178000
2022-02-04 00:00:00-05:00,23.92999606449557,24.59183445369835,23.590591664698938,24.27638816833496,354829000
2022-02-07 00:00:00-05:00,24.32929241863532,25.137872513645817,24.15959023533619,24.684669494628906,376868000
2022-02-08 00:00:00-05:00,24.316320468294705,25.18579470072166,23.937984793979524,25.064008712768555,410359000
2022-02-09 00:00:00-05:00,25.57710623910371,26.678174261074123,25.308578465248807,26.6582088470459,524282000
2022-02-10 00:00:00-05:00,25.94945702402734,26.8778260441355,25.555148615783725,25.77875518798828,513200000
2022-02-11 00:00:00-05:00,25.870594326324717,26.106180904259354,23.731349312489314,23.907039642333984,605472000
2022-02-14 00:00:00-05:00,23.89205921118404,24.8314102322765,23.713372029281587,24.224475860595703,440424000
2022-02-15 00:00:00-05:00,24.905283461876483,26.498487601294322,24.74057356698543,26.448575973510742,699869000
2022-02-16 00:00:00-05:00,26.212992641734825,26.535426670922043,25.50723063832826,26.464550018310547,732676000
2022-02-17 00:00:00-05:00,25.58509134880872,25.7398204497376,24.1226600121871,24.464059829711914,810595000
2022-02-18 00:00:00-05:00,24.624773808589243,24.942217372815527,23.059522509377167,23.60057258605957,761255000
2022-02-22 00:00:00-05:00,22.994640544449666,24.021836977646117,22.959702019783585,23.349018096923828,633422000
2022-02-23 00:00:00-05:00,23.76029414716043,24.11267625980038,22.26192474986699,22.3477725982666,566511000
2022-02-24 00:00:00-05:00,20.978179061390968,23.75829931748464,20.853398073580635,23.706390380859375,735801000
2022-02-25 00:00:00-05:00,23.679436747579647,24.174566042065802,23.340032343064628,24.11467170715332,528866000
2022-02-28 00:00:00-05:00,23.94996266290202,24.621783791712947,23.665462181929623,24.342273712158203,477319000
2022-03-01 00:00:00-05:00,24.248438306705097,24.33428806146982,23.0914686803487,23.435863494873047,412056000
2022-03-02 00:00:00-05:00,23.71841972219161,24.37038658719567,23.37795956312175,24.181684494018555,389642000
2022-03-03 00:00:00-05:00,24.223612651520526,24.287512474639268,23.431868039395695,23.676481246948242,365095000
2022-03-04 00:00:00-05:00,23.347006629240735,23.64253787661564,22.446433192118437,22.899715423583984,431415000
2022-03-07 00:00:00-05:00,22.780898565156743,22.99655831994982,21.296251771928134,21.31821632385254,450821000
2022-03-08 00:00:00-05:00,21.275283924620247,22.33759959167607,20.617326228961282,21.47995948791504,557467000
2022-03-09 00:00:00-05:00,22.351579845606995,23.183262108859935,22.21180195407909,22.977588653564453,492742000
2022-03-10 00:00:00-05:00,22.495354352227555,22.751947727878036,21.84738095284978,22.622154235839844,428066000
2022-03-11 00:00:00-05:00,22.98557510333111,23.10838159577832,22.011119449291616,22.065034866333008,367209000
2022-03-14 00:00:00-04:00,21.834399997336966,22.226777871939785,21.125524219940516,21.296253204345703,385354000
2022-03-15 00:00:00-04:00,21.4839605825392,23.001556569742466,21.288271485737514,22.93665885925293,491996000
2022-03-16 00:00:00-04:00,23.46282036717551,24.558084912150203,23.1353401835326,24.457244873046875,671422000
2022-03-17 00:00:00-04:00,24.081838364861714,24.80269423972406,23.868176253173743,24.726816177368164,471941000
2022-03-18 00:00:00-04:00,24.759767307709588,26.52696759184535,24.58504492269525,26.411149978637695,730719000
2022-03-21 00:00:00-04:00,26.46506553683566,27.10904559514695,25.92591891006402,26.69170570373535,591727000
2022-03-22 00:00:00-04:00,26.6847145409987,27.19490767313814,26.03075203419893,26.482036590576172,547007000
2022-03-23 00:00:00-04:00,26.084663153944433,26.569894270511988,25.53453625084924,25.593442916870117,502120000
2022-03-24 00:00:00-04:00,26.12460269441279,28.275194144251657,25.86601168572694,28.1054630279541,877379000
2022-03-25 00:00:00-04:00,27.84188479310301,28.313138223929162,27.227857934750713,27.648191452026367,579016000
2022-03-28 00:00:00-04:00,27.712085845046825,28.20530373575783,27.162954895203452,28.174352645874023,425494000
2022-03-29 00:00:00-04:00,28.649602225179738,28.90020457741188,27.935733252172543,28.61066436767578,488984000
2022-03-30 00:00:00-04:00,28.25922341895474,28.450919107839006,27.45949002112841,27.646194458007812,463487000
2022-03-31 00:00:00-04:00,27.738045847217542,28.203308195213072,27.22685674782994,27.242830276489258,523440000
2022-04-01 00:00:00-04:00,27.33169189686008,27.45250076054746,26.22544498544126,26.669740676879883,517235000
2022-04-04 00:00:00-04:00,26.685713274366496,27.51440002424251,26.570895448674566,27.316713333129883,397120000
2022-04-05 00:00:00-04:00,27.210879439377642,27.275777131993475,25.779148245925093,25.889972686767578,436615000
2022-04-06 00:00:00-04:00,24.894551975696334,25.259972150743756,23.96502515298765,24.368385314941406,703833000
2022-04-07 00:00:00-04:00,24.402331794404898,24.68288736044798,23.44085601511471,24.169700622558594,557992000
2022-04-08 00:00:00-04:00,23.879160053200785,23.885151078408647,23.025513229987922,23.082422256469727,524781000
2022-04-11 00:00:00-04:00,22.178859075392072,22.284690382307573,21.62573462724277,21.882328033447266,575207000
2022-04-12 00:00:00-04:00,22.50134297361651,22.689045248795317,21.24832754814828,21.4699764251709,662258000
2022-04-13 00:00:00-04:00,21.69362263552108,22.464400538589988,21.421053859624465,22.167869567871094,516943000
2022-04-14 00:00:00-04:00,22.46939400417776,22.74096493748478,21.12951812677189,21.224367141723633,569097000
2022-04-18 00:00:00-04:00,21.1664629843579,22.05305677761522,21.045654113345883,21.7485408782959,525701000
2022-04-19 00:00:00-04:00,21.685637426012697,22.337604232627974,21.280279596760053,22.16288185119629,512781000
2022-04-20 00:00:00-04:00,22.48137366262457,22.63413146320953,21.166457991779502,21.44801139831543,468974000
2022-04-21 00:00:00-04:00,21.674652421135818,22.356572366335204,19.968356706220785,20.15106773376465,656209000
2022-04-22 00:00:00-04:00,20.27087459773092,20.4535856053564,19.46914566612064,19.484121322631836,624713000
2022-04-25 00:00:00-04:00,19.17162060867915,19.913445155411033,19.065789314403048,19.870513916015625,641566000
2022-04-26 00:00:00-04:00,19.686804955917445,19.756693905617453,18.640462640700314,18.758275985717773,653143000
2022-04-27 00:00:00-04:00,18.568575296461518,19.136675313654155,18.261063930223024,18.385866165161133,499460000
2022-04-28 00:00:00-04:00,18.936992635336562,20.005301459653204,18.460747981111204,19.750703811645508,570327000
2022-04-29 00:00:00-04:00,19.371305106860206,20.09615635655,18.487705010179635,18.517658233642578,500435000
2022-05-02 00:00:00-04:00,18.511665122150422,19.543029767970605,18.36190283037338,19.50209617614746,572049000
2022-05-03 00:00:00-04:00,19.36930761313559,19.79363637931418,19.102729825683173,19.570987701416016,475751000
2022-05-04 00:00:00-04:00,19.891481213837118,20.367725861414897,18.72133448924937,20.301830291748047,648855000
2022-05-05 00:00:00-04:00,19.83556828731373,19.893475182789324,18.470730488012624,18.814186096191406,626331000
2022-05-06 00:00:00-04:00,18.706358724203252,19.481130122104307,17.96153864595354,18.64545440673828,633297000
2022-05-09 00:00:00-04:00,18.00546803272832,18.226117145161634,16.800376947832692,16.92318344116211,644455000
2022-05-10 00:00:00-04:00,17.661012701780987,18.1692081694567,16.998063684586604,17.567161560058594,761474000
2022-05-11 00:00:00-04:00,17.31955381351451,17.724911580118736,16.541787012472994,16.603687286376953,670167000
2022-05-12 00:00:00-04:00,16.193341264041266,16.761441344854425,15.542373259298687,16.149410247802734,708728000
2022-05-13 00:00:00-04:00,16.761437465060446,17.89963310231485,16.56674630651227,17.6779842376709,670437000
2022-05-16 00:00:00-04:00,17.481297997545482,17.759855892789677,17.07893574693461,17.236684799194336,521446000
2022-05-17 00:00:00-04:00,18.04540146963005,18.341932419242756,17.606099039261828,18.148239135742188,585830000
2022-05-18 00:00:00-04:00,17.676990169187597,18.08933689945816,16.837321048409155,16.911203384399414,545161000
2022-05-19 00:00:00-04:00,16.910204148890237,17.659017569566856,16.70752429563901,17.096908569335938,621310000
2022-05-20 00:00:00-04:00,17.304578335009833,17.382454041124078,15.730072820642876,16.667587280273438,739105000
2022-05-23 00:00:00-04:00,16.24825212947614,16.88823871274261,16.153403120038337,16.871265411376953,639889000
2022-05-24 00:00:00-04:00,16.483876551702995,16.57073878546732,15.755031131324223,16.12843894958496,588550000
2022-05-25 00:00:00-04:00,15.994655856173082,17.083929432634935,15.974687040333203,16.948144912719727,781132000
2022-05-26 00:00:00-04:00,16.010626990327115,18.06337372418218,15.996649202196377,17.822755813598633,996575000
2022-05-27 00:00:00-04:00,18.157231102333768,18.8511313279589,18.07136671001473,18.78124237060547,738379000
2022-05-31 00:00:00-04:00,18.949971241226027,19.169624397490942,18.320968803583344,18.642459869384766,664100000
2022-06-01 00:00:00-04:00,18.694381589464594,19.022859715044074,18.093332699954207,18.291019439697266,544514000
2022-06-02 00:00:00-04:00,18.263063772752073,19.58796426139461,18.169212608102324,19.561006546020508,648656000
2022-06-03 00:00:00-04:00,19.051810692697362,19.30141516237342,18.492695309504686,18.69038200378418,598779000
2022-06-06 00:00:00-04:00,19.1087231126679,19.306409842050112,18.534631968740708,18.75628089904785,422406000
2022-06-07 00:00:00-04:00,18.44277866858966,18.969943286462573,18.15922754125951,18.896060943603516,388914000
2022-06-08 00:00:00-04:00,18.773228590865152,19.15370680321302,18.509590564455205,18.6224365234375,363252000
2022-06-09 00:00:00-04:00,18.455665170383455,18.90704518527474,18.016267836051888,18.023258209228516,395574000
2022-06-10 00:00:00-04:00,17.575870567979027,17.672737701708236,16.84587187879017,16.950729370117188,465248000
2022-06-13 00:00:00-04:00,15.978063114136962,16.289635619144264,15.5846032566188,15.625547409057617,604153000
2022-06-14 00:00:00-04:00,15.709432554065721,16.043973303080133,15.390869663145198,15.814289093017578,469680000
2022-06-15 00:00:00-04:00,16.072930448129153,16.84487125542123,15.904162502265947,16.50433921813965,563936000
2022-06-16 00:00:00-04:00,15.838255559738554,15.920143868962862,15.379885215530072,15.579610824584961,545749000
2022-06-17 00:00:00-04:00,15.626546404282076,15.973070790259849,15.306985428048275,15.85822868347168,630334000
2022-06-21 00:00:00-04:00,16.452412438369816,16.98468071216901,16.38450487696242,16.54328727722168,483089000
2022-06-22 00:00:00-04:00,16.203751242608906,16.639154235727236,16.157814788761254,16.337568283081055,437135000
2022-06-23 00:00:00-04:00,16.496346719683878,16.562256199139117,15.831260587165808,16.20275115966797,463680000
2022-06-24 00:00:00-04:00,16.4773787732115,17.11650073429401,16.287638726739992,17.102519989013672,472153000
2022-06-27 00:00:00-04:00,17.28826633930451,17.306241311682992,16.603205990084433,16.84587287902832,427968000
2022-06-28 00:00:00-04:00,16.876829403288493,17.17841540135944,15.923138802321352,15.960088729858398,461149000
2022-06-29 00:00:00-04:00,15.79231830404367,15.798309643448949,15.149201208571759,15.52069091796875,482352000
2022-06-30 00:00:00-04:00,15.339939689323622,15.545657585028724,14.84162423644088,15.138216972351074,686070000
2022-07-01 00:00:00-04:00,14.878571907888004,15.042346602938938,14.372267094258923,14.503087043762207,577610000
2022-07-05 00:00:00-04:00,14.155568263376328,14.95047658719496,14.035732880746899,14.943486213684082,651397000
2022-07-06 00:00:00-04:00,14.989422325888844,15.297998718746442,14.768724634535959,15.109257698059082,529066000
2022-07-07 00:00:00-04:00,15.434809616202475,15.923138547891462,15.367901086957772,15.836257934570312,492903000
2022-07-08 00:00:00-04:00,15.408844541588206,16.01501264654759,15.367900390156102,15.816285133361816,467972000
2022-07-11 00:00:00-04:00,15.504712392374874,15.505711425082758,15.017381570842117,15.1312255859375,437321000
2022-07-12 00:00:00-04:00,15.247067074911202,15.409843707011005,14.856603345377188,15.061322212219238,458483000
2022-07-13 00:00:00-04:00,14.569996097816231,15.353919647779461,14.445167482793634,15.143208503723145,521918000
2022-07-14 00:00:00-04:00,15.087285563609488,15.451784891767781,14.707806458761096,15.350923538208008,456235000
2022-07-15 00:00:00-04:00,15.63753135293556,15.760361907974943,15.423824053568111,15.740389823913574,385935000
2022-07-18 00:00:00-04:00,16.27964880664775,16.87383233225247,15.98006089057034,16.07892417907715,670517000
2022-07-19 00:00:00-04:00,16.463399291726066,17.086544394456787,16.14983057930096,16.968706130981445,702366000
2022-07-20 00:00:00-04:00,16.923763716222883,17.908411828651666,16.77796399475385,17.782583236694336,760538000
2022-07-21 00:00:00-04:00,17.86047860589084,18.119122370641218,17.520944617991347,18.025251388549805,557049000
2022-07-22 00:00:00-04:00,17.868468104985222,17.94236605570938,17.113504073103183,17.295255661010742,536671000
2022-07-25 00:00:00-04:00,16.99566763785872,17.10052514024072,16.626175940031704,17.000661849975586,480748000
2022-07-26 00:00:00-04:00,16.86584492916972,16.89580448453477,16.455409115756805,16.510334014892578,397865000
2022-07-27 00:00:00-04:00,17.008651331823266,17.911413320899122,16.889814980638576,17.765613555908203,569776000
2022-07-28 00:00:00-04:00,17.950356423261784,18.115129215664382,17.416090067566007,17.95934295654297,474646000
2022-07-29 00:00:00-04:00,17.788580990079474,18.218989915135573,17.66774657194667,18.13810157775879,435460000
2022-08-01 00:00:00-04:00,18.15707238058243,18.820163524797316,17.965336169045,18.41571807861328,476469000
2022-08-02 00:00:00-04:00,18.097151618360463,18.91203273831528,18.067192067392018,18.50059700012207,489527000
2022-08-03 00:00:00-04:00,18.15907024025615,18.9419957935247,18.11213379219575,18.867097854614258,418146000
2022-08-04 00:00:00-04:00,18.823154684539745,19.247571151459002,18.7342760227407,19.18865203857422,409652000
2022-08-05 00:00:00-04:00,18.784209580373243,19.202635725468195,18.640407913943744,18.96296501159668,386068000
2022-08-08 00:00:00-04:00,17.47800666761525,18.213995799408384,17.218362882676377,17.768606185913086,981859000
2022-08-09 00:00:00-04:00,17.228347155139414,17.42307949226524,16.70107120055864,17.06257438659668,668263000
2022-08-10 00:00:00-04:00,17.67373805340907,18.093162358417025,17.293259842036015,18.07219123840332,597422000
2022-08-11 00:00:00-04:00,18.106140389297327,18.681350826322625,17.851488963198253,17.91739845275879,509327000
2022-08-12 00:00:00-04:00,18.13510435267099,18.692339955779353,17.928387396994086,18.683351516723633,478094000
2022-08-15 00:00:00-04:00,18.67535960434154,19.13772413803564,18.58748091480707,19.005905151367188,457666000
2022-08-16 00:00:00-04:00,18.894059233195584,19.115754975228306,18.47563309117103,18.85311508178711,451240000
2022-08-17 00:00:00-04:00,18.497606022739234,18.662378820302454,18.120123994766043,18.30986213684082,446799000
2022-08-18 00:00:00-04:00,18.275908084874466,18.839133961373747,18.15806984425226,18.74726104736328,415447000
2022-08-19 00:00:00-04:00,18.380763232142666,18.494607244022603,17.745635586886266,17.824527740478516,441588000
2022-08-22 00:00:00-04:00,17.466017103513337,17.53392465280526,16.942735456079166,17.010643005371094,409593000
2022-08-23 00:00:00-04:00,16.965711574873314,17.441058900182846,16.946736614624182,17.157447814941406,369986000
2022-08-24 00:00:00-04:00,16.988672201123315,17.382132952264204,16.871833957739796,17.19838523864746,522661000
2022-08-25 00:00:00-04:00,16.820904665261263,17.922392956465742,16.809920067610644,17.888439178466797,770691000
2022-08-26 00:00:00-04:00,17.832519805720057,17.899427390180133,16.21473986042413,16.237709045410156,769127000
2022-08-29 00:00:00-04:00,15.998036535008664,16.31559943467692,15.745383146894872,15.779335975646973,496132000
2022-08-30 00:00:00-04:00,15.938118643658612,16.017009853505307,15.161185414989587,15.446793556213379,530181000
2022-08-31 00:00:00-04:00,15.362907485409101,15.518693737673459,14.938489994118408,15.073305130004883,573710000
2022-09-01 00:00:00-04:00,14.189518900332127,14.360284936978742,13.251807105060896,13.917892456054688,1178865000
2022-09-02 00:00:00-04:00,14.080669178676303,14.151570983840651,13.572366244236866,13.628290176391602,743157000
2022-09-06 00:00:00-04:00,13.712174991904128,13.760109519998037,13.332695850805605,13.446539878845215,535751000
2022-09-07 00:00:00-04:00,13.548430520514028,13.823135690540239,13.331663611581293,13.699268341064453,512657000
2022-09-08 00:00:00-04:00,13.444542032061921,13.992953037789427,13.354639509915495,13.974971771240234,624873000
2022-09-09 00:00:00-04:00,14.141791420251705,14.458451271437566,14.110825537493945,14.37154483795166,486612000
2022-09-12 00:00:00-04:00,14.353564448703244,14.531372728120761,14.182747666358502,14.489418029785156,484159000
2022-09-13 00:00:00-04:00,13.78717243345947,13.90704340206628,13.084927604067657,13.11689281463623,714956000
2022-09-14 00:00:00-04:00,13.239762380467441,13.275723961084458,12.899129075962875,13.113898277282715,588507000
2022-09-15 00:00:00-04:00,13.001017682359656,13.218782933032589,12.776259029969275,12.915109634399414,523625000
2022-09-16 00:00:00-04:00,12.72831029894144,13.197805622661757,12.603444592298251,13.183820724487305,670751000
2022-09-19 00:00:00-04:00,12.9980209443721,13.448536636408672,12.99602323782833,13.367623329162598,569685000
2022-09-20 00:00:00-04:00,13.200801908745245,13.468513618003238,13.042971672136494,13.161843299865723,524818000
2022-09-21 00:00:00-04:00,13.198806825462382,14.015927965659142,13.095916828405237,13.24675464630127,807679000
2022-09-22 00:00:00-04:00,13.055960360888227,13.134875974381403,12.41465072920466,12.547507286071777,759162000
2022-09-23 00:00:00-04:00,12.406659246675337,12.597454070527826,12.243834224939453,12.502555847167969,663309000
2022-09-26 00:00:00-04:00,12.477580763382052,12.645400497550257,12.200877925026457,12.214862823486328,547343000
2022-09-27 00:00:00-04:00,12.493564718799432,12.722318814218484,12.244832603128204,12.399665832519531,553854000
2022-09-28 00:00:00-04:00,12.396668635349345,12.809225084459534,12.3407290361886,12.722318649291992,542414000
2022-09-29 00:00:00-04:00,12.43462575581382,12.486569932460037,11.933165252128976,12.206871032714844,532763000
2022-09-30 00:00:00-04:00,12.074014262996702,12.619428149755207,12.062027071325655,12.125958442687988,565638000
2022-10-03 00:00:00-04:00,12.333735347285502,12.664380071173387,12.091994756368466,12.498558044433594,547478000
2022-10-04 00:00:00-04:00,12.865164202159265,13.205798432836424,12.865164202159265,13.152854919433594,584182000
2022-10-05 00:00:00-04:00,12.897128792057934,13.30668813941161,12.607440403491943,13.194808006286621,507131000
2022-10-06 00:00:00-04:00,13.205798741632973,13.641330241047822,13.088923849141823,13.11589527130127,644157000
2022-10-07 00:00:00-04:00,12.49156642287505,12.65638913094354,12.00908549131545,12.063027381896973,672478000
2022-10-10 00:00:00-04:00,12.024067450995426,12.11097387367436,11.395743522470864,11.657462120056152,698699000
2022-10-11 00:00:00-04:00,11.548579372352663,11.833273031713603,11.27087816209463,11.573553085327148,667482000
2022-10-12 00:00:00-04:00,11.566562669743492,11.72239428391225,11.332813819515492,11.48764705657959,492590000
2022-10-13 00:00:00-04:00,10.959213365382153,12.065024444936823,10.801383115389287,11.947151184082031,850103000
2022-10-14 00:00:00-04:00,12.044046351536188,12.097988235900987,11.191963110771333,11.214938163757324,713432000
2022-10-17 00:00:00-04:00,11.505626467697512,11.935164846156956,11.50462809067123,11.875228881835938,580774000
2022-10-18 00:00:00-04:00,12.330739341420681,12.478580116410535,11.605519413375351,11.954144477844238,659362000
2022-10-19 00:00:00-04:00,11.86623835705214,12.336733042582134,11.821286623369021,12.038053512573242,523131000
2022-10-20 00:00:00-04:00,12.099986314694126,12.755281678279875,12.091994536055378,12.180899620056152,652398000
2022-10-21 00:00:00-04:00,12.085002473404986,12.484573317773556,11.874229665134491,12.452607154846191,609494000
2022-10-24 00:00:00-04:00,12.494565478344857,12.696348173967538,12.051042136722756,12.585467338562012,517457000
2022-10-25 00:00:00-04:00,12.680364284552173,13.285713262923357,12.650395824796759,13.24675464630127,505482000
2022-10-26 00:00:00-04:00,12.855175413310036,13.373616958180671,12.694348122288913,12.882145881652832,532953000
2022-10-27 00:00:00-04:00,13.61535599314197,13.82313270010026,13.107901416736118,13.161843299865723,583113000
2022-10-28 00:00:00-04:00,13.089923183140582,13.835122085871737,13.046969154666838,13.819138526916504,521040000
2022-10-31 00:00:00-04:00,13.763198338558981,13.82313430044734,13.282715124415745,13.482500076293945,486341000
2022-11-01 00:00:00-04:00,13.796163675250103,13.91004153308199,13.504477533417388,13.528451919555664,432817000
2022-11-02 00:00:00-04:00,13.835120334518214,14.194733217791391,13.196806918934737,13.204797744750977,672628000
2022-11-03 00:00:00-04:00,13.028987715807942,13.766194775358752,12.94208128934156,13.406580924987793,500065000
2022-11-04 00:00:00-04:00,13.970976337681197,14.21371533822469,13.682286270077473,14.140793800354004,612576000
2022-11-07 00:00:00-05:00,14.212715367274726,14.396517721923427,13.939010494664025,14.285636901855469,410061000
2022-11-08 00:00:00-05:00,14.785098866709825,14.875002331764124,14.200727296506672,14.586313247680664,595292000
2022-11-09 00:00:00-05:00,14.146784936854425,14.195733033579206,13.74421801675612,13.761199951171875,454414000
2022-11-10 00:00:00-05:00,14.784100677648635,15.756054965318722,14.531372214254848,15.73307991027832,700819000
2022-11-11 00:00:00-05:00,15.790018813908167,16.371393354489435,15.465368149594989,16.309459686279297,655487000
2022-11-14 00:00:00-05:00,16.200579384966304,16.522234002495093,15.904896861660646,16.277496337890625,527852000
2022-11-15 00:00:00-05:00,16.704033766167488,16.979736298037132,16.364398914602432,16.648094177246094,545876000
2022-11-16 00:00:00-05:00,16.144637217510404,16.34442120688964,15.85594719034248,15.89290714263916,649547000
2022-11-17 00:00:00-05:00,15.698118396419817,16.24852708202455,15.518311455624096,15.66015911102295,710894000
2022-11-18 00:00:00-05:00,15.948848328760961,15.984810860362591,15.103757415617947,15.392447471618652,492072000
2022-11-21 00:00:00-05:00,15.130729186360814,15.460374619383938,15.063800770047084,15.300546646118164,404739000
2022-11-22 00:00:00-05:00,15.311533717452877,16.040749998560774,15.10575468856274,16.020771026611328,472866000
2022-11-23 00:00:00-05:00,16.0807077296891,16.509247768201202,16.030762199858245,16.50125503540039,427241000
2022-11-25 00:00:00-05:00,16.300470283585213,16.469287445678606,16.154627223569857,16.252521514892578,167934000
2022-11-28 00:00:00-05:00,16.00878222333703,16.339427908021538,15.708106900644491,15.809996604919434,303741000
2022-11-29 00:00:00-05:00,15.809996816938067,15.914884511468573,15.503327417734571,15.622199058532715,298384000
2022-11-30 00:00:00-05:00,15.684148304940633,16.91613959378234,15.584230747386403,16.90914535522461,565298000
2022-12-01 00:00:00-05:00,16.985083344047936,17.250864409196577,16.621381033320617,17.1209716796875,470977000
2022-12-02 00:00:00-05:00,16.645363109002602,16.91913897652892,16.431537591027467,16.862184524536133,371389000
2022-12-05 00:00:00-05:00,16.665343049693824,16.981084273964576,16.45851182236528,16.596399307250977,352255000
2022-12-06 00:00:00-05:00,16.516465945155254,16.559430004993104,15.806047668820305,15.973910331726074,352694000
2022-12-07 00:00:00-05:00,15.759088264862537,16.172749846641757,15.654173729604334,16.10680389404297,372388000
2022-12-08 00:00:00-05:00,16.259680775379593,17.164939324276737,15.945936711360707,17.15494728088379,515456000
2022-12-09 00:00:00-05:00,17.145949833064485,17.56860383071365,16.961101838286083,16.987079620361328,465338000
2022-12-12 00:00:00-05:00,17.023051775036333,17.5236410372187,16.783248501431842,17.52064323425293,457328000
2022-12-13 00:00:00-05:00,18.515827101375667,18.77461581179071,17.69649881579861,18.05720329284668,656589000
2022-12-14 00:00:00-05:00,17.97227412197752,18.237058470762765,17.405738871124704,17.659530639648438,496888000
2022-12-15 00:00:00-05:00,17.13196129101247,17.305818611715345,16.686327315889205,16.938119888305664,478542000
2022-12-16 00:00:00-05:00,16.850191523278642,17.02704663560611,16.39656280074963,16.557430267333984,478232000
2022-12-19 00:00:00-05:00,16.55843452129095,16.595402982576044,16.131784021427286,16.240694046020508,354039000
2022-12-20 00:00:00-05:00,16.05084803309705,16.29664692951684,15.839022651133764,16.07183074951172,403260000
2022-12-21 00:00:00-05:00,16.10080555260264,16.613385976206843,16.088814341919573,16.48748779296875,325025000
2022-12-22 00:00:00-05:00,16.08082276280508,16.12478736252735,14.869815204882304,15.326440811157227,565045000
2022-12-23 00:00:00-05:00,15.183559021916842,15.32644159609821,14.870815551756776,15.193551063537598,349326000
2022-12-27 00:00:00-05:00,15.061657689828774,15.087636423764959,14.0444906312177,14.109437942504883,464902000
2022-12-28 00:00:00-05:00,13.915597512631557,14.25032327426342,13.872632497198492,14.024508476257324,351066000
2022-12-29 00:00:00-05:00,14.390207840060333,14.670976937110892,14.215350942267113,14.591042518615723,354923000
2022-12-30 00:00:00-05:00,14.322263143028222,14.617021677131687,14.221346008211805,14.602034568786621,310490000
2023-01-03 00:00:00-05:00,14.838839325800745,14.983721052232674,14.084457431263646,14.303277969360352,401277000
2023-01-04 00:00:00-05:00,14.555073030909787,14.840838154777497,14.229339743985019,14.736923217773438,431324000
2023-01-05 00:00:00-05:00,14.479136454686978,14.552076644155658,14.136416855691813,14.253321647644043,389168000
2023-01-06 00:00:00-05:00,14.462150107377472,14.997711535520914,14.0225107548316,14.846835136413574,405044000
2023-01-09 00:00:00-05:00,15.271486598821125,16.042853882336043,15.128603078053724,15.615204811096191,504231000
2023-01-10 00:00:00-05:00,15.49430474778188,15.948932173589144,15.459333553934178,15.895976066589355,384101000
2023-01-11 00:00:00-05:00,15.827031344724569,16.01487714757313,15.550257708216126,15.987898826599121,353285000
2023-01-12 00:00:00-05:00,16.08681762259126,16.623376674174565,15.479314701266622,16.497480392456055,551409000
2023-01-13 00:00:00-05:00,16.264676083960047,16.908149966282853,16.151769612951313,16.885168075561523,447287000
2023-01-17 00:00:00-05:00,16.885165521758307,17.713487319827372,16.885165521758307,17.68750762939453,511102000
2023-01-18 00:00:00-05:00,17.652535475198235,17.858366193598112,17.26785045404388,17.362773895263672,439624000
2023-01-19 00:00:00-05:00,17.02205215333367,17.182921549244565,16.717303453615347,16.75127410888672,452932000
2023-01-20 00:00:00-05:00,16.997074804063597,17.841384323101988,16.81122814255527,17.824398040771484,564967000
2023-01-23 00:00:00-05:00,18.049208922830783,19.22924361779151,17.803411956257197,19.17728614807129,655163000
2023-01-24 00:00:00-05:00,18.811586379989397,19.47904067584796,18.80459214124059,19.24922752380371,496204000
2023-01-25 00:00:00-05:00,18.897514353205867,19.354140898523635,18.56478682693734,19.307178497314453,449537000
2023-01-26 00:00:00-05:00,19.684870441693302,20.149489885366556,19.26221642846413,19.78578758239746,489535000
2023-01-27 00:00:00-05:00,19.446067014153495,20.61111281542293,19.38911447092714,20.34832763671875,542142000
2023-01-30 00:00:00-05:00,19.9336676842303,20.123510758938984,19.13432150128274,19.146312713623047,488611000
2023-01-31 00:00:00-05:00,19.154303644077466,19.67088052170426,18.93448446657566,19.52100372314453,498017000
2023-02-01 00:00:00-05:00,19.674881581786316,21.174652363839574,19.5949471433785,20.925857543945312,660477000
2023-02-02 00:00:00-05:00,20.98280776765086,21.931030247878642,20.683054133284987,21.691226959228516,564276000
2023-02-03 00:00:00-05:00,20.98280511679256,21.727195946386907,20.771977442286037,21.08272361755371,429366000
2023-02-06 00:00:00-05:00,20.788964243868033,21.552338635862082,20.768980162055627,21.071733474731445,452197000
2023-02-07 00:00:00-05:00,21.364491617448692,22.24077430630132,21.132681236743583,22.154844284057617,664150000
2023-02-08 00:00:00-05:00,22.368667344122148,22.859266412789342,21.98997798120032,22.186817169189453,559651000
2023-02-09 00:00:00-05:00,22.58749107583628,23.001151649927916,22.101888952315306,22.318710327148438,523876000
2023-02-10 00:00:00-05:00,21.672242294842736,22.059923209964126,20.79396224758763,21.247589111328125,550737000
2023-02-13 00:00:00-05:00,21.520367253825846,22.029949952806394,20.94483860334869,21.77016258239746,474919000
2023-02-14 00:00:00-05:00,21.560329530497455,23.030125642994655,21.348503237743625,22.952190399169922,675474000
2023-02-15 00:00:00-05:00,22.530540991114048,22.836290253075802,22.087904747509434,22.745365142822266,420575000
2023-02-16 00:00:00-05:00,22.11487725263338,22.531535636340326,21.90904654743779,21.983985900878906,412026000
2023-02-17 00:00:00-05:00,21.613290195380436,21.72220020485549,20.957827156397038,21.3704891204834,465888000
2023-02-21 00:00:00-05:00,20.982805051800373,21.47640004274012,20.601117866588783,20.63808822631836,410015000
2023-02-22 00:00:00-05:00,20.690050450448425,21.08672483489234,20.404283359115528,20.737010955810547,513184000
2023-02-23 00:00:00-05:00,23.420810974645615,23.868444166004814,23.00614980675236,23.64462661743164,1117995000
2023-02-24 00:00:00-05:00,23.205986370917074,23.454783066670746,22.928214087929295,23.266935348510742,589716000
2023-02-27 00:00:00-05:00,23.65062037481705,23.86044752352484,23.43479762020704,23.48175811767578,452994000
2023-02-28 00:00:00-05:00,23.352863375406507,23.805493492684064,23.18699892583366,23.196990966796875,455963000
2023-03-01 00:00:00-05:00,23.173011690631437,23.236960375063273,22.489571679600164,22.67941665649414,460026000
2023-03-02 00:00:00-05:00,22.46958842521254,23.360856377006066,22.413632614347023,23.294910430908203,389415000
2023-03-03 00:00:00-05:00,23.300904658172616,23.880429662498482,23.111059701611104,23.870437622070312,412393000
2023-03-06 00:00:00-05:00,23.87143962178628,24.22814576739972,23.467769168076714,23.53471565246582,437429000
2023-03-07 00:00:00-05:00,23.584684063816997,24.10934295943223,23.22591589464523,23.272886276245117,515154000
2023-03-08 00:00:00-05:00,23.47175440633603,24.184292857733897,23.40879557329516,24.16530418395996,513573000
2023-03-09 00:00:00-05:00,24.159310453263316,24.438130626548567,23.36782461834549,23.420791625976562,501257000
2023-03-10 00:00:00-05:00,23.393804334985997,23.61166323098952,22.71124714341151,22.950092315673828,474866000
2023-03-13 00:00:00-04:00,22.737229994495557,23.282875053413555,22.282525461045495,22.95108985900879,421890000
2023-03-14 00:00:00-04:00,23.480752775750112,24.20328316455389,23.44477493295828,24.04738426208496,474910000
2023-03-15 00:00:00-04:00,23.745576714518688,24.270235562421657,23.34483792874035,24.2122745513916,524486000
2023-03-16 00:00:00-04:00,24.01140628522713,25.57139207335748,23.878491278999082,25.524423599243164,583253000
2023-03-17 00:00:00-04:00,25.965138540410706,26.381867732572218,25.651341237604235,25.70830535888672,848547000
2023-03-20 00:00:00-04:00,25.598375276520795,26.00711022624769,25.113689438376866,25.883190155029297,432747000
2023-03-21 00:00:00-04:00,26.163008623155417,26.37487092143437,25.364527413942184,26.181995391845703,547408000
2023-03-22 00:00:00-04:00,26.407847658541623,27.571093609171683,26.219969957500446,26.450820922851562,797295000
2023-03-23 00:00:00-04:00,27.097402305232432,27.481153869318504,26.672678890028376,27.17335319519043,564889000
2023-03-24 00:00:00-04:00,27.013458751569935,27.149370176064142,26.337896837515665,26.761621475219727,454920000
2023-03-27 00:00:00-04:00,26.81958174522854,26.98247605929165,26.347887967682432,26.51378059387207,361026000
2023-03-28 00:00:00-04:00,26.429837056217544,26.49579420860575,25.833224372418172,26.392860412597656,356104000
2023-03-29 00:00:00-04:00,26.80759068169934,27.06042483163502,26.579738018819665,26.96648597717285,393694000
2023-03-30 00:00:00-04:00,27.211329265409276,27.481154500758176,27.084410876510685,27.3652286529541,364516000
2023-03-31 00:00:00-04:00,27.1223827030481,27.815932468740804,27.087405574182664,27.758970260620117,433933000
2023-04-03 00:00:00-04:00,27.49114640923392,27.981826954201942,27.318258357219978,27.946849822998047,398716000
2023-04-04 00:00:00-04:00,27.947848187847303,27.981826516516946,27.289275517291117,27.4351806640625,368592000
2023-04-05 00:00:00-04:00,26.811585800897024,26.980474822292805,26.37786749452917,26.86355209350586,515015000
2023-04-06 00:00:00-04:00,26.566744158591717,27.062422498432785,26.409846477836556,27.019451141357422,397654000
2023-04-10 00:00:00-04:00,26.805592033185857,27.603074472787966,26.651692648954523,27.56110191345215,395279000
2023-04-11 00:00:00-04:00,27.70600728201999,27.771964430932886,27.108393921533427,27.1513671875,314378000
2023-04-12 00:00:00-04:00,27.352240203411796,27.450176183375458,26.430837612937793,26.477807998657227,446259000
2023-04-13 00:00:00-04:00,26.7166476867757,26.869548260916794,26.31191176986607,26.445823669433594,353615000
2023-04-14 00:00:00-04:00,26.486798151032517,26.865551883679498,26.202982075525256,26.740633010864258,395660000
2023-04-17 00:00:00-04:00,26.547757558326303,26.988471296055224,26.415843268204867,26.984474182128906,321471000
2023-04-18 00:00:00-04:00,27.515130232673847,28.091755386565286,27.339243873446396,27.6490421295166,604812000
2023-04-19 00:00:00-04:00,27.343242553972818,27.98182777688548,27.21432656572957,27.912872314453125,358660000
2023-04-20 00:00:00-04:00,27.65304199464376,28.011810174837088,26.982477923410777,27.086410522460938,427713000
2023-04-21 00:00:00-04:00,26.934507038823,27.165358012841736,26.704656772926235,27.101398468017578,345103000
2023-04-24 00:00:00-04:00,26.995467887974886,27.3482375101197,26.653688900019212,27.02444839477539,339282000
2023-04-25 00:00:00-04:00,27.06042320812397,27.22931413806429,26.207978142776422,26.223966598510742,378527000
2023-04-26 00:00:00-04:00,26.98447484193406,27.31226106523399,26.687666728848185,26.93850326538086,406337000
2023-04-27 00:00:00-04:00,27.345242278323862,27.477156579807456,26.607720371241534,27.208330154418945,377161000
2023-04-28 00:00:00-04:00,27.20733127338207,27.739984394080437,27.05342998469089,27.73099136352539,292216000
2023-05-01 00:00:00-04:00,27.821930157082058,29.039140006502908,27.761969634748656,28.8912353515625,570329000
2023-05-02 00:00:00-04:00,28.661388568150482,28.81728747000186,28.06477586620422,28.191692352294922,402730000
2023-05-03 00:00:00-04:00,27.821931972424778,28.348590376013785,27.45417077419222,27.78395652770996,383387000
2023-05-04 00:00:00-04:00,27.63305228202087,27.840917463312735,27.22231974162607,27.544111251831055,321850000
2023-05-05 00:00:00-04:00,27.80794065911765,28.736336669906983,27.71300300195752,28.661386489868164,361494000
2023-05-08 00:00:00-04:00,28.503484856309754,29.201031717397843,28.33159752844978,29.132076263427734,344979000
2023-05-09 00:00:00-04:00,28.880242114895676,28.954193487526783,28.43153415102666,28.552453994750977,314869000
2023-05-10 00:00:00-04:00,28.986175863013205,29.094107482413545,28.442530182163917,28.866254806518555,369350000
2023-05-11 00:00:00-04:00,28.877246468531435,28.93121227658871,28.227668698313387,28.559452056884766,322149000
2023-05-12 00:00:00-04:00,28.51048218586155,28.761320627980606,28.02779588194695,28.321605682373047,274222000
2023-05-15 00:00:00-04:00,28.48949515899852,28.95019637066434,28.133727241512663,28.934206008911133,293926000
2023-05-16 00:00:00-04:00,28.822281983258687,29.850615404152038,28.81328895261737,29.194040298461914,449405000
2023-05-17 00:00:00-04:00,29.56479672728252,30.179397303455694,29.410897359281257,30.158411026000977,432535000
2023-05-18 00:00:00-04:00,30.39026164884716,31.807340536574944,30.30031991259901,31.657438278198242,748725000
2023-05-19 00:00:00-04:00,31.515530471475522,31.55950253794087,30.89593395749169,31.24370765686035,473908000
2023-05-22 00:00:00-04:00,30.880944390289034,31.499544048329298,30.660089053951964,31.1557674407959,372000000
2023-05-23 00:00:00-04:00,30.979882903908486,31.26769611633862,30.611122880707992,30.6680850982666,356253000
2023-05-24 00:00:00-04:00,30.19039081167834,30.587134398271413,29.786653705153253,30.518178939819336,721419000
2023-05-25 00:00:00-04:00,38.497999676577344,39.45437937248708,36.61122438823422,37.955352783203125,1543911000
2023-05-26 00:00:00-04:00,37.86540484439774,39.14457277153295,37.52562538722481,38.920719146728516,714397000
2023-05-30 00:00:00-04:00,40.56865561638492,41.91078253323842,39.92307495310247,40.08496856689453,923401000
2023-05-31 00:00:00-04:00,39.462370269421555,40.26884571341783,37.79745117886432,37.809444427490234,1002580000
2023-06-01 00:00:00-04:00,38.4640121423261,40.02399959648459,38.3151106084521,39.74418258666992,635873000
2023-06-02 00:00:00-04:00,40.070984013195755,40.47372241299319,39.03265668295429,39.301483154296875,482731000
2023-06-05 00:00:00-04:00,38.88374928722303,39.539321788375425,38.68188071638041,39.14558029174805,396094000
2023-06-06 00:00:00-04:00,38.80479832868184,39.134582152265736,38.123237977128795,38.628910064697266,388729000
2023-06-07 00:00:00-04:00,38.893764495503234,39.47744543312822,37.33561334043707,37.45454788208008,511998000
2023-06-08 00:00:00-04:00,37.703416518186614,38.8427939153626,37.48453804984033,38.48898696899414,417772000
2023-06-09 00:00:00-04:00,39.0157005810381,39.68933264036205,38.545959600574975,38.74884796142578,427717000
2023-06-12 00:00:00-04:00,39.17861302696572,39.50843099459079,38.59692983734383,39.46045684814453,388701000
2023-06-13 00:00:00-04:00,40.164076100144555,41.0785778084364,39.71832028335553,40.99961853027344,613208000
2023-06-14 00:00:00-04:00,40.80172657491871,42.97653797583017,40.5298718137659,42.973541259765625,740465000
2023-06-15 00:00:00-04:00,42.57875935956908,43.265384836246646,42.12400575806211,42.629730224609375,568622000
2023-06-16 00:00:00-04:00,43.42629077833163,43.69714280637508,42.637719859224546,42.668704986572266,655709000
2023-06-20 00:00:00-04:00,42.974540163328015,43.96599947936296,42.65071563542564,43.784095764160156,451153000
2023-06-21 00:00:00-04:00,43.4772635468863,43.59120357044556,42.05704128100148,43.02151107788086,551603000
2023-06-22 00:00:00-04:00,42.22994393165169,43.402304245478625,42.2109571046696,43.00152587890625,417737000
2023-06-23 00:00:00-04:00,42.440832245341774,42.78564141996851,41.99207590923577,42.185970306396484,358140000
2023-06-26 00:00:00-04:00,42.43783350035223,42.74066959862616,40.078121507202255,40.609832763671875,594322000
2023-06-27 00:00:00-04:00,40.77674114143434,41.91711748885724,40.425934710005095,41.853153228759766,462175000
2023-06-28 00:00:00-04:00,40.637814961274316,41.82216977478574,40.49589414728599,41.094566345214844,582639000
2023-06-29 00:00:00-04:00,41.53532305058581,41.577299950801056,40.577845588400876,40.79972457885742,380514000
2023-06-30 00:00:00-04:00,41.657256974665316,42.52678117830855,41.47835379473084,42.27891540527344,501148000
2023-07-03 00:00:00-04:00,42.4938015963702,42.874594246480044,42.17897482861766,42.38985824584961,198209000
2023-07-05 00:00:00-04:00,42.112011067613764,43.15344240900505,42.062039108236945,42.293914794921875,323618000
2023-07-06 00:00:00-04:00,41.82117097723614,42.15598728056081,41.32344159639819,42.08002853393555,303582000
2023-07-07 00:00:00-04:00,42.29890400613968,43.19041935735987,42.156983201831395,42.47980499267578,355881000
2023-07-10 00:00:00-04:00,42.63372716743976,42.787642471608095,41.62627391492432,42.156986236572266,353908000
2023-07-11 00:00:00-04:00,42.45782138833829,42.734670684336905,42.04404961503228,42.38186264038086,298244000
2023-07-12 00:00:00-04:00,43.00951883998821,43.911027066615475,42.75365801470833,43.87804412841797,481277000
2023-07-13 00:00:00-04:00,44.49371214998775,46.12981621305511,44.46772535978278,45.9519157409668,478204000
2023-07-14 00:00:00-04:00,46.55758152341574,48.06176136683886,45.03541375901061,45.444190979003906,772075000
2023-07-17 00:00:00-04:00,46.26374664142169,46.47063062366615,45.23730653549651,46.43564987182617,510488000
2023-07-18 00:00:00-04:00,46.675519644053644,47.86986733415163,45.709048195215274,47.46808624267578,569164000
2023-07-19 00:00:00-04:00,47.43810520447181,47.791912159998795,46.71649899256564,47.05131530761719,427502000
2023-07-20 00:00:00-04:00,46.481623930021314,47.061309289375785,45.03741268358768,45.49516296386719,537865000
2023-07-21 00:00:00-04:00,45.7630136202291,45.84097398700811,44.07593496513591,44.284820556640625,963769000
2023-07-24 00:00:00-04:00,44.70659630501924,45.08439225529306,44.01597519686058,44.58766174316406,382516000
2023-07-25 00:00:00-04:00,44.916483110194,46.15780227032599,44.89849137503462,45.65407943725586,348081000
2023-07-26 00:00:00-04:00,45.99588624332529,46.027870275466796,44.60564647122582,45.42719650268555,364237000
2023-07-27 00:00:00-04:00,46.49361978738997,47.3691412842477,45.72503835474356,45.87495803833008,455976000
2023-07-28 00:00:00-04:00,46.64253893821814,47.00134424016971,46.35569676531063,46.72449493408203,331194000
2023-07-31 00:00:00-04:00,46.72849435569354,47.10428867492164,46.48062855732841,46.70350646972656,251055000
2023-08-01 00:00:00-04:00,46.434649363103794,46.87441172832599,46.00188696062389,46.481624603271484,237858000
2023-08-02 00:00:00-04:00,45.80599828780853,45.81499224934551,43.363331362198146,44.244850158691406,530142000
2023-08-03 00:00:00-04:00,43.776101176403955,45.093382845124545,43.776101176403955,44.4907112121582,324176000
2023-08-04 00:00:00-04:00,44.960454456109325,45.61709364469408,44.36877842760478,44.65562057495117,362666000
2023-08-07 00:00:00-04:00,45.08638295717828,45.515149705608195,44.538681665646195,45.392215728759766,322154000
2023-08-08 00:00:00-04:00,44.82852923844918,45.217316942470724,44.03196319010825,44.63963317871094,353843000
2023-08-09 00:00:00-04:00,44.249835693708135,44.28781696824139,42.11100421028489,42.53077697753906,586449000
2023-08-10 00:00:00-04:00,42.13699574373503,43.550225675456986,41.81217231360565,42.364871978759766,492705000
2023-08-11 00:00:00-04:00,41.728217445224736,41.99507385757675,40.61682471129046,40.832706451416016,533085000
2023-08-14 00:00:00-04:00,40.463906685181655,43.776097398299775,40.289002945920664,43.729122161865234,690286000
2023-08-15 00:00:00-04:00,44.53568383483932,45.24329764404115,43.68614541412476,43.916019439697266,676512000
2023-08-16 00:00:00-04:00,44.49570885554983,44.65062306232533,43.38231446466475,43.46227264404297,527451000
2023-08-17 00:00:00-04:00,43.94600851428991,44.037957367966825,42.97753549055958,43.320350646972656,452395000
2023-08-18 00:00:00-04:00,42.611736188017545,43.55422246965972,41.63726968400494,43.27537536621094,583768000
2023-08-21 00:00:00-04:00,44.46972532960602,47.03932184051733,44.197874362477556,46.941375732421875,692573000
2023-08-22 00:00:00-04:00,48.108734662611624,48.16070824217046,45.30826536444509,45.64308166503906,755293000
2023-08-23 00:00:00-04:00,45.840975904298595,47.174247686520786,45.18333397410903,47.090293884277344,779046000
2023-08-24 00:00:00-04:00,50.1885998204007,50.23857177595236,47.13326863032971,47.137264251708984,1156044000
2023-08-25 00:00:00-04:00,46.98635035429789,47.77891694569502,44.999432271074504,45.99289321899414,925341000
2023-08-28 00:00:00-04:00,46.45663639493685,46.9543657684175,44.863508175320256,46.809444427490234,685192000
2023-08-29 00:00:00-04:00,46.640540743084706,49.05422410380392,46.365689250102406,48.75738525390625,701397000
2023-08-30 00:00:00-04:00,49.01724039363048,49.89975805077244,48.398578637523045,49.23712158203125,735206000
2023-08-31 00:00:00-04:00,49.353059479355466,49.71685929593791,48.93128883683363,49.32807159423828,528570000
2023-09-01 00:00:00-04:00,49.73485494683887,49.772832417582066,48.11573594167944,48.48253631591797,463830000
2023-09-05 00:00:00-04:00,48.19668764519063,48.82434715495617,47.83388674600478,48.52151107788086,382653000
2023-09-06 00:00:00-04:00,48.41855768556727,48.52650554110728,46.55841988311631,47.0391960144043,468670000
2023-09-07 00:00:00-04:00,45.50391366248569,46.322534533431615,45.131085343555235,46.219581604003906,433330000
2023-09-08 00:00:00-04:00,45.92071940996517,46.584409473307375,45.250028806839694,45.55088806152344,473069000
2023-09-11 00:00:00-04:00,46.12662205679818,46.141614498404316,44.291473995947136,45.157073974609375,473966000
2023-09-12 00:00:00-04:00,44.7172700232729,45.65183817230261,44.510365202730895,44.84920883178711,349256000
2023-09-13 00:00:00-04:00,44.57933983256991,45.908725609094766,44.48238464078705,45.463932037353516,398355000
2023-09-14 00:00:00-04:00,45.92871548306057,45.965697093021376,45.110094621925995,45.55988693237305,370097000
2023-09-15 00:00:00-04:00,45.31999198709531,45.577871869694,43.78770131863037,43.879661560058594,506831000
2023-09-18 00:00:00-04:00,42.728202360672,44.2215098959697,41.980547698769925,43.94563674926758,500271000
2023-09-19 00:00:00-04:00,43.81269451068332,43.94563231876148,42.982078190954006,43.499839782714844,373064000
2023-09-20 00:00:00-04:00,43.579802461208814,43.88266351133672,42.203441401322486,42.21943283081055,367108000
2023-09-21 00:00:00-04:00,41.563736977268604,42.08049577030541,40.96101567472074,40.99799728393555,450736000
2023-09-22 00:00:00-04:00,41.552732912761606,42.09548435148274,41.21189133870758,41.59071731567383,479236000
2023-09-25 00:00:00-04:00,41.571730182940165,42.516292052357294,41.157920528062995,42.20243835449219,419091000
2023-09-26 00:00:00-04:00,41.981544768615734,42.80016565537031,41.63570436324995,41.89158630371094,402282000
2023-09-27 00:00:00-04:00,42.31038955896758,42.852138257331035,41.609714131697665,42.44832229614258,444935000
2023-09-28 00:00:00-04:00,42.4403244191023,43.42586759785592,42.095486874346165,43.069034576416016,424663000
2023-09-29 00:00:00-04:00,43.80669081351225,44.12354526206474,43.286931317069005,43.478843688964844,397830000
2023-10-02 00:00:00-04:00,44.00960280506548,45.15407286536199,43.84068237191842,44.76125717163086,433298000
2023-10-03 00:00:00-04:00,44.7872398839657,45.10909311668892,43.22596325710491,43.4968376159668,470850000
2023-10-04 00:00:00-04:00,43.72173808377064,44.12255330566711,43.27194577354406,44.020599365234375,361821000
2023-10-05 00:00:00-04:00,44.02959243795168,44.879200950918715,43.867668737435245,44.66729736328125,393483000
2023-10-06 00:00:00-04:00,44.17252195889855,45.767783050869575,44.0055995289558,45.74079513549805,434436000
2023-10-09 00:00:00-04:00,44.82122173529832,45.583868691074,44.34744233696588,45.25202178955078,409675000
2023-10-10 00:00:00-04:00,45.289010107776726,46.23756795276768,45.06711283415853,45.77678298950195,368582000
2023-10-11 00:00:00-04:00,46.17459898720651,46.83729386766852,46.02866671277973,46.78431701660156,378137000
2023-10-12 00:00:00-04:00,46.75532686388765,47.58694209872688,46.30853537914647,46.923248291015625,481325000
2023-10-13 00:00:00-04:00,46.93823975092536,47.094169510667186,45.25901788884397,45.43993377685547,474115000
2023-10-16 00:00:00-04:00,45.04212315084613,46.203583574312184,44.89119212930561,46.073646545410156,375099000
2023-10-17 00:00:00-04:00,43.97961223234804,44.73326447683001,42.460316079497176,43.917640686035156,812333000
2023-10-18 00:00:00-04:00,42.57127011789517,43.19898137436451,41.80562611222444,42.17645263671875,627294000
2023-10-19 00:00:00-04:00,42.79116734856338,43.27694225554759,41.86259688147746,42.08149719238281,501233000
2023-10-20 00:00:00-04:00,41.87058984444125,42.45032293422298,41.05896580650467,41.36782455444336,477266000
2023-10-23 00:00:00-04:00,41.209903709929456,43.22796955938642,40.92603485604566,42.95509338378906,478530000
2023-10-24 00:00:00-04:00,43.057038057985594,43.676749686328,42.671219154669366,43.642765045166016,401463000
2023-10-25 00:00:00-04:00,43.377892970342636,43.6297789361814,41.53574830765745,41.7596435546875,398379000
2023-10-26 00:00:00-04:00,41.833612702341114,42.23642589504536,39.86152709976489,40.30731964111328,541001000
2023-10-27 00:00:00-04:00,41.11094855365019,41.18691356194545,39.99646337372596,40.481239318847656,416784000
2023-10-30 00:00:00-04:00,41.06796641155254,41.74664887563725,40.462244361806775,41.141929626464844,388028000
2023-10-31 00:00:00-04:00,40.43125946211653,40.8600615518642,39.211823492574105,40.761104583740234,517969000
2023-11-01 00:00:00-04:00,40.86506257244454,42.361370852066266,40.85007013008419,42.305397033691406,437593000
2023-11-02 00:00:00-04:00,43.307920925769054,43.863663031413026,42.874123932526324,43.48583984375,409172000
2023-11-03 00:00:00-04:00,43.99960568025811,45.28800612867796,43.70274239785865,44.98414993286133,424610000
2023-11-06 00:00:00-05:00,45.26402504269513,45.91372550519506,44.87820224142606,45.72980880737305,400733000
2023-11-07 00:00:00-05:00,45.69782127762116,46.19658683928955,45.137080351571434,45.933712005615234,343165000
2023-11-08 00:00:00-05:00,46.07863835763678,46.84528507821162,45.94669954943022,46.55242156982422,346719000
2023-11-09 00:00:00-05:00,47.44500813069146,48.207655129484806,46.728341254280565,46.92824935913086,540496000
2023-11-10 00:00:00-05:00,47.47799830791122,48.44954820582583,47.26109976651128,48.3126106262207,421245000
2023-11-13 00:00:00-05:00,48.29760910683298,49.09324168891848,48.07671084304167,48.597469329833984,384136000
2023-11-14 00:00:00-05:00,49.65698656195247,49.810914551979124,49.01728364536213,49.63299560546875,416954000
2023-11-15 00:00:00-05:00,49.91186848194019,49.93685461268084,48.17767162806223,48.865352630615234,475497000
2023-11-16 00:00:00-05:00,48.65644941593309,49.502058162016766,48.307612072684094,49.45707702636719,339756000
2023-11-17 00:00:00-05:00,49.501058800683616,49.69397019639206,48.98429998268991,49.27516555786133,325205000
2023-11-20 00:00:00-05:00,49.28915491828104,50.52458236287964,49.15821508964933,50.38564682006836,414120000
2023-11-21 00:00:00-05:00,50.10277900216273,50.49359671556376,49.19919844365085,49.92086410522461,565747000
2023-11-22 00:00:00-05:00,49.828903283324706,50.311677390399474,47.66790243959162,48.69342803955078,899420000
2023-11-24 00:00:00-05:00,48.447546842242424,48.898338123964756,47.72288042046281,47.753868103027344,294645000
2023-11-27 00:00:00-05:00,47.77785748284775,48.50751887716154,47.62992722854215,48.21965408325195,395662000
2023-11-28 00:00:00-05:00,48.21365202685113,48.30061351892133,47.45100504136806,47.79884338378906,401491000
2023-11-29 00:00:00-05:00,48.356594013738764,48.73941604084302,47.83783339129859,48.11770248413086,382005000
2023-11-30 00:00:00-05:00,48.00174983128795,48.08771233820332,46.400494624850445,46.74833297729492,526247000
2023-12-01 00:00:00-05:00,46.50344524286752,47.178131734648986,46.165600596706255,46.74333190917969,369317000
2023-12-04 00:00:00-05:00,46.05565315263873,46.05565315263873,44.989146129304046,45.488914489746094,437543000
2023-12-05 00:00:00-05:00,45.448933555568175,46.58250677034524,45.25400705552958,46.54852294921875,371718000
2023-12-06 00:00:00-05:00,47.197275238129286,47.36921155253726,45.39495069645239,45.48591613769531,380590000
2023-12-07 00:00:00-05:00,45.682846700658764,46.611498843154216,45.58688206431512,46.57851028442383,350823000
2023-12-08 00:00:00-05:00,46.57750949930058,47.72307920041658,46.53252440936205,47.48816680908203,359224000
2023-12-11 00:00:00-05:00,47.47317498768805,47.51315707527434,45.81279915946564,46.6094970703125,509728000
2023-12-12 00:00:00-05:00,46.028715290198626,47.64810605776617,46.028715290198626,47.63911056518555,372387000
2023-12-13 00:00:00-05:00,47.611122768046286,48.57576068141439,47.59013074248943,48.069950103759766,447792000
2023-12-14 00:00:00-05:00,48.37183404392987,48.65172771318974,47.40419892072773,48.33184814453125,391232000
2023-12-15 00:00:00-05:00,48.175909002325604,49.38545387287282,48.10193546895566,48.871646881103516,479948000
2023-12-18 00:00:00-05:00,49.381456841806674,50.414066187630915,49.13155069141953,50.05820083618164,412587000
2023-12-19 00:00:00-05:00,49.40544401373602,49.68134136834579,48.87664329291069,49.58537673950195,464444000
2023-12-20 00:00:00-05:00,49.63636045247814,49.98023309919541,48.07994567571629,48.09294128417969,397894000
2023-12-21 00:00:00-05:00,48.79267736467951,49.076571148767,48.40082241502789,48.97161102294922,300425000
2023-12-22 00:00:00-05:00,49.17653306295307,49.36446221767303,48.44880569619553,48.81167221069336,252507000
2023-12-26 00:00:00-05:00,48.949613984887115,49.581376676631486,48.94161756801922,49.260498046875,244200000
2023-12-27 00:00:00-05:00,49.49241160440478,49.66134686842167,49.06656905386932,49.39844512939453,233648000
2023-12-28 00:00:00-05:00,49.62436711615611,49.86527396770583,49.39345101981501,49.50341033935547,246587000
2023-12-29 00:00:00-05:00,49.79430147307111,49.978234327074226,48.732699840316755,49.50341033935547,389293000
2024-01-02 00:00:00-05:00,49.22551389912714,49.27649344260116,47.57713465197093,48.14991760253906,411254000
2024-01-03 00:00:00-05:00,47.46717554449256,48.16591065021649,47.302236567517355,47.551143646240234,320896000
2024-01-04 00:00:00-05:00,47.74906818641796,48.48179475152094,47.49016653492504,47.979984283447266,306535000
2024-01-05 00:00:00-05:00,48.4438038170967,49.52839547317931,48.28786035280196,49.07856369018555,415039000
2024-01-08 00:00:00-05:00,49.493414803058315,52.2553780928012,49.46042624518818,52.23338317871094,642510000
2024-01-09 00:00:00-05:00,52.38133132087113,54.304608899415356,51.670595858503674,53.120052337646484,773100000
2024-01-10 00:00:00-05:00,53.59587564392309,54.57950363229104,53.468920600031716,54.32959747314453,533796000
2024-01-11 00:00:00-05:00,54.978353810668786,55.32522366817502,53.539894837912634,54.80141830444336,596759000
2024-01-12 00:00:00-05:00,54.59949438818704,54.94936528488959,54.30960615330977,54.68946075439453,352994000
2024-01-16 00:00:00-05:00,54.99734961591672,56.813665103138256,54.879393878712925,56.360836029052734,449580000
2024-01-17 00:00:00-05:00,56.32585172177727,56.449805730670086,54.71945642379432,56.03196334838867,474394000
2024-01-18 00:00:00-05:00,57.23850610997206,57.57837864545508,56.08593900392558,57.08556365966797,491650000
2024-01-19 00:00:00-05:00,57.96722726620944,59.47766156901135,57.20351416018429,59.468666076660156,543501000
2024-01-22 00:00:00-05:00,60.0264592424289,60.3083548831195,59.04782663734,59.63160705566406,452955000
2024-01-23 00:00:00-05:00,59.54764104000483,59.88751357892662,58.56301013401379,59.850528717041016,294654000
2024-01-24 00:00:00-05:00,60.28136859690913,62.825411621033346,59.91550482899039,61.33897018432617,560271000
2024-01-25 00:00:00-05:00,62.32659482707883,62.695459614186476,60.8271578659148,61.5938720703125,482777000
2024-01-26 00:00:00-05:00,60.93711847607482,61.759811433716834,60.550266507965134,61.00809097290039,390309000
2024-01-29 00:00:00-05:00,61.209012360122756,62.46554046020734,60.884137413565526,62.441551208496094,348733000
2024-01-30 00:00:00-05:00,62.876390843205506,63.46916675485246,62.23662787593773,62.75043487548828,410735000
2024-01-31 00:00:00-05:00,61.41693710561366,62.24562831970366,60.6772170002544,61.50390625,453795000
2024-02-01 00:00:00-05:00,62.07668769492248,63.167281577618986,61.626859664228725,63.00334167480469,369146000
2024-02-02 00:00:00-05:00,63.94997850101078,66.57499195926525,63.66608473882134,66.13516235351562,476578000
2024-02-05 00:00:00-05:00,68.19939012424172,69.47091584987561,67.17977633836104,69.30597686767578,680078000
2024-02-06 00:00:00-05:00,69.60386495591794,69.72781896754408,66.27512050871108,68.19739532470703,683111000
2024-02-07 00:00:00-05:00,68.29334720317483,70.1936343745623,67.57461541049389,70.07267761230469,495575000
2024-02-08 00:00:00-05:00,70.04768899799114,70.76741990227906,69.42892572649546,69.61485290527344,414422000
2024-02-09 00:00:00-05:00,70.50653592823124,72.15791658996855,70.18565720896271,72.10594177246094,436637000
2024-02-12 00:00:00-05:00,72.57274383383451,74.5829904741092,71.22325216031359,72.22087860107422,613710000
2024-02-13 00:00:00-05:00,70.37358838482487,73.42243948960919,69.59388225066057,72.10093688964844,602580000
2024-02-14 00:00:00-05:00,73.17453257134588,74.20814111994534,71.91100698040367,73.87226867675781,504917000
2024-02-15 00:00:00-05:00,73.84127361084667,73.9472289995395,72.37282328939969,72.63072204589844,420122000
2024-02-16 00:00:00-05:00,74.07218040927339,74.37406898709354,72.47378167003887,72.58573913574219,495327000
2024-02-20 00:00:00-05:00,71.91999242878622,71.92899173506727,67.70857639129635,69.42593383789062,704833000
2024-02-21 00:00:00-05:00,67.9804743369606,68.86214710879592,66.22313849991595,67.4466781616211,690298000
2024-02-22 00:00:00-05:00,74.99684018330679,78.5455030813757,74.1921420425949,78.5085220336914,865100000
2024-02-23 00:00:00-05:00,80.75968130766822,82.36307562218218,77.54088851837011,78.78742218017578,829388000
2024-02-26 00:00:00-05:00,79.67009046088133,80.6157422578572,78.47553917565106,79.06232452392578,503973000
2024-02-27 00:00:00-05:00,79.35119274989219,79.45016223022866,77.13303174065258,78.67144775390625,391705000
2024-02-28 00:00:00-05:00,77.59087459563746,78.90337778350795,77.09605760677522,77.63385772705078,393110000
2024-02-29 00:00:00-05:00,79.06430729405044,79.9599670015527,78.3205833213307,79.0822982788086,507289000
2024-03-01 00:00:00-05:00,79.96996422541928,82.26910374751212,79.40517391258761,82.24810791015625,479135000
2024-03-04 00:00:00-05:00,84.0984226679579,87.66208713862926,83.68758143408327,85.20500946044922,615616000
2024-03-05 00:00:00-05:00,85.24198821051228,86.06872004565462,83.38960003379123,85.93576049804688,520639000
2024-03-06 00:00:00-05:00,87.99308922719804,89.69452599594824,87.00141069166892,88.67086029052734,582520000
2024-03-07 00:00:00-05:00,90.12838069813151,92.7365248144859,89.57256358530061,92.63855743408203,608119000
2024-03-08 00:00:00-05:00,95.10675351305797,97.36801162259309,86.47758481062256,87.49925231933594,1142269000
2024-03-11 00:00:00-04:00,86.4006103441235,88.76782871199401,84.13835321441624,85.7458267211914,678364000
2024-03-12 00:00:00-04:00,88.02008324614344,91.92979413377263,86.12170491240781,91.8828125,668075000
2024-03-13 00:00:00-04:00,91.02508398682748,91.47393396528192,88.40594204784502,90.85813903808594,635713000
2024-03-14 00:00:00-04:00,89.54757446626068,90.61622350841212,86.57154750613068,87.91510772705078,602318000
2024-03-15 00:00:00-04:00,86.90145143354621,89.51658962259671,86.2286759328103,87.80815124511719,642086000
2024-03-18 00:00:00-04:00,90.35831286729302,92.37464868231102,87.05639632268333,88.42594909667969,668976000
2024-03-19 00:00:00-04:00,86.67151765212044,90.51425674084177,84.98207797118587,89.36863708496094,672171000
2024-03-20 00:00:00-04:00,89.76749997737916,90.38030520484318,88.19401951660328,90.34231567382812,479063000
2024-03-21 00:00:00-04:00,92.26968196617385,92.61756721905257,90.37530021359187,91.40496063232422,480372000
2024-03-22 00:00:00-04:00,91.11105028962562,94.74685622390666,90.80415196173684,94.25801849365234,586719000
2024-03-25 00:00:00-04:00,93.91013861786189,96.7342074446901,93.47928046219188,94.97078704833984,552136000
2024-03-26 00:00:00-04:00,95.81951413427198,96.34334409261999,92.4716151430306,92.53059387207031,513648000
2024-03-27 00:00:00-04:00,93.08141149546424,93.20936779906054,89.09372349939157,90.22035217285156,586067000
2024-03-28 00:00:00-04:00,89.97043098866838,91.2700069314821,89.163696917333,90.3263168334961,435212000
2024-04-01 00:00:00-04:00,90.26933865065378,92.1947007975338,89.17469715880289,90.33331298828125,452441000
2024-04-02 00:00:00-04:00,88.41893947358703,90.06440242112468,87.59121620163441,89.42261505126953,433064000
2024-04-03 00:00:00-04:00,88.45493823513225,90.3443168469122,88.3709661913593,88.93477630615234,370067000
2024-04-04 00:00:00-04:00,90.37629845117095,90.60422800372173,85.85178433643762,85.87677764892578,434965000
2024-04-05 00:00:00-04:00,86.8374646504957,88.45193966671309,85.89777859630549,87.97909545898438,399678000
2024-04-08 00:00:00-04:00,88.67085666122206,88.80081883400379,86.70350850941023,87.10437774658203,283220000
2024-04-09 00:00:00-04:00,87.41326961083752,87.60620698800746,82.99472376686872,85.3259506225586,503547000
2024-04-10 00:00:00-04:00,83.89843024698811,87.3712879556285,83.68149867040677,87.01040649414062,431929000
2024-04-11 00:00:00-04:00,87.39128560717941,90.70919574606373,86.89745219051976,90.58623504638672,431637000
2024-04-12 00:00:00-04:00,89.66953943111257,90.1453886602286,87.50125303417155,88.15703582763672,426805000
2024-04-15 00:00:00-04:00,89.06872264461606,90.58322421693445,85.90076523534208,85.97274017333984,443077000
2024-04-16 00:00:00-04:00,86.40460421758179,88.08904823109181,86.03572977127556,87.38628387451172,370453000
2024-04-17 00:00:00-04:00,88.3109710984958,88.7458333599475,83.92241409948026,84.00739288330078,495400000
2024-04-18 00:00:00-04:00,84.94208621726145,86.16168663370678,82.37492908333081,84.64318084716797,447260000
2024-04-19 00:00:00-04:00,83.12268637450086,84.29629668319684,75.58116589392048,76.17496490478516,875198000
2024-04-22 00:00:00-04:00,78.07834524781059,80.04670035538005,76.3749101252901,79.49188232421875,596341000
2024-04-23 00:00:00-04:00,80.74246382535908,82.7418068067518,80.23763246823718,82.39591979980469,438559000
2024-04-24 00:00:00-04:00,83.92241667959377,84.05437709629325,79.1569845005292,79.65082550048828,512208000
2024-04-25 00:00:00-04:00,78.84209462361733,83.29563335625151,78.19730980842563,82.60486602783203,424641000
2024-04-26 00:00:00-04:00,83.79047109382074,88.30198930446801,83.3596128981717,87.70618438720703,551011000
2024-04-29 00:00:00-04:00,87.56621534740458,87.96308042933138,85.23797833453733,87.72816467285156,388971000
2024-04-30 00:00:00-04:00,87.21134895392602,88.7898328026838,86.27166282860942,86.37362670898438,363709000
2024-05-01 00:00:00-04:00,85.04905184528752,85.9717451202874,81.22830132116862,83.01371765136719,559863000
2024-05-02 00:00:00-04:00,84.42125626969049,86.20867093085921,83.17266601309362,85.78881072998047,377898000
2024-05-03 00:00:00-04:00,87.76016278941914,89.25166943381491,87.01140828668458,88.75983428955078,398341000
2024-05-06 00:00:00-04:00,89.36062948973989,92.18970149787158,89.02574047227303,92.10972595214844,376203000
2024-05-07 00:00:00-04:00,91.06806618454974,91.75084041902228,88.98175395384375,90.52424621582031,437342000
2024-05-08 00:00:00-04:00,89.45360566200054,91.16404211729393,89.39062281924463,90.3823013305664,325721000
2024-05-09 00:00:00-04:00,90.4992620554592,91.04208295679378,88.20202038816478,88.71784973144531,378013000
2024-05-10 00:00:00-04:00,90.27534193987526,91.37098265790202,89.19769305265027,89.84848022460938,335325000
2024-05-13 00:00:00-04:00,90.44827727503778,90.96811074029578,88.49991996993283,90.36930847167969,289680000
2024-05-14 00:00:00-04:00,89.56956971282393,91.62089767401247,88.90478722070216,91.32599639892578,296507000
2024-05-15 00:00:00-04:00,92.4416118733137,94.83082585877617,91.56889766124672,94.5988998413086,417735000
2024-05-16 00:00:00-04:00,94.87882442022669,95.78752238437566,94.07208269713682,94.3280029296875,323952000
2024-05-17 00:00:00-04:00,94.33800216120143,94.70887485375151,91.77584059273352,92.44861602783203,359691000
2024-05-20 00:00:00-04:00,93.71921034558147,95.16873108150425,93.40931459730984,94.74887084960938,318764000
2024-05-21 00:00:00-04:00,93.56825212335475,95.36866300361463,93.14939104451075,95.35466766357422,328946000
2024-05-22 00:00:00-04:00,95.42763580257598,95.9884484917203,93.21836283128839,94.9188003540039,548648000
2024-05-23 00:00:00-04:00,101.99449335003398,106.28508365177811,101.48665694608555,103.7649154663086,835065000
2024-05-24 00:00:00-04:00,104.41468788795488,106.44002335978084,102.96616635990915,106.43402862548828,429494000
2024-05-28 00:00:00-04:00,110.20778262251307,114.90123977492766,109.84690116806794,113.86357879638672,652728000
2024-05-29 00:00:00-04:00,113.01286640628571,115.45405793078952,110.86457027293942,114.78727722167969,557442000
2024-05-30 00:00:00-04:00,114.612337538274,115.78095222554882,109.62697631949285,110.46369934082031,487350000
2024-05-31 00:00:00-04:00,112.4830297906596,112.67997129263833,106.904868817121,109.59698486328125,613263000
2024-06-03 00:00:00-04:00,113.58367447543728,114.96221923828125,111.96620219037665,114.96221923828125,438392000
2024-06-04 00:00:00-04:00,115.67798650620128,116.56169113785693,114.00753024311962,116.39874267578125,403324000
2024-06-05 00:00:00-04:00,118.33211671671947,122.40877237466783,117.42941347887506,122.3997802734375,528402000
2024-06-06 00:00:00-04:00,124.00725324087743,125.54574922421772,118.2811377621336,120.95825958251953,664696000
2024-06-07 00:00:00-04:00,119.7306529022316,121.65202623467715,117.98323363858707,120.8482894897461,412386000
2024-06-10 00:00:00-04:00,120.33046067723372,123.05955958930451,116.9715638416941,121.74999237060547,314162700
2024-06-11 00:00:00-04:00,121.7399996348229,122.83973476114328,118.71074727008515,120.88021850585938,222551200
2024-06-12 00:00:00-04:00,123.02967915018486,126.84873770805827,122.53980200765415,125.16915130615234,299595000
2024-06-13 00:00:00-04:00,129.35813218658845,129.7680348697194,127.12868568021801,129.5780792236328,260704500
2024-06-14 00:00:00-04:00,129.92797866788297,132.8072585317083,128.28838344854194,131.84750366210938,309320400
2024-06-17 00:00:00-04:00,132.9572533982128,133.69706139159663,129.54808953427707,130.94773864746094,288504400
2024-06-18 00:00:00-04:00,131.10769173939232,136.29641557179684,130.6578056523983,135.54660034179688,294335100
2024-06-20 00:00:00-04:00,139.765553796689,140.72530869246972,129.4880881954488,130.74777221679688,517768400
2024-06-21 00:00:00-04:00,127.08867825178737,130.5978154647857,124.26937345205326,126.53881072998047,655484700
2024-06-24 00:00:00-04:00,123.2096275256971,124.42932809847615,118.0109120255889,118.08089447021484,476060900
2024-06-25 00:00:00-04:00,121.17013488438512,126.46883208603107,119.29060083723321,126.05892944335938,425787500
2024-06-26 00:00:00-04:00,126.09891297711187,128.0884204131894,122.56978415309767,126.36885070800781,362975900
2024-06-27 00:00:00-04:00,124.06941564080125,126.37885155800387,122.88970613137967,123.95944213867188,252571700
2024-06-28 00:00:00-04:00,124.54930428199576,127.67853027804634,122.71975337861936,123.50955963134766,315516700
2024-07-01 00:00:00-04:00,123.4395813225982,124.80923890749885,118.8007251119183,124.26937866210938,284885500
2024-07-02 00:00:00-04:00,121.10014907077634,123.37959365292392,121.00017523772506,122.6397705078125,218374000
2024-07-03 00:00:00-04:00,121.63003350315482,128.24839782714844,121.33010435521813,128.24839782714844,215749000
2024-07-05 00:00:00-04:00,127.34861718195397,128.81826389526591,125.64903902808197,125.79900360107422,214176700
2024-07-08 00:00:00-04:00,127.4585719244731,130.73776982046533,127.0086858992603,128.16839599609375,237677300
2024-07-09 00:00:00-04:00,130.3178959397844,133.78704236722226,128.61830251041144,131.34764099121094,285366600
2024-07-10 00:00:00-04:00,133.99698191654937,135.0667256558596,132.38737791270125,134.87677001953125,248978600
2024-07-11 00:00:00-04:00,135.7165473660534,136.11644269274476,127.01869434277064,127.36860656738281,374782700
2024-07-12 00:00:00-04:00,128.22839089146464,131.88749271860638,127.18865386253758,129.20816040039062,252680500
2024-07-15 00:00:00-04:00,130.52782847793975,131.35762580228223,127.14866403247436,128.40835571289062,208326200
2024-07-16 00:00:00-04:00,128.40836211736584,129.0082051584145,124.54931239200171,126.32887268066406,214769500
2024-07-17 00:00:00-04:00,121.32009486519661,121.81997165296215,116.6912385563928,117.96092224121094,390086200
2024-07-18 00:00:00-04:00,121.81997263511246,122.36984015709355,116.53127526261207,121.0601577758789,320979500
2024-07-19 00:00:00-04:00,120.32034177331325,121.57003374775046,117.341080377663,117.90093994140625,217223800
2024-07-22 00:00:00-04:00,120.3203432330864,124.03942781453529,119.8304661088677,123.50955963134766,258068900
2024-07-23 00:00:00-04:00,122.74974719191928,124.65928025097237,122.06991443104106,122.5597915649414,173911000
2024-07-24 00:00:00-04:00,119.1406333610656,119.92043994002134,113.41204956795865,114.22184753417969,327776900
2024-07-25 00:00:00-04:00,113.01214947730902,116.60126129148769,106.27381225253961,112.25233459472656,460067000
2024-07-26 00:00:00-04:00,116.16137637359374,116.17136841805404,111.55251154245995,113.03214263916016,293399100
2024-07-29 00:00:00-04:00,113.66198865142056,116.25134680115113,111.27257816967544,111.5625,248152100
2024-07-30 00:00:00-04:00,111.49251876218644,111.96240417731258,102.51473565355279,103.7044448852539,486833300
2024-07-31 00:00:00-04:00,112.87217777091092,118.31083191790377,110.85267132044424,116.99115753173828,473174200
2024-08-01 00:00:00-04:00,117.50104810323892,120.13040514788088,106.78368749587625,109.18309783935547,523462300
2024-08-02 00:00:00-04:00,103.73443867463745,108.69321575888374,101.3450281116693,107.24356842041016,482027500
2024-08-05 00:00:00-04:00,92.0373150047539,103.38452459369911,90.66765743904186,100.42524719238281,552842400
2024-08-06 00:00:00-04:00,103.81440159583764,107.68345045446188,100.5252192354799,104.22430419921875,409012100
2024-08-07 00:00:00-04:00,107.78343659639361,108.77319818362058,98.6656883565928,98.88563537597656,411440400
2024-08-08 00:00:00-04:00,101.97486813365401,105.47400576569116,97.49596860854,104.94413757324219,391910000
2024-08-09 00:00:00-04:00,105.6139698534446,106.57373239559361,103.40451530940655,104.72418975830078,290844200
2024-08-12 00:00:00-04:00,106.29380189006847,111.04263146519123,106.23381911518737,108.99313354492188,325559900
2024-08-13 00:00:00-04:00,112.41229629244809,116.20136332032301,111.55250759337807,116.11138153076172,312646700
2024-08-14 00:00:00-04:00,118.5007970340635,118.57077948335262,114.04189674110647,118.05091094970703,339246400
2024-08-15 00:00:00-04:00,118.73073896282733,123.2096307926781,117.44105591122558,122.82972717285156,318086700
2024-08-16 00:00:00-04:00,121.90995980977215,124.96920346991081,121.15014491697093,124.54930877685547,302589900
2024-08-19 00:00:00-04:00,124.24936523467589,129.96795654296875,123.38957660426745,129.96795654296875,318333600
2024-08-20 00:00:00-04:00,128.36836140301475,129.8480077753235,125.85898525590325,127.2186508178711,300087400
2024-08-21 00:00:00-04:00,127.2886435744744,129.31815003716036,126.62881008429083,128.46835327148438,257883600
2024-08-22 00:00:00-04:00,129.98796192734278,130.71777775352615,123.06966150668887,123.70950317382812,376189100
2024-08-23 00:00:00-04:00,125.82898983127045,129.56807382051312,125.18914813175064,129.33811950683594,323230300
2024-08-26 00:00:00-04:00,129.53808260280766,131.22765338990934,124.33935925298674,126.42884063720703,331964700
2024-08-27 00:00:00-04:00,125.01920259136338,129.1681743229575,123.84948497148315,128.26840209960938,303134600
2024-08-28 00:00:00-04:00,128.0884319398247,128.29838691719942,122.60978624415954,125.57905578613281,448101100
2024-08-29 00:00:00-04:00,121.33010304223866,124.3993464291812,116.6812470646182,117.56102752685547,453023300
2024-08-30 00:00:00-04:00,119.50054804230363,121.72000228172388,117.19111963899515,119.34059143066406,333751600
2024-09-03 00:00:00-04:00,115.9814171340765,116.18136480283337,107.26356453201906,107.973388671875,477155100
2024-09-04 00:00:00-04:00,105.38403194779274,113.24208832420429,104.09434887245212,106.18383026123047,372470300
2024-09-05 00:00:00-04:00,104.96413183407385,109.6229874268856,104.73419276980215,107.18358612060547,306850700
2024-09-06 00:00:00-04:00,108.01337995723738,108.12335346353827,100.92512296050285,102.8046646118164,413638100
2024-09-09 00:00:00-04:00,104.85415910703641,106.52375348417674,103.66445746112835,106.44377136230469,273912000
2024-09-10 00:00:00-04:00,107.78343479415585,109.37304700834024,104.92413884500664,108.0733642578125,268283700
2024-09-11 00:00:00-04:00,109.36305099024224,117.16113249890854,107.39353508245641,116.8812026977539,441422400
2024-09-12 00:00:00-04:00,116.82120128077001,120.77057045474369,115.3614370539407,119.12083435058594,367100500
2024-09-13 00:00:00-04:00,119.06084000976254,119.94069565795841,117.58107480834963,119.0808334350586,238358300
2024-09-16 00:00:00-04:00,116.77120810734208,118.16098383065176,114.34159881620232,116.7612075805664,248772300
2024-09-17 00:00:00-04:00,118.15099033708098,118.7808938826076,114.81153124290536,115.57140350341797,231925900
2024-09-18 00:00:00-04:00,115.87135202544096,117.68105834506785,113.20178347448297,113.35176086425781,310318900
2024-09-19 00:00:00-04:00,117.3311154741421,119.64074895502783,117.2311330909559,117.85103607177734,293506400
2024-09-20 00:00:00-04:00,117.041165532472,118.6009197546388,115.37143602446805,115.98133850097656,382462400
2024-09-23 00:00:00-04:00,116.5312567610485,116.97118080282907,114.84152614526418,116.24130249023438,206228500
2024-09-24 00:00:00-04:00,116.5012492087513,121.78040609310197,115.36143323881014,120.85055541992188,354966800
2024-09-25 00:00:00-04:00,122.00036937142775,124.91990547833531,121.5904392877682,123.4901351928711,284692900
2024-09-26 00:00:00-04:00,126.77960826024157,127.64946344549999,121.78041247124415,124.02005004882812,302582900
2024-09-27 00:00:00-04:00,123.9500642912149,124.01005220096552,119.24082267160239,121.38047790527344,271009200
2024-09-30 00:00:00-04:00,118.29096227592748,121.48045146740193,118.13099198549791,121.42046356201172,226553700
2024-10-01 00:00:00-04:00,121.75040758040218,122.42030559533124,115.77137385100936,116.9811782836914,302094500
2024-10-02 00:00:00-04:00,116.42127087200362,119.360792730428,115.12147695024304,118.83087921142578,221845900
2024-10-03 00:00:00-04:00,120.90054847309592,124.33999759824167,120.32063993396463,122.83023834228516,277118000
2024-10-04 00:00:00-04:00,124.91990339813242,125.01988578554294,121.810403092212,124.89990234375,243678100
2024-10-07 00:00:00-04:00,124.96989107230341,130.61898369823507,124.92989659161151,127.69945526123047,346250200
2024-10-08 00:00:00-04:00,130.23904002332463,133.45852325335272,129.39917881279587,132.86862182617188,285722500
2024-10-09 00:00:00-04:00,134.08843403580283,134.4983717641675,131.3588773259068,132.628662109375,246191600
2024-10-10 00:00:00-04:00,131.88878735570256,134.97828670089152,130.97893005790212,134.78831481933594,242311300
2024-10-11 00:00:00-04:00,133.98843884138304,135.75815840657205,133.63850429309608,134.7783203125,170209500
2024-10-14 00:00:00-04:00,136.44805696221857,139.57755854294567,136.27808612883217,138.0478057861328,232347700
2024-10-15 00:00:00-04:00,137.84782283581688,138.547722466739,128.71930149862905,131.57884216308594,377831000
2024-10-16 00:00:00-04:00,133.9584403413635,136.5980149944232,131.55883256815804,135.6981658935547,264879700
2024-10-17 00:00:00-04:00,139.31759037510415,140.8673441853548,136.8479863322171,136.90797424316406,306435900
2024-10-18 00:00:00-04:00,138.64768884107772,138.87764756674068,137.25791307551907,137.97779846191406,176090200
2024-10-21 00:00:00-04:00,138.1077854115753,143.6868896484375,137.97780144123402,143.6868896484375,264554500
2024-10-22 00:00:00-04:00,142.88702644418225,144.39677817254247,141.7572032447214,143.56690979003906,226311600
2024-10-23 00:00:00-04:00,142.00715584596583,142.4070854107316,137.43789878035992,139.5375518798828,285930000
2024-10-24 00:00:00-04:00,140.79735837298583,141.3272719093067,138.4377373361036,140.38742065429688,172354900
2024-10-25 00:00:00-04:00,140.90732467853542,144.1068221770471,140.77735596279692,141.51722717285156,205122100
2024-10-28 00:00:00-04:00,142.976987375231,143.11696423513524,140.02746516246322,140.4973907470703,173586700
2024-10-29 00:00:00-04:00,140.26742736816374,142.23711171034327,138.87765156261756,141.22727966308594,157593600
2024-10-30 00:00:00-04:00,139.51754595215704,140.30742741103543,136.78798938993828,139.3175811767578,179418100
2024-10-31 00:00:00-04:00,137.57788081150406,137.5878737112806,132.08875807974474,132.7386474609375,270039600
2024-11-01 00:00:00-04:00,134.67833522595924,137.2879161101812,134.5483665061615,135.3782196044922,207127800
2024-11-04 00:00:00-05:00,137.18793904541485,138.9376575905799,135.54820341905642,136.0281219482422,187528200
2024-11-05 00:00:00-05:00,137.4278859649573,140.3474144064953,137.30791015086248,139.8874969482422,160537400
2024-11-06 00:00:00-05:00,142.93699575896497,146.46642634688735,141.93715671974996,145.58656311035156,242043900
2024-11-07 00:00:00-05:00,146.3664587614797,148.9060435973239,146.14649291865044,148.85606384277344,207323300
2024-11-08 00:00:00-05:00,148.7460628790407,149.74590195013883,146.236457046531,147.6062469482422,175665800
2024-11-11 00:00:00-05:00,148.65608145399648,148.82606753959354,143.54691790764704,145.23663330078125,182325600
2024-11-12 00:00:00-05:00,146.7563770410738,149.62591028148023,145.98649668767203,148.26612854003906,198634700
2024-11-13 00:00:00-05:00,149.04601231096433,149.30596496785506,145.87650914358065,146.2464599609375,191903300
2024-11-14 00:00:00-05:00,147.6162371498861,148.97601887199116,145.52657719098687,146.7363739013672,194463300
2024-11-15 00:00:00-05:00,144.8466877533126,145.2166386002855,140.05746510375218,141.9571533203125,250132900
2024-11-18 00:00:00-05:00,139.47755210471132,141.52722527651324,137.1279241566863,140.12744140625,221866000
2024-11-19 00:00:00-05:00,141.2972716123141,147.10633445236968,140.96732287230222,146.98634338378906,227834900
2024-11-20 00:00:00-05:00,147.38629113505743,147.53626090336707,142.70703603144835,145.8665313720703,309871700
2024-11-21 00:00:00-05:00,149.32598496889756,152.8654088901037,140.67736706254192,146.6464080810547,400946600
2024-11-22 00:00:00-05:00,145.90650981286518,147.13632286743956,141.07730047570033,141.92715454101562,236406200
2024-11-25 00:00:00-05:00,141.9671640146257,142.02715192160386,135.79815839357323,135.9981231689453,344941900
2024-11-26 00:00:00-05:00,137.6778530821544,139.277601884859,135.64818075181995,136.89797973632812,190287700
2024-11-27 00:00:00-05:00,134.98827330747284,137.19792446250455,131.77879829463743,135.31822204589844,226370900
2024-11-29 00:00:00-05:00,136.75800311530705,139.32759715528792,136.02812477876728,138.22776794433594,141863200
2024-12-02 00:00:00-05:00,138.8076612979231,140.42739572538855,137.7978293194704,138.60769653320312,171682800
2024-12-03 00:00:00-05:00,138.23776359782383,140.51739577472358,137.92781588392697,140.23744201660156,164414000
2024-12-04 00:00:00-05:00,141.97715912549498,145.76654278655016,140.26742746830917,145.1166534423828,231224300
2024-12-05 00:00:00-05:00,145.0966598316491,146.52652104015894,143.93676281520223,145.04666137695312,172621200
2024-12-06 00:00:00-05:00,144.58670004061705,145.68658966441174,141.29699424160657,142.42689514160156,188505600
2024-12-09 00:00:00-05:00,138.9572148926683,139.93712045292858,137.1173878488451,138.79722595214844,189308600
2024-12-10 00:00:00-05:00,138.99721154250668,141.80696595909077,133.77769033829185,135.05758666992188,210020900
2024-12-11 00:00:00-05:00,137.3473626393387,140.15710166074888,135.19756655561218,139.29718017578125,184905200
2024-12-12 00:00:00-05:00,137.0673914713081,138.42726697152892,135.7875104425574,137.32736206054688,159211400
2024-12-13 00:00:00-05:00,138.92722683278515,139.58716980719961,132.52780616182653,134.23765563964844,231514900
2024-12-16 00:00:00-05:00,134.16764608739564,134.38762706465963,130.40799755691268,131.98785400390625,237951100
2024-12-17 00:00:00-05:00,129.07812250532473,131.57789255271604,126.84833189511964,130.3780059814453,259410300
2024-12-18 00:00:00-05:00,133.84768927135005,136.68742440979707,128.2682006428492,128.8981475830078,277444500
2024-12-19 00:00:00-05:00,131.7478712095932,134.01766661792476,129.5380830968377,130.66796875,209719200
2024-12-20 00:00:00-05:00,129.7980572196654,135.26755529215387,128.20820713472543,134.68760681152344,306528600
2024-12-23 00:00:00-05:00,136.2674627166313,139.77713434768583,135.1075657604122,139.6571502685547,176053500
2024-12-24 00:00:00-05:00,139.98712655305678,141.88694573903672,138.6372445869122,140.2071075439453,105157000
2024-12-26 00:00:00-05:00,139.68715493157526,140.8370583714796,137.7173348045662,139.91712951660156,116205600
2024-12-27 00:00:00-05:00,138.53725762424156,139.00721560881072,134.69761453351015,136.9973907470703,170582600
2024-12-30 00:00:00-05:00,134.81759702407376,140.2570989672278,134.00767398793965,137.47735595703125,167734700
2024-12-31 00:00:00-05:00,138.0173106258272,138.05731549303724,133.8176997545706,134.27764892578125,155659200
2025-01-02 00:00:00-05:00,135.98748671158143,138.8672266066605,134.61761764692358,138.29727172851562,198247200
2025-01-03 00:00:00-05:00,139.99711439640743,144.88666393436952,139.71714137538024,144.4567108154297,229322500
2025-01-06 00:00:00-05:00,148.57632545203526,152.14600432101588,147.80640728049391,149.41624450683594,265377400
2025-01-07 00:00:00-05:00,153.0159191493047,153.1159160516902,139.99711279126652,140.12710571289062,351782200
2025-01-08 00:00:00-05:00,142.5668963792699,143.9367655713296,137.5473535279277,140.0971221923828,227349900
2025-01-10 00:00:00-05:00,137.43735839735214,139.90713250101766,134.20765966847648,135.8975067138672,207602500
2025-01-13 00:00:00-05:00,129.97805065881337,133.47772877314173,129.49808381781634,133.21774291992188,204808900
2025-01-14 00:00:00-05:00,136.0374931021696,136.3674645891877,130.03804480886453,131.7478790283203,195590500
2025-01-15 00:00:00-05:00,133.63770458598145,136.43745017340345,131.277920981104,136.22747802734375,185217300
2025-01-16 00:00:00-05:00,138.6272498193542,138.73724031386243,133.47772952507327,133.55772399902344,209235600
2025-01-17 00:00:00-05:00,136.67743145335606,138.48726255165812,135.44754884500142,137.6973419189453,201188800
2025-01-21 00:00:00-05:00,139.14720257048143,141.8169551308445,137.07738566270945,140.81704711914062,197749000
2025-01-22 00:00:00-05:00,144.64670591256592,147.77640781491758,143.65679142482674,147.05648803710938,237651400
2025-01-23 00:00:00-05:00,145.03666800279981,147.2164602628041,143.706788444335,147.2064666748047,155915500
2025-01-24 00:00:00-05:00,148.35634349735062,148.95629439391405,141.86695041120194,142.60687255859375,234657600
2025-01-27 00:00:00-05:00,124.78852130861458,128.3881809500624,116.68926041493282,118.40910339355469,818830900
2025-01-28 00:00:00-05:00,121.79880142784785,128.9881430022562,116.23931491482392,128.9781494140625,579666400
2025-01-29 00:00:00-05:00,126.48836708502724,126.87833061040895,120.03896327722832,123.6886215209961,467120600
2025-01-30 00:00:00-05:00,123.08867408422283,124.9885008224628,118.08913405132431,124.63853454589844,392925500
2025-01-31 00:00:00-05:00,123.76861793270326,127.83824341487099,119.1790436181177,120.0589599609375,390372900
2025-02-03 00:00:00-05:00,114.7394486968032,118.55909714130068,112.99961082645434,116.64927673339844,371235700
2025-02-04 00:00:00-05:00,116.94924444838958,121.1888524384042,116.68926621972048,118.63909149169922,256550000
2025-02-05 00:00:00-05:00,121.74880228526035,124.98850212428793,120.74889426826606,124.81851959228516,262230800
2025-02-06 00:00:00-05:00,127.40827329026631,128.7581551695,125.19847756454047,128.66815185546875,251483600
2025-02-07 00:00:00-05:00,129.20811063964976,130.35799871586244,124.9884977355082,129.8280487060547,228186300
2025-02-10 00:00:00-05:00,130.0780330404282,134.98758517024453,129.94805537047182,133.55772399902344,216989100
2025-02-11 00:00:00-05:00,132.56781502240796,134.4676342706669,131.0079608594355,132.7877960205078,178902400
2025-02-12 00:00:00-05:00,130.00805277951918,132.22784993678553,129.0681367435288,131.12794494628906,160278600
2025-02-13 00:00:00-05:00,131.54790450828392,136.487452862588,131.15794096754342,135.27755737304688,197430000
2025-02-14 00:00:00-05:00,136.46744211776974,139.23719160158925,135.4875365315285,138.8372344970703,195479600
2025-02-18 00:00:00-05:00,141.25701494818574,143.4268135927519,137.91731045487123,139.38717651367188,219176600
2025-02-19 00:00:00-05:00,139.49716663707372,141.34700263351252,137.2073839146051,139.21719360351562,167536000
2025-02-20 00:00:00-05:00,140.01712771481476,140.6470746897965,136.7774200315485,140.0971221923828,143903600
2025-02-21 00:00:00-05:00,140.02711787829398,141.4470007486669,134.01767593596887,134.41763305664062,228217600
2025-02-24 00:00:00-05:00,136.5474420161462,138.57725415414035,130.06804206967678,130.2680206298828,251381100
2025-02-25 00:00:00-05:00,129.96804527013506,130.18802626376245,124.42856133510212,126.61835479736328,271428700
2025-02-26 00:00:00-05:00,129.97805439122038,133.71770077604796,128.478192299153,131.26792907714844,322553800
2025-02-27 00:00:00-05:00,134.9875872324259,134.99758082030266,119.99896764539281,120.13895416259766,443175800
2025-02-28 00:00:00-05:00,118.00914142194866,125.07849083366686,116.38929530836823,124.90850830078125,389091100
2025-03-03 00:00:00-05:00,123.49864257535764,123.68861991301428,112.26967207329028,114.04950714111328,411381400
2025-03-04 00:00:00-05:00,110.63982667322061,119.29902637351395,110.09987541363249,115.97933197021484,398163300
2025-03-05 00:00:00-05:00,117.56918811598004,118.26912068620358,114.49947076595478,117.28921508789062,284337900
2025-03-06 00:00:00-05:00,113.51955654224739,115.3393888375433,110.209863429875,110.55982971191406,321181900
2025-03-07 00:00:00-05:00,111.2397716760376,113.46957000648335,107.5501084934214,112.67964172363281,341755500
2025-03-10 00:00:00-04:00,109.88989097369002,111.83970852661247,105.45029700249104,106.97016143798828,366487400
2025-03-11 00:00:00-04:00,106.98015850635034,112.22967568900775,104.76036144852146,108.75,354865700
2025-03-12 00:00:00-04:00,114.12000274658203,116.76000213623047,112.87999725341797,115.73999786376953,323857500
2025-03-13 00:00:00-04:00,117.02999877929688,117.76000213623047,113.79000091552734,115.58000183105469,299033100
2025-03-14 00:00:00-04:00,118.61000061035156,121.87999725341797,118.1500015258789,121.66999816894531,277593500
2025-03-17 00:00:00-04:00,122.73999786376953,122.88999938964844,118.02999877929688,119.52999877929688,255501500
2025-03-18 00:00:00-04:00,118.0,119.0199966430664,114.54000091552734,115.43000030517578,299686900
2025-03-19 00:00:00-04:00,117.2699966430664,120.44999694824219,115.68000030517578,117.5199966430664,273426200
2025-03-20 00:00:00-04:00,116.55000305175781,120.19999694824219,116.47000122070312,118.52999877929688,248829700
2025-03-21 00:00:00-04:00,116.94000244140625,117.98999786376953,115.41999816894531,117.69999694824219,266498500
2025-03-24 00:00:00-04:00,119.87999725341797,122.22000122070312,119.33999633789062,121.41000366210938,228452500
2025-03-25 00:00:00-04:00,120.55000305175781,121.29000091552734,118.91999816894531,120.69000244140625,167447200
2025-03-26 00:00:00-04:00,118.7300033569336,118.83999633789062,112.70999908447266,113.76000213623047,293463300
2025-03-27 00:00:00-04:00,111.3499984741211,114.44999694824219,110.66000366210938,111.43000030517578,236902100
2025-03-28 00:00:00-04:00,111.48999786376953,112.87000274658203,109.06999969482422,109.66999816894531,229872500
2025-03-31 00:00:00-04:00,105.12999725341797,110.95999908447266,103.6500015258789,108.37999725341797,299212700
2025-04-01 00:00:00-04:00,108.5199966430664,110.19999694824219,106.47000122070312,110.1500015258789,222614000
2025-04-02 00:00:00-04:00,107.29000091552734,111.9800033569336,106.79000091552734,110.41999816894531,220601200
2025-04-03 00:00:00-04:00,103.51000213623047,105.62999725341797,101.5999984741211,101.80000305175781,338769400
2025-04-04 00:00:00-04:00,98.91000366210938,100.12999725341797,92.11000061035156,94.30999755859375,532273800
2025-04-07 00:00:00-04:00,87.45999908447266,101.75,86.62000274658203,97.63999938964844,611041300
2025-04-08 00:00:00-04:00,103.80999755859375,105.8499984741211,94.45999908447266,96.30000305175781,476243400
2025-04-09 00:00:00-04:00,98.88999938964844,115.0999984741211,97.52999877929688,114.33000183105469,612918300
2025-04-10 00:00:00-04:00,109.37000274658203,110.86000061035156,99.1500015258789,107.56999969482422,437812400
2025-04-11 00:00:00-04:00,108.5,111.55000305175781,107.4800033569336,110.93000030517578,313417300
2025-04-14 00:00:00-04:00,114.11000061035156,114.29000091552734,109.06999969482422,110.70999908447266,264705000
2025-04-15 00:00:00-04:00,110.97000122070312,113.62000274658203,110.5,112.19999694824219,228966900
2025-04-16 00:00:00-04:00,104.55000305175781,106.79000091552734,100.44999694824219,104.48999786376953,397016900
2025-04-17 00:00:00-04:00,104.44999694824219,104.47000122070312,100.05000305175781,101.48999786376953,290833400
2025-04-21 00:00:00-04:00,98.7699966430664,99.44000244140625,95.04000091552734,96.91000366210938,288501100
2025-04-22 00:00:00-04:00,98.77999877929688,99.80999755859375,97.27999877929688,98.88999938964844,241004800
